OCC_CODE,REPORT_DATE,NAICS,NAICS_TITLE,TOT_EMP
29-1111,2002-05-01,211100,Oil and Gas Extraction,50
29-1111,2002-05-01,221100,"Electric Power Generation, Transmission and Distribution",70
29-1111,2002-05-01,311600,Animal Slaughtering and Processing,240
29-1111,2002-05-01,313200,Fabric Mills,40
29-1111,2002-05-01,322100,"Pulp, Paper, and Paperboard Mills",140
29-1111,2002-05-01,322200,Converted Paper Product Manufacturing,70
29-1111,2002-05-01,324100,Petroleum and Coal Products Manufacturing,60
29-1111,2002-05-01,325100,Basic Chemical Manufacturing,150
29-1111,2002-05-01,325200,"Resin, Synthetic Rubber, and Artificial Synthetic Fibers and Filaments Manufacturing",80
29-1111,2002-05-01,325300,"Pesticide, Fertilizer, and Other Agricultural Chemical Manufacturing",40
21-1022,2002-05-01,325400,Pharmaceutical and Medicine Manufacturing,0
29-1051,2002-05-01,325400,Pharmaceutical and Medicine Manufacturing,360
29-1111,2002-05-01,325400,Pharmaceutical and Medicine Manufacturing,310
29-1111,2002-05-01,326100,Plastics Product Manufacturing,40
29-1111,2002-05-01,331500,Foundries,50
29-1111,2002-05-01,332900,Other Fabricated Metal Product Manufacturing,70
29-1111,2002-05-01,333100,"Agriculture, Construction, and Mining Machinery Manufacturing",60
29-1111,2002-05-01,333300,Commercial and Service Industry Machinery Manufacturing,0
29-1111,2002-05-01,334400,Semiconductor and Other Electronic Component Manufacturing,140
29-1111,2002-05-01,334500,"Navigational, Measuring, Electromedical, and Control Instruments Manufacturing",120
29-1111,2002-05-01,336400,Aerospace Product and Parts Manufacturing,90
29-1111,2002-05-01,337100,Household and Institutional Furniture and Kitchen Cabinet Manufacturing,40
29-1111,2002-05-01,339100,Medical Equipment and Supplies Manufacturing,30
29-1051,2002-05-01,423400,Professional and Commercial Equipment and Supplies Merchant Wholesalers,200
29-1111,2002-05-01,423400,Professional and Commercial Equipment and Supplies Merchant Wholesalers,160
29-1051,2002-05-01,424200,Drugs and Druggists' Sundries Merchant Wholesalers,4670
29-1111,2002-05-01,424200,Drugs and Druggists' Sundries Merchant Wholesalers,250
29-1051,2002-05-01,425100,Wholesale Electronic Markets and Agents and Brokers,210
29-1111,2002-05-01,425100,Wholesale Electronic Markets and Agents and Brokers,170
29-1051,2002-05-01,445100,Grocery Stores,19150
29-1051,2002-05-01,446100,Health and Personal Care Stores,94850
29-1111,2002-05-01,446100,Health and Personal Care Stores,1660
29-1051,2002-05-01,447100,Gasoline Stations,30
29-1051,2002-05-01,454100,Electronic Shopping and Mail-Order Houses,2020
29-1051,2002-05-01,454300,Direct Selling Establishments,0
29-1051,2002-05-01,484100,General Freight Trucking,70
29-1111,2002-05-01,485900,Other Transit and Ground Passenger Transportation,50
29-1051,2002-05-01,493100,Warehousing and Storage,370
29-1111,2002-05-01,493100,Warehousing and Storage,40
29-1111,2002-05-01,511100,"Newspaper, Periodical, Book, and Directory Publishers",40
29-1111,2002-05-01,522200,Nondepository Credit Intermediation,50
29-1111,2002-05-01,522300,Activities Related to Credit Intermediation,140
29-1111,2002-05-01,523900,Other Financial Investment Activities,70
21-1022,2002-05-01,524100,Insurance Carriers,500
29-1051,2002-05-01,524100,Insurance Carriers,720
29-1062,2002-05-01,524100,Insurance Carriers,90
29-1063,2002-05-01,524100,Insurance Carriers,180
29-1111,2002-05-01,524100,Insurance Carriers,11800
21-1022,2002-05-01,524200,"Agencies, Brokerages, and Other Insurance Related Activities",0
21-1023,2002-05-01,524200,"Agencies, Brokerages, and Other Insurance Related Activities",100
29-1051,2002-05-01,524200,"Agencies, Brokerages, and Other Insurance Related Activities",70
29-1063,2002-05-01,524200,"Agencies, Brokerages, and Other Insurance Related Activities",0
29-1111,2002-05-01,524200,"Agencies, Brokerages, and Other Insurance Related Activities",3370
29-1111,2002-05-01,525100,Insurance and Employee Benefit Funds,350
21-1021,2002-05-01,531100,Lessors of Real Estate,160
21-1022,2002-05-01,531100,Lessors of Real Estate,60
29-1111,2002-05-01,531100,Lessors of Real Estate,1510
29-1111,2002-05-01,531200,Offices of Real Estate Agents and Brokers,50
21-1021,2002-05-01,531300,Activities Related to Real Estate,0
29-1111,2002-05-01,531300,Activities Related to Real Estate,180
29-1051,2002-05-01,532200,Consumer Goods Rental,220
29-1111,2002-05-01,532200,Consumer Goods Rental,1030
21-1021,2002-05-01,541100,Legal Services,60
29-1111,2002-05-01,541100,Legal Services,390
21-1021,2002-05-01,541200,"Accounting, Tax Preparation, Bookkeeping, and Payroll Services",280
21-1022,2002-05-01,541200,"Accounting, Tax Preparation, Bookkeeping, and Payroll Services",310
29-1051,2002-05-01,541200,"Accounting, Tax Preparation, Bookkeeping, and Payroll Services",120
29-1111,2002-05-01,541200,"Accounting, Tax Preparation, Bookkeeping, and Payroll Services",3690
29-1111,2002-05-01,541300,"Architectural, Engineering, and Related Services",680
29-1111,2002-05-01,541500,Computer Systems Design and Related Services,300
21-1021,2002-05-01,541600,"Management, Scientific, and Technical Consulting Services",150
21-1022,2002-05-01,541600,"Management, Scientific, and Technical Consulting Services",90
21-1023,2002-05-01,541600,"Management, Scientific, and Technical Consulting Services",150
29-1051,2002-05-01,541600,"Management, Scientific, and Technical Consulting Services",360
29-1062,2002-05-01,541600,"Management, Scientific, and Technical Consulting Services",90
29-1071,2002-05-01,541600,"Management, Scientific, and Technical Consulting Services",0
29-1111,2002-05-01,541600,"Management, Scientific, and Technical Consulting Services",4170
21-1022,2002-05-01,541700,Scientific Research and Development Services,400
29-1051,2002-05-01,541700,Scientific Research and Development Services,30
29-1062,2002-05-01,541700,Scientific Research and Development Services,60
29-1066,2002-05-01,541700,Scientific Research and Development Services,130
29-1071,2002-05-01,541700,Scientific Research and Development Services,140
29-1111,2002-05-01,541700,Scientific Research and Development Services,4000
21-1021,2002-05-01,541900,"Other Professional, Scientific, and Technical Services",0
29-1111,2002-05-01,541900,"Other Professional, Scientific, and Technical Services",0
21-1021,2002-05-01,551100,Management of Companies and Enterprises,4280
21-1022,2002-05-01,551100,Management of Companies and Enterprises,630
21-1023,2002-05-01,551100,Management of Companies and Enterprises,1310
29-1051,2002-05-01,551100,Management of Companies and Enterprises,500
29-1062,2002-05-01,551100,Management of Companies and Enterprises,290
29-1063,2002-05-01,551100,Management of Companies and Enterprises,0
29-1065,2002-05-01,551100,Management of Companies and Enterprises,40
29-1066,2002-05-01,551100,Management of Companies and Enterprises,160
29-1067,2002-05-01,551100,Management of Companies and Enterprises,0
29-1071,2002-05-01,551100,Management of Companies and Enterprises,310
29-1111,2002-05-01,551100,Management of Companies and Enterprises,5590
21-1022,2002-05-01,561100,Office Administrative Services,320
21-1023,2002-05-01,561100,Office Administrative Services,260
29-1051,2002-05-01,561100,Office Administrative Services,310
29-1062,2002-05-01,561100,Office Administrative Services,320
29-1071,2002-05-01,561100,Office Administrative Services,0
29-1111,2002-05-01,561100,Office Administrative Services,6120
21-1021,2002-05-01,561200,Facilities Support Services,50
21-1023,2002-05-01,561200,Facilities Support Services,780
29-1111,2002-05-01,561200,Facilities Support Services,740
21-1021,2002-05-01,561300,Employment Services,180
21-1022,2002-05-01,561300,Employment Services,200
21-1023,2002-05-01,561300,Employment Services,180
29-1051,2002-05-01,561300,Employment Services,1310
29-1062,2002-05-01,561300,Employment Services,320
29-1071,2002-05-01,561300,Employment Services,0
29-1111,2002-05-01,561300,Employment Services,67020
29-1111,2002-05-01,561400,Business Support Services,350
29-1111,2002-05-01,561700,Services to Buildings and Dwellings,80
29-1111,2002-05-01,561900,Other Support Services,300
21-1021,2002-05-01,611100,Elementary and Secondary Schools,33460
21-1022,2002-05-01,611100,Elementary and Secondary Schools,110
21-1023,2002-05-01,611100,Elementary and Secondary Schools,590
29-1062,2002-05-01,611100,Elementary and Secondary Schools,140
29-1066,2002-05-01,611100,Elementary and Secondary Schools,120
29-1111,2002-05-01,611100,Elementary and Secondary Schools,43180
21-1021,2002-05-01,611200,Junior Colleges,760
29-1111,2002-05-01,611200,Junior Colleges,530
21-1021,2002-05-01,611300,"Colleges, Universities, and Professional Schools",1100
21-1022,2002-05-01,611300,"Colleges, Universities, and Professional Schools",540
21-1023,2002-05-01,611300,"Colleges, Universities, and Professional Schools",130
29-1051,2002-05-01,611300,"Colleges, Universities, and Professional Schools",1000
29-1061,2002-05-01,611300,"Colleges, Universities, and Professional Schools",300
29-1062,2002-05-01,611300,"Colleges, Universities, and Professional Schools",6080
29-1063,2002-05-01,611300,"Colleges, Universities, and Professional Schools",380
29-1064,2002-05-01,611300,"Colleges, Universities, and Professional Schools",390
29-1065,2002-05-01,611300,"Colleges, Universities, and Professional Schools",810
29-1066,2002-05-01,611300,"Colleges, Universities, and Professional Schools",280
29-1067,2002-05-01,611300,"Colleges, Universities, and Professional Schools",680
29-1071,2002-05-01,611300,"Colleges, Universities, and Professional Schools",1120
29-1111,2002-05-01,611300,"Colleges, Universities, and Professional Schools",28050
21-1021,2002-05-01,611400,Business Schools and Computer and Management Training,180
29-1111,2002-05-01,611400,Business Schools and Computer and Management Training,90
21-1021,2002-05-01,611500,Technical and Trade Schools,60
29-1111,2002-05-01,611500,Technical and Trade Schools,110
21-1021,2002-05-01,611600,Other Schools and Instruction,150
21-1022,2002-05-01,611600,Other Schools and Instruction,30
29-1111,2002-05-01,611600,Other Schools and Instruction,240
21-1021,2002-05-01,611700,Educational Support Services,190
21-1023,2002-05-01,611700,Educational Support Services,70
29-1111,2002-05-01,611700,Educational Support Services,60
21-1021,2002-05-01,621100,Offices of Physicians,970
21-1022,2002-05-01,621100,Offices of Physicians,3150
21-1023,2002-05-01,621100,Offices of Physicians,1650
29-1051,2002-05-01,621100,Offices of Physicians,4720
29-1061,2002-05-01,621100,Offices of Physicians,20090
29-1062,2002-05-01,621100,Offices of Physicians,72780
29-1063,2002-05-01,621100,Offices of Physicians,35730
29-1064,2002-05-01,621100,Offices of Physicians,16650
29-1065,2002-05-01,621100,Offices of Physicians,20750
29-1066,2002-05-01,621100,Offices of Physicians,4410
29-1067,2002-05-01,621100,Offices of Physicians,43960
29-1071,2002-05-01,621100,Offices of Physicians,33800
29-1111,2002-05-01,621100,Offices of Physicians,201580
29-1061,2002-05-01,621200,Offices of Dentists,0
29-1062,2002-05-01,621200,Offices of Dentists,60
29-1067,2002-05-01,621200,Offices of Dentists,0
29-1071,2002-05-01,621200,Offices of Dentists,700
29-1111,2002-05-01,621200,Offices of Dentists,1570
21-1021,2002-05-01,621300,Offices of Other Health Practitioners,1050
21-1022,2002-05-01,621300,Offices of Other Health Practitioners,1560
21-1023,2002-05-01,621300,Offices of Other Health Practitioners,2740
29-1051,2002-05-01,621300,Offices of Other Health Practitioners,170
29-1061,2002-05-01,621300,Offices of Other Health Practitioners,170
29-1062,2002-05-01,621300,Offices of Other Health Practitioners,800
29-1063,2002-05-01,621300,Offices of Other Health Practitioners,210
29-1065,2002-05-01,621300,Offices of Other Health Practitioners,100
29-1066,2002-05-01,621300,Offices of Other Health Practitioners,1050
29-1067,2002-05-01,621300,Offices of Other Health Practitioners,490
29-1071,2002-05-01,621300,Offices of Other Health Practitioners,1330
29-1111,2002-05-01,621300,Offices of Other Health Practitioners,11080
21-1021,2002-05-01,621400,Outpatient Care Centers,5760
21-1022,2002-05-01,621400,Outpatient Care Centers,6410
21-1023,2002-05-01,621400,Outpatient Care Centers,15740
29-1051,2002-05-01,621400,Outpatient Care Centers,1810
29-1061,2002-05-01,621400,Outpatient Care Centers,520
29-1062,2002-05-01,621400,Outpatient Care Centers,4720
29-1063,2002-05-01,621400,Outpatient Care Centers,2040
29-1064,2002-05-01,621400,Outpatient Care Centers,420
29-1065,2002-05-01,621400,Outpatient Care Centers,650
29-1066,2002-05-01,621400,Outpatient Care Centers,2630
29-1067,2002-05-01,621400,Outpatient Care Centers,640
29-1071,2002-05-01,621400,Outpatient Care Centers,3010
29-1111,2002-05-01,621400,Outpatient Care Centers,52110
21-1022,2002-05-01,621500,Medical and Diagnostic Laboratories,0
29-1062,2002-05-01,621500,Medical and Diagnostic Laboratories,340
29-1063,2002-05-01,621500,Medical and Diagnostic Laboratories,200
29-1067,2002-05-01,621500,Medical and Diagnostic Laboratories,60
29-1071,2002-05-01,621500,Medical and Diagnostic Laboratories,200
29-1111,2002-05-01,621500,Medical and Diagnostic Laboratories,1480
21-1021,2002-05-01,621600,Home Health Care Services,1130
21-1022,2002-05-01,621600,Home Health Care Services,6680
21-1023,2002-05-01,621600,Home Health Care Services,410
29-1051,2002-05-01,621600,Home Health Care Services,2050
29-1063,2002-05-01,621600,Home Health Care Services,110
29-1067,2002-05-01,621600,Home Health Care Services,0
29-1071,2002-05-01,621600,Home Health Care Services,220
29-1111,2002-05-01,621600,Home Health Care Services,114950
21-1021,2002-05-01,621900,Other Ambulatory Health Care Services,60
21-1022,2002-05-01,621900,Other Ambulatory Health Care Services,200
21-1023,2002-05-01,621900,Other Ambulatory Health Care Services,150
29-1062,2002-05-01,621900,Other Ambulatory Health Care Services,280
29-1063,2002-05-01,621900,Other Ambulatory Health Care Services,90
29-1067,2002-05-01,621900,Other Ambulatory Health Care Services,30
29-1071,2002-05-01,621900,Other Ambulatory Health Care Services,210
29-1111,2002-05-01,621900,Other Ambulatory Health Care Services,8570
21-1021,2002-05-01,622100,General Medical and Surgical Hospitals,4360
21-1022,2002-05-01,622100,General Medical and Surgical Hospitals,29160
21-1023,2002-05-01,622100,General Medical and Surgical Hospitals,6200
29-1051,2002-05-01,622100,General Medical and Surgical Hospitals,47830
29-1061,2002-05-01,622100,General Medical and Surgical Hospitals,3260
29-1062,2002-05-01,622100,General Medical and Surgical Hospitals,20370
29-1063,2002-05-01,622100,General Medical and Surgical Hospitals,9750
29-1064,2002-05-01,622100,General Medical and Surgical Hospitals,2190
29-1065,2002-05-01,622100,General Medical and Surgical Hospitals,4270
29-1066,2002-05-01,622100,General Medical and Surgical Hospitals,3310
29-1067,2002-05-01,622100,General Medical and Surgical Hospitals,3850
29-1071,2002-05-01,622100,General Medical and Surgical Hospitals,15670
29-1111,2002-05-01,622100,General Medical and Surgical Hospitals,1278460
21-1021,2002-05-01,622200,Psychiatric and Substance Abuse Hospitals,2080
21-1022,2002-05-01,622200,Psychiatric and Substance Abuse Hospitals,2240
21-1023,2002-05-01,622200,Psychiatric and Substance Abuse Hospitals,8320
29-1051,2002-05-01,622200,Psychiatric and Substance Abuse Hospitals,1110
29-1062,2002-05-01,622200,Psychiatric and Substance Abuse Hospitals,1040
29-1063,2002-05-01,622200,Psychiatric and Substance Abuse Hospitals,280
29-1066,2002-05-01,622200,Psychiatric and Substance Abuse Hospitals,3130
29-1071,2002-05-01,622200,Psychiatric and Substance Abuse Hospitals,180
29-1111,2002-05-01,622200,Psychiatric and Substance Abuse Hospitals,31990
21-1021,2002-05-01,622300,Specialty (except Psychiatric and Substance Abuse) Hospitals,370
21-1022,2002-05-01,622300,Specialty (except Psychiatric and Substance Abuse) Hospitals,1690
21-1023,2002-05-01,622300,Specialty (except Psychiatric and Substance Abuse) Hospitals,1330
29-1051,2002-05-01,622300,Specialty (except Psychiatric and Substance Abuse) Hospitals,1340
29-1061,2002-05-01,622300,Specialty (except Psychiatric and Substance Abuse) Hospitals,60
29-1062,2002-05-01,622300,Specialty (except Psychiatric and Substance Abuse) Hospitals,130
29-1063,2002-05-01,622300,Specialty (except Psychiatric and Substance Abuse) Hospitals,120
29-1066,2002-05-01,622300,Specialty (except Psychiatric and Substance Abuse) Hospitals,190
29-1067,2002-05-01,622300,Specialty (except Psychiatric and Substance Abuse) Hospitals,230
29-1071,2002-05-01,622300,Specialty (except Psychiatric and Substance Abuse) Hospitals,230
29-1111,2002-05-01,622300,Specialty (except Psychiatric and Substance Abuse) Hospitals,35530
21-1021,2002-05-01,623100,Nursing Care Facilities,570
21-1022,2002-05-01,623100,Nursing Care Facilities,9760
21-1023,2002-05-01,623100,Nursing Care Facilities,610
29-1051,2002-05-01,623100,Nursing Care Facilities,430
29-1062,2002-05-01,623100,Nursing Care Facilities,260
29-1063,2002-05-01,623100,Nursing Care Facilities,90
29-1066,2002-05-01,623100,Nursing Care Facilities,60
29-1071,2002-05-01,623100,Nursing Care Facilities,180
29-1111,2002-05-01,623100,Nursing Care Facilities,126920
21-1021,2002-05-01,623200,"Residential Mental Retardation, Mental Health and Substance Abuse Facilities",7630
21-1022,2002-05-01,623200,"Residential Mental Retardation, Mental Health and Substance Abuse Facilities",2090
21-1023,2002-05-01,623200,"Residential Mental Retardation, Mental Health and Substance Abuse Facilities",6210
29-1051,2002-05-01,623200,"Residential Mental Retardation, Mental Health and Substance Abuse Facilities",140
29-1062,2002-05-01,623200,"Residential Mental Retardation, Mental Health and Substance Abuse Facilities",160
29-1065,2002-05-01,623200,"Residential Mental Retardation, Mental Health and Substance Abuse Facilities",100
29-1066,2002-05-01,623200,"Residential Mental Retardation, Mental Health and Substance Abuse Facilities",540
29-1071,2002-05-01,623200,"Residential Mental Retardation, Mental Health and Substance Abuse Facilities",60
29-1111,2002-05-01,623200,"Residential Mental Retardation, Mental Health and Substance Abuse Facilities",10660
21-1021,2002-05-01,623300,Community Care Facilities for the Elderly,850
21-1022,2002-05-01,623300,Community Care Facilities for the Elderly,2010
21-1023,2002-05-01,623300,Community Care Facilities for the Elderly,430
29-1051,2002-05-01,623300,Community Care Facilities for the Elderly,210
29-1063,2002-05-01,623300,Community Care Facilities for the Elderly,60
29-1066,2002-05-01,623300,Community Care Facilities for the Elderly,50
29-1111,2002-05-01,623300,Community Care Facilities for the Elderly,21440
21-1021,2002-05-01,623900,Other Residential Care Facilities,11670
21-1022,2002-05-01,623900,Other Residential Care Facilities,660
21-1023,2002-05-01,623900,Other Residential Care Facilities,1790
29-1066,2002-05-01,623900,Other Residential Care Facilities,200
29-1111,2002-05-01,623900,Other Residential Care Facilities,2070
21-1021,2002-05-01,624100,Individual and Family Services,45150
21-1022,2002-05-01,624100,Individual and Family Services,9750
21-1023,2002-05-01,624100,Individual and Family Services,11970
29-1062,2002-05-01,624100,Individual and Family Services,120
29-1066,2002-05-01,624100,Individual and Family Services,740
29-1071,2002-05-01,624100,Individual and Family Services,60
29-1111,2002-05-01,624100,Individual and Family Services,10390
21-1021,2002-05-01,624200,"Community Food and Housing, and Emergency and Other Relief Services",6360
21-1022,2002-05-01,624200,"Community Food and Housing, and Emergency and Other Relief Services",1130
21-1023,2002-05-01,624200,"Community Food and Housing, and Emergency and Other Relief Services",2230
29-1111,2002-05-01,624200,"Community Food and Housing, and Emergency and Other Relief Services",570
21-1021,2002-05-01,624300,Vocational Rehabilitation Services,2560
21-1022,2002-05-01,624300,Vocational Rehabilitation Services,880
21-1023,2002-05-01,624300,Vocational Rehabilitation Services,1000
29-1066,2002-05-01,624300,Vocational Rehabilitation Services,90
29-1111,2002-05-01,624300,Vocational Rehabilitation Services,2490
21-1021,2002-05-01,624400,Child Day Care Services,7140
21-1022,2002-05-01,624400,Child Day Care Services,170
21-1023,2002-05-01,624400,Child Day Care Services,240
29-1111,2002-05-01,624400,Child Day Care Services,940
29-1111,2002-05-01,711200,Spectator Sports,80
29-1111,2002-05-01,711300,"Promoters of Performing Arts, Sports, and Similar Events",50
29-1111,2002-05-01,713100,Amusement Parks and Arcades,80
21-1021,2002-05-01,713900,Other Amusement and Recreation Industries,50
29-1111,2002-05-01,721200,RV (Recreational Vehicle) Parks and Recreational Camps,40
29-1111,2002-05-01,721300,Rooming and Boarding Houses,40
29-1111,2002-05-01,812100,Personal Care Services,0
29-1111,2002-05-01,812900,Other Personal Services,100
21-1021,2002-05-01,813100,Religious Organizations,380
21-1022,2002-05-01,813100,Religious Organizations,180
21-1023,2002-05-01,813100,Religious Organizations,200
29-1111,2002-05-01,813100,Religious Organizations,530
21-1021,2002-05-01,813200,Grantmaking and Giving Services,1860
21-1022,2002-05-01,813200,Grantmaking and Giving Services,1510
21-1023,2002-05-01,813200,Grantmaking and Giving Services,600
29-1111,2002-05-01,813200,Grantmaking and Giving Services,410
21-1021,2002-05-01,813300,Social Advocacy Organizations,5830
21-1022,2002-05-01,813300,Social Advocacy Organizations,1610
21-1023,2002-05-01,813300,Social Advocacy Organizations,1860
29-1111,2002-05-01,813300,Social Advocacy Organizations,380
21-1021,2002-05-01,813400,Civic and Social Organizations,3590
21-1022,2002-05-01,813400,Civic and Social Organizations,190
21-1023,2002-05-01,813400,Civic and Social Organizations,330
29-1111,2002-05-01,813400,Civic and Social Organizations,120
21-1021,2002-05-01,813900,"Business, Professional, Labor, Political, and Similar Organizations",190
21-1022,2002-05-01,813900,"Business, Professional, Labor, Political, and Similar Organizations",50
21-1023,2002-05-01,813900,"Business, Professional, Labor, Political, and Similar Organizations",90
29-1062,2002-05-01,813900,"Business, Professional, Labor, Political, and Similar Organizations",40
29-1111,2002-05-01,813900,"Business, Professional, Labor, Political, and Similar Organizations",480
29-1051,2002-05-01,999100,Federal Executive Branch and United States Postal Service (OES designation),4850
29-1071,2002-05-01,999100,Federal Executive Branch and United States Postal Service (OES designation),2250
29-1111,2002-05-01,999100,Federal Executive Branch and United States Postal Service (OES designation),45830
21-1021,2002-05-01,999200,State Government (OES designation),57740
21-1022,2002-05-01,999200,State Government (OES designation),6780
21-1023,2002-05-01,999200,State Government (OES designation),9220
29-1051,2002-05-01,999200,State Government (OES designation),1080
29-1061,2002-05-01,999200,State Government (OES designation),50
29-1062,2002-05-01,999200,State Government (OES designation),1320
29-1063,2002-05-01,999200,State Government (OES designation),120
29-1066,2002-05-01,999200,State Government (OES designation),960
29-1071,2002-05-01,999200,State Government (OES designation),280
29-1111,2002-05-01,999200,State Government (OES designation),36460
21-1021,2002-05-01,999300,Local Government (OES designation),51220
21-1022,2002-05-01,999300,Local Government (OES designation),11630
21-1023,2002-05-01,999300,Local Government (OES designation),14070
29-1051,2002-05-01,999300,Local Government (OES designation),910
29-1062,2002-05-01,999300,Local Government (OES designation),4370
29-1063,2002-05-01,999300,Local Government (OES designation),230
29-1065,2002-05-01,999300,Local Government (OES designation),90
29-1066,2002-05-01,999300,Local Government (OES designation),1490
29-1067,2002-05-01,999300,Local Government (OES designation),40
29-1071,2002-05-01,999300,Local Government (OES designation),350
29-1111,2002-05-01,999300,Local Government (OES designation),50870
29-1111,2003-05-01,221100,"Electric Power Generation, Transmission and Distribution",50
29-1111,2003-05-01,311600,Animal Slaughtering and Processing,250
29-1111,2003-05-01,313200,Fabric Mills,40
29-1111,2003-05-01,322100,"Pulp, Paper, and Paperboard Mills",130
29-1111,2003-05-01,322200,Converted Paper Product Manufacturing,60
29-1111,2003-05-01,324100,Petroleum and Coal Products Manufacturing,70
29-1111,2003-05-01,325100,Basic Chemical Manufacturing,140
29-1111,2003-05-01,325200,"Resin, Synthetic Rubber, and Artificial Synthetic Fibers and Filaments Manufacturing",80
29-1111,2003-05-01,325300,"Pesticide, Fertilizer, and Other Agricultural Chemical Manufacturing",40
29-1051,2003-05-01,325400,Pharmaceutical and Medicine Manufacturing,390
29-1111,2003-05-01,325400,Pharmaceutical and Medicine Manufacturing,250
29-1111,2003-05-01,325900,Other Chemical Product and Preparation Manufacturing,50
29-1111,2003-05-01,326100,Plastics Product Manufacturing,0
29-1111,2003-05-01,331100,Iron and Steel Mills and Ferroalloy Manufacturing,30
29-1111,2003-05-01,331500,Foundries,50
29-1111,2003-05-01,332900,Other Fabricated Metal Product Manufacturing,80
29-1111,2003-05-01,333100,"Agriculture, Construction, and Mining Machinery Manufacturing",40
29-1111,2003-05-01,333300,Commercial and Service Industry Machinery Manufacturing,40
29-1111,2003-05-01,334400,Semiconductor and Other Electronic Component Manufacturing,150
29-1111,2003-05-01,334500,"Navigational, Measuring, Electromedical, and Control Instruments Manufacturing",150
29-1111,2003-05-01,336400,Aerospace Product and Parts Manufacturing,100
29-1111,2003-05-01,337100,Household and Institutional Furniture and Kitchen Cabinet Manufacturing,70
29-1111,2003-05-01,339100,Medical Equipment and Supplies Manufacturing,0
29-1051,2003-05-01,423400,Professional and Commercial Equipment and Supplies Merchant Wholesalers,250
29-1111,2003-05-01,423400,Professional and Commercial Equipment and Supplies Merchant Wholesalers,260
29-1051,2003-05-01,424200,Drugs and Druggists' Sundries Merchant Wholesalers,4380
29-1111,2003-05-01,424200,Drugs and Druggists' Sundries Merchant Wholesalers,280
29-1051,2003-05-01,425100,Wholesale Electronic Markets and Agents and Brokers,180
29-1111,2003-05-01,425100,Wholesale Electronic Markets and Agents and Brokers,80
29-1051,2003-05-01,445100,Grocery Stores,17320
29-1051,2003-05-01,446100,Health and Personal Care Stores,95250
29-1111,2003-05-01,446100,Health and Personal Care Stores,1400
29-1051,2003-05-01,452100,Department Stores,11510
29-1051,2003-05-01,452900,Other General Merchandise Stores,10930
29-1051,2003-05-01,454100,Electronic Shopping and Mail-Order Houses,2220
29-1051,2003-05-01,484100,General Freight Trucking,0
29-1111,2003-05-01,485900,Other Transit and Ground Passenger Transportation,60
29-1051,2003-05-01,493100,Warehousing and Storage,410
29-1111,2003-05-01,493100,Warehousing and Storage,40
29-1111,2003-05-01,511100,"Newspaper, Periodical, Book, and Directory Publishers",0
29-1111,2003-05-01,518200,"Data Processing, Hosting, and Related Services",120
29-1111,2003-05-01,522200,Nondepository Credit Intermediation,0
29-1111,2003-05-01,522300,Activities Related to Credit Intermediation,150
29-1111,2003-05-01,523900,Other Financial Investment Activities,0
21-1022,2003-05-01,524100,Insurance Carriers,700
29-1051,2003-05-01,524100,Insurance Carriers,910
29-1062,2003-05-01,524100,Insurance Carriers,0
29-1063,2003-05-01,524100,Insurance Carriers,0
29-1111,2003-05-01,524100,Insurance Carriers,12440
21-1022,2003-05-01,524200,"Agencies, Brokerages, and Other Insurance Related Activities",70
29-1051,2003-05-01,524200,"Agencies, Brokerages, and Other Insurance Related Activities",80
29-1063,2003-05-01,524200,"Agencies, Brokerages, and Other Insurance Related Activities",0
29-1111,2003-05-01,524200,"Agencies, Brokerages, and Other Insurance Related Activities",3080
29-1111,2003-05-01,525100,Insurance and Employee Benefit Funds,0
21-1021,2003-05-01,531100,Lessors of Real Estate,70
21-1022,2003-05-01,531100,Lessors of Real Estate,60
29-1111,2003-05-01,531100,Lessors of Real Estate,1310
29-1111,2003-05-01,531200,Offices of Real Estate Agents and Brokers,30
21-1021,2003-05-01,531300,Activities Related to Real Estate,0
29-1111,2003-05-01,531300,Activities Related to Real Estate,200
29-1051,2003-05-01,532200,Consumer Goods Rental,180
29-1111,2003-05-01,532200,Consumer Goods Rental,560
21-1021,2003-05-01,541100,Legal Services,140
29-1111,2003-05-01,541100,Legal Services,290
29-1111,2003-05-01,541300,"Architectural, Engineering, and Related Services",710
29-1111,2003-05-01,541500,Computer Systems Design and Related Services,50
21-1021,2003-05-01,541600,"Management, Scientific, and Technical Consulting Services",120
21-1022,2003-05-01,541600,"Management, Scientific, and Technical Consulting Services",90
21-1023,2003-05-01,541600,"Management, Scientific, and Technical Consulting Services",0
29-1051,2003-05-01,541600,"Management, Scientific, and Technical Consulting Services",370
29-1062,2003-05-01,541600,"Management, Scientific, and Technical Consulting Services",0
29-1111,2003-05-01,541600,"Management, Scientific, and Technical Consulting Services",4610
21-1022,2003-05-01,541700,Scientific Research and Development Services,940
29-1062,2003-05-01,541700,Scientific Research and Development Services,0
29-1066,2003-05-01,541700,Scientific Research and Development Services,150
29-1071,2003-05-01,541700,Scientific Research and Development Services,140
29-1111,2003-05-01,541700,Scientific Research and Development Services,3610
21-1021,2003-05-01,541900,"Other Professional, Scientific, and Technical Services",0
29-1111,2003-05-01,541900,"Other Professional, Scientific, and Technical Services",0
21-1021,2003-05-01,551100,Management of Companies and Enterprises,3360
21-1022,2003-05-01,551100,Management of Companies and Enterprises,560
21-1023,2003-05-01,551100,Management of Companies and Enterprises,1090
29-1051,2003-05-01,551100,Management of Companies and Enterprises,420
29-1062,2003-05-01,551100,Management of Companies and Enterprises,260
29-1063,2003-05-01,551100,Management of Companies and Enterprises,310
29-1065,2003-05-01,551100,Management of Companies and Enterprises,40
29-1066,2003-05-01,551100,Management of Companies and Enterprises,160
29-1067,2003-05-01,551100,Management of Companies and Enterprises,0
29-1071,2003-05-01,551100,Management of Companies and Enterprises,410
29-1111,2003-05-01,551100,Management of Companies and Enterprises,6330
21-1022,2003-05-01,561100,Office Administrative Services,270
21-1023,2003-05-01,561100,Office Administrative Services,280
29-1051,2003-05-01,561100,Office Administrative Services,0
29-1062,2003-05-01,561100,Office Administrative Services,0
29-1071,2003-05-01,561100,Office Administrative Services,390
29-1111,2003-05-01,561100,Office Administrative Services,5080
21-1021,2003-05-01,561200,Facilities Support Services,0
21-1023,2003-05-01,561200,Facilities Support Services,750
29-1111,2003-05-01,561200,Facilities Support Services,720
21-1021,2003-05-01,561300,Employment Services,160
21-1022,2003-05-01,561300,Employment Services,230
21-1023,2003-05-01,561300,Employment Services,430
29-1051,2003-05-01,561300,Employment Services,1410
29-1062,2003-05-01,561300,Employment Services,170
29-1071,2003-05-01,561300,Employment Services,360
29-1111,2003-05-01,561300,Employment Services,70400
29-1111,2003-05-01,561400,Business Support Services,420
29-1111,2003-05-01,561900,Other Support Services,0
21-1021,2003-05-01,611100,Elementary and Secondary Schools,34500
21-1022,2003-05-01,611100,Elementary and Secondary Schools,120
21-1023,2003-05-01,611100,Elementary and Secondary Schools,630
29-1062,2003-05-01,611100,Elementary and Secondary Schools,100
29-1066,2003-05-01,611100,Elementary and Secondary Schools,120
29-1111,2003-05-01,611100,Elementary and Secondary Schools,43560
21-1021,2003-05-01,611200,Junior Colleges,730
29-1111,2003-05-01,611200,Junior Colleges,480
21-1021,2003-05-01,611300,"Colleges, Universities, and Professional Schools",1060
21-1022,2003-05-01,611300,"Colleges, Universities, and Professional Schools",630
21-1023,2003-05-01,611300,"Colleges, Universities, and Professional Schools",150
29-1051,2003-05-01,611300,"Colleges, Universities, and Professional Schools",1060
29-1061,2003-05-01,611300,"Colleges, Universities, and Professional Schools",350
29-1062,2003-05-01,611300,"Colleges, Universities, and Professional Schools",7030
29-1063,2003-05-01,611300,"Colleges, Universities, and Professional Schools",420
29-1064,2003-05-01,611300,"Colleges, Universities, and Professional Schools",500
29-1065,2003-05-01,611300,"Colleges, Universities, and Professional Schools",1060
29-1066,2003-05-01,611300,"Colleges, Universities, and Professional Schools",320
29-1067,2003-05-01,611300,"Colleges, Universities, and Professional Schools",790
29-1071,2003-05-01,611300,"Colleges, Universities, and Professional Schools",1230
29-1111,2003-05-01,611300,"Colleges, Universities, and Professional Schools",27410
21-1021,2003-05-01,611400,Business Schools and Computer and Management Training,230
29-1111,2003-05-01,611400,Business Schools and Computer and Management Training,90
21-1021,2003-05-01,611500,Technical and Trade Schools,30
29-1111,2003-05-01,611500,Technical and Trade Schools,90
21-1021,2003-05-01,611600,Other Schools and Instruction,260
21-1022,2003-05-01,611600,Other Schools and Instruction,50
29-1111,2003-05-01,611600,Other Schools and Instruction,260
21-1021,2003-05-01,611700,Educational Support Services,280
21-1023,2003-05-01,611700,Educational Support Services,80
29-1111,2003-05-01,611700,Educational Support Services,120
21-1021,2003-05-01,621100,Offices of Physicians,1150
21-1022,2003-05-01,621100,Offices of Physicians,3250
21-1023,2003-05-01,621100,Offices of Physicians,1860
29-1051,2003-05-01,621100,Offices of Physicians,4020
29-1061,2003-05-01,621100,Offices of Physicians,19500
29-1062,2003-05-01,621100,Offices of Physicians,73260
29-1063,2003-05-01,621100,Offices of Physicians,37440
29-1064,2003-05-01,621100,Offices of Physicians,16060
29-1065,2003-05-01,621100,Offices of Physicians,20450
29-1066,2003-05-01,621100,Offices of Physicians,4710
29-1067,2003-05-01,621100,Offices of Physicians,42790
29-1071,2003-05-01,621100,Offices of Physicians,31780
29-1111,2003-05-01,621100,Offices of Physicians,194230
29-1061,2003-05-01,621200,Offices of Dentists,0
29-1062,2003-05-01,621200,Offices of Dentists,70
29-1067,2003-05-01,621200,Offices of Dentists,0
29-1071,2003-05-01,621200,Offices of Dentists,620
29-1111,2003-05-01,621200,Offices of Dentists,1560
21-1021,2003-05-01,621300,Offices of Other Health Practitioners,1300
21-1022,2003-05-01,621300,Offices of Other Health Practitioners,1510
21-1023,2003-05-01,621300,Offices of Other Health Practitioners,2990
29-1051,2003-05-01,621300,Offices of Other Health Practitioners,100
29-1061,2003-05-01,621300,Offices of Other Health Practitioners,230
29-1062,2003-05-01,621300,Offices of Other Health Practitioners,650
29-1063,2003-05-01,621300,Offices of Other Health Practitioners,210
29-1065,2003-05-01,621300,Offices of Other Health Practitioners,100
29-1066,2003-05-01,621300,Offices of Other Health Practitioners,850
29-1067,2003-05-01,621300,Offices of Other Health Practitioners,610
29-1071,2003-05-01,621300,Offices of Other Health Practitioners,1330
29-1111,2003-05-01,621300,Offices of Other Health Practitioners,10550
21-1021,2003-05-01,621400,Outpatient Care Centers,5120
21-1022,2003-05-01,621400,Outpatient Care Centers,6120
21-1023,2003-05-01,621400,Outpatient Care Centers,16490
29-1051,2003-05-01,621400,Outpatient Care Centers,1750
29-1061,2003-05-01,621400,Outpatient Care Centers,0
29-1062,2003-05-01,621400,Outpatient Care Centers,4770
29-1063,2003-05-01,621400,Outpatient Care Centers,2160
29-1064,2003-05-01,621400,Outpatient Care Centers,470
29-1065,2003-05-01,621400,Outpatient Care Centers,760
29-1066,2003-05-01,621400,Outpatient Care Centers,2670
29-1067,2003-05-01,621400,Outpatient Care Centers,770
29-1071,2003-05-01,621400,Outpatient Care Centers,3060
29-1111,2003-05-01,621400,Outpatient Care Centers,54780
21-1022,2003-05-01,621500,Medical and Diagnostic Laboratories,0
29-1062,2003-05-01,621500,Medical and Diagnostic Laboratories,220
29-1063,2003-05-01,621500,Medical and Diagnostic Laboratories,150
29-1067,2003-05-01,621500,Medical and Diagnostic Laboratories,0
29-1071,2003-05-01,621500,Medical and Diagnostic Laboratories,280
29-1111,2003-05-01,621500,Medical and Diagnostic Laboratories,1500
21-1021,2003-05-01,621600,Home Health Care Services,1100
21-1022,2003-05-01,621600,Home Health Care Services,7440
21-1023,2003-05-01,621600,Home Health Care Services,370
29-1051,2003-05-01,621600,Home Health Care Services,1950
29-1062,2003-05-01,621600,Home Health Care Services,450
29-1063,2003-05-01,621600,Home Health Care Services,130
29-1071,2003-05-01,621600,Home Health Care Services,180
29-1111,2003-05-01,621600,Home Health Care Services,114430
21-1022,2003-05-01,621900,Other Ambulatory Health Care Services,270
21-1023,2003-05-01,621900,Other Ambulatory Health Care Services,180
29-1051,2003-05-01,621900,Other Ambulatory Health Care Services,40
29-1061,2003-05-01,621900,Other Ambulatory Health Care Services,0
29-1062,2003-05-01,621900,Other Ambulatory Health Care Services,340
29-1063,2003-05-01,621900,Other Ambulatory Health Care Services,110
29-1067,2003-05-01,621900,Other Ambulatory Health Care Services,50
29-1071,2003-05-01,621900,Other Ambulatory Health Care Services,130
29-1111,2003-05-01,621900,Other Ambulatory Health Care Services,8160
21-1021,2003-05-01,622100,General Medical and Surgical Hospitals,3650
21-1022,2003-05-01,622100,General Medical and Surgical Hospitals,29780
21-1023,2003-05-01,622100,General Medical and Surgical Hospitals,7170
29-1051,2003-05-01,622100,General Medical and Surgical Hospitals,48510
29-1061,2003-05-01,622100,General Medical and Surgical Hospitals,2670
29-1062,2003-05-01,622100,General Medical and Surgical Hospitals,17250
29-1063,2003-05-01,622100,General Medical and Surgical Hospitals,8070
29-1064,2003-05-01,622100,General Medical and Surgical Hospitals,1970
29-1065,2003-05-01,622100,General Medical and Surgical Hospitals,3870
29-1066,2003-05-01,622100,General Medical and Surgical Hospitals,3160
29-1067,2003-05-01,622100,General Medical and Surgical Hospitals,3360
29-1071,2003-05-01,622100,General Medical and Surgical Hospitals,15770
29-1111,2003-05-01,622100,General Medical and Surgical Hospitals,1295870
21-1021,2003-05-01,622200,Psychiatric and Substance Abuse Hospitals,1900
21-1022,2003-05-01,622200,Psychiatric and Substance Abuse Hospitals,2140
21-1023,2003-05-01,622200,Psychiatric and Substance Abuse Hospitals,8770
29-1051,2003-05-01,622200,Psychiatric and Substance Abuse Hospitals,1120
29-1062,2003-05-01,622200,Psychiatric and Substance Abuse Hospitals,1020
29-1066,2003-05-01,622200,Psychiatric and Substance Abuse Hospitals,2990
29-1071,2003-05-01,622200,Psychiatric and Substance Abuse Hospitals,180
29-1111,2003-05-01,622200,Psychiatric and Substance Abuse Hospitals,30930
21-1021,2003-05-01,622300,Specialty (except Psychiatric and Substance Abuse) Hospitals,500
21-1022,2003-05-01,622300,Specialty (except Psychiatric and Substance Abuse) Hospitals,1680
21-1023,2003-05-01,622300,Specialty (except Psychiatric and Substance Abuse) Hospitals,1310
29-1051,2003-05-01,622300,Specialty (except Psychiatric and Substance Abuse) Hospitals,1450
29-1061,2003-05-01,622300,Specialty (except Psychiatric and Substance Abuse) Hospitals,0
29-1062,2003-05-01,622300,Specialty (except Psychiatric and Substance Abuse) Hospitals,150
29-1063,2003-05-01,622300,Specialty (except Psychiatric and Substance Abuse) Hospitals,0
29-1066,2003-05-01,622300,Specialty (except Psychiatric and Substance Abuse) Hospitals,170
29-1067,2003-05-01,622300,Specialty (except Psychiatric and Substance Abuse) Hospitals,0
29-1071,2003-05-01,622300,Specialty (except Psychiatric and Substance Abuse) Hospitals,230
29-1111,2003-05-01,622300,Specialty (except Psychiatric and Substance Abuse) Hospitals,37300
21-1021,2003-05-01,623100,Nursing Care Facilities,420
21-1022,2003-05-01,623100,Nursing Care Facilities,10040
21-1023,2003-05-01,623100,Nursing Care Facilities,380
29-1051,2003-05-01,623100,Nursing Care Facilities,470
29-1062,2003-05-01,623100,Nursing Care Facilities,160
29-1063,2003-05-01,623100,Nursing Care Facilities,70
29-1066,2003-05-01,623100,Nursing Care Facilities,60
29-1071,2003-05-01,623100,Nursing Care Facilities,210
29-1111,2003-05-01,623100,Nursing Care Facilities,121000
21-1021,2003-05-01,623200,"Residential Mental Retardation, Mental Health and Substance Abuse Facilities",6160
21-1022,2003-05-01,623200,"Residential Mental Retardation, Mental Health and Substance Abuse Facilities",1670
21-1023,2003-05-01,623200,"Residential Mental Retardation, Mental Health and Substance Abuse Facilities",7270
29-1051,2003-05-01,623200,"Residential Mental Retardation, Mental Health and Substance Abuse Facilities",40
29-1062,2003-05-01,623200,"Residential Mental Retardation, Mental Health and Substance Abuse Facilities",90
29-1065,2003-05-01,623200,"Residential Mental Retardation, Mental Health and Substance Abuse Facilities",80
29-1066,2003-05-01,623200,"Residential Mental Retardation, Mental Health and Substance Abuse Facilities",510
29-1071,2003-05-01,623200,"Residential Mental Retardation, Mental Health and Substance Abuse Facilities",50
29-1111,2003-05-01,623200,"Residential Mental Retardation, Mental Health and Substance Abuse Facilities",10070
21-1021,2003-05-01,623300,Community Care Facilities for the Elderly,550
21-1022,2003-05-01,623300,Community Care Facilities for the Elderly,2130
21-1023,2003-05-01,623300,Community Care Facilities for the Elderly,280
29-1051,2003-05-01,623300,Community Care Facilities for the Elderly,150
29-1066,2003-05-01,623300,Community Care Facilities for the Elderly,40
29-1111,2003-05-01,623300,Community Care Facilities for the Elderly,22010
21-1021,2003-05-01,623900,Other Residential Care Facilities,10750
21-1022,2003-05-01,623900,Other Residential Care Facilities,610
21-1023,2003-05-01,623900,Other Residential Care Facilities,2040
29-1066,2003-05-01,623900,Other Residential Care Facilities,190
29-1111,2003-05-01,623900,Other Residential Care Facilities,2130
21-1021,2003-05-01,624100,Individual and Family Services,45090
21-1022,2003-05-01,624100,Individual and Family Services,9140
21-1023,2003-05-01,624100,Individual and Family Services,14620
29-1062,2003-05-01,624100,Individual and Family Services,90
29-1066,2003-05-01,624100,Individual and Family Services,650
29-1071,2003-05-01,624100,Individual and Family Services,80
29-1111,2003-05-01,624100,Individual and Family Services,10160
21-1021,2003-05-01,624200,"Community Food and Housing, and Emergency and Other Relief Services",6260
21-1022,2003-05-01,624200,"Community Food and Housing, and Emergency and Other Relief Services",960
21-1023,2003-05-01,624200,"Community Food and Housing, and Emergency and Other Relief Services",2250
29-1111,2003-05-01,624200,"Community Food and Housing, and Emergency and Other Relief Services",610
21-1021,2003-05-01,624300,Vocational Rehabilitation Services,2350
21-1022,2003-05-01,624300,Vocational Rehabilitation Services,700
21-1023,2003-05-01,624300,Vocational Rehabilitation Services,1180
29-1066,2003-05-01,624300,Vocational Rehabilitation Services,80
29-1111,2003-05-01,624300,Vocational Rehabilitation Services,2120
21-1021,2003-05-01,624400,Child Day Care Services,7310
21-1022,2003-05-01,624400,Child Day Care Services,180
21-1023,2003-05-01,624400,Child Day Care Services,260
29-1111,2003-05-01,624400,Child Day Care Services,890
29-1111,2003-05-01,711200,Spectator Sports,80
29-1111,2003-05-01,713100,Amusement Parks and Arcades,90
29-1111,2003-05-01,713900,Other Amusement and Recreation Industries,40
29-1111,2003-05-01,721100,Traveler Accommodation,70
29-1111,2003-05-01,721200,RV (Recreational Vehicle) Parks and Recreational Camps,40
29-1111,2003-05-01,721300,Rooming and Boarding Houses,40
29-1111,2003-05-01,812100,Personal Care Services,0
21-1022,2003-05-01,812200,Death Care Services,40
29-1111,2003-05-01,812900,Other Personal Services,130
21-1021,2003-05-01,813100,Religious Organizations,550
21-1022,2003-05-01,813100,Religious Organizations,180
21-1023,2003-05-01,813100,Religious Organizations,160
29-1111,2003-05-01,813100,Religious Organizations,490
21-1021,2003-05-01,813200,Grantmaking and Giving Services,1780
21-1022,2003-05-01,813200,Grantmaking and Giving Services,1610
21-1023,2003-05-01,813200,Grantmaking and Giving Services,670
29-1111,2003-05-01,813200,Grantmaking and Giving Services,360
21-1021,2003-05-01,813300,Social Advocacy Organizations,5490
21-1022,2003-05-01,813300,Social Advocacy Organizations,1710
21-1023,2003-05-01,813300,Social Advocacy Organizations,1730
29-1111,2003-05-01,813300,Social Advocacy Organizations,360
21-1021,2003-05-01,813400,Civic and Social Organizations,3900
21-1022,2003-05-01,813400,Civic and Social Organizations,210
21-1023,2003-05-01,813400,Civic and Social Organizations,460
29-1111,2003-05-01,813400,Civic and Social Organizations,140
21-1021,2003-05-01,813900,"Business, Professional, Labor, Political, and Similar Organizations",240
21-1022,2003-05-01,813900,"Business, Professional, Labor, Political, and Similar Organizations",40
21-1023,2003-05-01,813900,"Business, Professional, Labor, Political, and Similar Organizations",130
29-1051,2003-05-01,813900,"Business, Professional, Labor, Political, and Similar Organizations",0
29-1111,2003-05-01,813900,"Business, Professional, Labor, Political, and Similar Organizations",570
29-1051,2003-05-01,999100,Federal Executive Branch and United States Postal Service (OES designation),5230
29-1071,2003-05-01,999100,Federal Executive Branch and United States Postal Service (OES designation),2270
29-1111,2003-05-01,999100,Federal Executive Branch and United States Postal Service (OES designation),46340
21-1021,2003-05-01,999200,State Government (OES designation),57740
21-1022,2003-05-01,999200,State Government (OES designation),6780
21-1023,2003-05-01,999200,State Government (OES designation),9220
29-1051,2003-05-01,999200,State Government (OES designation),1080
29-1061,2003-05-01,999200,State Government (OES designation),50
29-1062,2003-05-01,999200,State Government (OES designation),1320
29-1063,2003-05-01,999200,State Government (OES designation),120
29-1066,2003-05-01,999200,State Government (OES designation),960
29-1071,2003-05-01,999200,State Government (OES designation),280
29-1111,2003-05-01,999200,State Government (OES designation),36460
21-1021,2003-05-01,999300,Local Government (OES designation),51020
21-1022,2003-05-01,999300,Local Government (OES designation),10770
21-1023,2003-05-01,999300,Local Government (OES designation),13460
29-1051,2003-05-01,999300,Local Government (OES designation),720
29-1063,2003-05-01,999300,Local Government (OES designation),110
29-1065,2003-05-01,999300,Local Government (OES designation),50
29-1066,2003-05-01,999300,Local Government (OES designation),1580
29-1067,2003-05-01,999300,Local Government (OES designation),50
29-1071,2003-05-01,999300,Local Government (OES designation),460
29-1111,2003-05-01,999300,Local Government (OES designation),50250
29-1111,2003-11-01,221100,"Electric Power Generation, Transmission and Distribution",40
29-1111,2003-11-01,311400,Fruit and Vegetable Preserving and Specialty Food Manufacturing,50
29-1111,2003-11-01,311600,Animal Slaughtering and Processing,280
29-1111,2003-11-01,312200,Tobacco Manufacturing,0
29-1111,2003-11-01,313200,Fabric Mills,40
29-1111,2003-11-01,322100,"Pulp, Paper, and Paperboard Mills",130
29-1111,2003-11-01,322200,Converted Paper Product Manufacturing,50
29-1111,2003-11-01,324100,Petroleum and Coal Products Manufacturing,60
29-1111,2003-11-01,325100,Basic Chemical Manufacturing,110
29-1111,2003-11-01,325200,"Resin, Synthetic Rubber, and Artificial Synthetic Fibers and Filaments Manufacturing",80
29-1051,2003-11-01,325400,Pharmaceutical and Medicine Manufacturing,450
29-1111,2003-11-01,325400,Pharmaceutical and Medicine Manufacturing,190
29-1111,2003-11-01,325900,Other Chemical Product and Preparation Manufacturing,40
29-1111,2003-11-01,326100,Plastics Product Manufacturing,50
29-1111,2003-11-01,326200,Rubber Product Manufacturing,40
29-1111,2003-11-01,331100,Iron and Steel Mills and Ferroalloy Manufacturing,40
29-1111,2003-11-01,331500,Foundries,40
29-1111,2003-11-01,332900,Other Fabricated Metal Product Manufacturing,50
29-1111,2003-11-01,333100,"Agriculture, Construction, and Mining Machinery Manufacturing",40
29-1111,2003-11-01,333300,Commercial and Service Industry Machinery Manufacturing,40
29-1111,2003-11-01,334500,"Navigational, Measuring, Electromedical, and Control Instruments Manufacturing",140
29-1111,2003-11-01,336300,Motor Vehicle Parts Manufacturing,300
29-1111,2003-11-01,336400,Aerospace Product and Parts Manufacturing,80
29-1111,2003-11-01,337100,Household and Institutional Furniture and Kitchen Cabinet Manufacturing,70
29-1111,2003-11-01,339100,Medical Equipment and Supplies Manufacturing,40
29-1051,2003-11-01,423400,Professional and Commercial Equipment and Supplies Merchant Wholesalers,270
29-1111,2003-11-01,423400,Professional and Commercial Equipment and Supplies Merchant Wholesalers,240
29-1051,2003-11-01,424200,Drugs and Druggists' Sundries Merchant Wholesalers,4130
29-1111,2003-11-01,424200,Drugs and Druggists' Sundries Merchant Wholesalers,360
29-1051,2003-11-01,425100,Wholesale Electronic Markets and Agents and Brokers,160
29-1111,2003-11-01,425100,Wholesale Electronic Markets and Agents and Brokers,60
29-1051,2003-11-01,445100,Grocery Stores,18250
29-1051,2003-11-01,446100,Health and Personal Care Stores,98100
29-1111,2003-11-01,446100,Health and Personal Care Stores,0
29-1051,2003-11-01,447100,Gasoline Stations,30
29-1051,2003-11-01,452100,Department Stores,11730
29-1051,2003-11-01,452900,Other General Merchandise Stores,9490
29-1051,2003-11-01,454100,Electronic Shopping and Mail-Order Houses,2390
29-1111,2003-11-01,454100,Electronic Shopping and Mail-Order Houses,130
29-1111,2003-11-01,481100,Scheduled Air Transportation,110
29-1111,2003-11-01,481200,Nonscheduled Air Transportation,30
29-1051,2003-11-01,484100,General Freight Trucking,0
29-1111,2003-11-01,485900,Other Transit and Ground Passenger Transportation,30
29-1111,2003-11-01,491100,Postal Service,210
29-1051,2003-11-01,493100,Warehousing and Storage,400
29-1111,2003-11-01,493100,Warehousing and Storage,40
29-1111,2003-11-01,511100,"Newspaper, Periodical, Book, and Directory Publishers",40
29-1051,2003-11-01,518200,"Data Processing, Hosting, and Related Services",0
29-1111,2003-11-01,522200,Nondepository Credit Intermediation,40
29-1111,2003-11-01,523900,Other Financial Investment Activities,0
21-1022,2003-11-01,524100,Insurance Carriers,650
21-1023,2003-11-01,524100,Insurance Carriers,0
29-1051,2003-11-01,524100,Insurance Carriers,940
29-1062,2003-11-01,524100,Insurance Carriers,90
29-1063,2003-11-01,524100,Insurance Carriers,80
29-1111,2003-11-01,524100,Insurance Carriers,14060
21-1022,2003-11-01,524200,"Agencies, Brokerages, and Other Insurance Related Activities",80
29-1051,2003-11-01,524200,"Agencies, Brokerages, and Other Insurance Related Activities",130
29-1111,2003-11-01,524200,"Agencies, Brokerages, and Other Insurance Related Activities",2770
21-1022,2003-11-01,525100,Insurance and Employee Benefit Funds,0
29-1111,2003-11-01,525100,Insurance and Employee Benefit Funds,0
21-1021,2003-11-01,531100,Lessors of Real Estate,80
29-1111,2003-11-01,531100,Lessors of Real Estate,1090
29-1111,2003-11-01,531200,Offices of Real Estate Agents and Brokers,30
21-1021,2003-11-01,531300,Activities Related to Real Estate,0
29-1111,2003-11-01,531300,Activities Related to Real Estate,190
29-1051,2003-11-01,532200,Consumer Goods Rental,280
29-1111,2003-11-01,532200,Consumer Goods Rental,680
29-1111,2003-11-01,532400,Commercial and Industrial Machinery and Equipment Rental and Leasing,30
21-1021,2003-11-01,541100,Legal Services,150
29-1111,2003-11-01,541100,Legal Services,310
29-1111,2003-11-01,541300,"Architectural, Engineering, and Related Services",420
29-1111,2003-11-01,541500,Computer Systems Design and Related Services,70
21-1021,2003-11-01,541600,"Management, Scientific, and Technical Consulting Services",130
21-1022,2003-11-01,541600,"Management, Scientific, and Technical Consulting Services",140
29-1051,2003-11-01,541600,"Management, Scientific, and Technical Consulting Services",380
29-1062,2003-11-01,541600,"Management, Scientific, and Technical Consulting Services",50
29-1111,2003-11-01,541600,"Management, Scientific, and Technical Consulting Services",4930
21-1022,2003-11-01,541700,Scientific Research and Development Services,860
29-1051,2003-11-01,541700,Scientific Research and Development Services,50
29-1062,2003-11-01,541700,Scientific Research and Development Services,0
29-1066,2003-11-01,541700,Scientific Research and Development Services,90
29-1071,2003-11-01,541700,Scientific Research and Development Services,160
29-1111,2003-11-01,541700,Scientific Research and Development Services,3050
29-1111,2003-11-01,541900,"Other Professional, Scientific, and Technical Services",0
21-1021,2003-11-01,551100,Management of Companies and Enterprises,3390
21-1022,2003-11-01,551100,Management of Companies and Enterprises,640
21-1023,2003-11-01,551100,Management of Companies and Enterprises,1130
29-1051,2003-11-01,551100,Management of Companies and Enterprises,520
29-1062,2003-11-01,551100,Management of Companies and Enterprises,320
29-1063,2003-11-01,551100,Management of Companies and Enterprises,340
29-1065,2003-11-01,551100,Management of Companies and Enterprises,40
29-1066,2003-11-01,551100,Management of Companies and Enterprises,150
29-1067,2003-11-01,551100,Management of Companies and Enterprises,0
29-1071,2003-11-01,551100,Management of Companies and Enterprises,450
29-1111,2003-11-01,551100,Management of Companies and Enterprises,5990
21-1022,2003-11-01,561100,Office Administrative Services,130
21-1023,2003-11-01,561100,Office Administrative Services,290
29-1051,2003-11-01,561100,Office Administrative Services,0
29-1062,2003-11-01,561100,Office Administrative Services,470
29-1071,2003-11-01,561100,Office Administrative Services,0
29-1111,2003-11-01,561100,Office Administrative Services,5080
21-1021,2003-11-01,561200,Facilities Support Services,0
21-1023,2003-11-01,561200,Facilities Support Services,410
29-1111,2003-11-01,561200,Facilities Support Services,730
21-1021,2003-11-01,561300,Employment Services,150
21-1022,2003-11-01,561300,Employment Services,220
21-1023,2003-11-01,561300,Employment Services,530
29-1051,2003-11-01,561300,Employment Services,0
29-1062,2003-11-01,561300,Employment Services,170
29-1071,2003-11-01,561300,Employment Services,360
29-1111,2003-11-01,561300,Employment Services,72460
29-1051,2003-11-01,561400,Business Support Services,50
29-1111,2003-11-01,561400,Business Support Services,390
29-1111,2003-11-01,561700,Services to Buildings and Dwellings,40
29-1051,2003-11-01,561900,Other Support Services,160
21-1021,2003-11-01,611100,Elementary and Secondary Schools,35490
21-1022,2003-11-01,611100,Elementary and Secondary Schools,270
21-1023,2003-11-01,611100,Elementary and Secondary Schools,550
29-1062,2003-11-01,611100,Elementary and Secondary Schools,110
29-1066,2003-11-01,611100,Elementary and Secondary Schools,90
29-1111,2003-11-01,611100,Elementary and Secondary Schools,44790
21-1021,2003-11-01,611200,Junior Colleges,560
29-1111,2003-11-01,611200,Junior Colleges,490
21-1021,2003-11-01,611300,"Colleges, Universities, and Professional Schools",950
21-1022,2003-11-01,611300,"Colleges, Universities, and Professional Schools",740
21-1023,2003-11-01,611300,"Colleges, Universities, and Professional Schools",190
29-1051,2003-11-01,611300,"Colleges, Universities, and Professional Schools",1180
29-1061,2003-11-01,611300,"Colleges, Universities, and Professional Schools",360
29-1062,2003-11-01,611300,"Colleges, Universities, and Professional Schools",6690
29-1063,2003-11-01,611300,"Colleges, Universities, and Professional Schools",700
29-1064,2003-11-01,611300,"Colleges, Universities, and Professional Schools",580
29-1065,2003-11-01,611300,"Colleges, Universities, and Professional Schools",1190
29-1066,2003-11-01,611300,"Colleges, Universities, and Professional Schools",370
29-1067,2003-11-01,611300,"Colleges, Universities, and Professional Schools",930
29-1071,2003-11-01,611300,"Colleges, Universities, and Professional Schools",1350
29-1111,2003-11-01,611300,"Colleges, Universities, and Professional Schools",26850
21-1021,2003-11-01,611400,Business Schools and Computer and Management Training,230
29-1111,2003-11-01,611400,Business Schools and Computer and Management Training,70
21-1021,2003-11-01,611500,Technical and Trade Schools,30
29-1111,2003-11-01,611500,Technical and Trade Schools,80
21-1021,2003-11-01,611600,Other Schools and Instruction,280
21-1022,2003-11-01,611600,Other Schools and Instruction,50
29-1111,2003-11-01,611600,Other Schools and Instruction,300
21-1021,2003-11-01,611700,Educational Support Services,410
21-1022,2003-11-01,611700,Educational Support Services,60
21-1023,2003-11-01,611700,Educational Support Services,80
29-1111,2003-11-01,611700,Educational Support Services,100
21-1021,2003-11-01,621100,Offices of Physicians,1160
21-1022,2003-11-01,621100,Offices of Physicians,2980
21-1023,2003-11-01,621100,Offices of Physicians,2900
29-1051,2003-11-01,621100,Offices of Physicians,3310
29-1061,2003-11-01,621100,Offices of Physicians,17860
29-1062,2003-11-01,621100,Offices of Physicians,72450
29-1063,2003-11-01,621100,Offices of Physicians,39810
29-1064,2003-11-01,621100,Offices of Physicians,16180
29-1065,2003-11-01,621100,Offices of Physicians,18350
29-1066,2003-11-01,621100,Offices of Physicians,4880
29-1067,2003-11-01,621100,Offices of Physicians,46160
29-1071,2003-11-01,621100,Offices of Physicians,34730
29-1111,2003-11-01,621100,Offices of Physicians,199040
29-1061,2003-11-01,621200,Offices of Dentists,0
29-1062,2003-11-01,621200,Offices of Dentists,0
29-1067,2003-11-01,621200,Offices of Dentists,0
29-1071,2003-11-01,621200,Offices of Dentists,570
29-1111,2003-11-01,621200,Offices of Dentists,1700
21-1021,2003-11-01,621300,Offices of Other Health Practitioners,1670
21-1022,2003-11-01,621300,Offices of Other Health Practitioners,1500
21-1023,2003-11-01,621300,Offices of Other Health Practitioners,2910
29-1051,2003-11-01,621300,Offices of Other Health Practitioners,110
29-1061,2003-11-01,621300,Offices of Other Health Practitioners,220
29-1062,2003-11-01,621300,Offices of Other Health Practitioners,560
29-1063,2003-11-01,621300,Offices of Other Health Practitioners,160
29-1065,2003-11-01,621300,Offices of Other Health Practitioners,70
29-1066,2003-11-01,621300,Offices of Other Health Practitioners,930
29-1067,2003-11-01,621300,Offices of Other Health Practitioners,530
29-1071,2003-11-01,621300,Offices of Other Health Practitioners,1430
29-1111,2003-11-01,621300,Offices of Other Health Practitioners,10740
21-1021,2003-11-01,621400,Outpatient Care Centers,5280
21-1022,2003-11-01,621400,Outpatient Care Centers,5670
21-1023,2003-11-01,621400,Outpatient Care Centers,16810
29-1051,2003-11-01,621400,Outpatient Care Centers,1870
29-1061,2003-11-01,621400,Outpatient Care Centers,840
29-1062,2003-11-01,621400,Outpatient Care Centers,4900
29-1063,2003-11-01,621400,Outpatient Care Centers,2810
29-1064,2003-11-01,621400,Outpatient Care Centers,590
29-1065,2003-11-01,621400,Outpatient Care Centers,1020
29-1066,2003-11-01,621400,Outpatient Care Centers,2580
29-1067,2003-11-01,621400,Outpatient Care Centers,830
29-1071,2003-11-01,621400,Outpatient Care Centers,3180
29-1111,2003-11-01,621400,Outpatient Care Centers,56060
29-1051,2003-11-01,621500,Medical and Diagnostic Laboratories,40
29-1062,2003-11-01,621500,Medical and Diagnostic Laboratories,200
29-1063,2003-11-01,621500,Medical and Diagnostic Laboratories,0
29-1067,2003-11-01,621500,Medical and Diagnostic Laboratories,0
29-1071,2003-11-01,621500,Medical and Diagnostic Laboratories,280
29-1111,2003-11-01,621500,Medical and Diagnostic Laboratories,1530
21-1021,2003-11-01,621600,Home Health Care Services,800
21-1022,2003-11-01,621600,Home Health Care Services,8500
21-1023,2003-11-01,621600,Home Health Care Services,420
29-1051,2003-11-01,621600,Home Health Care Services,2010
29-1062,2003-11-01,621600,Home Health Care Services,520
29-1063,2003-11-01,621600,Home Health Care Services,120
29-1071,2003-11-01,621600,Home Health Care Services,200
29-1111,2003-11-01,621600,Home Health Care Services,114960
21-1021,2003-11-01,621900,Other Ambulatory Health Care Services,80
21-1022,2003-11-01,621900,Other Ambulatory Health Care Services,240
21-1023,2003-11-01,621900,Other Ambulatory Health Care Services,150
29-1051,2003-11-01,621900,Other Ambulatory Health Care Services,40
29-1062,2003-11-01,621900,Other Ambulatory Health Care Services,310
29-1063,2003-11-01,621900,Other Ambulatory Health Care Services,100
29-1064,2003-11-01,621900,Other Ambulatory Health Care Services,0
29-1067,2003-11-01,621900,Other Ambulatory Health Care Services,40
29-1071,2003-11-01,621900,Other Ambulatory Health Care Services,130
29-1111,2003-11-01,621900,Other Ambulatory Health Care Services,9300
21-1021,2003-11-01,622100,General Medical and Surgical Hospitals,3310
21-1022,2003-11-01,622100,General Medical and Surgical Hospitals,30470
21-1023,2003-11-01,622100,General Medical and Surgical Hospitals,7240
29-1051,2003-11-01,622100,General Medical and Surgical Hospitals,49870
29-1061,2003-11-01,622100,General Medical and Surgical Hospitals,2680
29-1062,2003-11-01,622100,General Medical and Surgical Hospitals,17360
29-1063,2003-11-01,622100,General Medical and Surgical Hospitals,8020
29-1064,2003-11-01,622100,General Medical and Surgical Hospitals,2000
29-1065,2003-11-01,622100,General Medical and Surgical Hospitals,3950
29-1066,2003-11-01,622100,General Medical and Surgical Hospitals,3130
29-1067,2003-11-01,622100,General Medical and Surgical Hospitals,3470
29-1071,2003-11-01,622100,General Medical and Surgical Hospitals,14150
29-1111,2003-11-01,622100,General Medical and Surgical Hospitals,1314520
21-1021,2003-11-01,622200,Psychiatric and Substance Abuse Hospitals,2050
21-1022,2003-11-01,622200,Psychiatric and Substance Abuse Hospitals,2100
21-1023,2003-11-01,622200,Psychiatric and Substance Abuse Hospitals,9530
29-1051,2003-11-01,622200,Psychiatric and Substance Abuse Hospitals,1140
29-1062,2003-11-01,622200,Psychiatric and Substance Abuse Hospitals,980
29-1063,2003-11-01,622200,Psychiatric and Substance Abuse Hospitals,140
29-1066,2003-11-01,622200,Psychiatric and Substance Abuse Hospitals,2990
29-1071,2003-11-01,622200,Psychiatric and Substance Abuse Hospitals,180
29-1111,2003-11-01,622200,Psychiatric and Substance Abuse Hospitals,30470
21-1021,2003-11-01,622300,Specialty (except Psychiatric and Substance Abuse) Hospitals,410
21-1022,2003-11-01,622300,Specialty (except Psychiatric and Substance Abuse) Hospitals,1720
21-1023,2003-11-01,622300,Specialty (except Psychiatric and Substance Abuse) Hospitals,1470
29-1051,2003-11-01,622300,Specialty (except Psychiatric and Substance Abuse) Hospitals,1530
29-1061,2003-11-01,622300,Specialty (except Psychiatric and Substance Abuse) Hospitals,0
29-1062,2003-11-01,622300,Specialty (except Psychiatric and Substance Abuse) Hospitals,170
29-1063,2003-11-01,622300,Specialty (except Psychiatric and Substance Abuse) Hospitals,120
29-1065,2003-11-01,622300,Specialty (except Psychiatric and Substance Abuse) Hospitals,450
29-1066,2003-11-01,622300,Specialty (except Psychiatric and Substance Abuse) Hospitals,170
29-1067,2003-11-01,622300,Specialty (except Psychiatric and Substance Abuse) Hospitals,0
29-1071,2003-11-01,622300,Specialty (except Psychiatric and Substance Abuse) Hospitals,150
29-1111,2003-11-01,622300,Specialty (except Psychiatric and Substance Abuse) Hospitals,37870
21-1021,2003-11-01,623100,Nursing Care Facilities,390
21-1022,2003-11-01,623100,Nursing Care Facilities,10200
21-1023,2003-11-01,623100,Nursing Care Facilities,350
29-1051,2003-11-01,623100,Nursing Care Facilities,410
29-1062,2003-11-01,623100,Nursing Care Facilities,140
29-1063,2003-11-01,623100,Nursing Care Facilities,60
29-1066,2003-11-01,623100,Nursing Care Facilities,50
29-1071,2003-11-01,623100,Nursing Care Facilities,210
29-1111,2003-11-01,623100,Nursing Care Facilities,120130
21-1021,2003-11-01,623200,"Residential Mental Retardation, Mental Health and Substance Abuse Facilities",4850
21-1022,2003-11-01,623200,"Residential Mental Retardation, Mental Health and Substance Abuse Facilities",1660
21-1023,2003-11-01,623200,"Residential Mental Retardation, Mental Health and Substance Abuse Facilities",8880
29-1051,2003-11-01,623200,"Residential Mental Retardation, Mental Health and Substance Abuse Facilities",0
29-1062,2003-11-01,623200,"Residential Mental Retardation, Mental Health and Substance Abuse Facilities",80
29-1065,2003-11-01,623200,"Residential Mental Retardation, Mental Health and Substance Abuse Facilities",70
29-1066,2003-11-01,623200,"Residential Mental Retardation, Mental Health and Substance Abuse Facilities",490
29-1111,2003-11-01,623200,"Residential Mental Retardation, Mental Health and Substance Abuse Facilities",10900
21-1021,2003-11-01,623300,Community Care Facilities for the Elderly,440
21-1022,2003-11-01,623300,Community Care Facilities for the Elderly,1870
21-1023,2003-11-01,623300,Community Care Facilities for the Elderly,300
29-1051,2003-11-01,623300,Community Care Facilities for the Elderly,180
29-1066,2003-11-01,623300,Community Care Facilities for the Elderly,40
29-1111,2003-11-01,623300,Community Care Facilities for the Elderly,21790
21-1021,2003-11-01,623900,Other Residential Care Facilities,10040
21-1022,2003-11-01,623900,Other Residential Care Facilities,710
21-1023,2003-11-01,623900,Other Residential Care Facilities,2290
29-1066,2003-11-01,623900,Other Residential Care Facilities,130
29-1111,2003-11-01,623900,Other Residential Care Facilities,2210
21-1021,2003-11-01,624100,Individual and Family Services,44790
21-1022,2003-11-01,624100,Individual and Family Services,9070
21-1023,2003-11-01,624100,Individual and Family Services,15750
29-1062,2003-11-01,624100,Individual and Family Services,80
29-1066,2003-11-01,624100,Individual and Family Services,780
29-1071,2003-11-01,624100,Individual and Family Services,80
29-1111,2003-11-01,624100,Individual and Family Services,10660
21-1021,2003-11-01,624200,"Community Food and Housing, and Emergency and Other Relief Services",6120
21-1022,2003-11-01,624200,"Community Food and Housing, and Emergency and Other Relief Services",810
21-1023,2003-11-01,624200,"Community Food and Housing, and Emergency and Other Relief Services",2650
29-1111,2003-11-01,624200,"Community Food and Housing, and Emergency and Other Relief Services",570
21-1021,2003-11-01,624300,Vocational Rehabilitation Services,2660
21-1022,2003-11-01,624300,Vocational Rehabilitation Services,830
21-1023,2003-11-01,624300,Vocational Rehabilitation Services,1120
29-1066,2003-11-01,624300,Vocational Rehabilitation Services,70
29-1111,2003-11-01,624300,Vocational Rehabilitation Services,2390
21-1021,2003-11-01,624400,Child Day Care Services,7540
21-1022,2003-11-01,624400,Child Day Care Services,180
21-1023,2003-11-01,624400,Child Day Care Services,420
29-1111,2003-11-01,624400,Child Day Care Services,950
29-1111,2003-11-01,711200,Spectator Sports,90
29-1111,2003-11-01,713100,Amusement Parks and Arcades,120
29-1111,2003-11-01,721200,RV (Recreational Vehicle) Parks and Recreational Camps,0
29-1111,2003-11-01,721300,Rooming and Boarding Houses,40
29-1111,2003-11-01,812100,Personal Care Services,0
29-1111,2003-11-01,812900,Other Personal Services,80
21-1021,2003-11-01,813100,Religious Organizations,560
21-1022,2003-11-01,813100,Religious Organizations,110
21-1023,2003-11-01,813100,Religious Organizations,250
29-1111,2003-11-01,813100,Religious Organizations,490
21-1021,2003-11-01,813200,Grantmaking and Giving Services,1830
21-1022,2003-11-01,813200,Grantmaking and Giving Services,1720
21-1023,2003-11-01,813200,Grantmaking and Giving Services,630
29-1111,2003-11-01,813200,Grantmaking and Giving Services,440
21-1021,2003-11-01,813300,Social Advocacy Organizations,5000
21-1022,2003-11-01,813300,Social Advocacy Organizations,1640
21-1023,2003-11-01,813300,Social Advocacy Organizations,1880
29-1111,2003-11-01,813300,Social Advocacy Organizations,270
21-1021,2003-11-01,813400,Civic and Social Organizations,3460
21-1022,2003-11-01,813400,Civic and Social Organizations,340
21-1023,2003-11-01,813400,Civic and Social Organizations,490
29-1111,2003-11-01,813400,Civic and Social Organizations,210
21-1021,2003-11-01,813900,"Business, Professional, Labor, Political, and Similar Organizations",240
21-1022,2003-11-01,813900,"Business, Professional, Labor, Political, and Similar Organizations",50
21-1023,2003-11-01,813900,"Business, Professional, Labor, Political, and Similar Organizations",100
29-1051,2003-11-01,813900,"Business, Professional, Labor, Political, and Similar Organizations",40
29-1111,2003-11-01,813900,"Business, Professional, Labor, Political, and Similar Organizations",550
29-1051,2003-11-01,999100,Federal Executive Branch ,5460
29-1071,2003-11-01,999100,Federal Executive Branch ,2360
29-1111,2003-11-01,999100,Federal Executive Branch ,47580
21-1021,2003-11-01,999200,State Government (OES designation),57120
21-1022,2003-11-01,999200,State Government (OES designation),5190
21-1023,2003-11-01,999200,State Government (OES designation),9160
29-1051,2003-11-01,999200,State Government (OES designation),1090
29-1061,2003-11-01,999200,State Government (OES designation),40
29-1062,2003-11-01,999200,State Government (OES designation),1260
29-1063,2003-11-01,999200,State Government (OES designation),140
29-1066,2003-11-01,999200,State Government (OES designation),950
29-1071,2003-11-01,999200,State Government (OES designation),290
29-1111,2003-11-01,999200,State Government (OES designation),35550
21-1021,2003-11-01,999300,Local Government (OES designation),50630
21-1022,2003-11-01,999300,Local Government (OES designation),11010
21-1023,2003-11-01,999300,Local Government (OES designation),12820
29-1051,2003-11-01,999300,Local Government (OES designation),810
29-1062,2003-11-01,999300,Local Government (OES designation),3700
29-1063,2003-11-01,999300,Local Government (OES designation),70
29-1065,2003-11-01,999300,Local Government (OES designation),40
29-1066,2003-11-01,999300,Local Government (OES designation),1650
29-1067,2003-11-01,999300,Local Government (OES designation),50
29-1071,2003-11-01,999300,Local Government (OES designation),470
29-1111,2003-11-01,999300,Local Government (OES designation),51950
29-1111,2004-11-01,221100,"Electric Power Generation, Transmission and Distribution",50
29-1111,2004-11-01,311400,Fruit and Vegetable Preserving and Specialty Food Manufacturing,50
29-1111,2004-11-01,311600,Animal Slaughtering and Processing,290
29-1111,2004-11-01,313200,Fabric Mills,40
29-1111,2004-11-01,322100,"Pulp, Paper, and Paperboard Mills",100
29-1111,2004-11-01,322200,Converted Paper Product Manufacturing,30
29-1111,2004-11-01,324100,Petroleum and Coal Products Manufacturing,40
29-1111,2004-11-01,325100,Basic Chemical Manufacturing,80
29-1111,2004-11-01,325200,"Resin, Synthetic Rubber, and Artificial Synthetic Fibers and Filaments Manufacturing",60
29-1051,2004-11-01,325400,Pharmaceutical and Medicine Manufacturing,330
29-1111,2004-11-01,325400,Pharmaceutical and Medicine Manufacturing,150
29-1111,2004-11-01,325900,Other Chemical Product and Preparation Manufacturing,50
29-1111,2004-11-01,326100,Plastics Product Manufacturing,50
29-1111,2004-11-01,326200,Rubber Product Manufacturing,40
29-1111,2004-11-01,331100,Iron and Steel Mills and Ferroalloy Manufacturing,30
29-1111,2004-11-01,331500,Foundries,40
29-1111,2004-11-01,332900,Other Fabricated Metal Product Manufacturing,60
29-1111,2004-11-01,333100,"Agriculture, Construction, and Mining Machinery Manufacturing",40
29-1111,2004-11-01,334400,Semiconductor and Other Electronic Component Manufacturing,130
29-1111,2004-11-01,334500,"Navigational, Measuring, Electromedical, and Control Instruments Manufacturing",150
29-1111,2004-11-01,335900,Other Electrical Equipment and Component Manufacturing,30
29-1111,2004-11-01,336300,Motor Vehicle Parts Manufacturing,230
29-1111,2004-11-01,336400,Aerospace Product and Parts Manufacturing,100
29-1111,2004-11-01,337100,Household and Institutional Furniture and Kitchen Cabinet Manufacturing,80
29-1021,2004-11-01,339100,Medical Equipment and Supplies Manufacturing,60
29-1024,2004-11-01,339100,Medical Equipment and Supplies Manufacturing,0
29-1111,2004-11-01,339100,Medical Equipment and Supplies Manufacturing,80
29-1051,2004-11-01,423400,Professional and Commercial Equipment and Supplies Merchant Wholesalers,490
29-1111,2004-11-01,423400,Professional and Commercial Equipment and Supplies Merchant Wholesalers,380
29-1051,2004-11-01,424200,Drugs and Druggists' Sundries Merchant Wholesalers,4350
29-1069,2004-11-01,424200,Drugs and Druggists' Sundries Merchant Wholesalers,120
29-1111,2004-11-01,424200,Drugs and Druggists' Sundries Merchant Wholesalers,630
29-1051,2004-11-01,425100,Wholesale Electronic Markets and Agents and Brokers,400
29-1111,2004-11-01,425100,Wholesale Electronic Markets and Agents and Brokers,70
29-1051,2004-11-01,444100,Building Material and Supplies Dealers,0
29-1051,2004-11-01,445100,Grocery Stores,19590
29-1051,2004-11-01,446100,Health and Personal Care Stores,101320
29-1069,2004-11-01,446100,Health and Personal Care Stores,0
29-1111,2004-11-01,446100,Health and Personal Care Stores,2080
29-1051,2004-11-01,447100,Gasoline Stations,30
29-1051,2004-11-01,452100,Department Stores,11830
29-1051,2004-11-01,452900,Other General Merchandise Stores,9080
29-1051,2004-11-01,454100,Electronic Shopping and Mail-Order Houses,2880
29-1111,2004-11-01,454100,Electronic Shopping and Mail-Order Houses,140
29-1111,2004-11-01,481200,Nonscheduled Air Transportation,50
29-1111,2004-11-01,491100,Postal Service,200
29-1051,2004-11-01,493100,Warehousing and Storage,340
29-1111,2004-11-01,493100,Warehousing and Storage,50
29-1111,2004-11-01,511100,"Newspaper, Periodical, Book, and Directory Publishers",30
29-1051,2004-11-01,518200,"Data Processing, Hosting, and Related Services",0
29-1111,2004-11-01,518200,"Data Processing, Hosting, and Related Services",70
29-1111,2004-11-01,522200,Nondepository Credit Intermediation,0
29-1111,2004-11-01,523100,Securities and Commodity Contracts Intermediation and Brokerage,30
29-1111,2004-11-01,523900,Other Financial Investment Activities,0
21-1022,2004-11-01,524100,Insurance Carriers,770
21-1023,2004-11-01,524100,Insurance Carriers,50
21-1029,2004-11-01,524100,Insurance Carriers,120
29-1021,2004-11-01,524100,Insurance Carriers,0
29-1051,2004-11-01,524100,Insurance Carriers,960
29-1062,2004-11-01,524100,Insurance Carriers,60
29-1064,2004-11-01,524100,Insurance Carriers,30
29-1069,2004-11-01,524100,Insurance Carriers,250
29-1111,2004-11-01,524100,Insurance Carriers,14800
29-1051,2004-11-01,524200,"Agencies, Brokerages, and Other Insurance Related Activities",0
29-1111,2004-11-01,524200,"Agencies, Brokerages, and Other Insurance Related Activities",3900
21-1022,2004-11-01,525100,Insurance and Employee Benefit Funds,30
29-1051,2004-11-01,525100,Insurance and Employee Benefit Funds,40
29-1111,2004-11-01,525100,Insurance and Employee Benefit Funds,880
21-1022,2004-11-01,531100,Lessors of Real Estate,30
21-1029,2004-11-01,531100,Lessors of Real Estate,40
29-1111,2004-11-01,531100,Lessors of Real Estate,890
29-1111,2004-11-01,531200,Offices of Real Estate Agents and Brokers,0
21-1029,2004-11-01,531300,Activities Related to Real Estate,0
29-1111,2004-11-01,532200,Consumer Goods Rental,680
29-1051,2004-11-01,532400,Commercial and Industrial Machinery and Equipment Rental and Leasing,40
29-1111,2004-11-01,532400,Commercial and Industrial Machinery and Equipment Rental and Leasing,50
21-1021,2004-11-01,541100,Legal Services,0
21-1029,2004-11-01,541100,Legal Services,170
29-1111,2004-11-01,541100,Legal Services,330
29-1111,2004-11-01,541200,"Accounting, Tax Preparation, Bookkeeping, and Payroll Services",1900
29-1111,2004-11-01,541300,"Architectural, Engineering, and Related Services",90
29-1069,2004-11-01,541500,Computer Systems Design and Related Services,70
29-1111,2004-11-01,541500,Computer Systems Design and Related Services,250
21-1021,2004-11-01,541600,"Management, Scientific, and Technical Consulting Services",150
21-1022,2004-11-01,541600,"Management, Scientific, and Technical Consulting Services",150
21-1023,2004-11-01,541600,"Management, Scientific, and Technical Consulting Services",330
21-1029,2004-11-01,541600,"Management, Scientific, and Technical Consulting Services",300
29-1051,2004-11-01,541600,"Management, Scientific, and Technical Consulting Services",430
29-1062,2004-11-01,541600,"Management, Scientific, and Technical Consulting Services",50
29-1069,2004-11-01,541600,"Management, Scientific, and Technical Consulting Services",0
29-1111,2004-11-01,541600,"Management, Scientific, and Technical Consulting Services",6410
21-1021,2004-11-01,541700,Scientific Research and Development Services,330
21-1022,2004-11-01,541700,Scientific Research and Development Services,1120
21-1029,2004-11-01,541700,Scientific Research and Development Services,70
29-1051,2004-11-01,541700,Scientific Research and Development Services,60
29-1062,2004-11-01,541700,Scientific Research and Development Services,30
29-1066,2004-11-01,541700,Scientific Research and Development Services,0
29-1069,2004-11-01,541700,Scientific Research and Development Services,310
29-1071,2004-11-01,541700,Scientific Research and Development Services,160
29-1111,2004-11-01,541700,Scientific Research and Development Services,2250
29-1111,2004-11-01,541900,"Other Professional, Scientific, and Technical Services",0
21-1021,2004-11-01,551100,Management of Companies and Enterprises,2300
21-1022,2004-11-01,551100,Management of Companies and Enterprises,690
21-1023,2004-11-01,551100,Management of Companies and Enterprises,750
21-1029,2004-11-01,551100,Management of Companies and Enterprises,690
29-1021,2004-11-01,551100,Management of Companies and Enterprises,0
29-1051,2004-11-01,551100,Management of Companies and Enterprises,730
29-1062,2004-11-01,551100,Management of Companies and Enterprises,410
29-1063,2004-11-01,551100,Management of Companies and Enterprises,220
29-1065,2004-11-01,551100,Management of Companies and Enterprises,50
29-1066,2004-11-01,551100,Management of Companies and Enterprises,120
29-1069,2004-11-01,551100,Management of Companies and Enterprises,1210
29-1071,2004-11-01,551100,Management of Companies and Enterprises,440
29-1111,2004-11-01,551100,Management of Companies and Enterprises,7520
21-1021,2004-11-01,561100,Office Administrative Services,50
21-1022,2004-11-01,561100,Office Administrative Services,90
21-1023,2004-11-01,561100,Office Administrative Services,0
21-1029,2004-11-01,561100,Office Administrative Services,0
29-1051,2004-11-01,561100,Office Administrative Services,0
29-1062,2004-11-01,561100,Office Administrative Services,500
29-1069,2004-11-01,561100,Office Administrative Services,940
29-1071,2004-11-01,561100,Office Administrative Services,570
29-1111,2004-11-01,561100,Office Administrative Services,4220
21-1023,2004-11-01,561200,Facilities Support Services,230
29-1111,2004-11-01,561200,Facilities Support Services,520
21-1021,2004-11-01,561300,Employment Services,220
21-1022,2004-11-01,561300,Employment Services,390
21-1023,2004-11-01,561300,Employment Services,590
21-1029,2004-11-01,561300,Employment Services,300
29-1021,2004-11-01,561300,Employment Services,100
29-1051,2004-11-01,561300,Employment Services,1070
29-1062,2004-11-01,561300,Employment Services,230
29-1069,2004-11-01,561300,Employment Services,2280
29-1071,2004-11-01,561300,Employment Services,530
29-1111,2004-11-01,561300,Employment Services,81070
29-1051,2004-11-01,561400,Business Support Services,0
29-1111,2004-11-01,561400,Business Support Services,460
21-1021,2004-11-01,611100,Elementary and Secondary Schools,37320
21-1022,2004-11-01,611100,Elementary and Secondary Schools,340
21-1023,2004-11-01,611100,Elementary and Secondary Schools,510
21-1029,2004-11-01,611100,Elementary and Secondary Schools,1060
29-1062,2004-11-01,611100,Elementary and Secondary Schools,100
29-1065,2004-11-01,611100,Elementary and Secondary Schools,60
29-1066,2004-11-01,611100,Elementary and Secondary Schools,70
29-1069,2004-11-01,611100,Elementary and Secondary Schools,70
29-1111,2004-11-01,611100,Elementary and Secondary Schools,46360
21-1021,2004-11-01,611200,Junior Colleges,440
21-1029,2004-11-01,611200,Junior Colleges,420
29-1021,2004-11-01,611200,Junior Colleges,60
29-1111,2004-11-01,611200,Junior Colleges,540
21-1021,2004-11-01,611300,"Colleges, Universities, and Professional Schools",790
21-1022,2004-11-01,611300,"Colleges, Universities, and Professional Schools",800
21-1023,2004-11-01,611300,"Colleges, Universities, and Professional Schools",190
21-1029,2004-11-01,611300,"Colleges, Universities, and Professional Schools",300
29-1021,2004-11-01,611300,"Colleges, Universities, and Professional Schools",200
29-1051,2004-11-01,611300,"Colleges, Universities, and Professional Schools",1180
29-1061,2004-11-01,611300,"Colleges, Universities, and Professional Schools",580
29-1062,2004-11-01,611300,"Colleges, Universities, and Professional Schools",5430
29-1063,2004-11-01,611300,"Colleges, Universities, and Professional Schools",840
29-1064,2004-11-01,611300,"Colleges, Universities, and Professional Schools",730
29-1065,2004-11-01,611300,"Colleges, Universities, and Professional Schools",1560
29-1066,2004-11-01,611300,"Colleges, Universities, and Professional Schools",570
29-1067,2004-11-01,611300,"Colleges, Universities, and Professional Schools",1370
29-1069,2004-11-01,611300,"Colleges, Universities, and Professional Schools",9210
29-1071,2004-11-01,611300,"Colleges, Universities, and Professional Schools",1550
29-1111,2004-11-01,611300,"Colleges, Universities, and Professional Schools",25880
21-1021,2004-11-01,611400,Business Schools and Computer and Management Training,210
21-1021,2004-11-01,611500,Technical and Trade Schools,40
29-1111,2004-11-01,611500,Technical and Trade Schools,90
21-1021,2004-11-01,611600,Other Schools and Instruction,320
21-1022,2004-11-01,611600,Other Schools and Instruction,30
29-1111,2004-11-01,611600,Other Schools and Instruction,190
21-1021,2004-11-01,611700,Educational Support Services,520
21-1022,2004-11-01,611700,Educational Support Services,70
21-1029,2004-11-01,611700,Educational Support Services,130
29-1111,2004-11-01,611700,Educational Support Services,0
21-1021,2004-11-01,621100,Offices of Physicians,1190
21-1022,2004-11-01,621100,Offices of Physicians,2830
21-1023,2004-11-01,621100,Offices of Physicians,4480
21-1029,2004-11-01,621100,Offices of Physicians,210
29-1021,2004-11-01,621100,Offices of Physicians,1300
29-1022,2004-11-01,621100,Offices of Physicians,130
29-1023,2004-11-01,621100,Offices of Physicians,40
29-1051,2004-11-01,621100,Offices of Physicians,3100
29-1061,2004-11-01,621100,Offices of Physicians,20980
29-1062,2004-11-01,621100,Offices of Physicians,70500
29-1063,2004-11-01,621100,Offices of Physicians,38240
29-1064,2004-11-01,621100,Offices of Physicians,18520
29-1065,2004-11-01,621100,Offices of Physicians,19740
29-1066,2004-11-01,621100,Offices of Physicians,7590
29-1067,2004-11-01,621100,Offices of Physicians,47330
29-1069,2004-11-01,621100,Offices of Physicians,74950
29-1071,2004-11-01,621100,Offices of Physicians,33040
29-1111,2004-11-01,621100,Offices of Physicians,204720
29-1021,2004-11-01,621200,Offices of Dentists,79250
29-1022,2004-11-01,621200,Offices of Dentists,3970
29-1023,2004-11-01,621200,Offices of Dentists,5430
29-1024,2004-11-01,621200,Offices of Dentists,420
29-1029,2004-11-01,621200,Offices of Dentists,1650
29-1061,2004-11-01,621200,Offices of Dentists,0
29-1062,2004-11-01,621200,Offices of Dentists,240
29-1071,2004-11-01,621200,Offices of Dentists,250
29-1111,2004-11-01,621200,Offices of Dentists,1260
21-1021,2004-11-01,621300,Offices of Other Health Practitioners,2310
21-1022,2004-11-01,621300,Offices of Other Health Practitioners,1370
21-1023,2004-11-01,621300,Offices of Other Health Practitioners,3120
21-1029,2004-11-01,621300,Offices of Other Health Practitioners,290
29-1021,2004-11-01,621300,Offices of Other Health Practitioners,60
29-1051,2004-11-01,621300,Offices of Other Health Practitioners,160
29-1061,2004-11-01,621300,Offices of Other Health Practitioners,250
29-1062,2004-11-01,621300,Offices of Other Health Practitioners,710
29-1063,2004-11-01,621300,Offices of Other Health Practitioners,140
29-1066,2004-11-01,621300,Offices of Other Health Practitioners,760
29-1067,2004-11-01,621300,Offices of Other Health Practitioners,570
29-1069,2004-11-01,621300,Offices of Other Health Practitioners,940
29-1071,2004-11-01,621300,Offices of Other Health Practitioners,1220
29-1111,2004-11-01,621300,Offices of Other Health Practitioners,11410
21-1021,2004-11-01,621400,Outpatient Care Centers,5340
21-1022,2004-11-01,621400,Outpatient Care Centers,4650
21-1023,2004-11-01,621400,Outpatient Care Centers,17850
21-1029,2004-11-01,621400,Outpatient Care Centers,1230
29-1021,2004-11-01,621400,Outpatient Care Centers,860
29-1051,2004-11-01,621400,Outpatient Care Centers,1680
29-1061,2004-11-01,621400,Outpatient Care Centers,1180
29-1062,2004-11-01,621400,Outpatient Care Centers,5370
29-1063,2004-11-01,621400,Outpatient Care Centers,2290
29-1064,2004-11-01,621400,Outpatient Care Centers,500
29-1065,2004-11-01,621400,Outpatient Care Centers,1040
29-1066,2004-11-01,621400,Outpatient Care Centers,2540
29-1067,2004-11-01,621400,Outpatient Care Centers,870
29-1069,2004-11-01,621400,Outpatient Care Centers,5360
29-1071,2004-11-01,621400,Outpatient Care Centers,3940
29-1111,2004-11-01,621400,Outpatient Care Centers,59760
29-1051,2004-11-01,621500,Medical and Diagnostic Laboratories,50
29-1062,2004-11-01,621500,Medical and Diagnostic Laboratories,80
29-1063,2004-11-01,621500,Medical and Diagnostic Laboratories,0
29-1067,2004-11-01,621500,Medical and Diagnostic Laboratories,0
29-1069,2004-11-01,621500,Medical and Diagnostic Laboratories,1890
29-1071,2004-11-01,621500,Medical and Diagnostic Laboratories,130
29-1111,2004-11-01,621500,Medical and Diagnostic Laboratories,1760
21-1021,2004-11-01,621600,Home Health Care Services,770
21-1022,2004-11-01,621600,Home Health Care Services,9600
21-1023,2004-11-01,621600,Home Health Care Services,510
21-1029,2004-11-01,621600,Home Health Care Services,570
29-1051,2004-11-01,621600,Home Health Care Services,1800
29-1062,2004-11-01,621600,Home Health Care Services,460
29-1063,2004-11-01,621600,Home Health Care Services,100
29-1069,2004-11-01,621600,Home Health Care Services,110
29-1071,2004-11-01,621600,Home Health Care Services,150
29-1111,2004-11-01,621600,Home Health Care Services,114900
21-1021,2004-11-01,621900,Other Ambulatory Health Care Services,110
21-1022,2004-11-01,621900,Other Ambulatory Health Care Services,350
21-1023,2004-11-01,621900,Other Ambulatory Health Care Services,80
29-1021,2004-11-01,621900,Other Ambulatory Health Care Services,40
29-1051,2004-11-01,621900,Other Ambulatory Health Care Services,80
29-1062,2004-11-01,621900,Other Ambulatory Health Care Services,220
29-1063,2004-11-01,621900,Other Ambulatory Health Care Services,130
29-1064,2004-11-01,621900,Other Ambulatory Health Care Services,0
29-1067,2004-11-01,621900,Other Ambulatory Health Care Services,30
29-1069,2004-11-01,621900,Other Ambulatory Health Care Services,330
29-1071,2004-11-01,621900,Other Ambulatory Health Care Services,130
29-1111,2004-11-01,621900,Other Ambulatory Health Care Services,8530
21-1021,2004-11-01,622100,General Medical and Surgical Hospitals,2290
21-1022,2004-11-01,622100,General Medical and Surgical Hospitals,32060
21-1023,2004-11-01,622100,General Medical and Surgical Hospitals,7730
21-1029,2004-11-01,622100,General Medical and Surgical Hospitals,3940
29-1021,2004-11-01,622100,General Medical and Surgical Hospitals,830
29-1022,2004-11-01,622100,General Medical and Surgical Hospitals,160
29-1051,2004-11-01,622100,General Medical and Surgical Hospitals,50740
29-1061,2004-11-01,622100,General Medical and Surgical Hospitals,2830
29-1062,2004-11-01,622100,General Medical and Surgical Hospitals,17670
29-1063,2004-11-01,622100,General Medical and Surgical Hospitals,7490
29-1064,2004-11-01,622100,General Medical and Surgical Hospitals,2050
29-1065,2004-11-01,622100,General Medical and Surgical Hospitals,3670
29-1066,2004-11-01,622100,General Medical and Surgical Hospitals,3100
29-1067,2004-11-01,622100,General Medical and Surgical Hospitals,4250
29-1069,2004-11-01,622100,General Medical and Surgical Hospitals,50770
29-1071,2004-11-01,622100,General Medical and Surgical Hospitals,16340
29-1111,2004-11-01,622100,General Medical and Surgical Hospitals,1341840
21-1021,2004-11-01,622200,Psychiatric and Substance Abuse Hospitals,1830
21-1022,2004-11-01,622200,Psychiatric and Substance Abuse Hospitals,2390
21-1023,2004-11-01,622200,Psychiatric and Substance Abuse Hospitals,9370
21-1029,2004-11-01,622200,Psychiatric and Substance Abuse Hospitals,1650
29-1021,2004-11-01,622200,Psychiatric and Substance Abuse Hospitals,130
29-1051,2004-11-01,622200,Psychiatric and Substance Abuse Hospitals,1190
29-1062,2004-11-01,622200,Psychiatric and Substance Abuse Hospitals,840
29-1063,2004-11-01,622200,Psychiatric and Substance Abuse Hospitals,130
29-1066,2004-11-01,622200,Psychiatric and Substance Abuse Hospitals,3280
29-1067,2004-11-01,622200,Psychiatric and Substance Abuse Hospitals,130
29-1069,2004-11-01,622200,Psychiatric and Substance Abuse Hospitals,450
29-1071,2004-11-01,622200,Psychiatric and Substance Abuse Hospitals,230
29-1111,2004-11-01,622200,Psychiatric and Substance Abuse Hospitals,30720
21-1021,2004-11-01,622300,Specialty (except Psychiatric and Substance Abuse) Hospitals,310
21-1022,2004-11-01,622300,Specialty (except Psychiatric and Substance Abuse) Hospitals,1750
21-1023,2004-11-01,622300,Specialty (except Psychiatric and Substance Abuse) Hospitals,1340
21-1029,2004-11-01,622300,Specialty (except Psychiatric and Substance Abuse) Hospitals,140
29-1021,2004-11-01,622300,Specialty (except Psychiatric and Substance Abuse) Hospitals,80
29-1051,2004-11-01,622300,Specialty (except Psychiatric and Substance Abuse) Hospitals,1670
29-1061,2004-11-01,622300,Specialty (except Psychiatric and Substance Abuse) Hospitals,90
29-1062,2004-11-01,622300,Specialty (except Psychiatric and Substance Abuse) Hospitals,330
29-1063,2004-11-01,622300,Specialty (except Psychiatric and Substance Abuse) Hospitals,90
29-1065,2004-11-01,622300,Specialty (except Psychiatric and Substance Abuse) Hospitals,450
29-1066,2004-11-01,622300,Specialty (except Psychiatric and Substance Abuse) Hospitals,60
29-1067,2004-11-01,622300,Specialty (except Psychiatric and Substance Abuse) Hospitals,210
29-1069,2004-11-01,622300,Specialty (except Psychiatric and Substance Abuse) Hospitals,1650
29-1071,2004-11-01,622300,Specialty (except Psychiatric and Substance Abuse) Hospitals,170
29-1111,2004-11-01,622300,Specialty (except Psychiatric and Substance Abuse) Hospitals,39820
21-1021,2004-11-01,623100,Nursing Care Facilities,320
21-1022,2004-11-01,623100,Nursing Care Facilities,10630
21-1023,2004-11-01,623100,Nursing Care Facilities,440
21-1029,2004-11-01,623100,Nursing Care Facilities,920
29-1051,2004-11-01,623100,Nursing Care Facilities,510
29-1062,2004-11-01,623100,Nursing Care Facilities,110
29-1063,2004-11-01,623100,Nursing Care Facilities,50
29-1066,2004-11-01,623100,Nursing Care Facilities,40
29-1069,2004-11-01,623100,Nursing Care Facilities,110
29-1071,2004-11-01,623100,Nursing Care Facilities,140
29-1111,2004-11-01,623100,Nursing Care Facilities,120560
21-1021,2004-11-01,623200,"Residential Mental Retardation, Mental Health and Substance Abuse Facilities",4480
21-1022,2004-11-01,623200,"Residential Mental Retardation, Mental Health and Substance Abuse Facilities",1510
21-1023,2004-11-01,623200,"Residential Mental Retardation, Mental Health and Substance Abuse Facilities",13620
21-1029,2004-11-01,623200,"Residential Mental Retardation, Mental Health and Substance Abuse Facilities",2190
29-1051,2004-11-01,623200,"Residential Mental Retardation, Mental Health and Substance Abuse Facilities",70
29-1062,2004-11-01,623200,"Residential Mental Retardation, Mental Health and Substance Abuse Facilities",40
29-1065,2004-11-01,623200,"Residential Mental Retardation, Mental Health and Substance Abuse Facilities",40
29-1066,2004-11-01,623200,"Residential Mental Retardation, Mental Health and Substance Abuse Facilities",410
29-1069,2004-11-01,623200,"Residential Mental Retardation, Mental Health and Substance Abuse Facilities",0
29-1111,2004-11-01,623200,"Residential Mental Retardation, Mental Health and Substance Abuse Facilities",11750
21-1021,2004-11-01,623300,Community Care Facilities for the Elderly,130
21-1022,2004-11-01,623300,Community Care Facilities for the Elderly,2120
21-1023,2004-11-01,623300,Community Care Facilities for the Elderly,290
21-1029,2004-11-01,623300,Community Care Facilities for the Elderly,400
29-1051,2004-11-01,623300,Community Care Facilities for the Elderly,0
29-1111,2004-11-01,623300,Community Care Facilities for the Elderly,24080
21-1021,2004-11-01,623900,Other Residential Care Facilities,10470
21-1022,2004-11-01,623900,Other Residential Care Facilities,540
21-1023,2004-11-01,623900,Other Residential Care Facilities,2780
21-1029,2004-11-01,623900,Other Residential Care Facilities,1390
29-1066,2004-11-01,623900,Other Residential Care Facilities,60
29-1111,2004-11-01,623900,Other Residential Care Facilities,2190
21-1021,2004-11-01,624100,Individual and Family Services,45570
21-1022,2004-11-01,624100,Individual and Family Services,10740
21-1023,2004-11-01,624100,Individual and Family Services,19880
21-1029,2004-11-01,624100,Individual and Family Services,8860
29-1021,2004-11-01,624100,Individual and Family Services,100
29-1062,2004-11-01,624100,Individual and Family Services,90
29-1066,2004-11-01,624100,Individual and Family Services,660
29-1069,2004-11-01,624100,Individual and Family Services,60
29-1071,2004-11-01,624100,Individual and Family Services,80
29-1111,2004-11-01,624100,Individual and Family Services,10680
21-1021,2004-11-01,624200,"Community Food and Housing, and Emergency and Other Relief Services",6160
21-1022,2004-11-01,624200,"Community Food and Housing, and Emergency and Other Relief Services",910
21-1023,2004-11-01,624200,"Community Food and Housing, and Emergency and Other Relief Services",2970
21-1029,2004-11-01,624200,"Community Food and Housing, and Emergency and Other Relief Services",1600
29-1111,2004-11-01,624200,"Community Food and Housing, and Emergency and Other Relief Services",650
21-1021,2004-11-01,624300,Vocational Rehabilitation Services,1900
21-1022,2004-11-01,624300,Vocational Rehabilitation Services,950
21-1023,2004-11-01,624300,Vocational Rehabilitation Services,1750
21-1029,2004-11-01,624300,Vocational Rehabilitation Services,1120
29-1066,2004-11-01,624300,Vocational Rehabilitation Services,80
29-1111,2004-11-01,624300,Vocational Rehabilitation Services,2450
21-1021,2004-11-01,624400,Child Day Care Services,8410
21-1022,2004-11-01,624400,Child Day Care Services,300
21-1023,2004-11-01,624400,Child Day Care Services,470
21-1029,2004-11-01,624400,Child Day Care Services,140
29-1111,2004-11-01,624400,Child Day Care Services,1010
29-1111,2004-11-01,711200,Spectator Sports,70
29-1111,2004-11-01,713100,Amusement Parks and Arcades,250
29-1111,2004-11-01,713900,Other Amusement and Recreation Industries,50
29-1111,2004-11-01,721100,Traveler Accommodation,70
21-1021,2004-11-01,721200,RV (Recreational Vehicle) Parks and Recreational Camps,30
29-1111,2004-11-01,721300,Rooming and Boarding Houses,40
29-1111,2004-11-01,812100,Personal Care Services,70
21-1022,2004-11-01,812200,Death Care Services,60
29-1111,2004-11-01,812900,Other Personal Services,120
21-1021,2004-11-01,813100,Religious Organizations,540
21-1022,2004-11-01,813100,Religious Organizations,60
21-1023,2004-11-01,813100,Religious Organizations,230
21-1029,2004-11-01,813100,Religious Organizations,80
29-1111,2004-11-01,813100,Religious Organizations,630
21-1021,2004-11-01,813200,Grantmaking and Giving Services,1580
21-1022,2004-11-01,813200,Grantmaking and Giving Services,1310
21-1023,2004-11-01,813200,Grantmaking and Giving Services,560
21-1029,2004-11-01,813200,Grantmaking and Giving Services,280
29-1111,2004-11-01,813200,Grantmaking and Giving Services,370
21-1021,2004-11-01,813300,Social Advocacy Organizations,5750
21-1022,2004-11-01,813300,Social Advocacy Organizations,1820
21-1023,2004-11-01,813300,Social Advocacy Organizations,2380
21-1029,2004-11-01,813300,Social Advocacy Organizations,1550
29-1066,2004-11-01,813300,Social Advocacy Organizations,40
29-1111,2004-11-01,813300,Social Advocacy Organizations,240
21-1021,2004-11-01,813400,Civic and Social Organizations,4000
21-1022,2004-11-01,813400,Civic and Social Organizations,300
21-1023,2004-11-01,813400,Civic and Social Organizations,560
21-1029,2004-11-01,813400,Civic and Social Organizations,330
29-1111,2004-11-01,813400,Civic and Social Organizations,180
21-1021,2004-11-01,813900,"Business, Professional, Labor, Political, and Similar Organizations",160
21-1022,2004-11-01,813900,"Business, Professional, Labor, Political, and Similar Organizations",90
21-1023,2004-11-01,813900,"Business, Professional, Labor, Political, and Similar Organizations",90
21-1029,2004-11-01,813900,"Business, Professional, Labor, Political, and Similar Organizations",50
29-1051,2004-11-01,813900,"Business, Professional, Labor, Political, and Similar Organizations",50
29-1111,2004-11-01,813900,"Business, Professional, Labor, Political, and Similar Organizations",700
21-1029,2004-11-01,999100,Federal Executive Branch ,4940
29-1021,2004-11-01,999100,Federal Executive Branch ,1290
29-1051,2004-11-01,999100,Federal Executive Branch ,5740
29-1069,2004-11-01,999100,Federal Executive Branch ,19690
29-1071,2004-11-01,999100,Federal Executive Branch ,2480
29-1111,2004-11-01,999100,Federal Executive Branch ,49160
21-1021,2004-11-01,999200,State Government (OES designation),58000
21-1022,2004-11-01,999200,State Government (OES designation),6390
21-1023,2004-11-01,999200,State Government (OES designation),8620
21-1029,2004-11-01,999200,State Government (OES designation),0
29-1021,2004-11-01,999200,State Government (OES designation),990
29-1051,2004-11-01,999200,State Government (OES designation),1160
29-1062,2004-11-01,999200,State Government (OES designation),1450
29-1063,2004-11-01,999200,State Government (OES designation),210
29-1066,2004-11-01,999200,State Government (OES designation),1130
29-1069,2004-11-01,999200,State Government (OES designation),950
29-1071,2004-11-01,999200,State Government (OES designation),310
29-1111,2004-11-01,999200,State Government (OES designation),38700
21-1021,2004-11-01,999300,Local Government (OES designation),50490
21-1022,2004-11-01,999300,Local Government (OES designation),10310
21-1023,2004-11-01,999300,Local Government (OES designation),13340
21-1029,2004-11-01,999300,Local Government (OES designation),17660
29-1021,2004-11-01,999300,Local Government (OES designation),550
29-1051,2004-11-01,999300,Local Government (OES designation),850
29-1062,2004-11-01,999300,Local Government (OES designation),3660
29-1063,2004-11-01,999300,Local Government (OES designation),90
29-1065,2004-11-01,999300,Local Government (OES designation),50
29-1066,2004-11-01,999300,Local Government (OES designation),1680
29-1067,2004-11-01,999300,Local Government (OES designation),50
29-1069,2004-11-01,999300,Local Government (OES designation),1580
29-1071,2004-11-01,999300,Local Government (OES designation),490
29-1111,2004-11-01,999300,Local Government (OES designation),51750
29-1111,2004-05-01,221100,"Electric Power Generation, Transmission and Distribution",50
29-1111,2004-05-01,311400,Fruit and Vegetable Preserving and Specialty Food Manufacturing,50
29-1111,2004-05-01,311600,Animal Slaughtering and Processing,260
29-1111,2004-05-01,313200,Fabric Mills,30
29-1111,2004-05-01,322100,"Pulp, Paper, and Paperboard Mills",110
29-1111,2004-05-01,322200,Converted Paper Product Manufacturing,40
29-1111,2004-05-01,324100,Petroleum and Coal Products Manufacturing,50
29-1111,2004-05-01,325100,Basic Chemical Manufacturing,110
29-1111,2004-05-01,325200,"Resin, Synthetic Rubber, and Artificial Synthetic Fibers and Filaments Manufacturing",70
29-1051,2004-05-01,325400,Pharmaceutical and Medicine Manufacturing,0
29-1069,2004-05-01,325400,Pharmaceutical and Medicine Manufacturing,80
29-1111,2004-05-01,325400,Pharmaceutical and Medicine Manufacturing,180
29-1111,2004-05-01,325900,Other Chemical Product and Preparation Manufacturing,40
29-1111,2004-05-01,326100,Plastics Product Manufacturing,50
29-1111,2004-05-01,326200,Rubber Product Manufacturing,40
29-1111,2004-05-01,331100,Iron and Steel Mills and Ferroalloy Manufacturing,30
29-1111,2004-05-01,331500,Foundries,40
29-1111,2004-05-01,332900,Other Fabricated Metal Product Manufacturing,50
29-1111,2004-05-01,333100,"Agriculture, Construction, and Mining Machinery Manufacturing",30
29-1111,2004-05-01,334400,Semiconductor and Other Electronic Component Manufacturing,120
29-1111,2004-05-01,334500,"Navigational, Measuring, Electromedical, and Control Instruments Manufacturing",150
29-1111,2004-05-01,335200,Household Appliance Manufacturing,40
29-1111,2004-05-01,336300,Motor Vehicle Parts Manufacturing,280
29-1111,2004-05-01,336400,Aerospace Product and Parts Manufacturing,90
29-1111,2004-05-01,337100,Household and Institutional Furniture and Kitchen Cabinet Manufacturing,80
29-1021,2004-05-01,339100,Medical Equipment and Supplies Manufacturing,100
29-1111,2004-05-01,339100,Medical Equipment and Supplies Manufacturing,80
29-1051,2004-05-01,423400,Professional and Commercial Equipment and Supplies Merchant Wholesalers,520
29-1051,2004-05-01,424200,Drugs and Druggists' Sundries Merchant Wholesalers,4030
29-1069,2004-05-01,424200,Drugs and Druggists' Sundries Merchant Wholesalers,140
29-1111,2004-05-01,424200,Drugs and Druggists' Sundries Merchant Wholesalers,490
29-1051,2004-05-01,425100,Wholesale Electronic Markets and Agents and Brokers,360
29-1111,2004-05-01,425100,Wholesale Electronic Markets and Agents and Brokers,70
29-1051,2004-05-01,445100,Grocery Stores,17970
29-1051,2004-05-01,446100,Health and Personal Care Stores,99030
29-1111,2004-05-01,446100,Health and Personal Care Stores,1800
29-1051,2004-05-01,447100,Gasoline Stations,0
29-1051,2004-05-01,452100,Department Stores,12470
29-1051,2004-05-01,452900,Other General Merchandise Stores,9910
29-1051,2004-05-01,454100,Electronic Shopping and Mail-Order Houses,2390
29-1111,2004-05-01,454100,Electronic Shopping and Mail-Order Houses,140
29-1111,2004-05-01,481100,Scheduled Air Transportation,100
29-1111,2004-05-01,481200,Nonscheduled Air Transportation,70
29-1111,2004-05-01,485900,Other Transit and Ground Passenger Transportation,70
29-1111,2004-05-01,491100,Postal Service,210
29-1051,2004-05-01,493100,Warehousing and Storage,400
29-1111,2004-05-01,493100,Warehousing and Storage,50
29-1111,2004-05-01,511100,"Newspaper, Periodical, Book, and Directory Publishers",30
29-1051,2004-05-01,518200,"Data Processing, Hosting, and Related Services",0
29-1111,2004-05-01,518200,"Data Processing, Hosting, and Related Services",70
29-1111,2004-05-01,522200,Nondepository Credit Intermediation,40
29-1111,2004-05-01,523900,Other Financial Investment Activities,0
21-1022,2004-05-01,524100,Insurance Carriers,710
21-1023,2004-05-01,524100,Insurance Carriers,0
21-1029,2004-05-01,524100,Insurance Carriers,80
29-1021,2004-05-01,524100,Insurance Carriers,210
29-1029,2004-05-01,524100,Insurance Carriers,100
29-1051,2004-05-01,524100,Insurance Carriers,940
29-1062,2004-05-01,524100,Insurance Carriers,90
29-1063,2004-05-01,524100,Insurance Carriers,0
29-1069,2004-05-01,524100,Insurance Carriers,260
29-1111,2004-05-01,524100,Insurance Carriers,14830
29-1051,2004-05-01,524200,"Agencies, Brokerages, and Other Insurance Related Activities",120
29-1111,2004-05-01,524200,"Agencies, Brokerages, and Other Insurance Related Activities",3310
21-1022,2004-05-01,525100,Insurance and Employee Benefit Funds,30
29-1051,2004-05-01,525100,Insurance and Employee Benefit Funds,0
29-1111,2004-05-01,525100,Insurance and Employee Benefit Funds,940
21-1029,2004-05-01,531100,Lessors of Real Estate,70
29-1111,2004-05-01,531100,Lessors of Real Estate,940
29-1111,2004-05-01,531200,Offices of Real Estate Agents and Brokers,0
21-1021,2004-05-01,531300,Activities Related to Real Estate,0
21-1029,2004-05-01,531300,Activities Related to Real Estate,0
29-1111,2004-05-01,531300,Activities Related to Real Estate,80
29-1051,2004-05-01,532200,Consumer Goods Rental,330
29-1111,2004-05-01,532200,Consumer Goods Rental,730
29-1051,2004-05-01,532400,Commercial and Industrial Machinery and Equipment Rental and Leasing,40
29-1111,2004-05-01,532400,Commercial and Industrial Machinery and Equipment Rental and Leasing,0
21-1021,2004-05-01,541100,Legal Services,0
21-1029,2004-05-01,541100,Legal Services,160
29-1111,2004-05-01,541100,Legal Services,330
29-1111,2004-05-01,541300,"Architectural, Engineering, and Related Services",80
29-1069,2004-05-01,541500,Computer Systems Design and Related Services,0
29-1111,2004-05-01,541500,Computer Systems Design and Related Services,240
21-1022,2004-05-01,541600,"Management, Scientific, and Technical Consulting Services",80
21-1029,2004-05-01,541600,"Management, Scientific, and Technical Consulting Services",290
29-1051,2004-05-01,541600,"Management, Scientific, and Technical Consulting Services",400
29-1062,2004-05-01,541600,"Management, Scientific, and Technical Consulting Services",40
29-1069,2004-05-01,541600,"Management, Scientific, and Technical Consulting Services",0
29-1111,2004-05-01,541600,"Management, Scientific, and Technical Consulting Services",5790
21-1021,2004-05-01,541700,Scientific Research and Development Services,270
21-1022,2004-05-01,541700,Scientific Research and Development Services,1140
21-1029,2004-05-01,541700,Scientific Research and Development Services,70
29-1051,2004-05-01,541700,Scientific Research and Development Services,60
29-1062,2004-05-01,541700,Scientific Research and Development Services,0
29-1066,2004-05-01,541700,Scientific Research and Development Services,100
29-1069,2004-05-01,541700,Scientific Research and Development Services,170
29-1071,2004-05-01,541700,Scientific Research and Development Services,130
29-1111,2004-05-01,541700,Scientific Research and Development Services,2630
29-1111,2004-05-01,541900,"Other Professional, Scientific, and Technical Services",150
21-1021,2004-05-01,551100,Management of Companies and Enterprises,2640
21-1022,2004-05-01,551100,Management of Companies and Enterprises,580
21-1023,2004-05-01,551100,Management of Companies and Enterprises,870
21-1029,2004-05-01,551100,Management of Companies and Enterprises,640
29-1021,2004-05-01,551100,Management of Companies and Enterprises,0
29-1051,2004-05-01,551100,Management of Companies and Enterprises,690
29-1062,2004-05-01,551100,Management of Companies and Enterprises,390
29-1063,2004-05-01,551100,Management of Companies and Enterprises,340
29-1065,2004-05-01,551100,Management of Companies and Enterprises,50
29-1066,2004-05-01,551100,Management of Companies and Enterprises,160
29-1067,2004-05-01,551100,Management of Companies and Enterprises,0
29-1069,2004-05-01,551100,Management of Companies and Enterprises,850
29-1071,2004-05-01,551100,Management of Companies and Enterprises,470
29-1111,2004-05-01,551100,Management of Companies and Enterprises,7290
21-1021,2004-05-01,561100,Office Administrative Services,40
21-1022,2004-05-01,561100,Office Administrative Services,120
21-1023,2004-05-01,561100,Office Administrative Services,0
21-1029,2004-05-01,561100,Office Administrative Services,0
29-1051,2004-05-01,561100,Office Administrative Services,0
29-1062,2004-05-01,561100,Office Administrative Services,380
29-1069,2004-05-01,561100,Office Administrative Services,1150
29-1071,2004-05-01,561100,Office Administrative Services,560
29-1111,2004-05-01,561100,Office Administrative Services,5430
21-1021,2004-05-01,561200,Facilities Support Services,0
21-1023,2004-05-01,561200,Facilities Support Services,320
29-1111,2004-05-01,561200,Facilities Support Services,570
21-1021,2004-05-01,561300,Employment Services,270
21-1022,2004-05-01,561300,Employment Services,350
21-1023,2004-05-01,561300,Employment Services,670
21-1029,2004-05-01,561300,Employment Services,340
29-1021,2004-05-01,561300,Employment Services,100
29-1051,2004-05-01,561300,Employment Services,890
29-1062,2004-05-01,561300,Employment Services,220
29-1066,2004-05-01,561300,Employment Services,30
29-1069,2004-05-01,561300,Employment Services,2370
29-1071,2004-05-01,561300,Employment Services,510
29-1111,2004-05-01,561300,Employment Services,75430
29-1051,2004-05-01,561400,Business Support Services,0
29-1111,2004-05-01,561400,Business Support Services,480
29-1051,2004-05-01,561900,Other Support Services,140
21-1021,2004-05-01,611100,Elementary and Secondary Schools,37020
21-1022,2004-05-01,611100,Elementary and Secondary Schools,280
21-1023,2004-05-01,611100,Elementary and Secondary Schools,620
21-1029,2004-05-01,611100,Elementary and Secondary Schools,1450
29-1062,2004-05-01,611100,Elementary and Secondary Schools,100
29-1065,2004-05-01,611100,Elementary and Secondary Schools,40
29-1066,2004-05-01,611100,Elementary and Secondary Schools,100
29-1069,2004-05-01,611100,Elementary and Secondary Schools,70
29-1111,2004-05-01,611100,Elementary and Secondary Schools,46580
21-1021,2004-05-01,611200,Junior Colleges,430
21-1029,2004-05-01,611200,Junior Colleges,400
29-1111,2004-05-01,611200,Junior Colleges,540
21-1021,2004-05-01,611300,"Colleges, Universities, and Professional Schools",950
21-1022,2004-05-01,611300,"Colleges, Universities, and Professional Schools",780
21-1023,2004-05-01,611300,"Colleges, Universities, and Professional Schools",190
21-1029,2004-05-01,611300,"Colleges, Universities, and Professional Schools",310
29-1021,2004-05-01,611300,"Colleges, Universities, and Professional Schools",250
29-1051,2004-05-01,611300,"Colleges, Universities, and Professional Schools",1170
29-1061,2004-05-01,611300,"Colleges, Universities, and Professional Schools",380
29-1062,2004-05-01,611300,"Colleges, Universities, and Professional Schools",5970
29-1063,2004-05-01,611300,"Colleges, Universities, and Professional Schools",740
29-1064,2004-05-01,611300,"Colleges, Universities, and Professional Schools",630
29-1065,2004-05-01,611300,"Colleges, Universities, and Professional Schools",1290
29-1066,2004-05-01,611300,"Colleges, Universities, and Professional Schools",380
29-1067,2004-05-01,611300,"Colleges, Universities, and Professional Schools",1000
29-1069,2004-05-01,611300,"Colleges, Universities, and Professional Schools",8410
29-1071,2004-05-01,611300,"Colleges, Universities, and Professional Schools",1390
29-1111,2004-05-01,611300,"Colleges, Universities, and Professional Schools",26940
21-1021,2004-05-01,611400,Business Schools and Computer and Management Training,190
21-1029,2004-05-01,611400,Business Schools and Computer and Management Training,0
21-1021,2004-05-01,611500,Technical and Trade Schools,40
29-1111,2004-05-01,611500,Technical and Trade Schools,0
21-1021,2004-05-01,611600,Other Schools and Instruction,330
21-1022,2004-05-01,611600,Other Schools and Instruction,60
29-1111,2004-05-01,611600,Other Schools and Instruction,230
21-1021,2004-05-01,611700,Educational Support Services,400
21-1022,2004-05-01,611700,Educational Support Services,60
21-1023,2004-05-01,611700,Educational Support Services,80
21-1029,2004-05-01,611700,Educational Support Services,0
29-1111,2004-05-01,611700,Educational Support Services,110
21-1021,2004-05-01,621100,Offices of Physicians,1210
21-1022,2004-05-01,621100,Offices of Physicians,2870
21-1023,2004-05-01,621100,Offices of Physicians,3870
21-1029,2004-05-01,621100,Offices of Physicians,240
29-1021,2004-05-01,621100,Offices of Physicians,1390
29-1022,2004-05-01,621100,Offices of Physicians,110
29-1023,2004-05-01,621100,Offices of Physicians,30
29-1051,2004-05-01,621100,Offices of Physicians,3700
29-1061,2004-05-01,621100,Offices of Physicians,20390
29-1062,2004-05-01,621100,Offices of Physicians,69570
29-1063,2004-05-01,621100,Offices of Physicians,38390
29-1064,2004-05-01,621100,Offices of Physicians,17650
29-1065,2004-05-01,621100,Offices of Physicians,19530
29-1066,2004-05-01,621100,Offices of Physicians,7930
29-1067,2004-05-01,621100,Offices of Physicians,48310
29-1069,2004-05-01,621100,Offices of Physicians,66570
29-1071,2004-05-01,621100,Offices of Physicians,32300
29-1111,2004-05-01,621100,Offices of Physicians,205300
29-1021,2004-05-01,621200,Offices of Dentists,77130
29-1022,2004-05-01,621200,Offices of Dentists,4530
29-1023,2004-05-01,621200,Offices of Dentists,5880
29-1024,2004-05-01,621200,Offices of Dentists,0
29-1029,2004-05-01,621200,Offices of Dentists,1850
29-1061,2004-05-01,621200,Offices of Dentists,0
29-1062,2004-05-01,621200,Offices of Dentists,280
29-1067,2004-05-01,621200,Offices of Dentists,0
29-1071,2004-05-01,621200,Offices of Dentists,610
29-1111,2004-05-01,621200,Offices of Dentists,1050
21-1021,2004-05-01,621300,Offices of Other Health Practitioners,1840
21-1022,2004-05-01,621300,Offices of Other Health Practitioners,1400
21-1023,2004-05-01,621300,Offices of Other Health Practitioners,3120
21-1029,2004-05-01,621300,Offices of Other Health Practitioners,310
29-1021,2004-05-01,621300,Offices of Other Health Practitioners,50
29-1051,2004-05-01,621300,Offices of Other Health Practitioners,130
29-1061,2004-05-01,621300,Offices of Other Health Practitioners,210
29-1062,2004-05-01,621300,Offices of Other Health Practitioners,700
29-1063,2004-05-01,621300,Offices of Other Health Practitioners,160
29-1065,2004-05-01,621300,Offices of Other Health Practitioners,60
29-1066,2004-05-01,621300,Offices of Other Health Practitioners,700
29-1067,2004-05-01,621300,Offices of Other Health Practitioners,480
29-1069,2004-05-01,621300,Offices of Other Health Practitioners,660
29-1071,2004-05-01,621300,Offices of Other Health Practitioners,1290
29-1111,2004-05-01,621300,Offices of Other Health Practitioners,10460
21-1021,2004-05-01,621400,Outpatient Care Centers,4830
21-1022,2004-05-01,621400,Outpatient Care Centers,5160
21-1023,2004-05-01,621400,Outpatient Care Centers,16920
21-1029,2004-05-01,621400,Outpatient Care Centers,1350
29-1021,2004-05-01,621400,Outpatient Care Centers,720
29-1051,2004-05-01,621400,Outpatient Care Centers,1940
29-1061,2004-05-01,621400,Outpatient Care Centers,0
29-1062,2004-05-01,621400,Outpatient Care Centers,4840
29-1063,2004-05-01,621400,Outpatient Care Centers,2550
29-1064,2004-05-01,621400,Outpatient Care Centers,490
29-1065,2004-05-01,621400,Outpatient Care Centers,850
29-1066,2004-05-01,621400,Outpatient Care Centers,2700
29-1067,2004-05-01,621400,Outpatient Care Centers,820
29-1069,2004-05-01,621400,Outpatient Care Centers,5210
29-1071,2004-05-01,621400,Outpatient Care Centers,3250
29-1111,2004-05-01,621400,Outpatient Care Centers,57800
21-1022,2004-05-01,621500,Medical and Diagnostic Laboratories,0
29-1051,2004-05-01,621500,Medical and Diagnostic Laboratories,50
29-1062,2004-05-01,621500,Medical and Diagnostic Laboratories,90
29-1063,2004-05-01,621500,Medical and Diagnostic Laboratories,0
29-1067,2004-05-01,621500,Medical and Diagnostic Laboratories,30
29-1069,2004-05-01,621500,Medical and Diagnostic Laboratories,2160
29-1071,2004-05-01,621500,Medical and Diagnostic Laboratories,250
29-1111,2004-05-01,621500,Medical and Diagnostic Laboratories,1610
21-1021,2004-05-01,621600,Home Health Care Services,770
21-1022,2004-05-01,621600,Home Health Care Services,8690
21-1023,2004-05-01,621600,Home Health Care Services,420
21-1029,2004-05-01,621600,Home Health Care Services,0
29-1051,2004-05-01,621600,Home Health Care Services,2000
29-1062,2004-05-01,621600,Home Health Care Services,610
29-1063,2004-05-01,621600,Home Health Care Services,110
29-1069,2004-05-01,621600,Home Health Care Services,0
29-1071,2004-05-01,621600,Home Health Care Services,170
29-1111,2004-05-01,621600,Home Health Care Services,114870
21-1021,2004-05-01,621900,Other Ambulatory Health Care Services,0
21-1022,2004-05-01,621900,Other Ambulatory Health Care Services,310
21-1023,2004-05-01,621900,Other Ambulatory Health Care Services,150
29-1051,2004-05-01,621900,Other Ambulatory Health Care Services,50
29-1061,2004-05-01,621900,Other Ambulatory Health Care Services,0
29-1062,2004-05-01,621900,Other Ambulatory Health Care Services,260
29-1063,2004-05-01,621900,Other Ambulatory Health Care Services,110
29-1064,2004-05-01,621900,Other Ambulatory Health Care Services,50
29-1067,2004-05-01,621900,Other Ambulatory Health Care Services,50
29-1069,2004-05-01,621900,Other Ambulatory Health Care Services,420
29-1071,2004-05-01,621900,Other Ambulatory Health Care Services,120
29-1111,2004-05-01,621900,Other Ambulatory Health Care Services,8660
21-1021,2004-05-01,622100,General Medical and Surgical Hospitals,2580
21-1022,2004-05-01,622100,General Medical and Surgical Hospitals,31170
21-1023,2004-05-01,622100,General Medical and Surgical Hospitals,7300
21-1029,2004-05-01,622100,General Medical and Surgical Hospitals,4100
29-1021,2004-05-01,622100,General Medical and Surgical Hospitals,850
29-1022,2004-05-01,622100,General Medical and Surgical Hospitals,190
29-1023,2004-05-01,622100,General Medical and Surgical Hospitals,190
29-1029,2004-05-01,622100,General Medical and Surgical Hospitals,120
29-1051,2004-05-01,622100,General Medical and Surgical Hospitals,50400
29-1061,2004-05-01,622100,General Medical and Surgical Hospitals,2820
29-1062,2004-05-01,622100,General Medical and Surgical Hospitals,16580
29-1063,2004-05-01,622100,General Medical and Surgical Hospitals,7790
29-1064,2004-05-01,622100,General Medical and Surgical Hospitals,1890
29-1065,2004-05-01,622100,General Medical and Surgical Hospitals,3860
29-1066,2004-05-01,622100,General Medical and Surgical Hospitals,3000
29-1067,2004-05-01,622100,General Medical and Surgical Hospitals,3780
29-1069,2004-05-01,622100,General Medical and Surgical Hospitals,48900
29-1071,2004-05-01,622100,General Medical and Surgical Hospitals,13890
29-1111,2004-05-01,622100,General Medical and Surgical Hospitals,1325550
21-1021,2004-05-01,622200,Psychiatric and Substance Abuse Hospitals,1940
21-1022,2004-05-01,622200,Psychiatric and Substance Abuse Hospitals,2000
21-1023,2004-05-01,622200,Psychiatric and Substance Abuse Hospitals,9650
21-1029,2004-05-01,622200,Psychiatric and Substance Abuse Hospitals,1610
29-1021,2004-05-01,622200,Psychiatric and Substance Abuse Hospitals,120
29-1051,2004-05-01,622200,Psychiatric and Substance Abuse Hospitals,1130
29-1062,2004-05-01,622200,Psychiatric and Substance Abuse Hospitals,900
29-1063,2004-05-01,622200,Psychiatric and Substance Abuse Hospitals,140
29-1066,2004-05-01,622200,Psychiatric and Substance Abuse Hospitals,3080
29-1069,2004-05-01,622200,Psychiatric and Substance Abuse Hospitals,300
29-1071,2004-05-01,622200,Psychiatric and Substance Abuse Hospitals,210
29-1111,2004-05-01,622200,Psychiatric and Substance Abuse Hospitals,31240
21-1021,2004-05-01,622300,Specialty (except Psychiatric and Substance Abuse) Hospitals,350
21-1022,2004-05-01,622300,Specialty (except Psychiatric and Substance Abuse) Hospitals,1770
21-1023,2004-05-01,622300,Specialty (except Psychiatric and Substance Abuse) Hospitals,1270
21-1029,2004-05-01,622300,Specialty (except Psychiatric and Substance Abuse) Hospitals,120
29-1021,2004-05-01,622300,Specialty (except Psychiatric and Substance Abuse) Hospitals,80
29-1051,2004-05-01,622300,Specialty (except Psychiatric and Substance Abuse) Hospitals,1640
29-1061,2004-05-01,622300,Specialty (except Psychiatric and Substance Abuse) Hospitals,70
29-1062,2004-05-01,622300,Specialty (except Psychiatric and Substance Abuse) Hospitals,160
29-1063,2004-05-01,622300,Specialty (except Psychiatric and Substance Abuse) Hospitals,100
29-1065,2004-05-01,622300,Specialty (except Psychiatric and Substance Abuse) Hospitals,510
29-1066,2004-05-01,622300,Specialty (except Psychiatric and Substance Abuse) Hospitals,130
29-1067,2004-05-01,622300,Specialty (except Psychiatric and Substance Abuse) Hospitals,0
29-1069,2004-05-01,622300,Specialty (except Psychiatric and Substance Abuse) Hospitals,1710
29-1071,2004-05-01,622300,Specialty (except Psychiatric and Substance Abuse) Hospitals,170
29-1111,2004-05-01,622300,Specialty (except Psychiatric and Substance Abuse) Hospitals,39320
21-1021,2004-05-01,623100,Nursing Care Facilities,0
21-1022,2004-05-01,623100,Nursing Care Facilities,10390
21-1023,2004-05-01,623100,Nursing Care Facilities,390
21-1029,2004-05-01,623100,Nursing Care Facilities,1060
29-1051,2004-05-01,623100,Nursing Care Facilities,510
29-1062,2004-05-01,623100,Nursing Care Facilities,90
29-1063,2004-05-01,623100,Nursing Care Facilities,40
29-1066,2004-05-01,623100,Nursing Care Facilities,40
29-1069,2004-05-01,623100,Nursing Care Facilities,90
29-1071,2004-05-01,623100,Nursing Care Facilities,130
29-1111,2004-05-01,623100,Nursing Care Facilities,119860
21-1021,2004-05-01,623200,"Residential Mental Retardation, Mental Health and Substance Abuse Facilities",4600
21-1022,2004-05-01,623200,"Residential Mental Retardation, Mental Health and Substance Abuse Facilities",1560
21-1023,2004-05-01,623200,"Residential Mental Retardation, Mental Health and Substance Abuse Facilities",11210
21-1029,2004-05-01,623200,"Residential Mental Retardation, Mental Health and Substance Abuse Facilities",2590
29-1051,2004-05-01,623200,"Residential Mental Retardation, Mental Health and Substance Abuse Facilities",70
29-1062,2004-05-01,623200,"Residential Mental Retardation, Mental Health and Substance Abuse Facilities",70
29-1065,2004-05-01,623200,"Residential Mental Retardation, Mental Health and Substance Abuse Facilities",0
29-1066,2004-05-01,623200,"Residential Mental Retardation, Mental Health and Substance Abuse Facilities",380
29-1111,2004-05-01,623200,"Residential Mental Retardation, Mental Health and Substance Abuse Facilities",11380
21-1022,2004-05-01,623300,Community Care Facilities for the Elderly,2010
21-1023,2004-05-01,623300,Community Care Facilities for the Elderly,320
21-1029,2004-05-01,623300,Community Care Facilities for the Elderly,430
29-1051,2004-05-01,623300,Community Care Facilities for the Elderly,180
29-1111,2004-05-01,623300,Community Care Facilities for the Elderly,23110
21-1021,2004-05-01,623900,Other Residential Care Facilities,9650
21-1022,2004-05-01,623900,Other Residential Care Facilities,580
21-1023,2004-05-01,623900,Other Residential Care Facilities,2490
21-1029,2004-05-01,623900,Other Residential Care Facilities,1220
29-1066,2004-05-01,623900,Other Residential Care Facilities,110
29-1111,2004-05-01,623900,Other Residential Care Facilities,2450
21-1021,2004-05-01,624100,Individual and Family Services,43900
21-1022,2004-05-01,624100,Individual and Family Services,10100
21-1023,2004-05-01,624100,Individual and Family Services,18450
21-1029,2004-05-01,624100,Individual and Family Services,8900
29-1021,2004-05-01,624100,Individual and Family Services,90
29-1062,2004-05-01,624100,Individual and Family Services,90
29-1066,2004-05-01,624100,Individual and Family Services,690
29-1069,2004-05-01,624100,Individual and Family Services,40
29-1071,2004-05-01,624100,Individual and Family Services,90
29-1111,2004-05-01,624100,Individual and Family Services,13130
21-1021,2004-05-01,624200,"Community Food and Housing, and Emergency and Other Relief Services",5940
21-1022,2004-05-01,624200,"Community Food and Housing, and Emergency and Other Relief Services",760
21-1023,2004-05-01,624200,"Community Food and Housing, and Emergency and Other Relief Services",2680
21-1029,2004-05-01,624200,"Community Food and Housing, and Emergency and Other Relief Services",1580
29-1111,2004-05-01,624200,"Community Food and Housing, and Emergency and Other Relief Services",600
21-1021,2004-05-01,624300,Vocational Rehabilitation Services,1680
21-1022,2004-05-01,624300,Vocational Rehabilitation Services,810
21-1023,2004-05-01,624300,Vocational Rehabilitation Services,1140
21-1029,2004-05-01,624300,Vocational Rehabilitation Services,1190
29-1066,2004-05-01,624300,Vocational Rehabilitation Services,70
29-1111,2004-05-01,624300,Vocational Rehabilitation Services,2200
21-1021,2004-05-01,624400,Child Day Care Services,8090
21-1022,2004-05-01,624400,Child Day Care Services,240
21-1023,2004-05-01,624400,Child Day Care Services,420
21-1029,2004-05-01,624400,Child Day Care Services,170
29-1071,2004-05-01,624400,Child Day Care Services,0
29-1111,2004-05-01,624400,Child Day Care Services,1070
29-1111,2004-05-01,711200,Spectator Sports,90
29-1111,2004-05-01,713100,Amusement Parks and Arcades,240
29-1111,2004-05-01,713900,Other Amusement and Recreation Industries,40
29-1111,2004-05-01,721100,Traveler Accommodation,70
21-1021,2004-05-01,721200,RV (Recreational Vehicle) Parks and Recreational Camps,40
29-1111,2004-05-01,721200,RV (Recreational Vehicle) Parks and Recreational Camps,40
29-1111,2004-05-01,721300,Rooming and Boarding Houses,40
29-1111,2004-05-01,812100,Personal Care Services,0
21-1022,2004-05-01,812200,Death Care Services,50
29-1111,2004-05-01,812900,Other Personal Services,90
21-1021,2004-05-01,813100,Religious Organizations,460
21-1022,2004-05-01,813100,Religious Organizations,80
21-1023,2004-05-01,813100,Religious Organizations,240
29-1111,2004-05-01,813100,Religious Organizations,590
21-1021,2004-05-01,813200,Grantmaking and Giving Services,1750
21-1022,2004-05-01,813200,Grantmaking and Giving Services,1120
21-1023,2004-05-01,813200,Grantmaking and Giving Services,670
21-1029,2004-05-01,813200,Grantmaking and Giving Services,300
29-1111,2004-05-01,813200,Grantmaking and Giving Services,370
21-1021,2004-05-01,813300,Social Advocacy Organizations,5160
21-1022,2004-05-01,813300,Social Advocacy Organizations,1600
21-1023,2004-05-01,813300,Social Advocacy Organizations,2020
21-1029,2004-05-01,813300,Social Advocacy Organizations,1260
29-1111,2004-05-01,813300,Social Advocacy Organizations,300
21-1021,2004-05-01,813400,Civic and Social Organizations,3900
21-1022,2004-05-01,813400,Civic and Social Organizations,350
21-1023,2004-05-01,813400,Civic and Social Organizations,460
21-1029,2004-05-01,813400,Civic and Social Organizations,360
29-1111,2004-05-01,813400,Civic and Social Organizations,0
21-1021,2004-05-01,813900,"Business, Professional, Labor, Political, and Similar Organizations",250
21-1022,2004-05-01,813900,"Business, Professional, Labor, Political, and Similar Organizations",70
21-1023,2004-05-01,813900,"Business, Professional, Labor, Political, and Similar Organizations",100
21-1029,2004-05-01,813900,"Business, Professional, Labor, Political, and Similar Organizations",80
29-1051,2004-05-01,813900,"Business, Professional, Labor, Political, and Similar Organizations",40
29-1111,2004-05-01,813900,"Business, Professional, Labor, Political, and Similar Organizations",560
21-1029,2004-05-01,999100,Federal Executive Branch,4550
29-1021,2004-05-01,999100,Federal Executive Branch,1240
29-1051,2004-05-01,999100,Federal Executive Branch,5510
29-1069,2004-05-01,999100,Federal Executive Branch,19250
29-1071,2004-05-01,999100,Federal Executive Branch,2400
29-1111,2004-05-01,999100,Federal Executive Branch,48490
21-1021,2004-05-01,999200,State Government (OES designation),57070
21-1022,2004-05-01,999200,State Government (OES designation),5190
21-1023,2004-05-01,999200,State Government (OES designation),9150
21-1029,2004-05-01,999200,State Government (OES designation),5660
29-1021,2004-05-01,999200,State Government (OES designation),920
29-1029,2004-05-01,999200,State Government (OES designation),270
29-1051,2004-05-01,999200,State Government (OES designation),1090
29-1061,2004-05-01,999200,State Government (OES designation),40
29-1062,2004-05-01,999200,State Government (OES designation),1260
29-1063,2004-05-01,999200,State Government (OES designation),140
29-1066,2004-05-01,999200,State Government (OES designation),950
29-1069,2004-05-01,999200,State Government (OES designation),1270
29-1071,2004-05-01,999200,State Government (OES designation),290
29-1111,2004-05-01,999200,State Government (OES designation),35540
21-1021,2004-05-01,999300,Local Government (OES designation),50800
21-1022,2004-05-01,999300,Local Government (OES designation),10130
21-1023,2004-05-01,999300,Local Government (OES designation),12970
21-1029,2004-05-01,999300,Local Government (OES designation),17730
29-1021,2004-05-01,999300,Local Government (OES designation),530
29-1029,2004-05-01,999300,Local Government (OES designation),60
29-1051,2004-05-01,999300,Local Government (OES designation),820
29-1062,2004-05-01,999300,Local Government (OES designation),3750
29-1063,2004-05-01,999300,Local Government (OES designation),70
29-1065,2004-05-01,999300,Local Government (OES designation),40
29-1066,2004-05-01,999300,Local Government (OES designation),1700
29-1067,2004-05-01,999300,Local Government (OES designation),0
29-1069,2004-05-01,999300,Local Government (OES designation),1580
29-1071,2004-05-01,999300,Local Government (OES designation),470
29-1111,2004-05-01,999300,Local Government (OES designation),51320
29-1111,2005-05-01,221100,"Electric Power Generation, Transmission and Distribution",40
29-1111,2005-05-01,311400,Fruit and Vegetable Preserving and Specialty Food Manufacturing,60
29-1111,2005-05-01,311600,Animal Slaughtering and Processing,270
29-1111,2005-05-01,322100,"Pulp, Paper, and Paperboard Mills",90
29-1111,2005-05-01,322200,Converted Paper Product Manufacturing,30
29-1111,2005-05-01,324100,Petroleum and Coal Products Manufacturing,40
29-1111,2005-05-01,325100,Basic Chemical Manufacturing,80
29-1111,2005-05-01,325200,"Resin, Synthetic Rubber, and Artificial Synthetic Fibers and Filaments Manufacturing",50
29-1051,2005-05-01,325400,Pharmaceutical and Medicine Manufacturing,280
29-1111,2005-05-01,325400,Pharmaceutical and Medicine Manufacturing,130
29-1111,2005-05-01,325900,Other Chemical Product and Preparation Manufacturing,50
29-1111,2005-05-01,326100,Plastics Product Manufacturing,40
29-1111,2005-05-01,326200,Rubber Product Manufacturing,30
29-1111,2005-05-01,331500,Foundries,40
29-1111,2005-05-01,332900,Other Fabricated Metal Product Manufacturing,70
29-1111,2005-05-01,333100,"Agriculture, Construction, and Mining Machinery Manufacturing",40
29-1111,2005-05-01,334400,Semiconductor and Other Electronic Component Manufacturing,110
29-1111,2005-05-01,334500,"Navigational, Measuring, Electromedical, and Control Instruments Manufacturing",110
29-1111,2005-05-01,336300,Motor Vehicle Parts Manufacturing,210
29-1111,2005-05-01,336400,Aerospace Product and Parts Manufacturing,100
29-1111,2005-05-01,337100,Household and Institutional Furniture and Kitchen Cabinet Manufacturing,80
29-1021,2005-05-01,339100,Medical Equipment and Supplies Manufacturing,0
29-1024,2005-05-01,339100,Medical Equipment and Supplies Manufacturing,0
29-1111,2005-05-01,339100,Medical Equipment and Supplies Manufacturing,0
29-1051,2005-05-01,423400,Professional and Commercial Equipment and Supplies Merchant Wholesalers,600
29-1111,2005-05-01,423400,Professional and Commercial Equipment and Supplies Merchant Wholesalers,350
29-1051,2005-05-01,424200,Drugs and Druggists' Sundries Merchant Wholesalers,3970
29-1069,2005-05-01,424200,Drugs and Druggists' Sundries Merchant Wholesalers,150
29-1111,2005-05-01,424200,Drugs and Druggists' Sundries Merchant Wholesalers,680
29-1051,2005-05-01,425100,Wholesale Electronic Markets and Agents and Brokers,520
29-1111,2005-05-01,425100,Wholesale Electronic Markets and Agents and Brokers,70
29-1051,2005-05-01,444100,Building Material and Supplies Dealers,0
29-1051,2005-05-01,445100,Grocery Stores,18770
29-1051,2005-05-01,446100,Health and Personal Care Stores,103230
29-1069,2005-05-01,446100,Health and Personal Care Stores,90
29-1111,2005-05-01,446100,Health and Personal Care Stores,2070
29-1051,2005-05-01,452100,Department Stores,11890
29-1051,2005-05-01,452900,Other General Merchandise Stores,10130
29-1051,2005-05-01,454100,Electronic Shopping and Mail-Order Houses,2820
29-1111,2005-05-01,454100,Electronic Shopping and Mail-Order Houses,160
29-1111,2005-05-01,491100,Postal Service,200
29-1051,2005-05-01,493100,Warehousing and Storage,230
29-1111,2005-05-01,493100,Warehousing and Storage,40
29-1111,2005-05-01,511100,"Newspaper, Periodical, Book, and Directory Publishers",0
29-1111,2005-05-01,518200,"Data Processing, Hosting, and Related Services",70
29-1111,2005-05-01,522200,Nondepository Credit Intermediation,40
29-1111,2005-05-01,523100,Securities and Commodity Contracts Intermediation and Brokerage,40
21-1022,2005-05-01,524100,Insurance Carriers,770
21-1023,2005-05-01,524100,Insurance Carriers,60
21-1029,2005-05-01,524100,Insurance Carriers,110
29-1021,2005-05-01,524100,Insurance Carriers,0
29-1051,2005-05-01,524100,Insurance Carriers,0
29-1062,2005-05-01,524100,Insurance Carriers,60
29-1069,2005-05-01,524100,Insurance Carriers,240
29-1071,2005-05-01,524100,Insurance Carriers,120
29-1111,2005-05-01,524100,Insurance Carriers,14970
21-1022,2005-05-01,524200,"Agencies, Brokerages, and Other Insurance Related Activities",0
29-1111,2005-05-01,524200,"Agencies, Brokerages, and Other Insurance Related Activities",4140
21-1022,2005-05-01,525100,Insurance and Employee Benefit Funds,30
29-1051,2005-05-01,525100,Insurance and Employee Benefit Funds,50
29-1111,2005-05-01,525100,Insurance and Employee Benefit Funds,0
29-1111,2005-05-01,531100,Lessors of Real Estate,710
21-1029,2005-05-01,531300,Activities Related to Real Estate,0
29-1051,2005-05-01,532200,Consumer Goods Rental,230
29-1111,2005-05-01,532200,Consumer Goods Rental,510
29-1051,2005-05-01,532400,Commercial and Industrial Machinery and Equipment Rental and Leasing,40
29-1111,2005-05-01,532400,Commercial and Industrial Machinery and Equipment Rental and Leasing,60
21-1021,2005-05-01,541100,Legal Services,100
29-1111,2005-05-01,541100,Legal Services,300
29-1111,2005-05-01,541200,"Accounting, Tax Preparation, Bookkeeping, and Payroll Services",850
29-1111,2005-05-01,541300,"Architectural, Engineering, and Related Services",110
29-1069,2005-05-01,541500,Computer Systems Design and Related Services,70
29-1111,2005-05-01,541500,Computer Systems Design and Related Services,250
21-1021,2005-05-01,541600,"Management, Scientific, and Technical Consulting Services",190
21-1022,2005-05-01,541600,"Management, Scientific, and Technical Consulting Services",70
21-1023,2005-05-01,541600,"Management, Scientific, and Technical Consulting Services",330
21-1029,2005-05-01,541600,"Management, Scientific, and Technical Consulting Services",280
29-1051,2005-05-01,541600,"Management, Scientific, and Technical Consulting Services",320
29-1062,2005-05-01,541600,"Management, Scientific, and Technical Consulting Services",70
29-1069,2005-05-01,541600,"Management, Scientific, and Technical Consulting Services",0
29-1111,2005-05-01,541600,"Management, Scientific, and Technical Consulting Services",6630
21-1021,2005-05-01,541700,Scientific Research and Development Services,320
21-1022,2005-05-01,541700,Scientific Research and Development Services,1270
21-1029,2005-05-01,541700,Scientific Research and Development Services,70
29-1051,2005-05-01,541700,Scientific Research and Development Services,110
29-1066,2005-05-01,541700,Scientific Research and Development Services,340
29-1069,2005-05-01,541700,Scientific Research and Development Services,360
29-1071,2005-05-01,541700,Scientific Research and Development Services,190
29-1111,2005-05-01,541700,Scientific Research and Development Services,2760
29-1111,2005-05-01,541900,"Other Professional, Scientific, and Technical Services",150
21-1021,2005-05-01,551100,Management of Companies and Enterprises,2060
21-1022,2005-05-01,551100,Management of Companies and Enterprises,780
21-1023,2005-05-01,551100,Management of Companies and Enterprises,0
21-1029,2005-05-01,551100,Management of Companies and Enterprises,950
29-1021,2005-05-01,551100,Management of Companies and Enterprises,0
29-1051,2005-05-01,551100,Management of Companies and Enterprises,850
29-1062,2005-05-01,551100,Management of Companies and Enterprises,360
29-1063,2005-05-01,551100,Management of Companies and Enterprises,0
29-1065,2005-05-01,551100,Management of Companies and Enterprises,40
29-1066,2005-05-01,551100,Management of Companies and Enterprises,120
29-1069,2005-05-01,551100,Management of Companies and Enterprises,830
29-1071,2005-05-01,551100,Management of Companies and Enterprises,0
29-1111,2005-05-01,551100,Management of Companies and Enterprises,8220
21-1021,2005-05-01,561100,Office Administrative Services,140
21-1022,2005-05-01,561100,Office Administrative Services,170
21-1023,2005-05-01,561100,Office Administrative Services,0
21-1029,2005-05-01,561100,Office Administrative Services,0
29-1051,2005-05-01,561100,Office Administrative Services,0
29-1062,2005-05-01,561100,Office Administrative Services,0
29-1069,2005-05-01,561100,Office Administrative Services,0
29-1071,2005-05-01,561100,Office Administrative Services,440
29-1111,2005-05-01,561100,Office Administrative Services,4630
21-1023,2005-05-01,561200,Facilities Support Services,190
21-1029,2005-05-01,561200,Facilities Support Services,40
29-1111,2005-05-01,561200,Facilities Support Services,630
21-1021,2005-05-01,561300,Employment Services,0
21-1022,2005-05-01,561300,Employment Services,350
21-1023,2005-05-01,561300,Employment Services,630
21-1029,2005-05-01,561300,Employment Services,250
29-1021,2005-05-01,561300,Employment Services,160
29-1051,2005-05-01,561300,Employment Services,0
29-1062,2005-05-01,561300,Employment Services,250
29-1069,2005-05-01,561300,Employment Services,2200
29-1071,2005-05-01,561300,Employment Services,650
29-1111,2005-05-01,561300,Employment Services,93500
29-1051,2005-05-01,561400,Business Support Services,0
29-1111,2005-05-01,561400,Business Support Services,290
21-1021,2005-05-01,611100,Elementary and Secondary Schools,37370
21-1022,2005-05-01,611100,Elementary and Secondary Schools,310
21-1023,2005-05-01,611100,Elementary and Secondary Schools,530
21-1029,2005-05-01,611100,Elementary and Secondary Schools,1070
29-1062,2005-05-01,611100,Elementary and Secondary Schools,90
29-1065,2005-05-01,611100,Elementary and Secondary Schools,60
29-1066,2005-05-01,611100,Elementary and Secondary Schools,70
29-1069,2005-05-01,611100,Elementary and Secondary Schools,60
29-1111,2005-05-01,611100,Elementary and Secondary Schools,46680
21-1021,2005-05-01,611200,Junior Colleges,470
21-1029,2005-05-01,611200,Junior Colleges,420
29-1021,2005-05-01,611200,Junior Colleges,60
29-1111,2005-05-01,611200,Junior Colleges,560
21-1021,2005-05-01,611300,"Colleges, Universities, and Professional Schools",820
21-1022,2005-05-01,611300,"Colleges, Universities, and Professional Schools",770
21-1023,2005-05-01,611300,"Colleges, Universities, and Professional Schools",200
21-1029,2005-05-01,611300,"Colleges, Universities, and Professional Schools",280
29-1021,2005-05-01,611300,"Colleges, Universities, and Professional Schools",210
29-1029,2005-05-01,611300,"Colleges, Universities, and Professional Schools",0
29-1051,2005-05-01,611300,"Colleges, Universities, and Professional Schools",1170
29-1061,2005-05-01,611300,"Colleges, Universities, and Professional Schools",520
29-1062,2005-05-01,611300,"Colleges, Universities, and Professional Schools",5130
29-1063,2005-05-01,611300,"Colleges, Universities, and Professional Schools",760
29-1064,2005-05-01,611300,"Colleges, Universities, and Professional Schools",580
29-1065,2005-05-01,611300,"Colleges, Universities, and Professional Schools",1190
29-1066,2005-05-01,611300,"Colleges, Universities, and Professional Schools",570
29-1067,2005-05-01,611300,"Colleges, Universities, and Professional Schools",1120
29-1069,2005-05-01,611300,"Colleges, Universities, and Professional Schools",8020
29-1071,2005-05-01,611300,"Colleges, Universities, and Professional Schools",1500
29-1111,2005-05-01,611300,"Colleges, Universities, and Professional Schools",26170
21-1021,2005-05-01,611400,Business Schools and Computer and Management Training,140
21-1021,2005-05-01,611500,Technical and Trade Schools,30
21-1021,2005-05-01,611600,Other Schools and Instruction,260
21-1022,2005-05-01,611600,Other Schools and Instruction,0
29-1111,2005-05-01,611600,Other Schools and Instruction,180
21-1021,2005-05-01,611700,Educational Support Services,830
21-1022,2005-05-01,611700,Educational Support Services,50
21-1029,2005-05-01,611700,Educational Support Services,490
29-1111,2005-05-01,611700,Educational Support Services,220
21-1021,2005-05-01,621100,Offices of Physicians,1200
21-1022,2005-05-01,621100,Offices of Physicians,2840
21-1023,2005-05-01,621100,Offices of Physicians,4130
21-1029,2005-05-01,621100,Offices of Physicians,160
29-1021,2005-05-01,621100,Offices of Physicians,1310
29-1022,2005-05-01,621100,Offices of Physicians,100
29-1023,2005-05-01,621100,Offices of Physicians,40
29-1029,2005-05-01,621100,Offices of Physicians,0
29-1051,2005-05-01,621100,Offices of Physicians,2750
29-1061,2005-05-01,621100,Offices of Physicians,22900
29-1062,2005-05-01,621100,Offices of Physicians,73250
29-1063,2005-05-01,621100,Offices of Physicians,37540
29-1064,2005-05-01,621100,Offices of Physicians,18390
29-1065,2005-05-01,621100,Offices of Physicians,19890
29-1066,2005-05-01,621100,Offices of Physicians,8180
29-1067,2005-05-01,621100,Offices of Physicians,44690
29-1069,2005-05-01,621100,Offices of Physicians,80640
29-1071,2005-05-01,621100,Offices of Physicians,35670
29-1111,2005-05-01,621100,Offices of Physicians,202790
29-1021,2005-05-01,621200,Offices of Dentists,79010
29-1022,2005-05-01,621200,Offices of Dentists,4700
29-1023,2005-05-01,621200,Offices of Dentists,4640
29-1024,2005-05-01,621200,Offices of Dentists,390
29-1029,2005-05-01,621200,Offices of Dentists,2040
29-1061,2005-05-01,621200,Offices of Dentists,120
29-1062,2005-05-01,621200,Offices of Dentists,210
29-1067,2005-05-01,621200,Offices of Dentists,0
29-1111,2005-05-01,621200,Offices of Dentists,1510
21-1021,2005-05-01,621300,Offices of Other Health Practitioners,2210
21-1022,2005-05-01,621300,Offices of Other Health Practitioners,1120
21-1023,2005-05-01,621300,Offices of Other Health Practitioners,3260
21-1029,2005-05-01,621300,Offices of Other Health Practitioners,290
29-1021,2005-05-01,621300,Offices of Other Health Practitioners,60
29-1051,2005-05-01,621300,Offices of Other Health Practitioners,170
29-1061,2005-05-01,621300,Offices of Other Health Practitioners,260
29-1062,2005-05-01,621300,Offices of Other Health Practitioners,930
29-1063,2005-05-01,621300,Offices of Other Health Practitioners,170
29-1065,2005-05-01,621300,Offices of Other Health Practitioners,30
29-1066,2005-05-01,621300,Offices of Other Health Practitioners,660
29-1067,2005-05-01,621300,Offices of Other Health Practitioners,460
29-1069,2005-05-01,621300,Offices of Other Health Practitioners,1120
29-1071,2005-05-01,621300,Offices of Other Health Practitioners,1180
29-1111,2005-05-01,621300,Offices of Other Health Practitioners,10400
21-1021,2005-05-01,621400,Outpatient Care Centers,5820
21-1022,2005-05-01,621400,Outpatient Care Centers,5240
21-1023,2005-05-01,621400,Outpatient Care Centers,17980
21-1029,2005-05-01,621400,Outpatient Care Centers,970
29-1021,2005-05-01,621400,Outpatient Care Centers,980
29-1051,2005-05-01,621400,Outpatient Care Centers,1700
29-1061,2005-05-01,621400,Outpatient Care Centers,870
29-1062,2005-05-01,621400,Outpatient Care Centers,6520
29-1063,2005-05-01,621400,Outpatient Care Centers,2270
29-1064,2005-05-01,621400,Outpatient Care Centers,590
29-1065,2005-05-01,621400,Outpatient Care Centers,920
29-1066,2005-05-01,621400,Outpatient Care Centers,2580
29-1067,2005-05-01,621400,Outpatient Care Centers,1160
29-1069,2005-05-01,621400,Outpatient Care Centers,6420
29-1071,2005-05-01,621400,Outpatient Care Centers,4620
29-1111,2005-05-01,621400,Outpatient Care Centers,66200
29-1051,2005-05-01,621500,Medical and Diagnostic Laboratories,70
29-1062,2005-05-01,621500,Medical and Diagnostic Laboratories,120
29-1063,2005-05-01,621500,Medical and Diagnostic Laboratories,0
29-1069,2005-05-01,621500,Medical and Diagnostic Laboratories,3170
29-1071,2005-05-01,621500,Medical and Diagnostic Laboratories,190
29-1111,2005-05-01,621500,Medical and Diagnostic Laboratories,1640
21-1021,2005-05-01,621600,Home Health Care Services,970
21-1022,2005-05-01,621600,Home Health Care Services,10720
21-1023,2005-05-01,621600,Home Health Care Services,380
21-1029,2005-05-01,621600,Home Health Care Services,320
29-1051,2005-05-01,621600,Home Health Care Services,1620
29-1062,2005-05-01,621600,Home Health Care Services,320
29-1063,2005-05-01,621600,Home Health Care Services,110
29-1069,2005-05-01,621600,Home Health Care Services,120
29-1071,2005-05-01,621600,Home Health Care Services,170
29-1111,2005-05-01,621600,Home Health Care Services,117050
21-1021,2005-05-01,621900,Other Ambulatory Health Care Services,80
21-1022,2005-05-01,621900,Other Ambulatory Health Care Services,420
21-1023,2005-05-01,621900,Other Ambulatory Health Care Services,150
29-1021,2005-05-01,621900,Other Ambulatory Health Care Services,0
29-1051,2005-05-01,621900,Other Ambulatory Health Care Services,80
29-1062,2005-05-01,621900,Other Ambulatory Health Care Services,230
29-1063,2005-05-01,621900,Other Ambulatory Health Care Services,110
29-1064,2005-05-01,621900,Other Ambulatory Health Care Services,0
29-1069,2005-05-01,621900,Other Ambulatory Health Care Services,530
29-1071,2005-05-01,621900,Other Ambulatory Health Care Services,0
29-1111,2005-05-01,621900,Other Ambulatory Health Care Services,8580
21-1021,2005-05-01,622100,General Medical and Surgical Hospitals,2410
21-1022,2005-05-01,622100,General Medical and Surgical Hospitals,32070
21-1023,2005-05-01,622100,General Medical and Surgical Hospitals,7940
21-1029,2005-05-01,622100,General Medical and Surgical Hospitals,3820
29-1021,2005-05-01,622100,General Medical and Surgical Hospitals,800
29-1022,2005-05-01,622100,General Medical and Surgical Hospitals,210
29-1023,2005-05-01,622100,General Medical and Surgical Hospitals,60
29-1029,2005-05-01,622100,General Medical and Surgical Hospitals,110
29-1051,2005-05-01,622100,General Medical and Surgical Hospitals,51430
29-1061,2005-05-01,622100,General Medical and Surgical Hospitals,3060
29-1062,2005-05-01,622100,General Medical and Surgical Hospitals,17310
29-1063,2005-05-01,622100,General Medical and Surgical Hospitals,6280
29-1064,2005-05-01,622100,General Medical and Surgical Hospitals,2080
29-1065,2005-05-01,622100,General Medical and Surgical Hospitals,3500
29-1066,2005-05-01,622100,General Medical and Surgical Hospitals,3330
29-1067,2005-05-01,622100,General Medical and Surgical Hospitals,4460
29-1069,2005-05-01,622100,General Medical and Surgical Hospitals,50750
29-1071,2005-05-01,622100,General Medical and Surgical Hospitals,13930
29-1111,2005-05-01,622100,General Medical and Surgical Hospitals,1354020
21-1021,2005-05-01,622200,Psychiatric and Substance Abuse Hospitals,1350
21-1022,2005-05-01,622200,Psychiatric and Substance Abuse Hospitals,2180
21-1023,2005-05-01,622200,Psychiatric and Substance Abuse Hospitals,9860
21-1029,2005-05-01,622200,Psychiatric and Substance Abuse Hospitals,1320
29-1021,2005-05-01,622200,Psychiatric and Substance Abuse Hospitals,130
29-1051,2005-05-01,622200,Psychiatric and Substance Abuse Hospitals,1180
29-1062,2005-05-01,622200,Psychiatric and Substance Abuse Hospitals,790
29-1063,2005-05-01,622200,Psychiatric and Substance Abuse Hospitals,150
29-1066,2005-05-01,622200,Psychiatric and Substance Abuse Hospitals,3090
29-1067,2005-05-01,622200,Psychiatric and Substance Abuse Hospitals,130
29-1069,2005-05-01,622200,Psychiatric and Substance Abuse Hospitals,440
29-1071,2005-05-01,622200,Psychiatric and Substance Abuse Hospitals,200
29-1111,2005-05-01,622200,Psychiatric and Substance Abuse Hospitals,30590
21-1021,2005-05-01,622300,Specialty (except Psychiatric and Substance Abuse) Hospitals,430
21-1022,2005-05-01,622300,Specialty (except Psychiatric and Substance Abuse) Hospitals,1770
21-1023,2005-05-01,622300,Specialty (except Psychiatric and Substance Abuse) Hospitals,1270
21-1029,2005-05-01,622300,Specialty (except Psychiatric and Substance Abuse) Hospitals,160
29-1021,2005-05-01,622300,Specialty (except Psychiatric and Substance Abuse) Hospitals,50
29-1051,2005-05-01,622300,Specialty (except Psychiatric and Substance Abuse) Hospitals,1650
29-1061,2005-05-01,622300,Specialty (except Psychiatric and Substance Abuse) Hospitals,80
29-1062,2005-05-01,622300,Specialty (except Psychiatric and Substance Abuse) Hospitals,380
29-1063,2005-05-01,622300,Specialty (except Psychiatric and Substance Abuse) Hospitals,80
29-1065,2005-05-01,622300,Specialty (except Psychiatric and Substance Abuse) Hospitals,510
29-1066,2005-05-01,622300,Specialty (except Psychiatric and Substance Abuse) Hospitals,60
29-1067,2005-05-01,622300,Specialty (except Psychiatric and Substance Abuse) Hospitals,210
29-1069,2005-05-01,622300,Specialty (except Psychiatric and Substance Abuse) Hospitals,1820
29-1071,2005-05-01,622300,Specialty (except Psychiatric and Substance Abuse) Hospitals,190
29-1111,2005-05-01,622300,Specialty (except Psychiatric and Substance Abuse) Hospitals,40250
21-1021,2005-05-01,623100,Nursing Care Facilities,280
21-1022,2005-05-01,623100,Nursing Care Facilities,10890
21-1023,2005-05-01,623100,Nursing Care Facilities,410
21-1029,2005-05-01,623100,Nursing Care Facilities,880
29-1051,2005-05-01,623100,Nursing Care Facilities,450
29-1062,2005-05-01,623100,Nursing Care Facilities,120
29-1063,2005-05-01,623100,Nursing Care Facilities,40
29-1066,2005-05-01,623100,Nursing Care Facilities,40
29-1069,2005-05-01,623100,Nursing Care Facilities,100
29-1071,2005-05-01,623100,Nursing Care Facilities,100
29-1111,2005-05-01,623100,Nursing Care Facilities,120200
21-1021,2005-05-01,623200,"Residential Mental Retardation, Mental Health and Substance Abuse Facilities",4480
21-1022,2005-05-01,623200,"Residential Mental Retardation, Mental Health and Substance Abuse Facilities",1680
21-1023,2005-05-01,623200,"Residential Mental Retardation, Mental Health and Substance Abuse Facilities",17050
21-1029,2005-05-01,623200,"Residential Mental Retardation, Mental Health and Substance Abuse Facilities",2580
29-1051,2005-05-01,623200,"Residential Mental Retardation, Mental Health and Substance Abuse Facilities",70
29-1062,2005-05-01,623200,"Residential Mental Retardation, Mental Health and Substance Abuse Facilities",30
29-1065,2005-05-01,623200,"Residential Mental Retardation, Mental Health and Substance Abuse Facilities",0
29-1066,2005-05-01,623200,"Residential Mental Retardation, Mental Health and Substance Abuse Facilities",370
29-1069,2005-05-01,623200,"Residential Mental Retardation, Mental Health and Substance Abuse Facilities",30
29-1111,2005-05-01,623200,"Residential Mental Retardation, Mental Health and Substance Abuse Facilities",11290
21-1021,2005-05-01,623300,Community Care Facilities for the Elderly,240
21-1022,2005-05-01,623300,Community Care Facilities for the Elderly,2190
21-1023,2005-05-01,623300,Community Care Facilities for the Elderly,260
21-1029,2005-05-01,623300,Community Care Facilities for the Elderly,330
29-1051,2005-05-01,623300,Community Care Facilities for the Elderly,120
29-1111,2005-05-01,623300,Community Care Facilities for the Elderly,24320
21-1021,2005-05-01,623900,Other Residential Care Facilities,9870
21-1022,2005-05-01,623900,Other Residential Care Facilities,560
21-1023,2005-05-01,623900,Other Residential Care Facilities,2930
21-1029,2005-05-01,623900,Other Residential Care Facilities,1130
29-1066,2005-05-01,623900,Other Residential Care Facilities,50
29-1111,2005-05-01,623900,Other Residential Care Facilities,2050
21-1021,2005-05-01,624100,Individual and Family Services,48970
21-1022,2005-05-01,624100,Individual and Family Services,12020
21-1023,2005-05-01,624100,Individual and Family Services,21210
21-1029,2005-05-01,624100,Individual and Family Services,8630
29-1021,2005-05-01,624100,Individual and Family Services,90
29-1051,2005-05-01,624100,Individual and Family Services,0
29-1062,2005-05-01,624100,Individual and Family Services,100
29-1066,2005-05-01,624100,Individual and Family Services,650
29-1069,2005-05-01,624100,Individual and Family Services,80
29-1071,2005-05-01,624100,Individual and Family Services,70
29-1111,2005-05-01,624100,Individual and Family Services,11770
21-1021,2005-05-01,624200,"Community Food and Housing, and Emergency and Other Relief Services",6510
21-1022,2005-05-01,624200,"Community Food and Housing, and Emergency and Other Relief Services",950
21-1023,2005-05-01,624200,"Community Food and Housing, and Emergency and Other Relief Services",3320
21-1029,2005-05-01,624200,"Community Food and Housing, and Emergency and Other Relief Services",2030
29-1066,2005-05-01,624200,"Community Food and Housing, and Emergency and Other Relief Services",0
29-1111,2005-05-01,624200,"Community Food and Housing, and Emergency and Other Relief Services",640
21-1021,2005-05-01,624300,Vocational Rehabilitation Services,2010
21-1022,2005-05-01,624300,Vocational Rehabilitation Services,1080
21-1023,2005-05-01,624300,Vocational Rehabilitation Services,1630
21-1029,2005-05-01,624300,Vocational Rehabilitation Services,1160
29-1066,2005-05-01,624300,Vocational Rehabilitation Services,60
29-1111,2005-05-01,624300,Vocational Rehabilitation Services,2270
21-1021,2005-05-01,624400,Child Day Care Services,7440
21-1022,2005-05-01,624400,Child Day Care Services,260
21-1023,2005-05-01,624400,Child Day Care Services,260
21-1029,2005-05-01,624400,Child Day Care Services,120
29-1111,2005-05-01,624400,Child Day Care Services,900
29-1111,2005-05-01,711200,Spectator Sports,90
29-1111,2005-05-01,713100,Amusement Parks and Arcades,290
29-1111,2005-05-01,713900,Other Amusement and Recreation Industries,40
29-1111,2005-05-01,721100,Traveler Accommodation,40
29-1111,2005-05-01,721300,Rooming and Boarding Houses,30
29-1111,2005-05-01,812100,Personal Care Services,0
21-1022,2005-05-01,812200,Death Care Services,50
29-1111,2005-05-01,812900,Other Personal Services,0
21-1021,2005-05-01,813100,Religious Organizations,420
21-1022,2005-05-01,813100,Religious Organizations,40
21-1023,2005-05-01,813100,Religious Organizations,160
21-1029,2005-05-01,813100,Religious Organizations,0
29-1111,2005-05-01,813100,Religious Organizations,470
21-1021,2005-05-01,813200,Grantmaking and Giving Services,1330
21-1022,2005-05-01,813200,Grantmaking and Giving Services,1990
21-1023,2005-05-01,813200,Grantmaking and Giving Services,360
21-1029,2005-05-01,813200,Grantmaking and Giving Services,190
29-1111,2005-05-01,813200,Grantmaking and Giving Services,370
21-1021,2005-05-01,813300,Social Advocacy Organizations,5490
21-1022,2005-05-01,813300,Social Advocacy Organizations,1750
21-1023,2005-05-01,813300,Social Advocacy Organizations,2360
21-1029,2005-05-01,813300,Social Advocacy Organizations,1360
29-1111,2005-05-01,813300,Social Advocacy Organizations,280
21-1021,2005-05-01,813400,Civic and Social Organizations,3260
21-1022,2005-05-01,813400,Civic and Social Organizations,0
21-1023,2005-05-01,813400,Civic and Social Organizations,610
21-1029,2005-05-01,813400,Civic and Social Organizations,340
29-1111,2005-05-01,813400,Civic and Social Organizations,220
21-1021,2005-05-01,813900,"Business, Professional, Labor, Political, and Similar Organizations",140
21-1022,2005-05-01,813900,"Business, Professional, Labor, Political, and Similar Organizations",170
21-1023,2005-05-01,813900,"Business, Professional, Labor, Political, and Similar Organizations",80
21-1029,2005-05-01,813900,"Business, Professional, Labor, Political, and Similar Organizations",60
29-1051,2005-05-01,813900,"Business, Professional, Labor, Political, and Similar Organizations",0
29-1111,2005-05-01,813900,"Business, Professional, Labor, Political, and Similar Organizations",680
21-1029,2005-05-01,999100,Federal Executive Branch,4650
29-1021,2005-05-01,999100,Federal Executive Branch,1270
29-1051,2005-05-01,999100,Federal Executive Branch,5730
29-1069,2005-05-01,999100,Federal Executive Branch,19620
29-1071,2005-05-01,999100,Federal Executive Branch,2480
29-1111,2005-05-01,999100,Federal Executive Branch,49130
21-1021,2005-05-01,999200,State Government (OES designation),58090
21-1022,2005-05-01,999200,State Government (OES designation),6440
21-1023,2005-05-01,999200,State Government (OES designation),8650
21-1029,2005-05-01,999200,State Government (OES designation),8510
29-1021,2005-05-01,999200,State Government (OES designation),990
29-1029,2005-05-01,999200,State Government (OES designation),280
29-1051,2005-05-01,999200,State Government (OES designation),1160
29-1062,2005-05-01,999200,State Government (OES designation),0
29-1063,2005-05-01,999200,State Government (OES designation),210
29-1066,2005-05-01,999200,State Government (OES designation),1130
29-1069,2005-05-01,999200,State Government (OES designation),940
29-1071,2005-05-01,999200,State Government (OES designation),300
29-1111,2005-05-01,999200,State Government (OES designation),38740
21-1021,2005-05-01,999300,Local Government (OES designation),49950
21-1022,2005-05-01,999300,Local Government (OES designation),10360
21-1023,2005-05-01,999300,Local Government (OES designation),12240
21-1029,2005-05-01,999300,Local Government (OES designation),17050
29-1021,2005-05-01,999300,Local Government (OES designation),520
29-1051,2005-05-01,999300,Local Government (OES designation),760
29-1063,2005-05-01,999300,Local Government (OES designation),50
29-1065,2005-05-01,999300,Local Government (OES designation),30
29-1066,2005-05-01,999300,Local Government (OES designation),1700
29-1067,2005-05-01,999300,Local Government (OES designation),50
29-1069,2005-05-01,999300,Local Government (OES designation),1540
29-1071,2005-05-01,999300,Local Government (OES designation),480
29-1111,2005-05-01,999300,Local Government (OES designation),49100
29-1111,2006-05-01,221100,"Electric Power Generation, Transmission and Distribution",30
29-1111,2006-05-01,311400,Fruit and Vegetable Preserving and Specialty Food Manufacturing,40
29-1111,2006-05-01,311600,Animal Slaughtering and Processing,270
29-1111,2006-05-01,313100,"Fiber, Yarn, and Thread Mills",30
29-1111,2006-05-01,322100,"Pulp, Paper, and Paperboard Mills",90
29-1111,2006-05-01,322200,Converted Paper Product Manufacturing,40
29-1111,2006-05-01,324100,Petroleum and Coal Products Manufacturing,40
29-1111,2006-05-01,325100,Basic Chemical Manufacturing,70
29-1111,2006-05-01,325200,"Resin, Synthetic Rubber, and Artificial Synthetic Fibers and Filaments Manufacturing",50
29-1051,2006-05-01,325400,Pharmaceutical and Medicine Manufacturing,280
29-1111,2006-05-01,325400,Pharmaceutical and Medicine Manufacturing,130
29-1111,2006-05-01,331100,Iron and Steel Mills and Ferroalloy Manufacturing,30
29-1111,2006-05-01,331500,Foundries,60
29-1111,2006-05-01,332900,Other Fabricated Metal Product Manufacturing,70
29-1111,2006-05-01,334400,Semiconductor and Other Electronic Component Manufacturing,90
29-1111,2006-05-01,334500,"Navigational, Measuring, Electromedical, and Control Instruments Manufacturing",80
29-1111,2006-05-01,335900,Other Electrical Equipment and Component Manufacturing,30
29-1111,2006-05-01,336400,Aerospace Product and Parts Manufacturing,110
29-1111,2006-05-01,336600,Ship and Boat Building,30
29-1111,2006-05-01,337100,Household and Institutional Furniture and Kitchen Cabinet Manufacturing,40
29-1021,2006-05-01,339100,Medical Equipment and Supplies Manufacturing,50
29-1024,2006-05-01,339100,Medical Equipment and Supplies Manufacturing,0
29-1111,2006-05-01,339100,Medical Equipment and Supplies Manufacturing,120
29-1051,2006-05-01,423400,Professional and Commercial Equipment and Supplies Merchant Wholesalers,570
29-1111,2006-05-01,423400,Professional and Commercial Equipment and Supplies Merchant Wholesalers,370
29-1051,2006-05-01,424200,Drugs and Druggists' Sundries Merchant Wholesalers,3840
29-1069,2006-05-01,424200,Drugs and Druggists' Sundries Merchant Wholesalers,0
29-1111,2006-05-01,424200,Drugs and Druggists' Sundries Merchant Wholesalers,1100
29-1051,2006-05-01,425100,Wholesale Electronic Markets and Agents and Brokers,670
29-1051,2006-05-01,444100,Building Material and Supplies Dealers,0
29-1051,2006-05-01,445100,Grocery Stores,20000
29-1051,2006-05-01,446100,Health and Personal Care Stores,106940
29-1069,2006-05-01,446100,Health and Personal Care Stores,0
29-1111,2006-05-01,446100,Health and Personal Care Stores,1770
29-1051,2006-05-01,447100,Gasoline Stations,40
29-1051,2006-05-01,452100,Department Stores,13640
29-1051,2006-05-01,452900,Other General Merchandise Stores,10630
29-1051,2006-05-01,454100,Electronic Shopping and Mail-Order Houses,3660
29-1111,2006-05-01,454100,Electronic Shopping and Mail-Order Houses,240
29-1111,2006-05-01,481100,Scheduled Air Transportation,80
29-1111,2006-05-01,481200,Nonscheduled Air Transportation,0
29-1111,2006-05-01,491100,Postal Service,200
29-1051,2006-05-01,493100,Warehousing and Storage,260
29-1111,2006-05-01,493100,Warehousing and Storage,50
29-1111,2006-05-01,511100,"Newspaper, Periodical, Book, and Directory Publishers",50
29-1051,2006-05-01,518200,"Data Processing, Hosting, and Related Services",30
29-1111,2006-05-01,518200,"Data Processing, Hosting, and Related Services",70
21-1022,2006-05-01,524100,Insurance Carriers,780
21-1023,2006-05-01,524100,Insurance Carriers,0
21-1029,2006-05-01,524100,Insurance Carriers,120
29-1051,2006-05-01,524100,Insurance Carriers,1190
29-1062,2006-05-01,524100,Insurance Carriers,50
29-1069,2006-05-01,524100,Insurance Carriers,200
29-1111,2006-05-01,524100,Insurance Carriers,16990
21-1022,2006-05-01,524200,"Agencies, Brokerages, and Other Insurance Related Activities",70
29-1051,2006-05-01,524200,"Agencies, Brokerages, and Other Insurance Related Activities",250
29-1111,2006-05-01,524200,"Agencies, Brokerages, and Other Insurance Related Activities",4170
29-1111,2006-05-01,525100,Insurance and Employee Benefit Funds,1060
21-1021,2006-05-01,531100,Lessors of Real Estate,0
21-1022,2006-05-01,531100,Lessors of Real Estate,40
29-1111,2006-05-01,531100,Lessors of Real Estate,860
21-1029,2006-05-01,531300,Activities Related to Real Estate,0
29-1111,2006-05-01,531300,Activities Related to Real Estate,0
29-1051,2006-05-01,532200,Consumer Goods Rental,220
29-1111,2006-05-01,532200,Consumer Goods Rental,440
29-1051,2006-05-01,532400,Commercial and Industrial Machinery and Equipment Rental and Leasing,40
21-1021,2006-05-01,541100,Legal Services,70
21-1022,2006-05-01,541100,Legal Services,0
29-1111,2006-05-01,541100,Legal Services,340
29-1069,2006-05-01,541200,"Accounting, Tax Preparation, Bookkeeping, and Payroll Services",0
29-1111,2006-05-01,541200,"Accounting, Tax Preparation, Bookkeeping, and Payroll Services",420
29-1069,2006-05-01,541300,"Architectural, Engineering, and Related Services",0
29-1111,2006-05-01,541300,"Architectural, Engineering, and Related Services",0
29-1069,2006-05-01,541500,Computer Systems Design and Related Services,0
29-1111,2006-05-01,541500,Computer Systems Design and Related Services,230
21-1022,2006-05-01,541600,"Management, Scientific, and Technical Consulting Services",100
21-1029,2006-05-01,541600,"Management, Scientific, and Technical Consulting Services",340
29-1051,2006-05-01,541600,"Management, Scientific, and Technical Consulting Services",260
29-1062,2006-05-01,541600,"Management, Scientific, and Technical Consulting Services",50
29-1069,2006-05-01,541600,"Management, Scientific, and Technical Consulting Services",0
29-1111,2006-05-01,541600,"Management, Scientific, and Technical Consulting Services",4100
21-1021,2006-05-01,541700,Scientific Research and Development Services,450
21-1022,2006-05-01,541700,Scientific Research and Development Services,0
29-1051,2006-05-01,541700,Scientific Research and Development Services,170
29-1062,2006-05-01,541700,Scientific Research and Development Services,60
29-1069,2006-05-01,541700,Scientific Research and Development Services,480
29-1071,2006-05-01,541700,Scientific Research and Development Services,200
29-1111,2006-05-01,541700,Scientific Research and Development Services,2750
29-1111,2006-05-01,541900,"Other Professional, Scientific, and Technical Services",150
21-1021,2006-05-01,551100,Management of Companies and Enterprises,2380
21-1022,2006-05-01,551100,Management of Companies and Enterprises,620
21-1023,2006-05-01,551100,Management of Companies and Enterprises,1000
21-1029,2006-05-01,551100,Management of Companies and Enterprises,930
29-1051,2006-05-01,551100,Management of Companies and Enterprises,710
29-1062,2006-05-01,551100,Management of Companies and Enterprises,510
29-1063,2006-05-01,551100,Management of Companies and Enterprises,80
29-1066,2006-05-01,551100,Management of Companies and Enterprises,80
29-1069,2006-05-01,551100,Management of Companies and Enterprises,720
29-1071,2006-05-01,551100,Management of Companies and Enterprises,140
29-1111,2006-05-01,551100,Management of Companies and Enterprises,9040
21-1021,2006-05-01,561100,Office Administrative Services,200
21-1022,2006-05-01,561100,Office Administrative Services,170
21-1023,2006-05-01,561100,Office Administrative Services,0
21-1029,2006-05-01,561100,Office Administrative Services,80
29-1021,2006-05-01,561100,Office Administrative Services,80
29-1051,2006-05-01,561100,Office Administrative Services,560
29-1062,2006-05-01,561100,Office Administrative Services,0
29-1069,2006-05-01,561100,Office Administrative Services,390
29-1071,2006-05-01,561100,Office Administrative Services,340
29-1111,2006-05-01,561100,Office Administrative Services,4700
21-1023,2006-05-01,561200,Facilities Support Services,160
21-1029,2006-05-01,561200,Facilities Support Services,120
29-1111,2006-05-01,561200,Facilities Support Services,600
21-1021,2006-05-01,561300,Employment Services,700
21-1022,2006-05-01,561300,Employment Services,770
21-1023,2006-05-01,561300,Employment Services,480
21-1029,2006-05-01,561300,Employment Services,510
29-1021,2006-05-01,561300,Employment Services,280
29-1051,2006-05-01,561300,Employment Services,3280
29-1061,2006-05-01,561300,Employment Services,80
29-1062,2006-05-01,561300,Employment Services,460
29-1063,2006-05-01,561300,Employment Services,40
29-1065,2006-05-01,561300,Employment Services,50
29-1069,2006-05-01,561300,Employment Services,1610
29-1071,2006-05-01,561300,Employment Services,790
29-1111,2006-05-01,561300,Employment Services,95490
29-1111,2006-05-01,561400,Business Support Services,410
21-1021,2006-05-01,611100,Elementary and Secondary Schools,35840
21-1022,2006-05-01,611100,Elementary and Secondary Schools,280
21-1023,2006-05-01,611100,Elementary and Secondary Schools,320
21-1029,2006-05-01,611100,Elementary and Secondary Schools,1500
29-1062,2006-05-01,611100,Elementary and Secondary Schools,110
29-1065,2006-05-01,611100,Elementary and Secondary Schools,180
29-1066,2006-05-01,611100,Elementary and Secondary Schools,80
29-1069,2006-05-01,611100,Elementary and Secondary Schools,60
29-1111,2006-05-01,611100,Elementary and Secondary Schools,47280
21-1021,2006-05-01,611200,Junior Colleges,450
21-1023,2006-05-01,611200,Junior Colleges,40
21-1029,2006-05-01,611200,Junior Colleges,160
29-1021,2006-05-01,611200,Junior Colleges,60
29-1111,2006-05-01,611200,Junior Colleges,650
21-1021,2006-05-01,611300,"Colleges, Universities, and Professional Schools",960
21-1022,2006-05-01,611300,"Colleges, Universities, and Professional Schools",860
21-1023,2006-05-01,611300,"Colleges, Universities, and Professional Schools",0
21-1029,2006-05-01,611300,"Colleges, Universities, and Professional Schools",250
29-1021,2006-05-01,611300,"Colleges, Universities, and Professional Schools",310
29-1029,2006-05-01,611300,"Colleges, Universities, and Professional Schools",0
29-1051,2006-05-01,611300,"Colleges, Universities, and Professional Schools",1310
29-1061,2006-05-01,611300,"Colleges, Universities, and Professional Schools",570
29-1062,2006-05-01,611300,"Colleges, Universities, and Professional Schools",3650
29-1063,2006-05-01,611300,"Colleges, Universities, and Professional Schools",1080
29-1064,2006-05-01,611300,"Colleges, Universities, and Professional Schools",550
29-1065,2006-05-01,611300,"Colleges, Universities, and Professional Schools",1260
29-1066,2006-05-01,611300,"Colleges, Universities, and Professional Schools",730
29-1067,2006-05-01,611300,"Colleges, Universities, and Professional Schools",1560
29-1069,2006-05-01,611300,"Colleges, Universities, and Professional Schools",10870
29-1071,2006-05-01,611300,"Colleges, Universities, and Professional Schools",1450
29-1111,2006-05-01,611300,"Colleges, Universities, and Professional Schools",28760
21-1021,2006-05-01,611400,Business Schools and Computer and Management Training,240
21-1021,2006-05-01,611500,Technical and Trade Schools,50
29-1111,2006-05-01,611500,Technical and Trade Schools,0
21-1021,2006-05-01,611600,Other Schools and Instruction,340
29-1111,2006-05-01,611600,Other Schools and Instruction,190
21-1021,2006-05-01,611700,Educational Support Services,0
21-1022,2006-05-01,611700,Educational Support Services,60
21-1029,2006-05-01,611700,Educational Support Services,350
29-1111,2006-05-01,611700,Educational Support Services,170
21-1021,2006-05-01,621100,Offices of Physicians,1100
21-1022,2006-05-01,621100,Offices of Physicians,2960
21-1023,2006-05-01,621100,Offices of Physicians,4020
21-1029,2006-05-01,621100,Offices of Physicians,190
29-1021,2006-05-01,621100,Offices of Physicians,1840
29-1022,2006-05-01,621100,Offices of Physicians,110
29-1023,2006-05-01,621100,Offices of Physicians,40
29-1051,2006-05-01,621100,Offices of Physicians,2960
29-1061,2006-05-01,621100,Offices of Physicians,24660
29-1062,2006-05-01,621100,Offices of Physicians,71590
29-1063,2006-05-01,621100,Offices of Physicians,37930
29-1064,2006-05-01,621100,Offices of Physicians,18940
29-1065,2006-05-01,621100,Offices of Physicians,22780
29-1066,2006-05-01,621100,Offices of Physicians,8560
29-1067,2006-05-01,621100,Offices of Physicians,42700
29-1069,2006-05-01,621100,Offices of Physicians,92050
29-1071,2006-05-01,621100,Offices of Physicians,35760
29-1111,2006-05-01,621100,Offices of Physicians,209260
29-1021,2006-05-01,621200,Offices of Dentists,79250
29-1022,2006-05-01,621200,Offices of Dentists,4900
29-1023,2006-05-01,621200,Offices of Dentists,5020
29-1024,2006-05-01,621200,Offices of Dentists,360
29-1029,2006-05-01,621200,Offices of Dentists,1720
29-1061,2006-05-01,621200,Offices of Dentists,110
29-1062,2006-05-01,621200,Offices of Dentists,170
29-1067,2006-05-01,621200,Offices of Dentists,0
29-1111,2006-05-01,621200,Offices of Dentists,1510
21-1021,2006-05-01,621300,Offices of Other Health Practitioners,2500
21-1022,2006-05-01,621300,Offices of Other Health Practitioners,1480
21-1023,2006-05-01,621300,Offices of Other Health Practitioners,3620
21-1029,2006-05-01,621300,Offices of Other Health Practitioners,330
29-1021,2006-05-01,621300,Offices of Other Health Practitioners,40
29-1051,2006-05-01,621300,Offices of Other Health Practitioners,140
29-1061,2006-05-01,621300,Offices of Other Health Practitioners,240
29-1062,2006-05-01,621300,Offices of Other Health Practitioners,930
29-1063,2006-05-01,621300,Offices of Other Health Practitioners,80
29-1065,2006-05-01,621300,Offices of Other Health Practitioners,40
29-1066,2006-05-01,621300,Offices of Other Health Practitioners,720
29-1067,2006-05-01,621300,Offices of Other Health Practitioners,390
29-1069,2006-05-01,621300,Offices of Other Health Practitioners,1560
29-1071,2006-05-01,621300,Offices of Other Health Practitioners,1040
29-1111,2006-05-01,621300,Offices of Other Health Practitioners,10720
21-1021,2006-05-01,621400,Outpatient Care Centers,6040
21-1022,2006-05-01,621400,Outpatient Care Centers,5820
21-1023,2006-05-01,621400,Outpatient Care Centers,17880
21-1029,2006-05-01,621400,Outpatient Care Centers,1060
29-1021,2006-05-01,621400,Outpatient Care Centers,990
29-1051,2006-05-01,621400,Outpatient Care Centers,2130
29-1061,2006-05-01,621400,Outpatient Care Centers,380
29-1062,2006-05-01,621400,Outpatient Care Centers,6820
29-1063,2006-05-01,621400,Outpatient Care Centers,1960
29-1064,2006-05-01,621400,Outpatient Care Centers,550
29-1065,2006-05-01,621400,Outpatient Care Centers,860
29-1066,2006-05-01,621400,Outpatient Care Centers,2780
29-1067,2006-05-01,621400,Outpatient Care Centers,1430
29-1069,2006-05-01,621400,Outpatient Care Centers,5400
29-1071,2006-05-01,621400,Outpatient Care Centers,4170
29-1111,2006-05-01,621400,Outpatient Care Centers,69870
29-1051,2006-05-01,621500,Medical and Diagnostic Laboratories,80
29-1062,2006-05-01,621500,Medical and Diagnostic Laboratories,300
29-1063,2006-05-01,621500,Medical and Diagnostic Laboratories,0
29-1069,2006-05-01,621500,Medical and Diagnostic Laboratories,4160
29-1071,2006-05-01,621500,Medical and Diagnostic Laboratories,160
29-1111,2006-05-01,621500,Medical and Diagnostic Laboratories,1870
21-1021,2006-05-01,621600,Home Health Care Services,850
21-1022,2006-05-01,621600,Home Health Care Services,12370
21-1023,2006-05-01,621600,Home Health Care Services,600
21-1029,2006-05-01,621600,Home Health Care Services,370
29-1021,2006-05-01,621600,Home Health Care Services,0
29-1051,2006-05-01,621600,Home Health Care Services,1690
29-1062,2006-05-01,621600,Home Health Care Services,430
29-1063,2006-05-01,621600,Home Health Care Services,120
29-1065,2006-05-01,621600,Home Health Care Services,30
29-1069,2006-05-01,621600,Home Health Care Services,310
29-1071,2006-05-01,621600,Home Health Care Services,110
29-1111,2006-05-01,621600,Home Health Care Services,124470
21-1021,2006-05-01,621900,Other Ambulatory Health Care Services,60
21-1022,2006-05-01,621900,Other Ambulatory Health Care Services,520
21-1023,2006-05-01,621900,Other Ambulatory Health Care Services,0
21-1029,2006-05-01,621900,Other Ambulatory Health Care Services,30
29-1021,2006-05-01,621900,Other Ambulatory Health Care Services,0
29-1051,2006-05-01,621900,Other Ambulatory Health Care Services,0
29-1061,2006-05-01,621900,Other Ambulatory Health Care Services,0
29-1062,2006-05-01,621900,Other Ambulatory Health Care Services,200
29-1063,2006-05-01,621900,Other Ambulatory Health Care Services,0
29-1066,2006-05-01,621900,Other Ambulatory Health Care Services,30
29-1069,2006-05-01,621900,Other Ambulatory Health Care Services,270
29-1071,2006-05-01,621900,Other Ambulatory Health Care Services,120
29-1111,2006-05-01,621900,Other Ambulatory Health Care Services,9690
21-1021,2006-05-01,622100,General Medical and Surgical Hospitals,2490
21-1022,2006-05-01,622100,General Medical and Surgical Hospitals,33290
21-1023,2006-05-01,622100,General Medical and Surgical Hospitals,7190
21-1029,2006-05-01,622100,General Medical and Surgical Hospitals,3890
29-1021,2006-05-01,622100,General Medical and Surgical Hospitals,820
29-1022,2006-05-01,622100,General Medical and Surgical Hospitals,190
29-1029,2006-05-01,622100,General Medical and Surgical Hospitals,100
29-1051,2006-05-01,622100,General Medical and Surgical Hospitals,52150
29-1061,2006-05-01,622100,General Medical and Surgical Hospitals,3650
29-1062,2006-05-01,622100,General Medical and Surgical Hospitals,16000
29-1063,2006-05-01,622100,General Medical and Surgical Hospitals,6480
29-1064,2006-05-01,622100,General Medical and Surgical Hospitals,2190
29-1065,2006-05-01,622100,General Medical and Surgical Hospitals,3130
29-1066,2006-05-01,622100,General Medical and Surgical Hospitals,3480
29-1067,2006-05-01,622100,General Medical and Surgical Hospitals,4920
29-1069,2006-05-01,622100,General Medical and Surgical Hospitals,61530
29-1071,2006-05-01,622100,General Medical and Surgical Hospitals,14530
29-1111,2006-05-01,622100,General Medical and Surgical Hospitals,1373610
21-1021,2006-05-01,622200,Psychiatric and Substance Abuse Hospitals,1460
21-1022,2006-05-01,622200,Psychiatric and Substance Abuse Hospitals,2300
21-1023,2006-05-01,622200,Psychiatric and Substance Abuse Hospitals,9810
21-1029,2006-05-01,622200,Psychiatric and Substance Abuse Hospitals,1470
29-1021,2006-05-01,622200,Psychiatric and Substance Abuse Hospitals,160
29-1051,2006-05-01,622200,Psychiatric and Substance Abuse Hospitals,1230
29-1062,2006-05-01,622200,Psychiatric and Substance Abuse Hospitals,800
29-1063,2006-05-01,622200,Psychiatric and Substance Abuse Hospitals,140
29-1066,2006-05-01,622200,Psychiatric and Substance Abuse Hospitals,3370
29-1067,2006-05-01,622200,Psychiatric and Substance Abuse Hospitals,140
29-1069,2006-05-01,622200,Psychiatric and Substance Abuse Hospitals,530
29-1071,2006-05-01,622200,Psychiatric and Substance Abuse Hospitals,230
29-1111,2006-05-01,622200,Psychiatric and Substance Abuse Hospitals,32000
21-1021,2006-05-01,622300,Specialty (except Psychiatric and Substance Abuse) Hospitals,390
21-1022,2006-05-01,622300,Specialty (except Psychiatric and Substance Abuse) Hospitals,1730
21-1023,2006-05-01,622300,Specialty (except Psychiatric and Substance Abuse) Hospitals,1410
21-1029,2006-05-01,622300,Specialty (except Psychiatric and Substance Abuse) Hospitals,160
29-1021,2006-05-01,622300,Specialty (except Psychiatric and Substance Abuse) Hospitals,80
29-1051,2006-05-01,622300,Specialty (except Psychiatric and Substance Abuse) Hospitals,1790
29-1061,2006-05-01,622300,Specialty (except Psychiatric and Substance Abuse) Hospitals,80
29-1062,2006-05-01,622300,Specialty (except Psychiatric and Substance Abuse) Hospitals,340
29-1063,2006-05-01,622300,Specialty (except Psychiatric and Substance Abuse) Hospitals,100
29-1065,2006-05-01,622300,Specialty (except Psychiatric and Substance Abuse) Hospitals,450
29-1066,2006-05-01,622300,Specialty (except Psychiatric and Substance Abuse) Hospitals,100
29-1067,2006-05-01,622300,Specialty (except Psychiatric and Substance Abuse) Hospitals,220
29-1069,2006-05-01,622300,Specialty (except Psychiatric and Substance Abuse) Hospitals,2180
29-1071,2006-05-01,622300,Specialty (except Psychiatric and Substance Abuse) Hospitals,400
29-1111,2006-05-01,622300,Specialty (except Psychiatric and Substance Abuse) Hospitals,40500
21-1021,2006-05-01,623100,Nursing Care Facilities,340
21-1022,2006-05-01,623100,Nursing Care Facilities,11890
21-1023,2006-05-01,623100,Nursing Care Facilities,400
21-1029,2006-05-01,623100,Nursing Care Facilities,700
29-1051,2006-05-01,623100,Nursing Care Facilities,640
29-1062,2006-05-01,623100,Nursing Care Facilities,160
29-1063,2006-05-01,623100,Nursing Care Facilities,40
29-1069,2006-05-01,623100,Nursing Care Facilities,100
29-1071,2006-05-01,623100,Nursing Care Facilities,80
29-1111,2006-05-01,623100,Nursing Care Facilities,122990
21-1021,2006-05-01,623200,"Residential Mental Retardation, Mental Health and Substance Abuse Facilities",4830
21-1022,2006-05-01,623200,"Residential Mental Retardation, Mental Health and Substance Abuse Facilities",2290
21-1023,2006-05-01,623200,"Residential Mental Retardation, Mental Health and Substance Abuse Facilities",17130
21-1029,2006-05-01,623200,"Residential Mental Retardation, Mental Health and Substance Abuse Facilities",2410
29-1051,2006-05-01,623200,"Residential Mental Retardation, Mental Health and Substance Abuse Facilities",80
29-1062,2006-05-01,623200,"Residential Mental Retardation, Mental Health and Substance Abuse Facilities",40
29-1066,2006-05-01,623200,"Residential Mental Retardation, Mental Health and Substance Abuse Facilities",420
29-1111,2006-05-01,623200,"Residential Mental Retardation, Mental Health and Substance Abuse Facilities",11560
21-1021,2006-05-01,623300,Community Care Facilities for the Elderly,150
21-1022,2006-05-01,623300,Community Care Facilities for the Elderly,2230
21-1023,2006-05-01,623300,Community Care Facilities for the Elderly,310
21-1029,2006-05-01,623300,Community Care Facilities for the Elderly,330
29-1051,2006-05-01,623300,Community Care Facilities for the Elderly,120
29-1111,2006-05-01,623300,Community Care Facilities for the Elderly,24010
21-1021,2006-05-01,623900,Other Residential Care Facilities,9670
21-1022,2006-05-01,623900,Other Residential Care Facilities,530
21-1023,2006-05-01,623900,Other Residential Care Facilities,3650
21-1029,2006-05-01,623900,Other Residential Care Facilities,1080
29-1066,2006-05-01,623900,Other Residential Care Facilities,60
29-1111,2006-05-01,623900,Other Residential Care Facilities,1990
21-1021,2006-05-01,624100,Individual and Family Services,51180
21-1022,2006-05-01,624100,Individual and Family Services,14030
21-1023,2006-05-01,624100,Individual and Family Services,20810
21-1029,2006-05-01,624100,Individual and Family Services,9430
29-1021,2006-05-01,624100,Individual and Family Services,50
29-1029,2006-05-01,624100,Individual and Family Services,90
29-1051,2006-05-01,624100,Individual and Family Services,80
29-1062,2006-05-01,624100,Individual and Family Services,50
29-1066,2006-05-01,624100,Individual and Family Services,720
29-1069,2006-05-01,624100,Individual and Family Services,90
29-1071,2006-05-01,624100,Individual and Family Services,0
29-1111,2006-05-01,624100,Individual and Family Services,13380
21-1021,2006-05-01,624200,"Community Food and Housing, and Emergency and Other Relief Services",6810
21-1022,2006-05-01,624200,"Community Food and Housing, and Emergency and Other Relief Services",870
21-1023,2006-05-01,624200,"Community Food and Housing, and Emergency and Other Relief Services",2540
21-1029,2006-05-01,624200,"Community Food and Housing, and Emergency and Other Relief Services",2070
29-1111,2006-05-01,624200,"Community Food and Housing, and Emergency and Other Relief Services",570
21-1021,2006-05-01,624300,Vocational Rehabilitation Services,2370
21-1022,2006-05-01,624300,Vocational Rehabilitation Services,940
21-1023,2006-05-01,624300,Vocational Rehabilitation Services,1720
21-1029,2006-05-01,624300,Vocational Rehabilitation Services,1390
29-1066,2006-05-01,624300,Vocational Rehabilitation Services,50
29-1111,2006-05-01,624300,Vocational Rehabilitation Services,2160
21-1021,2006-05-01,624400,Child Day Care Services,7170
21-1022,2006-05-01,624400,Child Day Care Services,280
21-1023,2006-05-01,624400,Child Day Care Services,0
21-1029,2006-05-01,624400,Child Day Care Services,120
29-1111,2006-05-01,624400,Child Day Care Services,1010
29-1069,2006-05-01,711200,Spectator Sports,30
29-1111,2006-05-01,711200,Spectator Sports,80
29-1111,2006-05-01,713100,Amusement Parks and Arcades,290
29-1111,2006-05-01,713900,Other Amusement and Recreation Industries,110
29-1111,2006-05-01,721100,Traveler Accommodation,50
29-1111,2006-05-01,812100,Personal Care Services,0
21-1022,2006-05-01,812200,Death Care Services,70
29-1111,2006-05-01,812900,Other Personal Services,140
21-1021,2006-05-01,813100,Religious Organizations,400
21-1022,2006-05-01,813100,Religious Organizations,0
21-1023,2006-05-01,813100,Religious Organizations,150
21-1029,2006-05-01,813100,Religious Organizations,80
29-1111,2006-05-01,813100,Religious Organizations,450
21-1021,2006-05-01,813200,Grantmaking and Giving Services,1330
21-1022,2006-05-01,813200,Grantmaking and Giving Services,1690
21-1023,2006-05-01,813200,Grantmaking and Giving Services,320
21-1029,2006-05-01,813200,Grantmaking and Giving Services,140
29-1051,2006-05-01,813200,Grantmaking and Giving Services,0
29-1111,2006-05-01,813200,Grantmaking and Giving Services,350
21-1021,2006-05-01,813300,Social Advocacy Organizations,5870
21-1022,2006-05-01,813300,Social Advocacy Organizations,1730
21-1023,2006-05-01,813300,Social Advocacy Organizations,1980
21-1029,2006-05-01,813300,Social Advocacy Organizations,1160
29-1111,2006-05-01,813300,Social Advocacy Organizations,230
21-1021,2006-05-01,813400,Civic and Social Organizations,2980
21-1022,2006-05-01,813400,Civic and Social Organizations,180
21-1023,2006-05-01,813400,Civic and Social Organizations,440
21-1029,2006-05-01,813400,Civic and Social Organizations,340
29-1111,2006-05-01,813400,Civic and Social Organizations,150
21-1021,2006-05-01,813900,"Business, Professional, Labor, Political, and Similar Organizations",100
21-1022,2006-05-01,813900,"Business, Professional, Labor, Political, and Similar Organizations",110
21-1023,2006-05-01,813900,"Business, Professional, Labor, Political, and Similar Organizations",40
21-1029,2006-05-01,813900,"Business, Professional, Labor, Political, and Similar Organizations",60
29-1051,2006-05-01,813900,"Business, Professional, Labor, Political, and Similar Organizations",0
29-1111,2006-05-01,813900,"Business, Professional, Labor, Political, and Similar Organizations",680
21-1029,2006-05-01,999100,Federal Executive Branch (OES designation),5360
29-1029,2006-05-01,999100,Federal Executive Branch (OES designation),1500
29-1051,2006-05-01,999100,Federal Executive Branch (OES designation),5470
29-1069,2006-05-01,999100,Federal Executive Branch (OES designation),22810
29-1071,2006-05-01,999100,Federal Executive Branch (OES designation),1950
29-1111,2006-05-01,999100,Federal Executive Branch (OES designation),49170
21-1021,2006-05-01,999200,State Government (OES designation),63300
21-1022,2006-05-01,999200,State Government (OES designation),4250
21-1023,2006-05-01,999200,State Government (OES designation),0
21-1029,2006-05-01,999200,State Government (OES designation),8210
29-1021,2006-05-01,999200,State Government (OES designation),1040
29-1029,2006-05-01,999200,State Government (OES designation),300
29-1051,2006-05-01,999200,State Government (OES designation),1200
29-1062,2006-05-01,999200,State Government (OES designation),1330
29-1063,2006-05-01,999200,State Government (OES designation),180
29-1066,2006-05-01,999200,State Government (OES designation),1290
29-1067,2006-05-01,999200,State Government (OES designation),240
29-1069,2006-05-01,999200,State Government (OES designation),1110
29-1071,2006-05-01,999200,State Government (OES designation),280
29-1111,2006-05-01,999200,State Government (OES designation),38110
21-1021,2006-05-01,999300,Local Government (OES designation),48130
21-1022,2006-05-01,999300,Local Government (OES designation),10240
21-1023,2006-05-01,999300,Local Government (OES designation),12780
21-1029,2006-05-01,999300,Local Government (OES designation),15640
29-1021,2006-05-01,999300,Local Government (OES designation),570
29-1051,2006-05-01,999300,Local Government (OES designation),770
29-1062,2006-05-01,999300,Local Government (OES designation),4700
29-1063,2006-05-01,999300,Local Government (OES designation),50
29-1065,2006-05-01,999300,Local Government (OES designation),30
29-1066,2006-05-01,999300,Local Government (OES designation),1640
29-1069,2006-05-01,999300,Local Government (OES designation),1710
29-1071,2006-05-01,999300,Local Government (OES designation),460
29-1111,2006-05-01,999300,Local Government (OES designation),47950
29-1111,2007-05-01,221100,"Electric Power Generation, Transmission and Distribution",40
29-1111,2007-05-01,311600,Animal Slaughtering and Processing,290
29-1111,2007-05-01,313100,"Fiber, Yarn, and Thread Mills",40
29-1111,2007-05-01,322100,"Pulp, Paper, and Paperboard Mills",90
29-1111,2007-05-01,322200,Converted Paper Product Manufacturing,40
29-1111,2007-05-01,324100,Petroleum and Coal Products Manufacturing,40
29-1111,2007-05-01,325100,Basic Chemical Manufacturing,70
29-1111,2007-05-01,325200,"Resin, Synthetic Rubber, and Artificial Synthetic Fibers and Filaments Manufacturing",70
29-1111,2007-05-01,325400,Pharmaceutical and Medicine Manufacturing,140
29-1111,2007-05-01,326100,Plastics Product Manufacturing,40
29-1111,2007-05-01,331500,Foundries,40
29-1111,2007-05-01,332900,Other Fabricated Metal Product Manufacturing,70
29-1111,2007-05-01,334400,Semiconductor and Other Electronic Component Manufacturing,70
29-1111,2007-05-01,334500,"Navigational, Measuring, Electromedical, and Control Instruments Manufacturing",80
29-1111,2007-05-01,335200,Household Appliance Manufacturing,40
29-1111,2007-05-01,336100,Motor Vehicle Manufacturing,160
29-1111,2007-05-01,336300,Motor Vehicle Parts Manufacturing,240
29-1111,2007-05-01,336400,Aerospace Product and Parts Manufacturing,100
29-1111,2007-05-01,336600,Ship and Boat Building,40
29-1021,2007-05-01,339100,Medical Equipment and Supplies Manufacturing,70
29-1024,2007-05-01,339100,Medical Equipment and Supplies Manufacturing,30
29-1111,2007-05-01,339100,Medical Equipment and Supplies Manufacturing,70
29-1051,2007-05-01,423400,Professional and Commercial Equipment and Supplies Merchant Wholesalers,350
29-1111,2007-05-01,423400,Professional and Commercial Equipment and Supplies Merchant Wholesalers,470
29-1051,2007-05-01,424200,Drugs and Druggists' Sundries Merchant Wholesalers,3990
29-1111,2007-05-01,424200,Drugs and Druggists' Sundries Merchant Wholesalers,1020
29-1051,2007-05-01,425100,Wholesale Electronic Markets and Agents and Brokers,600
29-1051,2007-05-01,445100,Grocery Stores,20690
29-1051,2007-05-01,446100,Health and Personal Care Stores,115110
29-1111,2007-05-01,446100,Health and Personal Care Stores,1410
29-1051,2007-05-01,447100,Gasoline Stations,40
29-1051,2007-05-01,452100,Department Stores,15060
29-1051,2007-05-01,452900,Other General Merchandise Stores,10850
29-1051,2007-05-01,454100,Electronic Shopping and Mail-Order Houses,4010
29-1111,2007-05-01,454100,Electronic Shopping and Mail-Order Houses,450
29-1111,2007-05-01,481200,Nonscheduled Air Transportation,0
29-1111,2007-05-01,491100,Postal Service,190
29-1051,2007-05-01,493100,Warehousing and Storage,210
29-1111,2007-05-01,493100,Warehousing and Storage,50
29-1111,2007-05-01,511100,"Newspaper, Periodical, Book, and Directory Publishers",0
29-1111,2007-05-01,512100,Motion Picture and Video Industries,30
29-1051,2007-05-01,518200,"Data Processing, Hosting, and Related Services",30
29-1111,2007-05-01,518200,"Data Processing, Hosting, and Related Services",60
21-1022,2007-05-01,524100,Insurance Carriers,540
21-1023,2007-05-01,524100,Insurance Carriers,50
21-1029,2007-05-01,524100,Insurance Carriers,220
29-1021,2007-05-01,524100,Insurance Carriers,30
29-1051,2007-05-01,524100,Insurance Carriers,1050
29-1062,2007-05-01,524100,Insurance Carriers,100
29-1066,2007-05-01,524100,Insurance Carriers,40
29-1069,2007-05-01,524100,Insurance Carriers,150
29-1111,2007-05-01,524100,Insurance Carriers,17190
21-1022,2007-05-01,524200,"Agencies, Brokerages, and Other Insurance Related Activities",80
29-1051,2007-05-01,524200,"Agencies, Brokerages, and Other Insurance Related Activities",360
29-1111,2007-05-01,524200,"Agencies, Brokerages, and Other Insurance Related Activities",4520
29-1051,2007-05-01,525100,Insurance and Employee Benefit Funds,0
29-1111,2007-05-01,525100,Insurance and Employee Benefit Funds,830
21-1021,2007-05-01,531100,Lessors of Real Estate,100
21-1022,2007-05-01,531100,Lessors of Real Estate,40
29-1111,2007-05-01,531100,Lessors of Real Estate,820
21-1022,2007-05-01,531300,Activities Related to Real Estate,110
29-1111,2007-05-01,531300,Activities Related to Real Estate,0
29-1051,2007-05-01,532200,Consumer Goods Rental,260
29-1111,2007-05-01,532200,Consumer Goods Rental,400
21-1021,2007-05-01,541100,Legal Services,140
29-1111,2007-05-01,541100,Legal Services,290
29-1111,2007-05-01,541200,"Accounting, Tax Preparation, Bookkeeping, and Payroll Services",0
29-1111,2007-05-01,541300,"Architectural, Engineering, and Related Services",120
29-1051,2007-05-01,541500,Computer Systems Design and Related Services,40
29-1069,2007-05-01,541500,Computer Systems Design and Related Services,40
29-1111,2007-05-01,541500,Computer Systems Design and Related Services,180
21-1022,2007-05-01,541600,"Management, Scientific, and Technical Consulting Services",100
21-1029,2007-05-01,541600,"Management, Scientific, and Technical Consulting Services",170
29-1051,2007-05-01,541600,"Management, Scientific, and Technical Consulting Services",240
29-1062,2007-05-01,541600,"Management, Scientific, and Technical Consulting Services",30
29-1069,2007-05-01,541600,"Management, Scientific, and Technical Consulting Services",150
29-1071,2007-05-01,541600,"Management, Scientific, and Technical Consulting Services",0
29-1111,2007-05-01,541600,"Management, Scientific, and Technical Consulting Services",3650
21-1021,2007-05-01,541700,Scientific Research and Development Services,0
21-1022,2007-05-01,541700,Scientific Research and Development Services,300
21-1029,2007-05-01,541700,Scientific Research and Development Services,60
29-1051,2007-05-01,541700,Scientific Research and Development Services,220
29-1066,2007-05-01,541700,Scientific Research and Development Services,210
29-1069,2007-05-01,541700,Scientific Research and Development Services,620
29-1071,2007-05-01,541700,Scientific Research and Development Services,190
29-1111,2007-05-01,541700,Scientific Research and Development Services,2330
29-1111,2007-05-01,541900,"Other Professional, Scientific, and Technical Services",0
21-1021,2007-05-01,551100,Management of Companies and Enterprises,2170
21-1022,2007-05-01,551100,Management of Companies and Enterprises,640
21-1023,2007-05-01,551100,Management of Companies and Enterprises,1160
21-1029,2007-05-01,551100,Management of Companies and Enterprises,830
29-1051,2007-05-01,551100,Management of Companies and Enterprises,990
29-1062,2007-05-01,551100,Management of Companies and Enterprises,420
29-1063,2007-05-01,551100,Management of Companies and Enterprises,70
29-1066,2007-05-01,551100,Management of Companies and Enterprises,90
29-1069,2007-05-01,551100,Management of Companies and Enterprises,680
29-1071,2007-05-01,551100,Management of Companies and Enterprises,170
29-1111,2007-05-01,551100,Management of Companies and Enterprises,10400
21-1021,2007-05-01,561100,Office Administrative Services,170
21-1022,2007-05-01,561100,Office Administrative Services,280
21-1023,2007-05-01,561100,Office Administrative Services,390
21-1029,2007-05-01,561100,Office Administrative Services,110
29-1051,2007-05-01,561100,Office Administrative Services,770
29-1062,2007-05-01,561100,Office Administrative Services,0
29-1069,2007-05-01,561100,Office Administrative Services,340
29-1071,2007-05-01,561100,Office Administrative Services,340
29-1111,2007-05-01,561100,Office Administrative Services,5270
21-1021,2007-05-01,561200,Facilities Support Services,30
21-1023,2007-05-01,561200,Facilities Support Services,380
21-1029,2007-05-01,561200,Facilities Support Services,110
29-1071,2007-05-01,561200,Facilities Support Services,30
29-1111,2007-05-01,561200,Facilities Support Services,610
21-1021,2007-05-01,561300,Employment Services,670
21-1022,2007-05-01,561300,Employment Services,1000
21-1023,2007-05-01,561300,Employment Services,400
21-1029,2007-05-01,561300,Employment Services,330
29-1021,2007-05-01,561300,Employment Services,280
29-1051,2007-05-01,561300,Employment Services,4640
29-1061,2007-05-01,561300,Employment Services,70
29-1062,2007-05-01,561300,Employment Services,540
29-1065,2007-05-01,561300,Employment Services,50
29-1066,2007-05-01,561300,Employment Services,100
29-1069,2007-05-01,561300,Employment Services,1090
29-1071,2007-05-01,561300,Employment Services,730
29-1111,2007-05-01,561300,Employment Services,96550
29-1111,2007-05-01,561400,Business Support Services,180
21-1021,2007-05-01,561900,Other Support Services,0
29-1051,2007-05-01,561900,Other Support Services,0
29-1111,2007-05-01,561900,Other Support Services,180
21-1021,2007-05-01,611100,Elementary and Secondary Schools,35160
21-1022,2007-05-01,611100,Elementary and Secondary Schools,200
21-1023,2007-05-01,611100,Elementary and Secondary Schools,380
21-1029,2007-05-01,611100,Elementary and Secondary Schools,1440
29-1062,2007-05-01,611100,Elementary and Secondary Schools,50
29-1065,2007-05-01,611100,Elementary and Secondary Schools,230
29-1066,2007-05-01,611100,Elementary and Secondary Schools,60
29-1069,2007-05-01,611100,Elementary and Secondary Schools,70
29-1111,2007-05-01,611100,Elementary and Secondary Schools,47560
21-1021,2007-05-01,611200,Junior Colleges,510
21-1022,2007-05-01,611200,Junior Colleges,50
21-1029,2007-05-01,611200,Junior Colleges,210
29-1021,2007-05-01,611200,Junior Colleges,70
29-1111,2007-05-01,611200,Junior Colleges,660
21-1021,2007-05-01,611300,"Colleges, Universities, and Professional Schools",1040
21-1022,2007-05-01,611300,"Colleges, Universities, and Professional Schools",830
21-1023,2007-05-01,611300,"Colleges, Universities, and Professional Schools",280
21-1029,2007-05-01,611300,"Colleges, Universities, and Professional Schools",330
29-1021,2007-05-01,611300,"Colleges, Universities, and Professional Schools",260
29-1029,2007-05-01,611300,"Colleges, Universities, and Professional Schools",0
29-1051,2007-05-01,611300,"Colleges, Universities, and Professional Schools",1210
29-1061,2007-05-01,611300,"Colleges, Universities, and Professional Schools",590
29-1062,2007-05-01,611300,"Colleges, Universities, and Professional Schools",3520
29-1063,2007-05-01,611300,"Colleges, Universities, and Professional Schools",1040
29-1064,2007-05-01,611300,"Colleges, Universities, and Professional Schools",530
29-1065,2007-05-01,611300,"Colleges, Universities, and Professional Schools",1250
29-1066,2007-05-01,611300,"Colleges, Universities, and Professional Schools",750
29-1067,2007-05-01,611300,"Colleges, Universities, and Professional Schools",1550
29-1069,2007-05-01,611300,"Colleges, Universities, and Professional Schools",10490
29-1071,2007-05-01,611300,"Colleges, Universities, and Professional Schools",1790
29-1111,2007-05-01,611300,"Colleges, Universities, and Professional Schools",29230
21-1021,2007-05-01,611400,Business Schools and Computer and Management Training,190
21-1021,2007-05-01,611500,Technical and Trade Schools,30
29-1111,2007-05-01,611500,Technical and Trade Schools,30
21-1021,2007-05-01,611600,Other Schools and Instruction,400
29-1111,2007-05-01,611600,Other Schools and Instruction,190
21-1021,2007-05-01,611700,Educational Support Services,960
21-1022,2007-05-01,611700,Educational Support Services,0
21-1029,2007-05-01,611700,Educational Support Services,270
29-1111,2007-05-01,611700,Educational Support Services,150
21-1021,2007-05-01,621100,Offices of Physicians,1100
21-1022,2007-05-01,621100,Offices of Physicians,3010
21-1023,2007-05-01,621100,Offices of Physicians,3530
21-1029,2007-05-01,621100,Offices of Physicians,200
29-1021,2007-05-01,621100,Offices of Physicians,2270
29-1022,2007-05-01,621100,Offices of Physicians,130
29-1051,2007-05-01,621100,Offices of Physicians,2750
29-1061,2007-05-01,621100,Offices of Physicians,24880
29-1062,2007-05-01,621100,Offices of Physicians,74070
29-1063,2007-05-01,621100,Offices of Physicians,34520
29-1064,2007-05-01,621100,Offices of Physicians,17370
29-1065,2007-05-01,621100,Offices of Physicians,22210
29-1066,2007-05-01,621100,Offices of Physicians,5560
29-1067,2007-05-01,621100,Offices of Physicians,40040
29-1069,2007-05-01,621100,Offices of Physicians,114010
29-1071,2007-05-01,621100,Offices of Physicians,37440
29-1111,2007-05-01,621100,Offices of Physicians,209870
21-1021,2007-05-01,621200,Offices of Dentists,0
29-1021,2007-05-01,621200,Offices of Dentists,78170
29-1022,2007-05-01,621200,Offices of Dentists,4660
29-1023,2007-05-01,621200,Offices of Dentists,5230
29-1024,2007-05-01,621200,Offices of Dentists,310
29-1029,2007-05-01,621200,Offices of Dentists,1610
29-1061,2007-05-01,621200,Offices of Dentists,0
29-1062,2007-05-01,621200,Offices of Dentists,80
29-1067,2007-05-01,621200,Offices of Dentists,140
29-1071,2007-05-01,621200,Offices of Dentists,0
29-1111,2007-05-01,621200,Offices of Dentists,1610
21-1021,2007-05-01,621300,Offices of Other Health Practitioners,2200
21-1022,2007-05-01,621300,Offices of Other Health Practitioners,1260
21-1023,2007-05-01,621300,Offices of Other Health Practitioners,5110
21-1029,2007-05-01,621300,Offices of Other Health Practitioners,230
29-1021,2007-05-01,621300,Offices of Other Health Practitioners,80
29-1051,2007-05-01,621300,Offices of Other Health Practitioners,210
29-1061,2007-05-01,621300,Offices of Other Health Practitioners,460
29-1062,2007-05-01,621300,Offices of Other Health Practitioners,640
29-1063,2007-05-01,621300,Offices of Other Health Practitioners,80
29-1065,2007-05-01,621300,Offices of Other Health Practitioners,0
29-1066,2007-05-01,621300,Offices of Other Health Practitioners,700
29-1067,2007-05-01,621300,Offices of Other Health Practitioners,280
29-1069,2007-05-01,621300,Offices of Other Health Practitioners,2180
29-1071,2007-05-01,621300,Offices of Other Health Practitioners,1040
29-1111,2007-05-01,621300,Offices of Other Health Practitioners,11890
21-1021,2007-05-01,621400,Outpatient Care Centers,5850
21-1022,2007-05-01,621400,Outpatient Care Centers,6100
21-1023,2007-05-01,621400,Outpatient Care Centers,21290
21-1029,2007-05-01,621400,Outpatient Care Centers,990
29-1021,2007-05-01,621400,Outpatient Care Centers,860
29-1051,2007-05-01,621400,Outpatient Care Centers,2300
29-1061,2007-05-01,621400,Outpatient Care Centers,570
29-1062,2007-05-01,621400,Outpatient Care Centers,7240
29-1063,2007-05-01,621400,Outpatient Care Centers,1920
29-1064,2007-05-01,621400,Outpatient Care Centers,770
29-1065,2007-05-01,621400,Outpatient Care Centers,960
29-1066,2007-05-01,621400,Outpatient Care Centers,2850
29-1067,2007-05-01,621400,Outpatient Care Centers,1670
29-1069,2007-05-01,621400,Outpatient Care Centers,5360
29-1071,2007-05-01,621400,Outpatient Care Centers,5230
29-1111,2007-05-01,621400,Outpatient Care Centers,72690
21-1022,2007-05-01,621500,Medical and Diagnostic Laboratories,40
29-1051,2007-05-01,621500,Medical and Diagnostic Laboratories,90
29-1062,2007-05-01,621500,Medical and Diagnostic Laboratories,0
29-1063,2007-05-01,621500,Medical and Diagnostic Laboratories,50
29-1069,2007-05-01,621500,Medical and Diagnostic Laboratories,4350
29-1071,2007-05-01,621500,Medical and Diagnostic Laboratories,230
29-1111,2007-05-01,621500,Medical and Diagnostic Laboratories,1900
21-1021,2007-05-01,621600,Home Health Care Services,1110
21-1022,2007-05-01,621600,Home Health Care Services,13360
21-1023,2007-05-01,621600,Home Health Care Services,500
21-1029,2007-05-01,621600,Home Health Care Services,530
29-1021,2007-05-01,621600,Home Health Care Services,0
29-1051,2007-05-01,621600,Home Health Care Services,1590
29-1062,2007-05-01,621600,Home Health Care Services,580
29-1063,2007-05-01,621600,Home Health Care Services,220
29-1069,2007-05-01,621600,Home Health Care Services,290
29-1071,2007-05-01,621600,Home Health Care Services,40
29-1111,2007-05-01,621600,Home Health Care Services,127230
21-1021,2007-05-01,621900,Other Ambulatory Health Care Services,0
21-1022,2007-05-01,621900,Other Ambulatory Health Care Services,510
29-1021,2007-05-01,621900,Other Ambulatory Health Care Services,50
29-1051,2007-05-01,621900,Other Ambulatory Health Care Services,40
29-1062,2007-05-01,621900,Other Ambulatory Health Care Services,220
29-1063,2007-05-01,621900,Other Ambulatory Health Care Services,110
29-1069,2007-05-01,621900,Other Ambulatory Health Care Services,380
29-1071,2007-05-01,621900,Other Ambulatory Health Care Services,210
29-1111,2007-05-01,621900,Other Ambulatory Health Care Services,9950
21-1021,2007-05-01,622100,General Medical and Surgical Hospitals,2490
21-1022,2007-05-01,622100,General Medical and Surgical Hospitals,34820
21-1023,2007-05-01,622100,General Medical and Surgical Hospitals,0
21-1029,2007-05-01,622100,General Medical and Surgical Hospitals,3710
29-1021,2007-05-01,622100,General Medical and Surgical Hospitals,780
29-1022,2007-05-01,622100,General Medical and Surgical Hospitals,130
29-1029,2007-05-01,622100,General Medical and Surgical Hospitals,110
29-1051,2007-05-01,622100,General Medical and Surgical Hospitals,52720
29-1061,2007-05-01,622100,General Medical and Surgical Hospitals,4110
29-1062,2007-05-01,622100,General Medical and Surgical Hospitals,17810
29-1063,2007-05-01,622100,General Medical and Surgical Hospitals,7540
29-1064,2007-05-01,622100,General Medical and Surgical Hospitals,2410
29-1065,2007-05-01,622100,General Medical and Surgical Hospitals,3450
29-1066,2007-05-01,622100,General Medical and Surgical Hospitals,3590
29-1067,2007-05-01,622100,General Medical and Surgical Hospitals,5600
29-1069,2007-05-01,622100,General Medical and Surgical Hospitals,66480
29-1071,2007-05-01,622100,General Medical and Surgical Hospitals,15340
29-1111,2007-05-01,622100,General Medical and Surgical Hospitals,1409220
21-1021,2007-05-01,622200,Psychiatric and Substance Abuse Hospitals,1240
21-1022,2007-05-01,622200,Psychiatric and Substance Abuse Hospitals,1830
21-1023,2007-05-01,622200,Psychiatric and Substance Abuse Hospitals,9520
21-1029,2007-05-01,622200,Psychiatric and Substance Abuse Hospitals,1590
29-1021,2007-05-01,622200,Psychiatric and Substance Abuse Hospitals,150
29-1051,2007-05-01,622200,Psychiatric and Substance Abuse Hospitals,1180
29-1062,2007-05-01,622200,Psychiatric and Substance Abuse Hospitals,710
29-1063,2007-05-01,622200,Psychiatric and Substance Abuse Hospitals,140
29-1066,2007-05-01,622200,Psychiatric and Substance Abuse Hospitals,3460
29-1067,2007-05-01,622200,Psychiatric and Substance Abuse Hospitals,130
29-1069,2007-05-01,622200,Psychiatric and Substance Abuse Hospitals,660
29-1071,2007-05-01,622200,Psychiatric and Substance Abuse Hospitals,250
29-1111,2007-05-01,622200,Psychiatric and Substance Abuse Hospitals,32620
21-1021,2007-05-01,622300,Specialty (except Psychiatric and Substance Abuse) Hospitals,360
21-1022,2007-05-01,622300,Specialty (except Psychiatric and Substance Abuse) Hospitals,1830
21-1023,2007-05-01,622300,Specialty (except Psychiatric and Substance Abuse) Hospitals,0
21-1029,2007-05-01,622300,Specialty (except Psychiatric and Substance Abuse) Hospitals,160
29-1021,2007-05-01,622300,Specialty (except Psychiatric and Substance Abuse) Hospitals,80
29-1051,2007-05-01,622300,Specialty (except Psychiatric and Substance Abuse) Hospitals,1890
29-1061,2007-05-01,622300,Specialty (except Psychiatric and Substance Abuse) Hospitals,90
29-1062,2007-05-01,622300,Specialty (except Psychiatric and Substance Abuse) Hospitals,260
29-1063,2007-05-01,622300,Specialty (except Psychiatric and Substance Abuse) Hospitals,90
29-1064,2007-05-01,622300,Specialty (except Psychiatric and Substance Abuse) Hospitals,130
29-1065,2007-05-01,622300,Specialty (except Psychiatric and Substance Abuse) Hospitals,180
29-1066,2007-05-01,622300,Specialty (except Psychiatric and Substance Abuse) Hospitals,100
29-1067,2007-05-01,622300,Specialty (except Psychiatric and Substance Abuse) Hospitals,150
29-1069,2007-05-01,622300,Specialty (except Psychiatric and Substance Abuse) Hospitals,2140
29-1071,2007-05-01,622300,Specialty (except Psychiatric and Substance Abuse) Hospitals,490
29-1111,2007-05-01,622300,Specialty (except Psychiatric and Substance Abuse) Hospitals,43300
21-1021,2007-05-01,623100,Nursing Care Facilities,380
21-1022,2007-05-01,623100,Nursing Care Facilities,12430
21-1023,2007-05-01,623100,Nursing Care Facilities,430
21-1029,2007-05-01,623100,Nursing Care Facilities,540
29-1051,2007-05-01,623100,Nursing Care Facilities,690
29-1062,2007-05-01,623100,Nursing Care Facilities,160
29-1063,2007-05-01,623100,Nursing Care Facilities,0
29-1066,2007-05-01,623100,Nursing Care Facilities,0
29-1069,2007-05-01,623100,Nursing Care Facilities,140
29-1071,2007-05-01,623100,Nursing Care Facilities,80
29-1111,2007-05-01,623100,Nursing Care Facilities,123480
21-1021,2007-05-01,623200,"Residential Mental Retardation, Mental Health and Substance Abuse Facilities",5070
21-1022,2007-05-01,623200,"Residential Mental Retardation, Mental Health and Substance Abuse Facilities",2630
21-1023,2007-05-01,623200,"Residential Mental Retardation, Mental Health and Substance Abuse Facilities",17650
21-1029,2007-05-01,623200,"Residential Mental Retardation, Mental Health and Substance Abuse Facilities",2220
29-1051,2007-05-01,623200,"Residential Mental Retardation, Mental Health and Substance Abuse Facilities",70
29-1062,2007-05-01,623200,"Residential Mental Retardation, Mental Health and Substance Abuse Facilities",30
29-1066,2007-05-01,623200,"Residential Mental Retardation, Mental Health and Substance Abuse Facilities",430
29-1071,2007-05-01,623200,"Residential Mental Retardation, Mental Health and Substance Abuse Facilities",30
29-1111,2007-05-01,623200,"Residential Mental Retardation, Mental Health and Substance Abuse Facilities",10490
21-1021,2007-05-01,623300,Community Care Facilities for the Elderly,300
21-1022,2007-05-01,623300,Community Care Facilities for the Elderly,2400
21-1023,2007-05-01,623300,Community Care Facilities for the Elderly,390
21-1029,2007-05-01,623300,Community Care Facilities for the Elderly,360
29-1051,2007-05-01,623300,Community Care Facilities for the Elderly,120
29-1111,2007-05-01,623300,Community Care Facilities for the Elderly,24380
21-1021,2007-05-01,623900,Other Residential Care Facilities,9500
21-1022,2007-05-01,623900,Other Residential Care Facilities,680
21-1023,2007-05-01,623900,Other Residential Care Facilities,3530
21-1029,2007-05-01,623900,Other Residential Care Facilities,1190
29-1066,2007-05-01,623900,Other Residential Care Facilities,120
29-1111,2007-05-01,623900,Other Residential Care Facilities,1930
21-1021,2007-05-01,624100,Individual and Family Services,56510
21-1022,2007-05-01,624100,Individual and Family Services,15050
21-1023,2007-05-01,624100,Individual and Family Services,19250
21-1029,2007-05-01,624100,Individual and Family Services,10240
29-1021,2007-05-01,624100,Individual and Family Services,50
29-1051,2007-05-01,624100,Individual and Family Services,70
29-1062,2007-05-01,624100,Individual and Family Services,70
29-1066,2007-05-01,624100,Individual and Family Services,570
29-1069,2007-05-01,624100,Individual and Family Services,50
29-1071,2007-05-01,624100,Individual and Family Services,0
29-1111,2007-05-01,624100,Individual and Family Services,13520
21-1021,2007-05-01,624200,"Community Food and Housing, and Emergency and Other Relief Services",5740
21-1022,2007-05-01,624200,"Community Food and Housing, and Emergency and Other Relief Services",890
21-1023,2007-05-01,624200,"Community Food and Housing, and Emergency and Other Relief Services",2940
21-1029,2007-05-01,624200,"Community Food and Housing, and Emergency and Other Relief Services",2450
29-1111,2007-05-01,624200,"Community Food and Housing, and Emergency and Other Relief Services",700
21-1021,2007-05-01,624300,Vocational Rehabilitation Services,2500
21-1022,2007-05-01,624300,Vocational Rehabilitation Services,940
21-1023,2007-05-01,624300,Vocational Rehabilitation Services,1900
21-1029,2007-05-01,624300,Vocational Rehabilitation Services,1580
29-1066,2007-05-01,624300,Vocational Rehabilitation Services,60
29-1111,2007-05-01,624300,Vocational Rehabilitation Services,1900
21-1021,2007-05-01,624400,Child Day Care Services,7310
21-1022,2007-05-01,624400,Child Day Care Services,250
21-1023,2007-05-01,624400,Child Day Care Services,160
21-1029,2007-05-01,624400,Child Day Care Services,150
29-1111,2007-05-01,624400,Child Day Care Services,910
29-1069,2007-05-01,711200,Spectator Sports,30
29-1111,2007-05-01,711200,Spectator Sports,0
29-1111,2007-05-01,713100,Amusement Parks and Arcades,140
29-1111,2007-05-01,713900,Other Amusement and Recreation Industries,100
29-1111,2007-05-01,721100,Traveler Accommodation,80
29-1111,2007-05-01,812100,Personal Care Services,0
21-1022,2007-05-01,812200,Death Care Services,70
21-1021,2007-05-01,813100,Religious Organizations,500
21-1022,2007-05-01,813100,Religious Organizations,0
21-1023,2007-05-01,813100,Religious Organizations,70
21-1029,2007-05-01,813100,Religious Organizations,100
29-1111,2007-05-01,813100,Religious Organizations,280
21-1021,2007-05-01,813200,Grantmaking and Giving Services,1070
21-1022,2007-05-01,813200,Grantmaking and Giving Services,1430
21-1023,2007-05-01,813200,Grantmaking and Giving Services,620
21-1029,2007-05-01,813200,Grantmaking and Giving Services,100
29-1051,2007-05-01,813200,Grantmaking and Giving Services,0
29-1111,2007-05-01,813200,Grantmaking and Giving Services,450
21-1021,2007-05-01,813300,Social Advocacy Organizations,5270
21-1022,2007-05-01,813300,Social Advocacy Organizations,1270
21-1023,2007-05-01,813300,Social Advocacy Organizations,1880
21-1029,2007-05-01,813300,Social Advocacy Organizations,1440
29-1111,2007-05-01,813300,Social Advocacy Organizations,380
21-1021,2007-05-01,813400,Civic and Social Organizations,2350
21-1022,2007-05-01,813400,Civic and Social Organizations,160
21-1023,2007-05-01,813400,Civic and Social Organizations,250
21-1029,2007-05-01,813400,Civic and Social Organizations,360
29-1111,2007-05-01,813400,Civic and Social Organizations,90
21-1021,2007-05-01,813900,"Business, Professional, Labor, Political, and Similar Organizations",120
21-1022,2007-05-01,813900,"Business, Professional, Labor, Political, and Similar Organizations",130
21-1023,2007-05-01,813900,"Business, Professional, Labor, Political, and Similar Organizations",50
21-1029,2007-05-01,813900,"Business, Professional, Labor, Political, and Similar Organizations",50
29-1051,2007-05-01,813900,"Business, Professional, Labor, Political, and Similar Organizations",140
29-1111,2007-05-01,813900,"Business, Professional, Labor, Political, and Similar Organizations",610
21-1029,2007-05-01,999100,Federal Executive Branch (OES designation),0
29-1029,2007-05-01,999100,Federal Executive Branch (OES designation),1640
29-1051,2007-05-01,999100,Federal Executive Branch (OES designation),5850
29-1069,2007-05-01,999100,Federal Executive Branch (OES designation),24140
29-1071,2007-05-01,999100,Federal Executive Branch (OES designation),1980
29-1111,2007-05-01,999100,Federal Executive Branch (OES designation),52500
21-1021,2007-05-01,999200,State Government (OES designation),62880
21-1022,2007-05-01,999200,State Government (OES designation),4500
21-1023,2007-05-01,999200,State Government (OES designation),5510
21-1029,2007-05-01,999200,State Government (OES designation),0
29-1021,2007-05-01,999200,State Government (OES designation),1080
29-1051,2007-05-01,999200,State Government (OES designation),1250
29-1062,2007-05-01,999200,State Government (OES designation),1240
29-1069,2007-05-01,999200,State Government (OES designation),1100
29-1071,2007-05-01,999200,State Government (OES designation),300
29-1111,2007-05-01,999200,State Government (OES designation),38380
21-1021,2007-05-01,999300,Local Government (OES designation),48930
21-1022,2007-05-01,999300,Local Government (OES designation),9890
21-1023,2007-05-01,999300,Local Government (OES designation),12190
21-1029,2007-05-01,999300,Local Government (OES designation),16300
29-1021,2007-05-01,999300,Local Government (OES designation),570
29-1051,2007-05-01,999300,Local Government (OES designation),760
29-1062,2007-05-01,999300,Local Government (OES designation),4670
29-1063,2007-05-01,999300,Local Government (OES designation),0
29-1066,2007-05-01,999300,Local Government (OES designation),0
29-1069,2007-05-01,999300,Local Government (OES designation),1780
29-1071,2007-05-01,999300,Local Government (OES designation),520
29-1111,2007-05-01,999300,Local Government (OES designation),47020
29-1111,2008-05-01,221100,"Electric Power Generation, Transmission and Distribution",60
29-1111,2008-05-01,311600,Animal Slaughtering and Processing,280
29-1111,2008-05-01,313100,"Fiber, Yarn, and Thread Mills",30
29-1111,2008-05-01,322100,"Pulp, Paper, and Paperboard Mills",100
29-1111,2008-05-01,322200,Converted Paper Product Manufacturing,40
29-1111,2008-05-01,324100,Petroleum and Coal Products Manufacturing,40
29-1111,2008-05-01,325100,Basic Chemical Manufacturing,80
29-1111,2008-05-01,325200,"Resin, Synthetic Rubber, and Artificial Synthetic Fibers and Filaments Manufacturing",60
29-1051,2008-05-01,325400,Pharmaceutical and Medicine Manufacturing,70
29-1069,2008-05-01,325400,Pharmaceutical and Medicine Manufacturing,60
29-1111,2008-05-01,325400,Pharmaceutical and Medicine Manufacturing,160
29-1111,2008-05-01,326100,Plastics Product Manufacturing,30
29-1111,2008-05-01,331100,Iron and Steel Mills and Ferroalloy Manufacturing,30
29-1111,2008-05-01,331500,Foundries,40
29-1111,2008-05-01,332900,Other Fabricated Metal Product Manufacturing,60
29-1111,2008-05-01,334400,Semiconductor and Other Electronic Component Manufacturing,50
29-1111,2008-05-01,334500,"Navigational, Measuring, Electromedical, and Control Instruments Manufacturing",80
29-1111,2008-05-01,335200,Household Appliance Manufacturing,40
29-1111,2008-05-01,336100,Motor Vehicle Manufacturing,130
29-1111,2008-05-01,336300,Motor Vehicle Parts Manufacturing,210
29-1111,2008-05-01,336400,Aerospace Product and Parts Manufacturing,110
29-1111,2008-05-01,336600,Ship and Boat Building,40
29-1021,2008-05-01,339100,Medical Equipment and Supplies Manufacturing,60
29-1111,2008-05-01,339100,Medical Equipment and Supplies Manufacturing,50
29-1051,2008-05-01,423400,Professional and Commercial Equipment and Supplies Merchant Wholesalers,290
29-1111,2008-05-01,423400,Professional and Commercial Equipment and Supplies Merchant Wholesalers,380
29-1051,2008-05-01,424200,Drugs and Druggists' Sundries Merchant Wholesalers,3150
29-1111,2008-05-01,424200,Drugs and Druggists' Sundries Merchant Wholesalers,990
29-1051,2008-05-01,425100,Wholesale Electronic Markets and Agents and Brokers,370
29-1051,2008-05-01,445100,Grocery Stores,21690
29-1051,2008-05-01,446100,Health and Personal Care Stores,0
29-1111,2008-05-01,446100,Health and Personal Care Stores,1260
29-1051,2008-05-01,447100,Gasoline Stations,40
29-1051,2008-05-01,452100,Department Stores,16750
29-1051,2008-05-01,452900,Other General Merchandise Stores,12500
29-1051,2008-05-01,454100,Electronic Shopping and Mail-Order Houses,4320
29-1111,2008-05-01,454100,Electronic Shopping and Mail-Order Houses,380
29-1111,2008-05-01,481200,Nonscheduled Air Transportation,120
29-1111,2008-05-01,491100,Postal Service,170
29-1051,2008-05-01,493100,Warehousing and Storage,150
29-1111,2008-05-01,493100,Warehousing and Storage,30
29-1111,2008-05-01,511100,"Newspaper, Periodical, Book, and Directory Publishers",0
29-1111,2008-05-01,512100,Motion Picture and Video Industries,30
29-1051,2008-05-01,518200,"Data Processing, Hosting, and Related Services",60
29-1111,2008-05-01,518200,"Data Processing, Hosting, and Related Services",70
21-1022,2008-05-01,524100,Insurance Carriers,530
21-1023,2008-05-01,524100,Insurance Carriers,50
21-1029,2008-05-01,524100,Insurance Carriers,340
29-1051,2008-05-01,524100,Insurance Carriers,1210
29-1062,2008-05-01,524100,Insurance Carriers,90
29-1069,2008-05-01,524100,Insurance Carriers,140
29-1111,2008-05-01,524100,Insurance Carriers,16790
21-1022,2008-05-01,524200,"Agencies, Brokerages, and Other Insurance Related Activities",50
29-1051,2008-05-01,524200,"Agencies, Brokerages, and Other Insurance Related Activities",90
29-1111,2008-05-01,524200,"Agencies, Brokerages, and Other Insurance Related Activities",4340
29-1051,2008-05-01,525100,Insurance and Employee Benefit Funds,50
29-1111,2008-05-01,525100,Insurance and Employee Benefit Funds,440
29-1111,2008-05-01,525900,Other Investment Pools and Funds,0
21-1021,2008-05-01,531100,Lessors of Real Estate,190
21-1022,2008-05-01,531100,Lessors of Real Estate,50
21-1029,2008-05-01,531100,Lessors of Real Estate,0
29-1111,2008-05-01,531100,Lessors of Real Estate,720
21-1022,2008-05-01,531300,Activities Related to Real Estate,0
21-1029,2008-05-01,531300,Activities Related to Real Estate,50
29-1111,2008-05-01,531300,Activities Related to Real Estate,0
29-1051,2008-05-01,532200,Consumer Goods Rental,250
29-1111,2008-05-01,532200,Consumer Goods Rental,380
21-1021,2008-05-01,541100,Legal Services,160
21-1029,2008-05-01,541100,Legal Services,280
29-1111,2008-05-01,541100,Legal Services,240
29-1071,2008-05-01,541200,"Accounting, Tax Preparation, Bookkeeping, and Payroll Services",60
29-1111,2008-05-01,541200,"Accounting, Tax Preparation, Bookkeeping, and Payroll Services",800
29-1069,2008-05-01,541300,"Architectural, Engineering, and Related Services",0
29-1111,2008-05-01,541300,"Architectural, Engineering, and Related Services",100
29-1051,2008-05-01,541500,Computer Systems Design and Related Services,60
29-1111,2008-05-01,541500,Computer Systems Design and Related Services,220
21-1022,2008-05-01,541600,"Management, Scientific, and Technical Consulting Services",280
21-1023,2008-05-01,541600,"Management, Scientific, and Technical Consulting Services",60
21-1029,2008-05-01,541600,"Management, Scientific, and Technical Consulting Services",0
29-1051,2008-05-01,541600,"Management, Scientific, and Technical Consulting Services",340
29-1069,2008-05-01,541600,"Management, Scientific, and Technical Consulting Services",220
29-1071,2008-05-01,541600,"Management, Scientific, and Technical Consulting Services",0
29-1111,2008-05-01,541600,"Management, Scientific, and Technical Consulting Services",4030
21-1021,2008-05-01,541700,Scientific Research and Development Services,0
21-1022,2008-05-01,541700,Scientific Research and Development Services,270
21-1023,2008-05-01,541700,Scientific Research and Development Services,160
21-1029,2008-05-01,541700,Scientific Research and Development Services,0
29-1051,2008-05-01,541700,Scientific Research and Development Services,280
29-1066,2008-05-01,541700,Scientific Research and Development Services,70
29-1069,2008-05-01,541700,Scientific Research and Development Services,890
29-1071,2008-05-01,541700,Scientific Research and Development Services,160
29-1111,2008-05-01,541700,Scientific Research and Development Services,2430
29-1111,2008-05-01,541900,"Other Professional, Scientific, and Technical Services",240
21-1021,2008-05-01,551100,Management of Companies and Enterprises,2360
21-1022,2008-05-01,551100,Management of Companies and Enterprises,820
21-1023,2008-05-01,551100,Management of Companies and Enterprises,1280
21-1029,2008-05-01,551100,Management of Companies and Enterprises,1000
29-1051,2008-05-01,551100,Management of Companies and Enterprises,1610
29-1062,2008-05-01,551100,Management of Companies and Enterprises,490
29-1063,2008-05-01,551100,Management of Companies and Enterprises,100
29-1066,2008-05-01,551100,Management of Companies and Enterprises,60
29-1069,2008-05-01,551100,Management of Companies and Enterprises,540
29-1071,2008-05-01,551100,Management of Companies and Enterprises,170
29-1111,2008-05-01,551100,Management of Companies and Enterprises,9710
21-1021,2008-05-01,561100,Office Administrative Services,110
21-1022,2008-05-01,561100,Office Administrative Services,310
21-1023,2008-05-01,561100,Office Administrative Services,470
21-1029,2008-05-01,561100,Office Administrative Services,180
29-1051,2008-05-01,561100,Office Administrative Services,1220
29-1062,2008-05-01,561100,Office Administrative Services,110
29-1069,2008-05-01,561100,Office Administrative Services,0
29-1071,2008-05-01,561100,Office Administrative Services,220
29-1111,2008-05-01,561100,Office Administrative Services,5520
21-1021,2008-05-01,561200,Facilities Support Services,40
21-1023,2008-05-01,561200,Facilities Support Services,390
21-1029,2008-05-01,561200,Facilities Support Services,90
29-1021,2008-05-01,561200,Facilities Support Services,30
29-1069,2008-05-01,561200,Facilities Support Services,40
29-1111,2008-05-01,561200,Facilities Support Services,640
21-1021,2008-05-01,561300,Employment Services,600
21-1022,2008-05-01,561300,Employment Services,1070
21-1023,2008-05-01,561300,Employment Services,470
21-1029,2008-05-01,561300,Employment Services,310
29-1021,2008-05-01,561300,Employment Services,280
29-1051,2008-05-01,561300,Employment Services,3870
29-1061,2008-05-01,561300,Employment Services,60
29-1062,2008-05-01,561300,Employment Services,480
29-1066,2008-05-01,561300,Employment Services,110
29-1069,2008-05-01,561300,Employment Services,960
29-1071,2008-05-01,561300,Employment Services,650
29-1111,2008-05-01,561300,Employment Services,91980
29-1111,2008-05-01,561400,Business Support Services,400
21-1021,2008-05-01,561900,Other Support Services,60
29-1051,2008-05-01,561900,Other Support Services,120
29-1111,2008-05-01,561900,Other Support Services,200
21-1021,2008-05-01,611100,Elementary and Secondary Schools,35920
21-1022,2008-05-01,611100,Elementary and Secondary Schools,110
21-1023,2008-05-01,611100,Elementary and Secondary Schools,330
21-1029,2008-05-01,611100,Elementary and Secondary Schools,1330
29-1062,2008-05-01,611100,Elementary and Secondary Schools,40
29-1065,2008-05-01,611100,Elementary and Secondary Schools,170
29-1066,2008-05-01,611100,Elementary and Secondary Schools,70
29-1069,2008-05-01,611100,Elementary and Secondary Schools,50
29-1111,2008-05-01,611100,Elementary and Secondary Schools,49040
21-1021,2008-05-01,611200,Junior Colleges,470
21-1022,2008-05-01,611200,Junior Colleges,40
21-1029,2008-05-01,611200,Junior Colleges,170
29-1021,2008-05-01,611200,Junior Colleges,50
29-1111,2008-05-01,611200,Junior Colleges,800
21-1021,2008-05-01,611300,"Colleges, Universities, and Professional Schools",1260
21-1022,2008-05-01,611300,"Colleges, Universities, and Professional Schools",1000
21-1023,2008-05-01,611300,"Colleges, Universities, and Professional Schools",280
21-1029,2008-05-01,611300,"Colleges, Universities, and Professional Schools",390
29-1021,2008-05-01,611300,"Colleges, Universities, and Professional Schools",300
29-1051,2008-05-01,611300,"Colleges, Universities, and Professional Schools",1200
29-1061,2008-05-01,611300,"Colleges, Universities, and Professional Schools",530
29-1062,2008-05-01,611300,"Colleges, Universities, and Professional Schools",2270
29-1063,2008-05-01,611300,"Colleges, Universities, and Professional Schools",1120
29-1064,2008-05-01,611300,"Colleges, Universities, and Professional Schools",360
29-1065,2008-05-01,611300,"Colleges, Universities, and Professional Schools",1060
29-1066,2008-05-01,611300,"Colleges, Universities, and Professional Schools",840
29-1067,2008-05-01,611300,"Colleges, Universities, and Professional Schools",1440
29-1069,2008-05-01,611300,"Colleges, Universities, and Professional Schools",10810
29-1071,2008-05-01,611300,"Colleges, Universities, and Professional Schools",1960
29-1111,2008-05-01,611300,"Colleges, Universities, and Professional Schools",29510
21-1021,2008-05-01,611400,Business Schools and Computer and Management Training,210
21-1021,2008-05-01,611500,Technical and Trade Schools,40
21-1029,2008-05-01,611500,Technical and Trade Schools,40
29-1111,2008-05-01,611500,Technical and Trade Schools,60
21-1021,2008-05-01,611600,Other Schools and Instruction,470
21-1023,2008-05-01,611600,Other Schools and Instruction,0
29-1111,2008-05-01,611600,Other Schools and Instruction,80
21-1021,2008-05-01,611700,Educational Support Services,1590
21-1029,2008-05-01,611700,Educational Support Services,50
29-1111,2008-05-01,611700,Educational Support Services,130
21-1021,2008-05-01,621100,Offices of Physicians,1020
21-1022,2008-05-01,621100,Offices of Physicians,3040
21-1023,2008-05-01,621100,Offices of Physicians,3480
21-1029,2008-05-01,621100,Offices of Physicians,250
29-1021,2008-05-01,621100,Offices of Physicians,2470
29-1022,2008-05-01,621100,Offices of Physicians,130
29-1023,2008-05-01,621100,Offices of Physicians,40
29-1024,2008-05-01,621100,Offices of Physicians,0
29-1051,2008-05-01,621100,Offices of Physicians,2790
29-1061,2008-05-01,621100,Offices of Physicians,27110
29-1062,2008-05-01,621100,Offices of Physicians,69140
29-1063,2008-05-01,621100,Offices of Physicians,34280
29-1064,2008-05-01,621100,Offices of Physicians,15770
29-1065,2008-05-01,621100,Offices of Physicians,22280
29-1066,2008-05-01,621100,Offices of Physicians,5460
29-1067,2008-05-01,621100,Offices of Physicians,36940
29-1069,2008-05-01,621100,Offices of Physicians,133530
29-1071,2008-05-01,621100,Offices of Physicians,38820
29-1111,2008-05-01,621100,Offices of Physicians,218110
21-1021,2008-05-01,621200,Offices of Dentists,0
29-1021,2008-05-01,621200,Offices of Dentists,78300
29-1022,2008-05-01,621200,Offices of Dentists,4500
29-1023,2008-05-01,621200,Offices of Dentists,5370
29-1024,2008-05-01,621200,Offices of Dentists,300
29-1029,2008-05-01,621200,Offices of Dentists,2280
29-1061,2008-05-01,621200,Offices of Dentists,0
29-1067,2008-05-01,621200,Offices of Dentists,140
29-1069,2008-05-01,621200,Offices of Dentists,0
29-1071,2008-05-01,621200,Offices of Dentists,540
29-1111,2008-05-01,621200,Offices of Dentists,1250
21-1021,2008-05-01,621300,Offices of Other Health Practitioners,1540
21-1022,2008-05-01,621300,Offices of Other Health Practitioners,1250
21-1023,2008-05-01,621300,Offices of Other Health Practitioners,6060
21-1029,2008-05-01,621300,Offices of Other Health Practitioners,320
29-1021,2008-05-01,621300,Offices of Other Health Practitioners,90
29-1051,2008-05-01,621300,Offices of Other Health Practitioners,180
29-1061,2008-05-01,621300,Offices of Other Health Practitioners,580
29-1062,2008-05-01,621300,Offices of Other Health Practitioners,400
29-1063,2008-05-01,621300,Offices of Other Health Practitioners,100
29-1065,2008-05-01,621300,Offices of Other Health Practitioners,0
29-1066,2008-05-01,621300,Offices of Other Health Practitioners,1130
29-1067,2008-05-01,621300,Offices of Other Health Practitioners,290
29-1069,2008-05-01,621300,Offices of Other Health Practitioners,2340
29-1071,2008-05-01,621300,Offices of Other Health Practitioners,1340
29-1111,2008-05-01,621300,Offices of Other Health Practitioners,13300
21-1021,2008-05-01,621400,Outpatient Care Centers,5940
21-1022,2008-05-01,621400,Outpatient Care Centers,6200
21-1023,2008-05-01,621400,Outpatient Care Centers,23190
21-1029,2008-05-01,621400,Outpatient Care Centers,1140
29-1021,2008-05-01,621400,Outpatient Care Centers,850
29-1051,2008-05-01,621400,Outpatient Care Centers,2170
29-1061,2008-05-01,621400,Outpatient Care Centers,680
29-1062,2008-05-01,621400,Outpatient Care Centers,6760
29-1063,2008-05-01,621400,Outpatient Care Centers,2090
29-1064,2008-05-01,621400,Outpatient Care Centers,880
29-1065,2008-05-01,621400,Outpatient Care Centers,1100
29-1066,2008-05-01,621400,Outpatient Care Centers,3090
29-1067,2008-05-01,621400,Outpatient Care Centers,1760
29-1069,2008-05-01,621400,Outpatient Care Centers,5910
29-1071,2008-05-01,621400,Outpatient Care Centers,6140
29-1111,2008-05-01,621400,Outpatient Care Centers,78240
21-1022,2008-05-01,621500,Medical and Diagnostic Laboratories,50
29-1051,2008-05-01,621500,Medical and Diagnostic Laboratories,100
29-1062,2008-05-01,621500,Medical and Diagnostic Laboratories,260
29-1063,2008-05-01,621500,Medical and Diagnostic Laboratories,0
29-1069,2008-05-01,621500,Medical and Diagnostic Laboratories,4820
29-1071,2008-05-01,621500,Medical and Diagnostic Laboratories,310
29-1111,2008-05-01,621500,Medical and Diagnostic Laboratories,2130
21-1021,2008-05-01,621600,Home Health Care Services,1010
21-1022,2008-05-01,621600,Home Health Care Services,13680
21-1023,2008-05-01,621600,Home Health Care Services,570
21-1029,2008-05-01,621600,Home Health Care Services,730
29-1021,2008-05-01,621600,Home Health Care Services,60
29-1051,2008-05-01,621600,Home Health Care Services,1360
29-1062,2008-05-01,621600,Home Health Care Services,700
29-1063,2008-05-01,621600,Home Health Care Services,220
29-1069,2008-05-01,621600,Home Health Care Services,0
29-1071,2008-05-01,621600,Home Health Care Services,50
29-1111,2008-05-01,621600,Home Health Care Services,130860
21-1022,2008-05-01,621900,Other Ambulatory Health Care Services,840
21-1023,2008-05-01,621900,Other Ambulatory Health Care Services,60
29-1021,2008-05-01,621900,Other Ambulatory Health Care Services,0
29-1051,2008-05-01,621900,Other Ambulatory Health Care Services,70
29-1062,2008-05-01,621900,Other Ambulatory Health Care Services,250
29-1063,2008-05-01,621900,Other Ambulatory Health Care Services,160
29-1067,2008-05-01,621900,Other Ambulatory Health Care Services,50
29-1069,2008-05-01,621900,Other Ambulatory Health Care Services,330
29-1071,2008-05-01,621900,Other Ambulatory Health Care Services,240
29-1111,2008-05-01,621900,Other Ambulatory Health Care Services,10210
21-1021,2008-05-01,622100,General Medical and Surgical Hospitals,2200
21-1022,2008-05-01,622100,General Medical and Surgical Hospitals,42300
21-1023,2008-05-01,622100,General Medical and Surgical Hospitals,0
21-1029,2008-05-01,622100,General Medical and Surgical Hospitals,3900
29-1021,2008-05-01,622100,General Medical and Surgical Hospitals,790
29-1022,2008-05-01,622100,General Medical and Surgical Hospitals,70
29-1029,2008-05-01,622100,General Medical and Surgical Hospitals,70
29-1051,2008-05-01,622100,General Medical and Surgical Hospitals,55530
29-1061,2008-05-01,622100,General Medical and Surgical Hospitals,4870
29-1062,2008-05-01,622100,General Medical and Surgical Hospitals,17580
29-1063,2008-05-01,622100,General Medical and Surgical Hospitals,8100
29-1064,2008-05-01,622100,General Medical and Surgical Hospitals,2480
29-1065,2008-05-01,622100,General Medical and Surgical Hospitals,3770
29-1066,2008-05-01,622100,General Medical and Surgical Hospitals,3440
29-1067,2008-05-01,622100,General Medical and Surgical Hospitals,5730
29-1069,2008-05-01,622100,General Medical and Surgical Hospitals,69700
29-1071,2008-05-01,622100,General Medical and Surgical Hospitals,16820
29-1111,2008-05-01,622100,General Medical and Surgical Hospitals,1458520
21-1021,2008-05-01,622200,Psychiatric and Substance Abuse Hospitals,1020
21-1022,2008-05-01,622200,Psychiatric and Substance Abuse Hospitals,2160
21-1023,2008-05-01,622200,Psychiatric and Substance Abuse Hospitals,10290
21-1029,2008-05-01,622200,Psychiatric and Substance Abuse Hospitals,780
29-1021,2008-05-01,622200,Psychiatric and Substance Abuse Hospitals,140
29-1051,2008-05-01,622200,Psychiatric and Substance Abuse Hospitals,1150
29-1062,2008-05-01,622200,Psychiatric and Substance Abuse Hospitals,660
29-1063,2008-05-01,622200,Psychiatric and Substance Abuse Hospitals,130
29-1066,2008-05-01,622200,Psychiatric and Substance Abuse Hospitals,3760
29-1067,2008-05-01,622200,Psychiatric and Substance Abuse Hospitals,130
29-1069,2008-05-01,622200,Psychiatric and Substance Abuse Hospitals,690
29-1071,2008-05-01,622200,Psychiatric and Substance Abuse Hospitals,270
29-1111,2008-05-01,622200,Psychiatric and Substance Abuse Hospitals,33100
21-1021,2008-05-01,622300,Specialty (except Psychiatric and Substance Abuse) Hospitals,250
21-1022,2008-05-01,622300,Specialty (except Psychiatric and Substance Abuse) Hospitals,1860
21-1029,2008-05-01,622300,Specialty (except Psychiatric and Substance Abuse) Hospitals,110
29-1021,2008-05-01,622300,Specialty (except Psychiatric and Substance Abuse) Hospitals,60
29-1051,2008-05-01,622300,Specialty (except Psychiatric and Substance Abuse) Hospitals,2000
29-1061,2008-05-01,622300,Specialty (except Psychiatric and Substance Abuse) Hospitals,150
29-1062,2008-05-01,622300,Specialty (except Psychiatric and Substance Abuse) Hospitals,170
29-1063,2008-05-01,622300,Specialty (except Psychiatric and Substance Abuse) Hospitals,70
29-1064,2008-05-01,622300,Specialty (except Psychiatric and Substance Abuse) Hospitals,0
29-1065,2008-05-01,622300,Specialty (except Psychiatric and Substance Abuse) Hospitals,220
29-1066,2008-05-01,622300,Specialty (except Psychiatric and Substance Abuse) Hospitals,110
29-1067,2008-05-01,622300,Specialty (except Psychiatric and Substance Abuse) Hospitals,230
29-1069,2008-05-01,622300,Specialty (except Psychiatric and Substance Abuse) Hospitals,2090
29-1071,2008-05-01,622300,Specialty (except Psychiatric and Substance Abuse) Hospitals,580
29-1111,2008-05-01,622300,Specialty (except Psychiatric and Substance Abuse) Hospitals,43820
21-1021,2008-05-01,623100,Nursing Care Facilities,620
21-1022,2008-05-01,623100,Nursing Care Facilities,12790
21-1023,2008-05-01,623100,Nursing Care Facilities,390
21-1029,2008-05-01,623100,Nursing Care Facilities,450
29-1051,2008-05-01,623100,Nursing Care Facilities,490
29-1062,2008-05-01,623100,Nursing Care Facilities,0
29-1063,2008-05-01,623100,Nursing Care Facilities,30
29-1066,2008-05-01,623100,Nursing Care Facilities,100
29-1069,2008-05-01,623100,Nursing Care Facilities,150
29-1071,2008-05-01,623100,Nursing Care Facilities,70
29-1111,2008-05-01,623100,Nursing Care Facilities,124590
21-1021,2008-05-01,623200,"Residential Mental Retardation, Mental Health and Substance Abuse Facilities",4970
21-1022,2008-05-01,623200,"Residential Mental Retardation, Mental Health and Substance Abuse Facilities",2790
21-1023,2008-05-01,623200,"Residential Mental Retardation, Mental Health and Substance Abuse Facilities",16500
21-1029,2008-05-01,623200,"Residential Mental Retardation, Mental Health and Substance Abuse Facilities",2230
29-1051,2008-05-01,623200,"Residential Mental Retardation, Mental Health and Substance Abuse Facilities",80
29-1062,2008-05-01,623200,"Residential Mental Retardation, Mental Health and Substance Abuse Facilities",30
29-1066,2008-05-01,623200,"Residential Mental Retardation, Mental Health and Substance Abuse Facilities",290
29-1069,2008-05-01,623200,"Residential Mental Retardation, Mental Health and Substance Abuse Facilities",40
29-1111,2008-05-01,623200,"Residential Mental Retardation, Mental Health and Substance Abuse Facilities",10080
21-1021,2008-05-01,623300,Community Care Facilities for the Elderly,400
21-1022,2008-05-01,623300,Community Care Facilities for the Elderly,2390
21-1023,2008-05-01,623300,Community Care Facilities for the Elderly,390
21-1029,2008-05-01,623300,Community Care Facilities for the Elderly,280
29-1051,2008-05-01,623300,Community Care Facilities for the Elderly,110
29-1111,2008-05-01,623300,Community Care Facilities for the Elderly,25330
21-1021,2008-05-01,623900,Other Residential Care Facilities,9540
21-1022,2008-05-01,623900,Other Residential Care Facilities,850
21-1023,2008-05-01,623900,Other Residential Care Facilities,4980
21-1029,2008-05-01,623900,Other Residential Care Facilities,1070
29-1066,2008-05-01,623900,Other Residential Care Facilities,130
29-1111,2008-05-01,623900,Other Residential Care Facilities,2190
21-1021,2008-05-01,624100,Individual and Family Services,61010
21-1022,2008-05-01,624100,Individual and Family Services,15880
21-1023,2008-05-01,624100,Individual and Family Services,21690
21-1029,2008-05-01,624100,Individual and Family Services,11600
29-1021,2008-05-01,624100,Individual and Family Services,90
29-1051,2008-05-01,624100,Individual and Family Services,70
29-1062,2008-05-01,624100,Individual and Family Services,50
29-1066,2008-05-01,624100,Individual and Family Services,670
29-1069,2008-05-01,624100,Individual and Family Services,40
29-1071,2008-05-01,624100,Individual and Family Services,50
29-1111,2008-05-01,624100,Individual and Family Services,14540
21-1021,2008-05-01,624200,"Community Food and Housing, and Emergency and Other Relief Services",5830
21-1022,2008-05-01,624200,"Community Food and Housing, and Emergency and Other Relief Services",850
21-1023,2008-05-01,624200,"Community Food and Housing, and Emergency and Other Relief Services",2910
21-1029,2008-05-01,624200,"Community Food and Housing, and Emergency and Other Relief Services",2630
29-1066,2008-05-01,624200,"Community Food and Housing, and Emergency and Other Relief Services",0
29-1111,2008-05-01,624200,"Community Food and Housing, and Emergency and Other Relief Services",700
21-1021,2008-05-01,624300,Vocational Rehabilitation Services,2350
21-1022,2008-05-01,624300,Vocational Rehabilitation Services,1270
21-1023,2008-05-01,624300,Vocational Rehabilitation Services,2010
21-1029,2008-05-01,624300,Vocational Rehabilitation Services,1500
29-1066,2008-05-01,624300,Vocational Rehabilitation Services,30
29-1111,2008-05-01,624300,Vocational Rehabilitation Services,1810
21-1021,2008-05-01,624400,Child Day Care Services,7150
21-1022,2008-05-01,624400,Child Day Care Services,190
21-1023,2008-05-01,624400,Child Day Care Services,140
21-1029,2008-05-01,624400,Child Day Care Services,130
29-1111,2008-05-01,624400,Child Day Care Services,830
29-1069,2008-05-01,711200,Spectator Sports,30
29-1111,2008-05-01,711200,Spectator Sports,180
29-1111,2008-05-01,713100,Amusement Parks and Arcades,220
29-1111,2008-05-01,713900,Other Amusement and Recreation Industries,110
29-1111,2008-05-01,721100,Traveler Accommodation,80
29-1111,2008-05-01,721200,RV (Recreational Vehicle) Parks and Recreational Camps,40
29-1069,2008-05-01,812100,Personal Care Services,90
29-1071,2008-05-01,812100,Personal Care Services,0
29-1111,2008-05-01,812100,Personal Care Services,210
21-1022,2008-05-01,812200,Death Care Services,120
21-1021,2008-05-01,813100,Religious Organizations,540
21-1022,2008-05-01,813100,Religious Organizations,80
21-1023,2008-05-01,813100,Religious Organizations,40
21-1029,2008-05-01,813100,Religious Organizations,110
29-1111,2008-05-01,813100,Religious Organizations,280
21-1021,2008-05-01,813200,Grantmaking and Giving Services,1100
21-1022,2008-05-01,813200,Grantmaking and Giving Services,1590
21-1023,2008-05-01,813200,Grantmaking and Giving Services,620
21-1029,2008-05-01,813200,Grantmaking and Giving Services,180
29-1051,2008-05-01,813200,Grantmaking and Giving Services,0
29-1111,2008-05-01,813200,Grantmaking and Giving Services,470
21-1021,2008-05-01,813300,Social Advocacy Organizations,5220
21-1022,2008-05-01,813300,Social Advocacy Organizations,1330
21-1023,2008-05-01,813300,Social Advocacy Organizations,2200
21-1029,2008-05-01,813300,Social Advocacy Organizations,1670
29-1111,2008-05-01,813300,Social Advocacy Organizations,420
21-1021,2008-05-01,813400,Civic and Social Organizations,3010
21-1022,2008-05-01,813400,Civic and Social Organizations,220
21-1023,2008-05-01,813400,Civic and Social Organizations,650
21-1029,2008-05-01,813400,Civic and Social Organizations,360
29-1111,2008-05-01,813400,Civic and Social Organizations,80
21-1021,2008-05-01,813900,"Business, Professional, Labor, Political, and Similar Organizations",80
21-1022,2008-05-01,813900,"Business, Professional, Labor, Political, and Similar Organizations",40
29-1051,2008-05-01,813900,"Business, Professional, Labor, Political, and Similar Organizations",130
29-1111,2008-05-01,813900,"Business, Professional, Labor, Political, and Similar Organizations",770
21-1029,2008-05-01,999100,Federal Executive Branch (OES Designation),0
29-1029,2008-05-01,999100,Federal Executive Branch (OES Designation),1670
29-1051,2008-05-01,999100,Federal Executive Branch (OES Designation),6110
29-1069,2008-05-01,999100,Federal Executive Branch (OES Designation),24940
29-1071,2008-05-01,999100,Federal Executive Branch (OES Designation),2100
29-1111,2008-05-01,999100,Federal Executive Branch (OES Designation),57070
21-1021,2008-05-01,999200,State Government (OES Designation),65470
21-1022,2008-05-01,999200,State Government (OES Designation),4890
21-1023,2008-05-01,999200,State Government (OES Designation),11130
21-1029,2008-05-01,999200,State Government (OES Designation),0
29-1021,2008-05-01,999200,State Government (OES Designation),1200
29-1051,2008-05-01,999200,State Government (OES Designation),1300
29-1062,2008-05-01,999200,State Government (OES Designation),1490
29-1067,2008-05-01,999200,State Government (OES Designation),280
29-1069,2008-05-01,999200,State Government (OES Designation),1250
29-1071,2008-05-01,999200,State Government (OES Designation),310
29-1111,2008-05-01,999200,State Government (OES Designation),39090
21-1021,2008-05-01,999300,Local Government (OES Designation),49960
21-1022,2008-05-01,999300,Local Government (OES Designation),10210
21-1023,2008-05-01,999300,Local Government (OES Designation),11740
21-1029,2008-05-01,999300,Local Government (OES Designation),15580
29-1021,2008-05-01,999300,Local Government (OES Designation),660
29-1051,2008-05-01,999300,Local Government (OES Designation),980
29-1062,2008-05-01,999300,Local Government (OES Designation),4850
29-1063,2008-05-01,999300,Local Government (OES Designation),0
29-1064,2008-05-01,999300,Local Government (OES Designation),40
29-1065,2008-05-01,999300,Local Government (OES Designation),60
29-1066,2008-05-01,999300,Local Government (OES Designation),0
29-1069,2008-05-01,999300,Local Government (OES Designation),1990
29-1071,2008-05-01,999300,Local Government (OES Designation),650
29-1111,2008-05-01,999300,Local Government (OES Designation),48820
29-1111,2009-05-01,221100,"Electric Power Generation, Transmission and Distribution",60
29-1111,2009-05-01,311600,Animal Slaughtering and Processing,280
29-1111,2009-05-01,322100,"Pulp, Paper, and Paperboard Mills",80
29-1111,2009-05-01,322200,Converted Paper Product Manufacturing,30
29-1111,2009-05-01,324100,Petroleum and Coal Products Manufacturing,30
29-1111,2009-05-01,325100,Basic Chemical Manufacturing,60
29-1111,2009-05-01,325200,"Resin, Synthetic Rubber, and Artificial Synthetic Fibers and Filaments Manufacturing",60
29-1051,2009-05-01,325400,Pharmaceutical and Medicine Manufacturing,60
29-1069,2009-05-01,325400,Pharmaceutical and Medicine Manufacturing,60
29-1111,2009-05-01,325400,Pharmaceutical and Medicine Manufacturing,160
29-1111,2009-05-01,326100,Plastics Product Manufacturing,40
29-1111,2009-05-01,332900,Other Fabricated Metal Product Manufacturing,50
29-1111,2009-05-01,333100,"Agriculture, Construction, and Mining Machinery Manufacturing",40
29-1111,2009-05-01,334400,Semiconductor and Other Electronic Component Manufacturing,30
29-1111,2009-05-01,334500,"Navigational, Measuring, Electromedical, and Control Instruments Manufacturing",70
29-1111,2009-05-01,335200,Household Appliance Manufacturing,40
29-1111,2009-05-01,336100,Motor Vehicle Manufacturing,100
29-1111,2009-05-01,336300,Motor Vehicle Parts Manufacturing,150
29-1111,2009-05-01,336400,Aerospace Product and Parts Manufacturing,110
29-1021,2009-05-01,339100,Medical Equipment and Supplies Manufacturing,40
29-1111,2009-05-01,339100,Medical Equipment and Supplies Manufacturing,50
21-1022,2009-05-01,423400,Professional and Commercial Equipment and Supplies Merchant Wholesalers,40
29-1051,2009-05-01,423400,Professional and Commercial Equipment and Supplies Merchant Wholesalers,280
29-1111,2009-05-01,423400,Professional and Commercial Equipment and Supplies Merchant Wholesalers,420
29-1051,2009-05-01,424200,Drugs and Druggists' Sundries Merchant Wholesalers,3070
29-1111,2009-05-01,424200,Drugs and Druggists' Sundries Merchant Wholesalers,740
29-1051,2009-05-01,425100,Wholesale Electronic Markets and Agents and Brokers,420
29-1111,2009-05-01,425100,Wholesale Electronic Markets and Agents and Brokers,30
29-1051,2009-05-01,445100,Grocery Stores,22390
29-1051,2009-05-01,446100,Health and Personal Care Stores,119150
29-1111,2009-05-01,446100,Health and Personal Care Stores,1570
29-1051,2009-05-01,452100,Department Stores,18410
29-1051,2009-05-01,452900,Other General Merchandise Stores,13230
29-1051,2009-05-01,454100,Electronic Shopping and Mail-Order Houses,4440
29-1111,2009-05-01,454100,Electronic Shopping and Mail-Order Houses,320
29-1111,2009-05-01,481200,Nonscheduled Air Transportation,90
29-1111,2009-05-01,485900,Other Transit and Ground Passenger Transportation,40
29-1111,2009-05-01,491100,Postal Service,160
29-1051,2009-05-01,493100,Warehousing and Storage,90
29-1111,2009-05-01,511100,"Newspaper, Periodical, Book, and Directory Publishers",0
29-1111,2009-05-01,511200,Software Publishers,50
29-1051,2009-05-01,518200,"Data Processing, Hosting, and Related Services",70
29-1111,2009-05-01,518200,"Data Processing, Hosting, and Related Services",60
21-1022,2009-05-01,524100,Insurance Carriers,630
21-1023,2009-05-01,524100,Insurance Carriers,60
21-1029,2009-05-01,524100,Insurance Carriers,380
29-1051,2009-05-01,524100,Insurance Carriers,1010
29-1062,2009-05-01,524100,Insurance Carriers,80
29-1069,2009-05-01,524100,Insurance Carriers,130
29-1111,2009-05-01,524100,Insurance Carriers,16620
21-1022,2009-05-01,524200,"Agencies, Brokerages, and Other Insurance Related Activities",160
29-1051,2009-05-01,524200,"Agencies, Brokerages, and Other Insurance Related Activities",80
29-1111,2009-05-01,524200,"Agencies, Brokerages, and Other Insurance Related Activities",4270
29-1051,2009-05-01,525100,Insurance and Employee Benefit Funds,60
29-1111,2009-05-01,525100,Insurance and Employee Benefit Funds,490
21-1021,2009-05-01,531100,Lessors of Real Estate,0
21-1022,2009-05-01,531100,Lessors of Real Estate,40
21-1029,2009-05-01,531100,Lessors of Real Estate,0
29-1111,2009-05-01,531100,Lessors of Real Estate,580
21-1029,2009-05-01,531300,Activities Related to Real Estate,60
29-1111,2009-05-01,531300,Activities Related to Real Estate,0
29-1051,2009-05-01,532200,Consumer Goods Rental,300
29-1111,2009-05-01,532200,Consumer Goods Rental,440
21-1021,2009-05-01,541100,Legal Services,140
21-1029,2009-05-01,541100,Legal Services,0
29-1111,2009-05-01,541100,Legal Services,310
29-1111,2009-05-01,541200,"Accounting, Tax Preparation, Bookkeeping, and Payroll Services",760
29-1111,2009-05-01,541300,"Architectural, Engineering, and Related Services",60
29-1051,2009-05-01,541500,Computer Systems Design and Related Services,0
29-1069,2009-05-01,541500,Computer Systems Design and Related Services,30
29-1111,2009-05-01,541500,Computer Systems Design and Related Services,210
21-1022,2009-05-01,541600,"Management, Scientific, and Technical Consulting Services",280
21-1023,2009-05-01,541600,"Management, Scientific, and Technical Consulting Services",30
21-1029,2009-05-01,541600,"Management, Scientific, and Technical Consulting Services",0
29-1051,2009-05-01,541600,"Management, Scientific, and Technical Consulting Services",350
29-1062,2009-05-01,541600,"Management, Scientific, and Technical Consulting Services",30
29-1066,2009-05-01,541600,"Management, Scientific, and Technical Consulting Services",0
29-1069,2009-05-01,541600,"Management, Scientific, and Technical Consulting Services",0
29-1071,2009-05-01,541600,"Management, Scientific, and Technical Consulting Services",0
29-1111,2009-05-01,541600,"Management, Scientific, and Technical Consulting Services",4560
21-1021,2009-05-01,541700,Scientific Research and Development Services,70
21-1022,2009-05-01,541700,Scientific Research and Development Services,260
21-1023,2009-05-01,541700,Scientific Research and Development Services,350
29-1051,2009-05-01,541700,Scientific Research and Development Services,260
29-1066,2009-05-01,541700,Scientific Research and Development Services,60
29-1069,2009-05-01,541700,Scientific Research and Development Services,960
29-1071,2009-05-01,541700,Scientific Research and Development Services,250
29-1111,2009-05-01,541700,Scientific Research and Development Services,2440
29-1111,2009-05-01,541900,"Other Professional, Scientific, and Technical Services",260
21-1021,2009-05-01,551100,Management of Companies and Enterprises,1940
21-1022,2009-05-01,551100,Management of Companies and Enterprises,870
21-1023,2009-05-01,551100,Management of Companies and Enterprises,1220
21-1029,2009-05-01,551100,Management of Companies and Enterprises,820
29-1051,2009-05-01,551100,Management of Companies and Enterprises,1770
29-1062,2009-05-01,551100,Management of Companies and Enterprises,240
29-1063,2009-05-01,551100,Management of Companies and Enterprises,60
29-1066,2009-05-01,551100,Management of Companies and Enterprises,70
29-1069,2009-05-01,551100,Management of Companies and Enterprises,530
29-1071,2009-05-01,551100,Management of Companies and Enterprises,80
29-1111,2009-05-01,551100,Management of Companies and Enterprises,8760
21-1021,2009-05-01,561100,Office Administrative Services,90
21-1022,2009-05-01,561100,Office Administrative Services,360
21-1023,2009-05-01,561100,Office Administrative Services,280
21-1029,2009-05-01,561100,Office Administrative Services,220
29-1051,2009-05-01,561100,Office Administrative Services,1120
29-1062,2009-05-01,561100,Office Administrative Services,50
29-1069,2009-05-01,561100,Office Administrative Services,80
29-1071,2009-05-01,561100,Office Administrative Services,0
29-1111,2009-05-01,561100,Office Administrative Services,5200
21-1023,2009-05-01,561200,Facilities Support Services,510
21-1029,2009-05-01,561200,Facilities Support Services,70
29-1021,2009-05-01,561200,Facilities Support Services,40
29-1069,2009-05-01,561200,Facilities Support Services,40
29-1111,2009-05-01,561200,Facilities Support Services,740
21-1021,2009-05-01,561300,Employment Services,630
21-1022,2009-05-01,561300,Employment Services,620
21-1023,2009-05-01,561300,Employment Services,360
21-1029,2009-05-01,561300,Employment Services,210
29-1021,2009-05-01,561300,Employment Services,260
29-1051,2009-05-01,561300,Employment Services,2850
29-1062,2009-05-01,561300,Employment Services,310
29-1063,2009-05-01,561300,Employment Services,0
29-1066,2009-05-01,561300,Employment Services,80
29-1069,2009-05-01,561300,Employment Services,520
29-1071,2009-05-01,561300,Employment Services,620
29-1111,2009-05-01,561300,Employment Services,73700
29-1111,2009-05-01,561400,Business Support Services,430
29-1051,2009-05-01,561900,Other Support Services,90
29-1111,2009-05-01,561900,Other Support Services,50
21-1021,2009-05-01,611100,Elementary and Secondary Schools,37500
21-1022,2009-05-01,611100,Elementary and Secondary Schools,170
21-1023,2009-05-01,611100,Elementary and Secondary Schools,460
21-1029,2009-05-01,611100,Elementary and Secondary Schools,1220
29-1065,2009-05-01,611100,Elementary and Secondary Schools,100
29-1066,2009-05-01,611100,Elementary and Secondary Schools,60
29-1069,2009-05-01,611100,Elementary and Secondary Schools,70
29-1111,2009-05-01,611100,Elementary and Secondary Schools,50770
21-1021,2009-05-01,611200,Junior Colleges,540
21-1022,2009-05-01,611200,Junior Colleges,40
21-1029,2009-05-01,611200,Junior Colleges,180
29-1021,2009-05-01,611200,Junior Colleges,40
29-1111,2009-05-01,611200,Junior Colleges,740
21-1021,2009-05-01,611300,"Colleges, Universities, and Professional Schools",1610
21-1022,2009-05-01,611300,"Colleges, Universities, and Professional Schools",1020
21-1023,2009-05-01,611300,"Colleges, Universities, and Professional Schools",270
21-1029,2009-05-01,611300,"Colleges, Universities, and Professional Schools",410
29-1021,2009-05-01,611300,"Colleges, Universities, and Professional Schools",400
29-1051,2009-05-01,611300,"Colleges, Universities, and Professional Schools",1150
29-1061,2009-05-01,611300,"Colleges, Universities, and Professional Schools",490
29-1062,2009-05-01,611300,"Colleges, Universities, and Professional Schools",1180
29-1063,2009-05-01,611300,"Colleges, Universities, and Professional Schools",1110
29-1064,2009-05-01,611300,"Colleges, Universities, and Professional Schools",320
29-1065,2009-05-01,611300,"Colleges, Universities, and Professional Schools",930
29-1066,2009-05-01,611300,"Colleges, Universities, and Professional Schools",870
29-1067,2009-05-01,611300,"Colleges, Universities, and Professional Schools",1380
29-1069,2009-05-01,611300,"Colleges, Universities, and Professional Schools",9240
29-1071,2009-05-01,611300,"Colleges, Universities, and Professional Schools",1710
29-1111,2009-05-01,611300,"Colleges, Universities, and Professional Schools",28330
21-1021,2009-05-01,611400,Business Schools and Computer and Management Training,140
21-1021,2009-05-01,611500,Technical and Trade Schools,0
21-1029,2009-05-01,611500,Technical and Trade Schools,30
29-1111,2009-05-01,611500,Technical and Trade Schools,80
21-1021,2009-05-01,611600,Other Schools and Instruction,430
29-1111,2009-05-01,611600,Other Schools and Instruction,90
21-1021,2009-05-01,611700,Educational Support Services,1630
21-1029,2009-05-01,611700,Educational Support Services,0
29-1111,2009-05-01,611700,Educational Support Services,240
21-1021,2009-05-01,621100,Offices of Physicians,760
21-1022,2009-05-01,621100,Offices of Physicians,3130
21-1023,2009-05-01,621100,Offices of Physicians,3040
21-1029,2009-05-01,621100,Offices of Physicians,250
29-1021,2009-05-01,621100,Offices of Physicians,2570
29-1022,2009-05-01,621100,Offices of Physicians,350
29-1023,2009-05-01,621100,Offices of Physicians,40
29-1024,2009-05-01,621100,Offices of Physicians,0
29-1051,2009-05-01,621100,Offices of Physicians,2690
29-1061,2009-05-01,621100,Offices of Physicians,29790
29-1062,2009-05-01,621100,Offices of Physicians,65340
29-1063,2009-05-01,621100,Offices of Physicians,35100
29-1064,2009-05-01,621100,Offices of Physicians,16210
29-1065,2009-05-01,621100,Offices of Physicians,21670
29-1066,2009-05-01,621100,Offices of Physicians,5450
29-1067,2009-05-01,621100,Offices of Physicians,34210
29-1069,2009-05-01,621100,Offices of Physicians,142640
29-1071,2009-05-01,621100,Offices of Physicians,42440
29-1111,2009-05-01,621100,Offices of Physicians,223970
21-1021,2009-05-01,621200,Offices of Dentists,0
29-1021,2009-05-01,621200,Offices of Dentists,78390
29-1022,2009-05-01,621200,Offices of Dentists,4630
29-1023,2009-05-01,621200,Offices of Dentists,5250
29-1029,2009-05-01,621200,Offices of Dentists,2770
29-1062,2009-05-01,621200,Offices of Dentists,0
29-1067,2009-05-01,621200,Offices of Dentists,170
29-1069,2009-05-01,621200,Offices of Dentists,0
29-1071,2009-05-01,621200,Offices of Dentists,0
29-1111,2009-05-01,621200,Offices of Dentists,1310
21-1021,2009-05-01,621300,Offices of Other Health Practitioners,1690
21-1022,2009-05-01,621300,Offices of Other Health Practitioners,1000
21-1023,2009-05-01,621300,Offices of Other Health Practitioners,5940
21-1029,2009-05-01,621300,Offices of Other Health Practitioners,300
29-1021,2009-05-01,621300,Offices of Other Health Practitioners,150
29-1051,2009-05-01,621300,Offices of Other Health Practitioners,280
29-1061,2009-05-01,621300,Offices of Other Health Practitioners,550
29-1062,2009-05-01,621300,Offices of Other Health Practitioners,300
29-1063,2009-05-01,621300,Offices of Other Health Practitioners,120
29-1065,2009-05-01,621300,Offices of Other Health Practitioners,0
29-1066,2009-05-01,621300,Offices of Other Health Practitioners,1160
29-1067,2009-05-01,621300,Offices of Other Health Practitioners,230
29-1069,2009-05-01,621300,Offices of Other Health Practitioners,2360
29-1071,2009-05-01,621300,Offices of Other Health Practitioners,1330
29-1111,2009-05-01,621300,Offices of Other Health Practitioners,14160
21-1021,2009-05-01,621400,Outpatient Care Centers,5970
21-1022,2009-05-01,621400,Outpatient Care Centers,6260
21-1023,2009-05-01,621400,Outpatient Care Centers,25750
21-1029,2009-05-01,621400,Outpatient Care Centers,1050
29-1021,2009-05-01,621400,Outpatient Care Centers,900
29-1051,2009-05-01,621400,Outpatient Care Centers,2160
29-1061,2009-05-01,621400,Outpatient Care Centers,870
29-1062,2009-05-01,621400,Outpatient Care Centers,6750
29-1063,2009-05-01,621400,Outpatient Care Centers,1920
29-1064,2009-05-01,621400,Outpatient Care Centers,810
29-1065,2009-05-01,621400,Outpatient Care Centers,1240
29-1066,2009-05-01,621400,Outpatient Care Centers,3000
29-1067,2009-05-01,621400,Outpatient Care Centers,1730
29-1069,2009-05-01,621400,Outpatient Care Centers,6930
29-1071,2009-05-01,621400,Outpatient Care Centers,6370
29-1111,2009-05-01,621400,Outpatient Care Centers,81230
21-1022,2009-05-01,621500,Medical and Diagnostic Laboratories,100
29-1051,2009-05-01,621500,Medical and Diagnostic Laboratories,80
29-1062,2009-05-01,621500,Medical and Diagnostic Laboratories,80
29-1063,2009-05-01,621500,Medical and Diagnostic Laboratories,0
29-1069,2009-05-01,621500,Medical and Diagnostic Laboratories,3990
29-1071,2009-05-01,621500,Medical and Diagnostic Laboratories,320
29-1111,2009-05-01,621500,Medical and Diagnostic Laboratories,2060
21-1021,2009-05-01,621600,Home Health Care Services,1160
21-1022,2009-05-01,621600,Home Health Care Services,14580
21-1023,2009-05-01,621600,Home Health Care Services,580
21-1029,2009-05-01,621600,Home Health Care Services,760
29-1021,2009-05-01,621600,Home Health Care Services,60
29-1051,2009-05-01,621600,Home Health Care Services,1380
29-1062,2009-05-01,621600,Home Health Care Services,0
29-1063,2009-05-01,621600,Home Health Care Services,220
29-1069,2009-05-01,621600,Home Health Care Services,230
29-1071,2009-05-01,621600,Home Health Care Services,80
29-1111,2009-05-01,621600,Home Health Care Services,134420
21-1022,2009-05-01,621900,Other Ambulatory Health Care Services,0
21-1023,2009-05-01,621900,Other Ambulatory Health Care Services,50
29-1051,2009-05-01,621900,Other Ambulatory Health Care Services,80
29-1062,2009-05-01,621900,Other Ambulatory Health Care Services,190
29-1063,2009-05-01,621900,Other Ambulatory Health Care Services,160
29-1069,2009-05-01,621900,Other Ambulatory Health Care Services,730
29-1071,2009-05-01,621900,Other Ambulatory Health Care Services,240
29-1111,2009-05-01,621900,Other Ambulatory Health Care Services,10540
21-1021,2009-05-01,622100,General Medical and Surgical Hospitals,2240
21-1022,2009-05-01,622100,General Medical and Surgical Hospitals,42150
21-1023,2009-05-01,622100,General Medical and Surgical Hospitals,0
21-1029,2009-05-01,622100,General Medical and Surgical Hospitals,4230
29-1021,2009-05-01,622100,General Medical and Surgical Hospitals,880
29-1022,2009-05-01,622100,General Medical and Surgical Hospitals,370
29-1023,2009-05-01,622100,General Medical and Surgical Hospitals,60
29-1029,2009-05-01,622100,General Medical and Surgical Hospitals,80
29-1051,2009-05-01,622100,General Medical and Surgical Hospitals,57230
29-1061,2009-05-01,622100,General Medical and Surgical Hospitals,5360
29-1062,2009-05-01,622100,General Medical and Surgical Hospitals,17920
29-1063,2009-05-01,622100,General Medical and Surgical Hospitals,8590
29-1064,2009-05-01,622100,General Medical and Surgical Hospitals,2820
29-1065,2009-05-01,622100,General Medical and Surgical Hospitals,4560
29-1066,2009-05-01,622100,General Medical and Surgical Hospitals,3450
29-1067,2009-05-01,622100,General Medical and Surgical Hospitals,5990
29-1069,2009-05-01,622100,General Medical and Surgical Hospitals,71690
29-1071,2009-05-01,622100,General Medical and Surgical Hospitals,18330
29-1111,2009-05-01,622100,General Medical and Surgical Hospitals,1492000
21-1021,2009-05-01,622200,Psychiatric and Substance Abuse Hospitals,810
21-1022,2009-05-01,622200,Psychiatric and Substance Abuse Hospitals,1850
21-1023,2009-05-01,622200,Psychiatric and Substance Abuse Hospitals,10960
21-1029,2009-05-01,622200,Psychiatric and Substance Abuse Hospitals,610
29-1021,2009-05-01,622200,Psychiatric and Substance Abuse Hospitals,140
29-1051,2009-05-01,622200,Psychiatric and Substance Abuse Hospitals,1120
29-1062,2009-05-01,622200,Psychiatric and Substance Abuse Hospitals,650
29-1063,2009-05-01,622200,Psychiatric and Substance Abuse Hospitals,120
29-1066,2009-05-01,622200,Psychiatric and Substance Abuse Hospitals,3780
29-1069,2009-05-01,622200,Psychiatric and Substance Abuse Hospitals,620
29-1071,2009-05-01,622200,Psychiatric and Substance Abuse Hospitals,410
29-1111,2009-05-01,622200,Psychiatric and Substance Abuse Hospitals,32830
21-1021,2009-05-01,622300,Specialty (except Psychiatric and Substance Abuse) Hospitals,230
21-1022,2009-05-01,622300,Specialty (except Psychiatric and Substance Abuse) Hospitals,1970
21-1023,2009-05-01,622300,Specialty (except Psychiatric and Substance Abuse) Hospitals,0
21-1029,2009-05-01,622300,Specialty (except Psychiatric and Substance Abuse) Hospitals,200
29-1021,2009-05-01,622300,Specialty (except Psychiatric and Substance Abuse) Hospitals,30
29-1051,2009-05-01,622300,Specialty (except Psychiatric and Substance Abuse) Hospitals,2130
29-1061,2009-05-01,622300,Specialty (except Psychiatric and Substance Abuse) Hospitals,180
29-1062,2009-05-01,622300,Specialty (except Psychiatric and Substance Abuse) Hospitals,190
29-1063,2009-05-01,622300,Specialty (except Psychiatric and Substance Abuse) Hospitals,100
29-1064,2009-05-01,622300,Specialty (except Psychiatric and Substance Abuse) Hospitals,30
29-1065,2009-05-01,622300,Specialty (except Psychiatric and Substance Abuse) Hospitals,360
29-1066,2009-05-01,622300,Specialty (except Psychiatric and Substance Abuse) Hospitals,100
29-1067,2009-05-01,622300,Specialty (except Psychiatric and Substance Abuse) Hospitals,0
29-1069,2009-05-01,622300,Specialty (except Psychiatric and Substance Abuse) Hospitals,2090
29-1071,2009-05-01,622300,Specialty (except Psychiatric and Substance Abuse) Hospitals,630
29-1111,2009-05-01,622300,Specialty (except Psychiatric and Substance Abuse) Hospitals,47020
21-1021,2009-05-01,623100,Nursing Care Facilities,810
21-1022,2009-05-01,623100,Nursing Care Facilities,13380
21-1023,2009-05-01,623100,Nursing Care Facilities,390
21-1029,2009-05-01,623100,Nursing Care Facilities,530
29-1051,2009-05-01,623100,Nursing Care Facilities,420
29-1062,2009-05-01,623100,Nursing Care Facilities,60
29-1063,2009-05-01,623100,Nursing Care Facilities,40
29-1066,2009-05-01,623100,Nursing Care Facilities,110
29-1069,2009-05-01,623100,Nursing Care Facilities,180
29-1071,2009-05-01,623100,Nursing Care Facilities,60
29-1111,2009-05-01,623100,Nursing Care Facilities,128420
21-1021,2009-05-01,623200,"Residential Mental Retardation, Mental Health and Substance Abuse Facilities",4390
21-1022,2009-05-01,623200,"Residential Mental Retardation, Mental Health and Substance Abuse Facilities",2370
21-1023,2009-05-01,623200,"Residential Mental Retardation, Mental Health and Substance Abuse Facilities",17050
21-1029,2009-05-01,623200,"Residential Mental Retardation, Mental Health and Substance Abuse Facilities",2170
29-1051,2009-05-01,623200,"Residential Mental Retardation, Mental Health and Substance Abuse Facilities",50
29-1066,2009-05-01,623200,"Residential Mental Retardation, Mental Health and Substance Abuse Facilities",370
29-1069,2009-05-01,623200,"Residential Mental Retardation, Mental Health and Substance Abuse Facilities",40
29-1071,2009-05-01,623200,"Residential Mental Retardation, Mental Health and Substance Abuse Facilities",40
29-1111,2009-05-01,623200,"Residential Mental Retardation, Mental Health and Substance Abuse Facilities",10590
21-1021,2009-05-01,623300,Community Care Facilities for the Elderly,430
21-1022,2009-05-01,623300,Community Care Facilities for the Elderly,2370
21-1023,2009-05-01,623300,Community Care Facilities for the Elderly,520
21-1029,2009-05-01,623300,Community Care Facilities for the Elderly,0
29-1051,2009-05-01,623300,Community Care Facilities for the Elderly,130
29-1111,2009-05-01,623300,Community Care Facilities for the Elderly,26250
21-1021,2009-05-01,623900,Other Residential Care Facilities,9330
21-1022,2009-05-01,623900,Other Residential Care Facilities,670
21-1023,2009-05-01,623900,Other Residential Care Facilities,4500
21-1029,2009-05-01,623900,Other Residential Care Facilities,780
29-1066,2009-05-01,623900,Other Residential Care Facilities,150
29-1111,2009-05-01,623900,Other Residential Care Facilities,2280
21-1021,2009-05-01,624100,Individual and Family Services,61400
21-1022,2009-05-01,624100,Individual and Family Services,15850
21-1023,2009-05-01,624100,Individual and Family Services,20860
21-1029,2009-05-01,624100,Individual and Family Services,11690
29-1021,2009-05-01,624100,Individual and Family Services,70
29-1051,2009-05-01,624100,Individual and Family Services,80
29-1062,2009-05-01,624100,Individual and Family Services,80
29-1066,2009-05-01,624100,Individual and Family Services,650
29-1069,2009-05-01,624100,Individual and Family Services,60
29-1071,2009-05-01,624100,Individual and Family Services,0
29-1111,2009-05-01,624100,Individual and Family Services,14960
21-1021,2009-05-01,624200,"Community Food and Housing, and Emergency and Other Relief Services",6080
21-1022,2009-05-01,624200,"Community Food and Housing, and Emergency and Other Relief Services",790
21-1023,2009-05-01,624200,"Community Food and Housing, and Emergency and Other Relief Services",3330
21-1029,2009-05-01,624200,"Community Food and Housing, and Emergency and Other Relief Services",2770
29-1066,2009-05-01,624200,"Community Food and Housing, and Emergency and Other Relief Services",0
29-1111,2009-05-01,624200,"Community Food and Housing, and Emergency and Other Relief Services",670
21-1021,2009-05-01,624300,Vocational Rehabilitation Services,2210
21-1022,2009-05-01,624300,Vocational Rehabilitation Services,1340
21-1023,2009-05-01,624300,Vocational Rehabilitation Services,1850
21-1029,2009-05-01,624300,Vocational Rehabilitation Services,1040
29-1111,2009-05-01,624300,Vocational Rehabilitation Services,1910
21-1021,2009-05-01,624400,Child Day Care Services,7050
21-1022,2009-05-01,624400,Child Day Care Services,270
21-1023,2009-05-01,624400,Child Day Care Services,150
21-1029,2009-05-01,624400,Child Day Care Services,100
29-1111,2009-05-01,624400,Child Day Care Services,700
29-1111,2009-05-01,711200,Spectator Sports,140
29-1111,2009-05-01,713100,Amusement Parks and Arcades,230
21-1021,2009-05-01,713900,Other Amusement and Recreation Industries,0
29-1111,2009-05-01,713900,Other Amusement and Recreation Industries,30
29-1111,2009-05-01,721100,Traveler Accommodation,90
29-1111,2009-05-01,721200,RV (Recreational Vehicle) Parks and Recreational Camps,40
29-1069,2009-05-01,812100,Personal Care Services,80
29-1111,2009-05-01,812100,Personal Care Services,260
21-1022,2009-05-01,812200,Death Care Services,0
21-1021,2009-05-01,813100,Religious Organizations,700
21-1022,2009-05-01,813100,Religious Organizations,80
21-1023,2009-05-01,813100,Religious Organizations,50
21-1029,2009-05-01,813100,Religious Organizations,110
29-1111,2009-05-01,813100,Religious Organizations,470
21-1021,2009-05-01,813200,Grantmaking and Giving Services,1400
21-1022,2009-05-01,813200,Grantmaking and Giving Services,1630
21-1023,2009-05-01,813200,Grantmaking and Giving Services,670
21-1029,2009-05-01,813200,Grantmaking and Giving Services,210
29-1111,2009-05-01,813200,Grantmaking and Giving Services,400
21-1021,2009-05-01,813300,Social Advocacy Organizations,4930
21-1022,2009-05-01,813300,Social Advocacy Organizations,1110
21-1023,2009-05-01,813300,Social Advocacy Organizations,2070
21-1029,2009-05-01,813300,Social Advocacy Organizations,1640
29-1111,2009-05-01,813300,Social Advocacy Organizations,390
21-1021,2009-05-01,813400,Civic and Social Organizations,3030
21-1022,2009-05-01,813400,Civic and Social Organizations,210
21-1023,2009-05-01,813400,Civic and Social Organizations,690
21-1029,2009-05-01,813400,Civic and Social Organizations,330
29-1111,2009-05-01,813400,Civic and Social Organizations,50
21-1021,2009-05-01,813900,"Business, Professional, Labor, Political, and Similar Organizations",120
21-1022,2009-05-01,813900,"Business, Professional, Labor, Political, and Similar Organizations",40
29-1051,2009-05-01,813900,"Business, Professional, Labor, Political, and Similar Organizations",120
29-1111,2009-05-01,813900,"Business, Professional, Labor, Political, and Similar Organizations",590
21-1029,2009-05-01,999100,Federal Executive Branch (OES Designation),8590
29-1029,2009-05-01,999100,Federal Executive Branch (OES Designation),1850
29-1051,2009-05-01,999100,Federal Executive Branch (OES Designation),6630
29-1069,2009-05-01,999100,Federal Executive Branch (OES Designation),27000
29-1071,2009-05-01,999100,Federal Executive Branch (OES Designation),2220
29-1111,2009-05-01,999100,Federal Executive Branch (OES Designation),62760
21-1021,2009-05-01,999200,State Government (OES Designation),62130
21-1029,2009-05-01,999200,State Government (OES Designation),11840
29-1021,2009-05-01,999200,State Government (OES Designation),1360
29-1051,2009-05-01,999200,State Government (OES Designation),1330
29-1062,2009-05-01,999200,State Government (OES Designation),1490
29-1066,2009-05-01,999200,State Government (OES Designation),1120
29-1069,2009-05-01,999200,State Government (OES Designation),1500
29-1111,2009-05-01,999200,State Government (OES Designation),40890
21-1021,2009-05-01,999300,Local Government (OES Designation),54950
21-1022,2009-05-01,999300,Local Government (OES Designation),9660
21-1023,2009-05-01,999300,Local Government (OES Designation),12860
21-1029,2009-05-01,999300,Local Government (OES Designation),18240
29-1021,2009-05-01,999300,Local Government (OES Designation),620
29-1051,2009-05-01,999300,Local Government (OES Designation),940
29-1062,2009-05-01,999300,Local Government (OES Designation),2580
29-1063,2009-05-01,999300,Local Government (OES Designation),0
29-1064,2009-05-01,999300,Local Government (OES Designation),40
29-1065,2009-05-01,999300,Local Government (OES Designation),80
29-1066,2009-05-01,999300,Local Government (OES Designation),1510
29-1067,2009-05-01,999300,Local Government (OES Designation),30
29-1069,2009-05-01,999300,Local Government (OES Designation),1570
29-1071,2009-05-01,999300,Local Government (OES Designation),0
29-1111,2009-05-01,999300,Local Government (OES Designation),45970
29-1111,2010-05-01,221100,"Electric Power Generation, Transmission and Distribution",50
29-1111,2010-05-01,311400,Fruit and Vegetable Preserving and Specialty Food Manufacturing,30
29-1111,2010-05-01,311600,Animal Slaughtering and Processing,250
29-1111,2010-05-01,322100,"Pulp, Paper, and Paperboard Mills",60
29-1111,2010-05-01,325100,Basic Chemical Manufacturing,40
29-1111,2010-05-01,325200,"Resin, Synthetic Rubber, and Artificial Synthetic Fibers and Filaments Manufacturing",50
29-1051,2010-05-01,325400,Pharmaceutical and Medicine Manufacturing,90
29-1069,2010-05-01,325400,Pharmaceutical and Medicine Manufacturing,60
29-1111,2010-05-01,325400,Pharmaceutical and Medicine Manufacturing,130
29-1111,2010-05-01,326100,Plastics Product Manufacturing,30
29-1111,2010-05-01,332900,Other Fabricated Metal Product Manufacturing,40
29-1111,2010-05-01,334500,"Navigational, Measuring, Electromedical, and Control Instruments Manufacturing",60
29-1111,2010-05-01,336100,Motor Vehicle Manufacturing,90
29-1111,2010-05-01,336300,Motor Vehicle Parts Manufacturing,120
29-1111,2010-05-01,336400,Aerospace Product and Parts Manufacturing,130
29-1024,2010-05-01,339100,Medical Equipment and Supplies Manufacturing,50
29-1111,2010-05-01,339100,Medical Equipment and Supplies Manufacturing,50
29-1051,2010-05-01,423400,Professional and Commercial Equipment and Supplies Merchant Wholesalers,220
29-1111,2010-05-01,423400,Professional and Commercial Equipment and Supplies Merchant Wholesalers,0
29-1051,2010-05-01,424200,Drugs and Druggists' Sundries Merchant Wholesalers,3040
29-1111,2010-05-01,424200,Drugs and Druggists' Sundries Merchant Wholesalers,490
29-1051,2010-05-01,425100,Wholesale Electronic Markets and Agents and Brokers,530
29-1051,2010-05-01,445100,Grocery Stores,22520
29-1051,2010-05-01,446100,Health and Personal Care Stores,117850
29-1111,2010-05-01,446100,Health and Personal Care Stores,1510
29-1051,2010-05-01,452100,Department Stores,17620
29-1051,2010-05-01,452900,Other General Merchandise Stores,14010
29-1051,2010-05-01,454100,Electronic Shopping and Mail-Order Houses,2950
29-1111,2010-05-01,454100,Electronic Shopping and Mail-Order Houses,90
29-1111,2010-05-01,481200,Nonscheduled Air Transportation,0
29-1111,2010-05-01,482100,Rail Transportation,30
29-1111,2010-05-01,491100,Postal Service,140
29-1051,2010-05-01,493100,Warehousing and Storage,150
29-1111,2010-05-01,511200,Software Publishers,40
29-1051,2010-05-01,518200,"Data Processing, Hosting, and Related Services",0
29-1111,2010-05-01,523100,Securities and Commodity Contracts Intermediation and Brokerage,30
21-1022,2010-05-01,524100,Insurance Carriers,0
21-1029,2010-05-01,524100,Insurance Carriers,580
29-1021,2010-05-01,524100,Insurance Carriers,0
29-1051,2010-05-01,524100,Insurance Carriers,1230
29-1062,2010-05-01,524100,Insurance Carriers,70
29-1063,2010-05-01,524100,Insurance Carriers,70
29-1069,2010-05-01,524100,Insurance Carriers,160
29-1111,2010-05-01,524100,Insurance Carriers,16170
21-1022,2010-05-01,524200,"Agencies, Brokerages, and Other Insurance Related Activities",0
29-1051,2010-05-01,524200,"Agencies, Brokerages, and Other Insurance Related Activities",0
29-1111,2010-05-01,524200,"Agencies, Brokerages, and Other Insurance Related Activities",4060
21-1029,2010-05-01,525100,Insurance and Employee Benefit Funds,0
29-1051,2010-05-01,525100,Insurance and Employee Benefit Funds,70
29-1111,2010-05-01,525100,Insurance and Employee Benefit Funds,420
21-1021,2010-05-01,531100,Lessors of Real Estate,0
21-1022,2010-05-01,531100,Lessors of Real Estate,60
21-1029,2010-05-01,531100,Lessors of Real Estate,300
29-1111,2010-05-01,531100,Lessors of Real Estate,340
21-1029,2010-05-01,531300,Activities Related to Real Estate,80
29-1111,2010-05-01,531300,Activities Related to Real Estate,80
29-1051,2010-05-01,532200,Consumer Goods Rental,200
29-1111,2010-05-01,532200,Consumer Goods Rental,330
21-1021,2010-05-01,541100,Legal Services,160
21-1029,2010-05-01,541100,Legal Services,0
29-1111,2010-05-01,541100,Legal Services,420
29-1071,2010-05-01,541200,"Accounting, Tax Preparation, Bookkeeping, and Payroll Services",40
29-1111,2010-05-01,541200,"Accounting, Tax Preparation, Bookkeeping, and Payroll Services",480
29-1111,2010-05-01,541300,"Architectural, Engineering, and Related Services",60
29-1069,2010-05-01,541500,Computer Systems Design and Related Services,40
29-1111,2010-05-01,541500,Computer Systems Design and Related Services,220
21-1021,2010-05-01,541600,"Management, Scientific, and Technical Consulting Services",30
21-1022,2010-05-01,541600,"Management, Scientific, and Technical Consulting Services",280
21-1023,2010-05-01,541600,"Management, Scientific, and Technical Consulting Services",0
21-1029,2010-05-01,541600,"Management, Scientific, and Technical Consulting Services",1030
29-1051,2010-05-01,541600,"Management, Scientific, and Technical Consulting Services",370
29-1062,2010-05-01,541600,"Management, Scientific, and Technical Consulting Services",30
29-1066,2010-05-01,541600,"Management, Scientific, and Technical Consulting Services",0
29-1069,2010-05-01,541600,"Management, Scientific, and Technical Consulting Services",150
29-1071,2010-05-01,541600,"Management, Scientific, and Technical Consulting Services",0
29-1111,2010-05-01,541600,"Management, Scientific, and Technical Consulting Services",3960
21-1021,2010-05-01,541700,Scientific Research and Development Services,50
21-1022,2010-05-01,541700,Scientific Research and Development Services,210
21-1023,2010-05-01,541700,Scientific Research and Development Services,370
21-1029,2010-05-01,541700,Scientific Research and Development Services,30
29-1051,2010-05-01,541700,Scientific Research and Development Services,210
29-1063,2010-05-01,541700,Scientific Research and Development Services,50
29-1066,2010-05-01,541700,Scientific Research and Development Services,60
29-1069,2010-05-01,541700,Scientific Research and Development Services,880
29-1071,2010-05-01,541700,Scientific Research and Development Services,200
29-1111,2010-05-01,541700,Scientific Research and Development Services,2350
29-1051,2010-05-01,541900,"Other Professional, Scientific, and Technical Services",0
29-1069,2010-05-01,541900,"Other Professional, Scientific, and Technical Services",0
29-1111,2010-05-01,541900,"Other Professional, Scientific, and Technical Services",290
21-1021,2010-05-01,551100,Management of Companies and Enterprises,1580
21-1022,2010-05-01,551100,Management of Companies and Enterprises,900
21-1023,2010-05-01,551100,Management of Companies and Enterprises,650
21-1029,2010-05-01,551100,Management of Companies and Enterprises,740
29-1051,2010-05-01,551100,Management of Companies and Enterprises,2510
29-1062,2010-05-01,551100,Management of Companies and Enterprises,250
29-1063,2010-05-01,551100,Management of Companies and Enterprises,0
29-1066,2010-05-01,551100,Management of Companies and Enterprises,40
29-1069,2010-05-01,551100,Management of Companies and Enterprises,400
29-1071,2010-05-01,551100,Management of Companies and Enterprises,60
29-1111,2010-05-01,551100,Management of Companies and Enterprises,8930
21-1021,2010-05-01,561100,Office Administrative Services,100
21-1022,2010-05-01,561100,Office Administrative Services,240
29-1071,2010-05-01,561100,Office Administrative Services,30
29-1111,2010-05-01,561100,Office Administrative Services,4670
21-1023,2010-05-01,561200,Facilities Support Services,0
21-1029,2010-05-01,561200,Facilities Support Services,70
29-1021,2010-05-01,561200,Facilities Support Services,30
29-1111,2010-05-01,561200,Facilities Support Services,720
21-1021,2010-05-01,561300,Employment Services,840
21-1022,2010-05-01,561300,Employment Services,960
21-1023,2010-05-01,561300,Employment Services,0
21-1029,2010-05-01,561300,Employment Services,210
29-1021,2010-05-01,561300,Employment Services,280
29-1051,2010-05-01,561300,Employment Services,2130
29-1062,2010-05-01,561300,Employment Services,610
29-1063,2010-05-01,561300,Employment Services,70
29-1066,2010-05-01,561300,Employment Services,70
29-1069,2010-05-01,561300,Employment Services,510
29-1071,2010-05-01,561300,Employment Services,1040
29-1111,2010-05-01,561300,Employment Services,70400
29-1111,2010-05-01,561400,Business Support Services,360
29-1111,2010-05-01,561900,Other Support Services,40
21-1021,2010-05-01,611100,Elementary and Secondary Schools,37340
21-1022,2010-05-01,611100,Elementary and Secondary Schools,130
21-1023,2010-05-01,611100,Elementary and Secondary Schools,400
21-1029,2010-05-01,611100,Elementary and Secondary Schools,980
29-1065,2010-05-01,611100,Elementary and Secondary Schools,40
29-1066,2010-05-01,611100,Elementary and Secondary Schools,30
29-1069,2010-05-01,611100,Elementary and Secondary Schools,40
29-1111,2010-05-01,611100,Elementary and Secondary Schools,51520
21-1021,2010-05-01,611200,Junior Colleges,420
21-1029,2010-05-01,611200,Junior Colleges,110
29-1021,2010-05-01,611200,Junior Colleges,70
29-1111,2010-05-01,611200,Junior Colleges,780
21-1021,2010-05-01,611300,"Colleges, Universities, and Professional Schools",1750
21-1022,2010-05-01,611300,"Colleges, Universities, and Professional Schools",1280
21-1023,2010-05-01,611300,"Colleges, Universities, and Professional Schools",220
21-1029,2010-05-01,611300,"Colleges, Universities, and Professional Schools",400
29-1021,2010-05-01,611300,"Colleges, Universities, and Professional Schools",380
29-1022,2010-05-01,611300,"Colleges, Universities, and Professional Schools",120
29-1051,2010-05-01,611300,"Colleges, Universities, and Professional Schools",1470
29-1061,2010-05-01,611300,"Colleges, Universities, and Professional Schools",600
29-1062,2010-05-01,611300,"Colleges, Universities, and Professional Schools",1080
29-1063,2010-05-01,611300,"Colleges, Universities, and Professional Schools",1710
29-1064,2010-05-01,611300,"Colleges, Universities, and Professional Schools",430
29-1065,2010-05-01,611300,"Colleges, Universities, and Professional Schools",1090
29-1066,2010-05-01,611300,"Colleges, Universities, and Professional Schools",990
29-1067,2010-05-01,611300,"Colleges, Universities, and Professional Schools",1420
29-1069,2010-05-01,611300,"Colleges, Universities, and Professional Schools",11150
29-1071,2010-05-01,611300,"Colleges, Universities, and Professional Schools",2070
29-1111,2010-05-01,611300,"Colleges, Universities, and Professional Schools",31540
21-1021,2010-05-01,611400,Business Schools and Computer and Management Training,130
21-1021,2010-05-01,611500,Technical and Trade Schools,110
29-1111,2010-05-01,611500,Technical and Trade Schools,120
21-1021,2010-05-01,611600,Other Schools and Instruction,530
29-1111,2010-05-01,611600,Other Schools and Instruction,70
21-1021,2010-05-01,611700,Educational Support Services,3310
21-1029,2010-05-01,611700,Educational Support Services,30
29-1111,2010-05-01,611700,Educational Support Services,300
21-1021,2010-05-01,621100,Offices of Physicians,690
21-1022,2010-05-01,621100,Offices of Physicians,3310
21-1023,2010-05-01,621100,Offices of Physicians,2770
21-1029,2010-05-01,621100,Offices of Physicians,300
29-1021,2010-05-01,621100,Offices of Physicians,2660
29-1022,2010-05-01,621100,Offices of Physicians,450
29-1023,2010-05-01,621100,Offices of Physicians,80
29-1024,2010-05-01,621100,Offices of Physicians,0
29-1051,2010-05-01,621100,Offices of Physicians,2620
29-1061,2010-05-01,621100,Offices of Physicians,28010
29-1062,2010-05-01,621100,Offices of Physicians,64780
29-1063,2010-05-01,621100,Offices of Physicians,35840
29-1064,2010-05-01,621100,Offices of Physicians,15680
29-1065,2010-05-01,621100,Offices of Physicians,21610
29-1066,2010-05-01,621100,Offices of Physicians,5460
29-1067,2010-05-01,621100,Offices of Physicians,32990
29-1069,2010-05-01,621100,Offices of Physicians,149030
29-1071,2010-05-01,621100,Offices of Physicians,45070
29-1111,2010-05-01,621100,Offices of Physicians,232000
29-1021,2010-05-01,621200,Offices of Dentists,79460
29-1022,2010-05-01,621200,Offices of Dentists,4340
29-1023,2010-05-01,621200,Offices of Dentists,5340
29-1024,2010-05-01,621200,Offices of Dentists,550
29-1029,2010-05-01,621200,Offices of Dentists,2620
29-1062,2010-05-01,621200,Offices of Dentists,0
29-1067,2010-05-01,621200,Offices of Dentists,100
29-1069,2010-05-01,621200,Offices of Dentists,330
29-1071,2010-05-01,621200,Offices of Dentists,550
29-1111,2010-05-01,621200,Offices of Dentists,1200
21-1021,2010-05-01,621300,Offices of Other Health Practitioners,1550
21-1022,2010-05-01,621300,Offices of Other Health Practitioners,1060
21-1023,2010-05-01,621300,Offices of Other Health Practitioners,5400
21-1029,2010-05-01,621300,Offices of Other Health Practitioners,240
29-1021,2010-05-01,621300,Offices of Other Health Practitioners,170
29-1023,2010-05-01,621300,Offices of Other Health Practitioners,30
29-1051,2010-05-01,621300,Offices of Other Health Practitioners,360
29-1061,2010-05-01,621300,Offices of Other Health Practitioners,490
29-1062,2010-05-01,621300,Offices of Other Health Practitioners,400
29-1063,2010-05-01,621300,Offices of Other Health Practitioners,150
29-1065,2010-05-01,621300,Offices of Other Health Practitioners,580
29-1066,2010-05-01,621300,Offices of Other Health Practitioners,1100
29-1067,2010-05-01,621300,Offices of Other Health Practitioners,230
29-1069,2010-05-01,621300,Offices of Other Health Practitioners,2020
29-1071,2010-05-01,621300,Offices of Other Health Practitioners,1380
29-1111,2010-05-01,621300,Offices of Other Health Practitioners,15890
21-1021,2010-05-01,621400,Outpatient Care Centers,5980
21-1022,2010-05-01,621400,Outpatient Care Centers,6940
21-1023,2010-05-01,621400,Outpatient Care Centers,23560
21-1029,2010-05-01,621400,Outpatient Care Centers,870
29-1021,2010-05-01,621400,Outpatient Care Centers,1020
29-1022,2010-05-01,621400,Outpatient Care Centers,30
29-1029,2010-05-01,621400,Outpatient Care Centers,60
29-1051,2010-05-01,621400,Outpatient Care Centers,2450
29-1061,2010-05-01,621400,Outpatient Care Centers,900
29-1062,2010-05-01,621400,Outpatient Care Centers,6620
29-1063,2010-05-01,621400,Outpatient Care Centers,2530
29-1064,2010-05-01,621400,Outpatient Care Centers,880
29-1065,2010-05-01,621400,Outpatient Care Centers,1760
29-1066,2010-05-01,621400,Outpatient Care Centers,3230
29-1067,2010-05-01,621400,Outpatient Care Centers,1620
29-1069,2010-05-01,621400,Outpatient Care Centers,10080
29-1071,2010-05-01,621400,Outpatient Care Centers,7000
29-1111,2010-05-01,621400,Outpatient Care Centers,89090
21-1022,2010-05-01,621500,Medical and Diagnostic Laboratories,80
29-1051,2010-05-01,621500,Medical and Diagnostic Laboratories,80
29-1062,2010-05-01,621500,Medical and Diagnostic Laboratories,80
29-1063,2010-05-01,621500,Medical and Diagnostic Laboratories,0
29-1069,2010-05-01,621500,Medical and Diagnostic Laboratories,4580
29-1071,2010-05-01,621500,Medical and Diagnostic Laboratories,300
29-1111,2010-05-01,621500,Medical and Diagnostic Laboratories,2020
21-1021,2010-05-01,621600,Home Health Care Services,1010
21-1022,2010-05-01,621600,Home Health Care Services,15560
21-1023,2010-05-01,621600,Home Health Care Services,580
21-1029,2010-05-01,621600,Home Health Care Services,730
29-1021,2010-05-01,621600,Home Health Care Services,60
29-1051,2010-05-01,621600,Home Health Care Services,1410
29-1062,2010-05-01,621600,Home Health Care Services,950
29-1063,2010-05-01,621600,Home Health Care Services,390
29-1069,2010-05-01,621600,Home Health Care Services,480
29-1071,2010-05-01,621600,Home Health Care Services,150
29-1111,2010-05-01,621600,Home Health Care Services,146380
21-1022,2010-05-01,621900,Other Ambulatory Health Care Services,810
21-1023,2010-05-01,621900,Other Ambulatory Health Care Services,130
29-1021,2010-05-01,621900,Other Ambulatory Health Care Services,40
29-1051,2010-05-01,621900,Other Ambulatory Health Care Services,150
29-1062,2010-05-01,621900,Other Ambulatory Health Care Services,160
29-1063,2010-05-01,621900,Other Ambulatory Health Care Services,110
29-1069,2010-05-01,621900,Other Ambulatory Health Care Services,740
29-1071,2010-05-01,621900,Other Ambulatory Health Care Services,220
29-1111,2010-05-01,621900,Other Ambulatory Health Care Services,10680
21-1021,2010-05-01,622100,General Medical and Surgical Hospitals,1880
21-1022,2010-05-01,622100,General Medical and Surgical Hospitals,42200
21-1023,2010-05-01,622100,General Medical and Surgical Hospitals,6490
21-1029,2010-05-01,622100,General Medical and Surgical Hospitals,4170
29-1021,2010-05-01,622100,General Medical and Surgical Hospitals,1020
29-1022,2010-05-01,622100,General Medical and Surgical Hospitals,380
29-1023,2010-05-01,622100,General Medical and Surgical Hospitals,70
29-1029,2010-05-01,622100,General Medical and Surgical Hospitals,60
29-1051,2010-05-01,622100,General Medical and Surgical Hospitals,58680
29-1061,2010-05-01,622100,General Medical and Surgical Hospitals,4550
29-1062,2010-05-01,622100,General Medical and Surgical Hospitals,17000
29-1063,2010-05-01,622100,General Medical and Surgical Hospitals,8280
29-1064,2010-05-01,622100,General Medical and Surgical Hospitals,2730
29-1065,2010-05-01,622100,General Medical and Surgical Hospitals,4340
29-1066,2010-05-01,622100,General Medical and Surgical Hospitals,3070
29-1067,2010-05-01,622100,General Medical and Surgical Hospitals,5830
29-1069,2010-05-01,622100,General Medical and Surgical Hospitals,76400
29-1071,2010-05-01,622100,General Medical and Surgical Hospitals,18710
29-1111,2010-05-01,622100,General Medical and Surgical Hospitals,1521400
21-1021,2010-05-01,622200,Psychiatric and Substance Abuse Hospitals,690
21-1022,2010-05-01,622200,Psychiatric and Substance Abuse Hospitals,2180
21-1023,2010-05-01,622200,Psychiatric and Substance Abuse Hospitals,10360
21-1029,2010-05-01,622200,Psychiatric and Substance Abuse Hospitals,850
29-1021,2010-05-01,622200,Psychiatric and Substance Abuse Hospitals,140
29-1051,2010-05-01,622200,Psychiatric and Substance Abuse Hospitals,1070
29-1062,2010-05-01,622200,Psychiatric and Substance Abuse Hospitals,600
29-1063,2010-05-01,622200,Psychiatric and Substance Abuse Hospitals,150
29-1066,2010-05-01,622200,Psychiatric and Substance Abuse Hospitals,4420
29-1069,2010-05-01,622200,Psychiatric and Substance Abuse Hospitals,540
29-1071,2010-05-01,622200,Psychiatric and Substance Abuse Hospitals,360
29-1111,2010-05-01,622200,Psychiatric and Substance Abuse Hospitals,33500
21-1021,2010-05-01,622300,Specialty (except Psychiatric and Substance Abuse) Hospitals,230
21-1022,2010-05-01,622300,Specialty (except Psychiatric and Substance Abuse) Hospitals,1960
21-1023,2010-05-01,622300,Specialty (except Psychiatric and Substance Abuse) Hospitals,270
21-1029,2010-05-01,622300,Specialty (except Psychiatric and Substance Abuse) Hospitals,210
29-1051,2010-05-01,622300,Specialty (except Psychiatric and Substance Abuse) Hospitals,2310
29-1061,2010-05-01,622300,Specialty (except Psychiatric and Substance Abuse) Hospitals,150
29-1062,2010-05-01,622300,Specialty (except Psychiatric and Substance Abuse) Hospitals,200
29-1063,2010-05-01,622300,Specialty (except Psychiatric and Substance Abuse) Hospitals,130
29-1064,2010-05-01,622300,Specialty (except Psychiatric and Substance Abuse) Hospitals,30
29-1065,2010-05-01,622300,Specialty (except Psychiatric and Substance Abuse) Hospitals,420
29-1066,2010-05-01,622300,Specialty (except Psychiatric and Substance Abuse) Hospitals,140
29-1067,2010-05-01,622300,Specialty (except Psychiatric and Substance Abuse) Hospitals,340
29-1069,2010-05-01,622300,Specialty (except Psychiatric and Substance Abuse) Hospitals,2570
29-1071,2010-05-01,622300,Specialty (except Psychiatric and Substance Abuse) Hospitals,630
29-1111,2010-05-01,622300,Specialty (except Psychiatric and Substance Abuse) Hospitals,50070
21-1021,2010-05-01,623100,Nursing Care Facilities,770
21-1022,2010-05-01,623100,Nursing Care Facilities,14680
21-1023,2010-05-01,623100,Nursing Care Facilities,380
21-1029,2010-05-01,623100,Nursing Care Facilities,620
29-1051,2010-05-01,623100,Nursing Care Facilities,430
29-1062,2010-05-01,623100,Nursing Care Facilities,100
29-1066,2010-05-01,623100,Nursing Care Facilities,70
29-1069,2010-05-01,623100,Nursing Care Facilities,90
29-1071,2010-05-01,623100,Nursing Care Facilities,50
29-1111,2010-05-01,623100,Nursing Care Facilities,134460
21-1021,2010-05-01,623200,"Residential Mental Retardation, Mental Health and Substance Abuse Facilities",4790
21-1022,2010-05-01,623200,"Residential Mental Retardation, Mental Health and Substance Abuse Facilities",2260
21-1023,2010-05-01,623200,"Residential Mental Retardation, Mental Health and Substance Abuse Facilities",16490
21-1029,2010-05-01,623200,"Residential Mental Retardation, Mental Health and Substance Abuse Facilities",1400
29-1051,2010-05-01,623200,"Residential Mental Retardation, Mental Health and Substance Abuse Facilities",80
29-1062,2010-05-01,623200,"Residential Mental Retardation, Mental Health and Substance Abuse Facilities",70
29-1066,2010-05-01,623200,"Residential Mental Retardation, Mental Health and Substance Abuse Facilities",410
29-1069,2010-05-01,623200,"Residential Mental Retardation, Mental Health and Substance Abuse Facilities",30
29-1071,2010-05-01,623200,"Residential Mental Retardation, Mental Health and Substance Abuse Facilities",40
29-1111,2010-05-01,623200,"Residential Mental Retardation, Mental Health and Substance Abuse Facilities",11090
21-1021,2010-05-01,623300,Community Care Facilities for the Elderly,0
21-1022,2010-05-01,623300,Community Care Facilities for the Elderly,2420
21-1023,2010-05-01,623300,Community Care Facilities for the Elderly,340
21-1029,2010-05-01,623300,Community Care Facilities for the Elderly,160
29-1051,2010-05-01,623300,Community Care Facilities for the Elderly,80
29-1111,2010-05-01,623300,Community Care Facilities for the Elderly,28170
21-1021,2010-05-01,623900,Other Residential Care Facilities,9510
21-1022,2010-05-01,623900,Other Residential Care Facilities,950
21-1023,2010-05-01,623900,Other Residential Care Facilities,3760
21-1029,2010-05-01,623900,Other Residential Care Facilities,670
29-1066,2010-05-01,623900,Other Residential Care Facilities,120
29-1111,2010-05-01,623900,Other Residential Care Facilities,2100
21-1021,2010-05-01,624100,Individual and Family Services,61170
21-1022,2010-05-01,624100,Individual and Family Services,16080
21-1023,2010-05-01,624100,Individual and Family Services,20130
21-1029,2010-05-01,624100,Individual and Family Services,10330
29-1021,2010-05-01,624100,Individual and Family Services,80
29-1051,2010-05-01,624100,Individual and Family Services,50
29-1062,2010-05-01,624100,Individual and Family Services,70
29-1066,2010-05-01,624100,Individual and Family Services,560
29-1069,2010-05-01,624100,Individual and Family Services,70
29-1111,2010-05-01,624100,Individual and Family Services,14740
21-1021,2010-05-01,624200,"Community Food and Housing, and Emergency and Other Relief Services",6340
21-1022,2010-05-01,624200,"Community Food and Housing, and Emergency and Other Relief Services",840
21-1023,2010-05-01,624200,"Community Food and Housing, and Emergency and Other Relief Services",3230
21-1029,2010-05-01,624200,"Community Food and Housing, and Emergency and Other Relief Services",2780
29-1066,2010-05-01,624200,"Community Food and Housing, and Emergency and Other Relief Services",80
29-1111,2010-05-01,624200,"Community Food and Housing, and Emergency and Other Relief Services",650
21-1021,2010-05-01,624300,Vocational Rehabilitation Services,1790
21-1022,2010-05-01,624300,Vocational Rehabilitation Services,1570
21-1023,2010-05-01,624300,Vocational Rehabilitation Services,1880
21-1029,2010-05-01,624300,Vocational Rehabilitation Services,740
29-1111,2010-05-01,624300,Vocational Rehabilitation Services,1850
21-1021,2010-05-01,624400,Child Day Care Services,6880
21-1022,2010-05-01,624400,Child Day Care Services,390
21-1023,2010-05-01,624400,Child Day Care Services,170
21-1029,2010-05-01,624400,Child Day Care Services,40
29-1111,2010-05-01,624400,Child Day Care Services,780
29-1111,2010-05-01,711200,Spectator Sports,90
29-1111,2010-05-01,713100,Amusement Parks and Arcades,230
21-1021,2010-05-01,713900,Other Amusement and Recreation Industries,0
29-1111,2010-05-01,713900,Other Amusement and Recreation Industries,40
29-1111,2010-05-01,721100,Traveler Accommodation,60
29-1111,2010-05-01,812100,Personal Care Services,410
21-1022,2010-05-01,812200,Death Care Services,0
21-1021,2010-05-01,813100,Religious Organizations,580
21-1022,2010-05-01,813100,Religious Organizations,160
21-1023,2010-05-01,813100,Religious Organizations,30
21-1029,2010-05-01,813100,Religious Organizations,90
29-1111,2010-05-01,813100,Religious Organizations,450
21-1021,2010-05-01,813200,Grantmaking and Giving Services,1250
21-1022,2010-05-01,813200,Grantmaking and Giving Services,1470
21-1023,2010-05-01,813200,Grantmaking and Giving Services,340
21-1029,2010-05-01,813200,Grantmaking and Giving Services,220
29-1111,2010-05-01,813200,Grantmaking and Giving Services,330
21-1021,2010-05-01,813300,Social Advocacy Organizations,5540
21-1022,2010-05-01,813300,Social Advocacy Organizations,870
21-1023,2010-05-01,813300,Social Advocacy Organizations,1810
21-1029,2010-05-01,813300,Social Advocacy Organizations,1270
29-1111,2010-05-01,813300,Social Advocacy Organizations,230
21-1021,2010-05-01,813400,Civic and Social Organizations,3120
21-1022,2010-05-01,813400,Civic and Social Organizations,140
21-1023,2010-05-01,813400,Civic and Social Organizations,860
21-1029,2010-05-01,813400,Civic and Social Organizations,200
29-1111,2010-05-01,813400,Civic and Social Organizations,40
21-1021,2010-05-01,813900,"Business, Professional, Labor, Political, and Similar Organizations",110
29-1051,2010-05-01,813900,"Business, Professional, Labor, Political, and Similar Organizations",80
29-1111,2010-05-01,813900,"Business, Professional, Labor, Political, and Similar Organizations",590
21-1029,2010-05-01,999100,Federal Executive Branch (OES Designation),9430
29-1029,2010-05-01,999100,Federal Executive Branch (OES Designation),2010
29-1051,2010-05-01,999100,Federal Executive Branch (OES Designation),7050
29-1069,2010-05-01,999100,Federal Executive Branch (OES Designation),28630
29-1071,2010-05-01,999100,Federal Executive Branch (OES Designation),2370
29-1111,2010-05-01,999100,Federal Executive Branch (OES Designation),65610
21-1021,2010-05-01,999200,State Government (OES Designation),60510
21-1022,2010-05-01,999200,State Government (OES Designation),0
21-1023,2010-05-01,999200,State Government (OES Designation),5130
21-1029,2010-05-01,999200,State Government (OES Designation),11990
29-1021,2010-05-01,999200,State Government (OES Designation),1310
29-1051,2010-05-01,999200,State Government (OES Designation),1370
29-1062,2010-05-01,999200,State Government (OES Designation),1620
29-1063,2010-05-01,999200,State Government (OES Designation),180
29-1066,2010-05-01,999200,State Government (OES Designation),1160
29-1069,2010-05-01,999200,State Government (OES Designation),1320
29-1071,2010-05-01,999200,State Government (OES Designation),300
29-1111,2010-05-01,999200,State Government (OES Designation),40960
21-1021,2010-05-01,999300,Local Government (OES Designation),54100
21-1022,2010-05-01,999300,Local Government (OES Designation),9680
21-1023,2010-05-01,999300,Local Government (OES Designation),12710
21-1029,2010-05-01,999300,Local Government (OES Designation),17230
29-1021,2010-05-01,999300,Local Government (OES Designation),720
29-1051,2010-05-01,999300,Local Government (OES Designation),1070
29-1062,2010-05-01,999300,Local Government (OES Designation),2760
29-1063,2010-05-01,999300,Local Government (OES Designation),150
29-1065,2010-05-01,999300,Local Government (OES Designation),90
29-1066,2010-05-01,999300,Local Government (OES Designation),1540
29-1067,2010-05-01,999300,Local Government (OES Designation),30
29-1069,2010-05-01,999300,Local Government (OES Designation),1470
29-1071,2010-05-01,999300,Local Government (OES Designation),610
29-1111,2010-05-01,999300,Local Government (OES Designation),45580
29-1111,2011-05-01,211100,Oil and Gas Extraction,60
29-1111,2011-05-01,221100,"Electric Power Generation, Transmission and Distribution",50
29-1111,2011-05-01,311400,Fruit and Vegetable Preserving and Specialty Food Manufacturing,40
29-1111,2011-05-01,311600,Animal Slaughtering and Processing,240
29-1111,2011-05-01,322100,"Pulp, Paper, and Paperboard Mills",60
29-1111,2011-05-01,325100,Basic Chemical Manufacturing,40
29-1111,2011-05-01,325200,"Resin, Synthetic Rubber, and Artificial Synthetic Fibers and Filaments Manufacturing",50
29-1051,2011-05-01,325400,Pharmaceutical and Medicine Manufacturing,120
29-1111,2011-05-01,325400,Pharmaceutical and Medicine Manufacturing,80
29-1111,2011-05-01,326100,Plastics Product Manufacturing,40
29-1111,2011-05-01,332900,Other Fabricated Metal Product Manufacturing,40
29-1111,2011-05-01,334500,"Navigational, Measuring, Electromedical, and Control Instruments Manufacturing",50
29-1111,2011-05-01,335200,Household Appliance Manufacturing,30
29-1111,2011-05-01,336100,Motor Vehicle Manufacturing,110
29-1111,2011-05-01,336300,Motor Vehicle Parts Manufacturing,140
29-1111,2011-05-01,336400,Aerospace Product and Parts Manufacturing,180
29-1024,2011-05-01,339100,Medical Equipment and Supplies Manufacturing,50
29-1111,2011-05-01,339100,Medical Equipment and Supplies Manufacturing,60
29-1051,2011-05-01,423400,Professional and Commercial Equipment and Supplies Merchant Wholesalers,250
29-1111,2011-05-01,423400,Professional and Commercial Equipment and Supplies Merchant Wholesalers,910
29-1051,2011-05-01,424200,Drugs and Druggists' Sundries Merchant Wholesalers,3830
29-1111,2011-05-01,424200,Drugs and Druggists' Sundries Merchant Wholesalers,330
29-1051,2011-05-01,425100,Wholesale Electronic Markets and Agents and Brokers,470
29-1111,2011-05-01,425100,Wholesale Electronic Markets and Agents and Brokers,0
29-1051,2011-05-01,445100,Grocery Stores,22210
29-1051,2011-05-01,446100,Health and Personal Care Stores,119770
29-1069,2011-05-01,446100,Health and Personal Care Stores,0
29-1111,2011-05-01,446100,Health and Personal Care Stores,1510
29-1051,2011-05-01,452100,Department Stores,16370
29-1051,2011-05-01,452900,Other General Merchandise Stores,14820
29-1051,2011-05-01,454100,Electronic Shopping and Mail-Order Houses,2860
29-1111,2011-05-01,454100,Electronic Shopping and Mail-Order Houses,70
29-1051,2011-05-01,454300,Direct Selling Establishments,0
29-1111,2011-05-01,481100,Scheduled Air Transportation,0
29-1111,2011-05-01,481200,Nonscheduled Air Transportation,0
29-1111,2011-05-01,482100,Rail Transportation,40
29-1111,2011-05-01,485900,Other Transit and Ground Passenger Transportation,30
29-1111,2011-05-01,491100,Postal Service,120
29-1051,2011-05-01,493100,Warehousing and Storage,130
29-1111,2011-05-01,493100,Warehousing and Storage,30
29-1111,2011-05-01,511200,Software Publishers,0
29-1051,2011-05-01,518200,"Data Processing, Hosting, and Related Services",40
29-1111,2011-05-01,518200,"Data Processing, Hosting, and Related Services",90
29-1111,2011-05-01,522200,Nondepository Credit Intermediation,0
29-1111,2011-05-01,523100,Securities and Commodity Contracts Intermediation and Brokerage,40
29-1111,2011-05-01,523900,Other Financial Investment Activities,0
21-1022,2011-05-01,524100,Insurance Carriers,1240
21-1029,2011-05-01,524100,Insurance Carriers,0
29-1021,2011-05-01,524100,Insurance Carriers,50
29-1051,2011-05-01,524100,Insurance Carriers,1100
29-1062,2011-05-01,524100,Insurance Carriers,60
29-1063,2011-05-01,524100,Insurance Carriers,60
29-1069,2011-05-01,524100,Insurance Carriers,180
29-1111,2011-05-01,524100,Insurance Carriers,15160
21-1022,2011-05-01,524200,"Agencies, Brokerages, and Other Insurance Related Activities",190
29-1051,2011-05-01,524200,"Agencies, Brokerages, and Other Insurance Related Activities",40
29-1069,2011-05-01,524200,"Agencies, Brokerages, and Other Insurance Related Activities",30
29-1111,2011-05-01,524200,"Agencies, Brokerages, and Other Insurance Related Activities",4060
21-1029,2011-05-01,525100,Insurance and Employee Benefit Funds,90
29-1051,2011-05-01,525100,Insurance and Employee Benefit Funds,30
29-1111,2011-05-01,525100,Insurance and Employee Benefit Funds,450
21-1021,2011-05-01,531100,Lessors of Real Estate,0
21-1022,2011-05-01,531100,Lessors of Real Estate,60
21-1029,2011-05-01,531100,Lessors of Real Estate,310
29-1111,2011-05-01,531100,Lessors of Real Estate,0
21-1022,2011-05-01,531300,Activities Related to Real Estate,0
21-1029,2011-05-01,531300,Activities Related to Real Estate,50
29-1111,2011-05-01,531300,Activities Related to Real Estate,0
21-1022,2011-05-01,532200,Consumer Goods Rental,0
29-1051,2011-05-01,532200,Consumer Goods Rental,200
29-1111,2011-05-01,532200,Consumer Goods Rental,310
21-1021,2011-05-01,541100,Legal Services,330
21-1029,2011-05-01,541100,Legal Services,0
29-1111,2011-05-01,541100,Legal Services,440
29-1111,2011-05-01,541200,"Accounting, Tax Preparation, Bookkeeping, and Payroll Services",400
29-1111,2011-05-01,541300,"Architectural, Engineering, and Related Services",40
29-1069,2011-05-01,541500,Computer Systems Design and Related Services,30
29-1111,2011-05-01,541500,Computer Systems Design and Related Services,290
21-1022,2011-05-01,541600,"Management, Scientific, and Technical Consulting Services",200
21-1023,2011-05-01,541600,"Management, Scientific, and Technical Consulting Services",0
21-1029,2011-05-01,541600,"Management, Scientific, and Technical Consulting Services",710
29-1051,2011-05-01,541600,"Management, Scientific, and Technical Consulting Services",620
29-1066,2011-05-01,541600,"Management, Scientific, and Technical Consulting Services",0
29-1069,2011-05-01,541600,"Management, Scientific, and Technical Consulting Services",80
29-1111,2011-05-01,541600,"Management, Scientific, and Technical Consulting Services",4360
21-1021,2011-05-01,541700,Scientific Research and Development Services,450
21-1022,2011-05-01,541700,Scientific Research and Development Services,200
21-1023,2011-05-01,541700,Scientific Research and Development Services,350
29-1051,2011-05-01,541700,Scientific Research and Development Services,140
29-1062,2011-05-01,541700,Scientific Research and Development Services,30
29-1063,2011-05-01,541700,Scientific Research and Development Services,90
29-1067,2011-05-01,541700,Scientific Research and Development Services,250
29-1069,2011-05-01,541700,Scientific Research and Development Services,650
29-1071,2011-05-01,541700,Scientific Research and Development Services,280
29-1111,2011-05-01,541700,Scientific Research and Development Services,2890
21-1022,2011-05-01,541900,"Other Professional, Scientific, and Technical Services",60
29-1051,2011-05-01,541900,"Other Professional, Scientific, and Technical Services",0
29-1069,2011-05-01,541900,"Other Professional, Scientific, and Technical Services",0
29-1111,2011-05-01,541900,"Other Professional, Scientific, and Technical Services",180
21-1021,2011-05-01,551100,Management of Companies and Enterprises,2060
21-1022,2011-05-01,551100,Management of Companies and Enterprises,860
21-1023,2011-05-01,551100,Management of Companies and Enterprises,390
21-1029,2011-05-01,551100,Management of Companies and Enterprises,620
29-1051,2011-05-01,551100,Management of Companies and Enterprises,2140
29-1062,2011-05-01,551100,Management of Companies and Enterprises,110
29-1066,2011-05-01,551100,Management of Companies and Enterprises,50
29-1069,2011-05-01,551100,Management of Companies and Enterprises,450
29-1071,2011-05-01,551100,Management of Companies and Enterprises,60
29-1111,2011-05-01,551100,Management of Companies and Enterprises,9570
21-1022,2011-05-01,561100,Office Administrative Services,140
29-1071,2011-05-01,561100,Office Administrative Services,60
29-1111,2011-05-01,561100,Office Administrative Services,4140
21-1023,2011-05-01,561200,Facilities Support Services,0
21-1029,2011-05-01,561200,Facilities Support Services,90
29-1111,2011-05-01,561200,Facilities Support Services,750
21-1021,2011-05-01,561300,Employment Services,920
21-1022,2011-05-01,561300,Employment Services,1270
21-1023,2011-05-01,561300,Employment Services,0
21-1029,2011-05-01,561300,Employment Services,230
29-1021,2011-05-01,561300,Employment Services,340
29-1051,2011-05-01,561300,Employment Services,2660
29-1062,2011-05-01,561300,Employment Services,920
29-1063,2011-05-01,561300,Employment Services,50
29-1065,2011-05-01,561300,Employment Services,30
29-1066,2011-05-01,561300,Employment Services,50
29-1069,2011-05-01,561300,Employment Services,560
29-1071,2011-05-01,561300,Employment Services,1390
29-1111,2011-05-01,561300,Employment Services,67610
29-1111,2011-05-01,561400,Business Support Services,260
21-1021,2011-05-01,611100,Elementary and Secondary Schools,37000
21-1022,2011-05-01,611100,Elementary and Secondary Schools,110
21-1023,2011-05-01,611100,Elementary and Secondary Schools,480
21-1029,2011-05-01,611100,Elementary and Secondary Schools,800
29-1069,2011-05-01,611100,Elementary and Secondary Schools,40
29-1111,2011-05-01,611100,Elementary and Secondary Schools,50790
21-1021,2011-05-01,611200,Junior Colleges,510
21-1029,2011-05-01,611200,Junior Colleges,80
29-1021,2011-05-01,611200,Junior Colleges,60
29-1111,2011-05-01,611200,Junior Colleges,640
21-1021,2011-05-01,611300,"Colleges, Universities, and Professional Schools",1750
21-1022,2011-05-01,611300,"Colleges, Universities, and Professional Schools",1640
21-1023,2011-05-01,611300,"Colleges, Universities, and Professional Schools",430
21-1029,2011-05-01,611300,"Colleges, Universities, and Professional Schools",330
29-1021,2011-05-01,611300,"Colleges, Universities, and Professional Schools",550
29-1022,2011-05-01,611300,"Colleges, Universities, and Professional Schools",130
29-1029,2011-05-01,611300,"Colleges, Universities, and Professional Schools",30
29-1051,2011-05-01,611300,"Colleges, Universities, and Professional Schools",1870
29-1061,2011-05-01,611300,"Colleges, Universities, and Professional Schools",650
29-1062,2011-05-01,611300,"Colleges, Universities, and Professional Schools",1250
29-1063,2011-05-01,611300,"Colleges, Universities, and Professional Schools",1340
29-1064,2011-05-01,611300,"Colleges, Universities, and Professional Schools",370
29-1065,2011-05-01,611300,"Colleges, Universities, and Professional Schools",1110
29-1066,2011-05-01,611300,"Colleges, Universities, and Professional Schools",1330
29-1067,2011-05-01,611300,"Colleges, Universities, and Professional Schools",1300
29-1069,2011-05-01,611300,"Colleges, Universities, and Professional Schools",13860
29-1071,2011-05-01,611300,"Colleges, Universities, and Professional Schools",2220
29-1111,2011-05-01,611300,"Colleges, Universities, and Professional Schools",36990
21-1021,2011-05-01,611400,Business Schools and Computer and Management Training,50
21-1021,2011-05-01,611500,Technical and Trade Schools,100
29-1111,2011-05-01,611500,Technical and Trade Schools,100
21-1021,2011-05-01,611600,Other Schools and Instruction,640
29-1111,2011-05-01,611600,Other Schools and Instruction,80
21-1021,2011-05-01,611700,Educational Support Services,3840
21-1023,2011-05-01,611700,Educational Support Services,40
21-1029,2011-05-01,611700,Educational Support Services,30
29-1111,2011-05-01,611700,Educational Support Services,220
21-1021,2011-05-01,621100,Offices of Physicians,660
21-1022,2011-05-01,621100,Offices of Physicians,3410
21-1023,2011-05-01,621100,Offices of Physicians,3110
21-1029,2011-05-01,621100,Offices of Physicians,260
29-1021,2011-05-01,621100,Offices of Physicians,3060
29-1022,2011-05-01,621100,Offices of Physicians,470
29-1023,2011-05-01,621100,Offices of Physicians,70
29-1029,2011-05-01,621100,Offices of Physicians,50
29-1051,2011-05-01,621100,Offices of Physicians,2430
29-1061,2011-05-01,621100,Offices of Physicians,27510
29-1062,2011-05-01,621100,Offices of Physicians,67760
29-1063,2011-05-01,621100,Offices of Physicians,32270
29-1064,2011-05-01,621100,Offices of Physicians,16320
29-1065,2011-05-01,621100,Offices of Physicians,21410
29-1066,2011-05-01,621100,Offices of Physicians,6030
29-1067,2011-05-01,621100,Offices of Physicians,31690
29-1069,2011-05-01,621100,Offices of Physicians,151900
29-1071,2011-05-01,621100,Offices of Physicians,47600
29-1111,2011-05-01,621100,Offices of Physicians,235710
29-1021,2011-05-01,621200,Offices of Dentists,81910
29-1022,2011-05-01,621200,Offices of Dentists,4660
29-1023,2011-05-01,621200,Offices of Dentists,4840
29-1024,2011-05-01,621200,Offices of Dentists,470
29-1029,2011-05-01,621200,Offices of Dentists,2320
29-1062,2011-05-01,621200,Offices of Dentists,0
29-1067,2011-05-01,621200,Offices of Dentists,150
29-1069,2011-05-01,621200,Offices of Dentists,150
29-1071,2011-05-01,621200,Offices of Dentists,0
29-1111,2011-05-01,621200,Offices of Dentists,1540
21-1021,2011-05-01,621300,Offices of Other Health Practitioners,1860
21-1022,2011-05-01,621300,Offices of Other Health Practitioners,1340
21-1023,2011-05-01,621300,Offices of Other Health Practitioners,5530
21-1029,2011-05-01,621300,Offices of Other Health Practitioners,260
29-1021,2011-05-01,621300,Offices of Other Health Practitioners,300
29-1023,2011-05-01,621300,Offices of Other Health Practitioners,40
29-1051,2011-05-01,621300,Offices of Other Health Practitioners,430
29-1061,2011-05-01,621300,Offices of Other Health Practitioners,460
29-1062,2011-05-01,621300,Offices of Other Health Practitioners,560
29-1063,2011-05-01,621300,Offices of Other Health Practitioners,160
29-1065,2011-05-01,621300,Offices of Other Health Practitioners,620
29-1066,2011-05-01,621300,Offices of Other Health Practitioners,990
29-1067,2011-05-01,621300,Offices of Other Health Practitioners,170
29-1069,2011-05-01,621300,Offices of Other Health Practitioners,1980
29-1071,2011-05-01,621300,Offices of Other Health Practitioners,1180
29-1111,2011-05-01,621300,Offices of Other Health Practitioners,16170
21-1021,2011-05-01,621400,Outpatient Care Centers,5240
21-1022,2011-05-01,621400,Outpatient Care Centers,7480
21-1023,2011-05-01,621400,Outpatient Care Centers,23050
21-1029,2011-05-01,621400,Outpatient Care Centers,710
29-1021,2011-05-01,621400,Outpatient Care Centers,1120
29-1029,2011-05-01,621400,Outpatient Care Centers,50
29-1051,2011-05-01,621400,Outpatient Care Centers,3070
29-1061,2011-05-01,621400,Outpatient Care Centers,690
29-1062,2011-05-01,621400,Outpatient Care Centers,6020
29-1063,2011-05-01,621400,Outpatient Care Centers,2050
29-1064,2011-05-01,621400,Outpatient Care Centers,880
29-1065,2011-05-01,621400,Outpatient Care Centers,1490
29-1066,2011-05-01,621400,Outpatient Care Centers,3220
29-1067,2011-05-01,621400,Outpatient Care Centers,1520
29-1069,2011-05-01,621400,Outpatient Care Centers,9460
29-1071,2011-05-01,621400,Outpatient Care Centers,5910
29-1111,2011-05-01,621400,Outpatient Care Centers,95180
21-1022,2011-05-01,621500,Medical and Diagnostic Laboratories,80
29-1051,2011-05-01,621500,Medical and Diagnostic Laboratories,90
29-1062,2011-05-01,621500,Medical and Diagnostic Laboratories,160
29-1063,2011-05-01,621500,Medical and Diagnostic Laboratories,30
29-1069,2011-05-01,621500,Medical and Diagnostic Laboratories,5170
29-1071,2011-05-01,621500,Medical and Diagnostic Laboratories,330
29-1111,2011-05-01,621500,Medical and Diagnostic Laboratories,2000
21-1021,2011-05-01,621600,Home Health Care Services,790
21-1022,2011-05-01,621600,Home Health Care Services,15050
21-1023,2011-05-01,621600,Home Health Care Services,500
21-1029,2011-05-01,621600,Home Health Care Services,590
29-1051,2011-05-01,621600,Home Health Care Services,1650
29-1061,2011-05-01,621600,Home Health Care Services,30
29-1062,2011-05-01,621600,Home Health Care Services,950
29-1063,2011-05-01,621600,Home Health Care Services,420
29-1069,2011-05-01,621600,Home Health Care Services,710
29-1071,2011-05-01,621600,Home Health Care Services,100
29-1111,2011-05-01,621600,Home Health Care Services,156730
21-1021,2011-05-01,621900,Other Ambulatory Health Care Services,90
21-1022,2011-05-01,621900,Other Ambulatory Health Care Services,0
21-1023,2011-05-01,621900,Other Ambulatory Health Care Services,400
21-1029,2011-05-01,621900,Other Ambulatory Health Care Services,40
29-1021,2011-05-01,621900,Other Ambulatory Health Care Services,80
29-1051,2011-05-01,621900,Other Ambulatory Health Care Services,220
29-1062,2011-05-01,621900,Other Ambulatory Health Care Services,200
29-1063,2011-05-01,621900,Other Ambulatory Health Care Services,100
29-1064,2011-05-01,621900,Other Ambulatory Health Care Services,50
29-1065,2011-05-01,621900,Other Ambulatory Health Care Services,50
29-1066,2011-05-01,621900,Other Ambulatory Health Care Services,30
29-1069,2011-05-01,621900,Other Ambulatory Health Care Services,820
29-1071,2011-05-01,621900,Other Ambulatory Health Care Services,250
29-1111,2011-05-01,621900,Other Ambulatory Health Care Services,11090
21-1021,2011-05-01,622100,General Medical and Surgical Hospitals,1940
21-1022,2011-05-01,622100,General Medical and Surgical Hospitals,37400
21-1023,2011-05-01,622100,General Medical and Surgical Hospitals,6030
21-1029,2011-05-01,622100,General Medical and Surgical Hospitals,3930
29-1021,2011-05-01,622100,General Medical and Surgical Hospitals,1050
29-1022,2011-05-01,622100,General Medical and Surgical Hospitals,490
29-1023,2011-05-01,622100,General Medical and Surgical Hospitals,50
29-1029,2011-05-01,622100,General Medical and Surgical Hospitals,190
29-1051,2011-05-01,622100,General Medical and Surgical Hospitals,59640
29-1061,2011-05-01,622100,General Medical and Surgical Hospitals,3810
29-1062,2011-05-01,622100,General Medical and Surgical Hospitals,17750
29-1063,2011-05-01,622100,General Medical and Surgical Hospitals,9510
29-1064,2011-05-01,622100,General Medical and Surgical Hospitals,2760
29-1065,2011-05-01,622100,General Medical and Surgical Hospitals,4430
29-1066,2011-05-01,622100,General Medical and Surgical Hospitals,3120
29-1067,2011-05-01,622100,General Medical and Surgical Hospitals,6510
29-1069,2011-05-01,622100,General Medical and Surgical Hospitals,80760
29-1071,2011-05-01,622100,General Medical and Surgical Hospitals,18780
29-1111,2011-05-01,622100,General Medical and Surgical Hospitals,1556930
21-1021,2011-05-01,622200,Psychiatric and Substance Abuse Hospitals,710
21-1022,2011-05-01,622200,Psychiatric and Substance Abuse Hospitals,2080
21-1023,2011-05-01,622200,Psychiatric and Substance Abuse Hospitals,10880
21-1029,2011-05-01,622200,Psychiatric and Substance Abuse Hospitals,670
29-1021,2011-05-01,622200,Psychiatric and Substance Abuse Hospitals,120
29-1051,2011-05-01,622200,Psychiatric and Substance Abuse Hospitals,1080
29-1062,2011-05-01,622200,Psychiatric and Substance Abuse Hospitals,520
29-1063,2011-05-01,622200,Psychiatric and Substance Abuse Hospitals,110
29-1066,2011-05-01,622200,Psychiatric and Substance Abuse Hospitals,3860
29-1067,2011-05-01,622200,Psychiatric and Substance Abuse Hospitals,130
29-1069,2011-05-01,622200,Psychiatric and Substance Abuse Hospitals,470
29-1071,2011-05-01,622200,Psychiatric and Substance Abuse Hospitals,360
29-1111,2011-05-01,622200,Psychiatric and Substance Abuse Hospitals,34810
21-1021,2011-05-01,622300,Specialty (except Psychiatric and Substance Abuse) Hospitals,270
21-1022,2011-05-01,622300,Specialty (except Psychiatric and Substance Abuse) Hospitals,1900
21-1023,2011-05-01,622300,Specialty (except Psychiatric and Substance Abuse) Hospitals,200
21-1029,2011-05-01,622300,Specialty (except Psychiatric and Substance Abuse) Hospitals,210
29-1021,2011-05-01,622300,Specialty (except Psychiatric and Substance Abuse) Hospitals,50
29-1051,2011-05-01,622300,Specialty (except Psychiatric and Substance Abuse) Hospitals,2460
29-1061,2011-05-01,622300,Specialty (except Psychiatric and Substance Abuse) Hospitals,100
29-1062,2011-05-01,622300,Specialty (except Psychiatric and Substance Abuse) Hospitals,180
29-1063,2011-05-01,622300,Specialty (except Psychiatric and Substance Abuse) Hospitals,120
29-1065,2011-05-01,622300,Specialty (except Psychiatric and Substance Abuse) Hospitals,280
29-1066,2011-05-01,622300,Specialty (except Psychiatric and Substance Abuse) Hospitals,110
29-1067,2011-05-01,622300,Specialty (except Psychiatric and Substance Abuse) Hospitals,230
29-1069,2011-05-01,622300,Specialty (except Psychiatric and Substance Abuse) Hospitals,3230
29-1071,2011-05-01,622300,Specialty (except Psychiatric and Substance Abuse) Hospitals,630
29-1111,2011-05-01,622300,Specialty (except Psychiatric and Substance Abuse) Hospitals,51150
21-1021,2011-05-01,623100,Nursing Care Facilities,540
21-1022,2011-05-01,623100,Nursing Care Facilities,15420
21-1023,2011-05-01,623100,Nursing Care Facilities,370
21-1029,2011-05-01,623100,Nursing Care Facilities,610
29-1051,2011-05-01,623100,Nursing Care Facilities,370
29-1062,2011-05-01,623100,Nursing Care Facilities,110
29-1066,2011-05-01,623100,Nursing Care Facilities,90
29-1069,2011-05-01,623100,Nursing Care Facilities,60
29-1071,2011-05-01,623100,Nursing Care Facilities,60
29-1111,2011-05-01,623100,Nursing Care Facilities,138080
21-1021,2011-05-01,623200,"Residential Mental Retardation, Mental Health and Substance Abuse Facilities",5690
21-1022,2011-05-01,623200,"Residential Mental Retardation, Mental Health and Substance Abuse Facilities",2310
21-1023,2011-05-01,623200,"Residential Mental Retardation, Mental Health and Substance Abuse Facilities",14980
21-1029,2011-05-01,623200,"Residential Mental Retardation, Mental Health and Substance Abuse Facilities",920
29-1021,2011-05-01,623200,"Residential Mental Retardation, Mental Health and Substance Abuse Facilities",30
29-1051,2011-05-01,623200,"Residential Mental Retardation, Mental Health and Substance Abuse Facilities",110
29-1062,2011-05-01,623200,"Residential Mental Retardation, Mental Health and Substance Abuse Facilities",70
29-1066,2011-05-01,623200,"Residential Mental Retardation, Mental Health and Substance Abuse Facilities",530
29-1071,2011-05-01,623200,"Residential Mental Retardation, Mental Health and Substance Abuse Facilities",40
29-1111,2011-05-01,623200,"Residential Mental Retardation, Mental Health and Substance Abuse Facilities",11870
21-1021,2011-05-01,623300,Community Care Facilities for the Elderly,60
21-1022,2011-05-01,623300,Community Care Facilities for the Elderly,2760
21-1023,2011-05-01,623300,Community Care Facilities for the Elderly,0
21-1029,2011-05-01,623300,Community Care Facilities for the Elderly,180
29-1051,2011-05-01,623300,Community Care Facilities for the Elderly,90
29-1111,2011-05-01,623300,Community Care Facilities for the Elderly,29690
21-1021,2011-05-01,623900,Other Residential Care Facilities,10010
21-1022,2011-05-01,623900,Other Residential Care Facilities,880
21-1023,2011-05-01,623900,Other Residential Care Facilities,2660
21-1029,2011-05-01,623900,Other Residential Care Facilities,480
29-1066,2011-05-01,623900,Other Residential Care Facilities,110
29-1111,2011-05-01,623900,Other Residential Care Facilities,2150
21-1021,2011-05-01,624100,Individual and Family Services,60150
21-1022,2011-05-01,624100,Individual and Family Services,15800
21-1023,2011-05-01,624100,Individual and Family Services,18740
21-1029,2011-05-01,624100,Individual and Family Services,8530
29-1021,2011-05-01,624100,Individual and Family Services,50
29-1051,2011-05-01,624100,Individual and Family Services,0
29-1062,2011-05-01,624100,Individual and Family Services,150
29-1066,2011-05-01,624100,Individual and Family Services,570
29-1069,2011-05-01,624100,Individual and Family Services,80
29-1071,2011-05-01,624100,Individual and Family Services,0
29-1111,2011-05-01,624100,Individual and Family Services,16070
21-1021,2011-05-01,624200,"Community Food and Housing, and Emergency and Other Relief Services",6590
21-1022,2011-05-01,624200,"Community Food and Housing, and Emergency and Other Relief Services",720
21-1023,2011-05-01,624200,"Community Food and Housing, and Emergency and Other Relief Services",2860
21-1029,2011-05-01,624200,"Community Food and Housing, and Emergency and Other Relief Services",2520
29-1066,2011-05-01,624200,"Community Food and Housing, and Emergency and Other Relief Services",70
29-1111,2011-05-01,624200,"Community Food and Housing, and Emergency and Other Relief Services",540
21-1021,2011-05-01,624300,Vocational Rehabilitation Services,1710
21-1022,2011-05-01,624300,Vocational Rehabilitation Services,1410
21-1023,2011-05-01,624300,Vocational Rehabilitation Services,1770
21-1029,2011-05-01,624300,Vocational Rehabilitation Services,650
29-1111,2011-05-01,624300,Vocational Rehabilitation Services,2030
21-1021,2011-05-01,624400,Child Day Care Services,6790
21-1022,2011-05-01,624400,Child Day Care Services,380
21-1023,2011-05-01,624400,Child Day Care Services,190
21-1029,2011-05-01,624400,Child Day Care Services,80
29-1111,2011-05-01,624400,Child Day Care Services,770
29-1111,2011-05-01,711200,Spectator Sports,40
29-1111,2011-05-01,713100,Amusement Parks and Arcades,160
21-1021,2011-05-01,713900,Other Amusement and Recreation Industries,0
29-1111,2011-05-01,721100,Traveler Accommodation,100
29-1111,2011-05-01,812100,Personal Care Services,470
21-1021,2011-05-01,813100,Religious Organizations,610
21-1022,2011-05-01,813100,Religious Organizations,140
21-1023,2011-05-01,813100,Religious Organizations,70
29-1111,2011-05-01,813100,Religious Organizations,510
21-1021,2011-05-01,813200,Grantmaking and Giving Services,1500
21-1022,2011-05-01,813200,Grantmaking and Giving Services,1340
21-1023,2011-05-01,813200,Grantmaking and Giving Services,390
21-1029,2011-05-01,813200,Grantmaking and Giving Services,110
29-1067,2011-05-01,813200,Grantmaking and Giving Services,110
29-1111,2011-05-01,813200,Grantmaking and Giving Services,270
21-1021,2011-05-01,813300,Social Advocacy Organizations,5820
21-1022,2011-05-01,813300,Social Advocacy Organizations,780
21-1023,2011-05-01,813300,Social Advocacy Organizations,1520
21-1029,2011-05-01,813300,Social Advocacy Organizations,780
29-1111,2011-05-01,813300,Social Advocacy Organizations,210
21-1021,2011-05-01,813400,Civic and Social Organizations,2480
21-1022,2011-05-01,813400,Civic and Social Organizations,120
21-1023,2011-05-01,813400,Civic and Social Organizations,410
21-1029,2011-05-01,813400,Civic and Social Organizations,140
21-1021,2011-05-01,813900,"Business, Professional, Labor, Political, and Similar Organizations",120
21-1022,2011-05-01,813900,"Business, Professional, Labor, Political, and Similar Organizations",40
29-1051,2011-05-01,813900,"Business, Professional, Labor, Political, and Similar Organizations",60
29-1111,2011-05-01,813900,"Business, Professional, Labor, Political, and Similar Organizations",380
21-1029,2011-05-01,999100,Federal Executive Branch (OES Designation),10480
29-1029,2011-05-01,999100,Federal Executive Branch (OES Designation),2080
29-1051,2011-05-01,999100,Federal Executive Branch (OES Designation),7340
29-1069,2011-05-01,999100,Federal Executive Branch (OES Designation),29820
29-1071,2011-05-01,999100,Federal Executive Branch (OES Designation),2490
29-1111,2011-05-01,999100,Federal Executive Branch (OES Designation),68270
21-1021,2011-05-01,999200,State Government (excluding schools and hospitals),61290
21-1022,2011-05-01,999200,State Government (excluding schools and hospitals),7120
21-1023,2011-05-01,999200,State Government (excluding schools and hospitals),5570
21-1029,2011-05-01,999200,State Government (excluding schools and hospitals),9900
29-1021,2011-05-01,999200,State Government (excluding schools and hospitals),1300
29-1051,2011-05-01,999200,State Government (excluding schools and hospitals),1340
29-1062,2011-05-01,999200,State Government (excluding schools and hospitals),1760
29-1063,2011-05-01,999200,State Government (excluding schools and hospitals),160
29-1066,2011-05-01,999200,State Government (excluding schools and hospitals),1230
29-1067,2011-05-01,999200,State Government (excluding schools and hospitals),150
29-1069,2011-05-01,999200,State Government (excluding schools and hospitals),1350
29-1071,2011-05-01,999200,State Government (excluding schools and hospitals),350
29-1111,2011-05-01,999200,State Government (excluding schools and hospitals),41390
21-1021,2011-05-01,999300,Local Government (excluding schools and hospitals),52950
21-1022,2011-05-01,999300,Local Government (excluding schools and hospitals),8990
21-1023,2011-05-01,999300,Local Government (excluding schools and hospitals),12460
21-1029,2011-05-01,999300,Local Government (excluding schools and hospitals),16560
29-1021,2011-05-01,999300,Local Government (excluding schools and hospitals),740
29-1051,2011-05-01,999300,Local Government (excluding schools and hospitals),930
29-1062,2011-05-01,999300,Local Government (excluding schools and hospitals),2790
29-1063,2011-05-01,999300,Local Government (excluding schools and hospitals),100
29-1065,2011-05-01,999300,Local Government (excluding schools and hospitals),90
29-1066,2011-05-01,999300,Local Government (excluding schools and hospitals),1520
29-1069,2011-05-01,999300,Local Government (excluding schools and hospitals),1470
29-1071,2011-05-01,999300,Local Government (excluding schools and hospitals),550
29-1111,2011-05-01,999300,Local Government (excluding schools and hospitals),44310
29-1141,2012-05-01,221100,"Electric Power Generation, Transmission and Distribution",40
29-1141,2012-05-01,311400,Fruit and Vegetable Preserving and Specialty Food Manufacturing,40
29-1141,2012-05-01,311600,Animal Slaughtering and Processing,240
29-1141,2012-05-01,322100,"Pulp, Paper, and Paperboard Mills",50
29-1141,2012-05-01,325100,Basic Chemical Manufacturing,30
29-1141,2012-05-01,325200,"Resin, Synthetic Rubber, and Artificial Synthetic Fibers and Filaments Manufacturing",50
29-1051,2012-05-01,325400,Pharmaceutical and Medicine Manufacturing,240
29-1141,2012-05-01,325400,Pharmaceutical and Medicine Manufacturing,70
29-1141,2012-05-01,332900,Other Fabricated Metal Product Manufacturing,30
29-1141,2012-05-01,334500,"Navigational, Measuring, Electromedical, and Control Instruments Manufacturing",80
29-1141,2012-05-01,335200,Household Appliance Manufacturing,40
29-1141,2012-05-01,336100,Motor Vehicle Manufacturing,110
29-1141,2012-05-01,336300,Motor Vehicle Parts Manufacturing,140
29-1141,2012-05-01,336400,Aerospace Product and Parts Manufacturing,190
29-1141,2012-05-01,339100,Medical Equipment and Supplies Manufacturing,30
29-1051,2012-05-01,423400,Professional and Commercial Equipment and Supplies Merchant Wholesalers,270
29-1141,2012-05-01,423400,Professional and Commercial Equipment and Supplies Merchant Wholesalers,720
29-1171,2012-05-01,423400,Professional and Commercial Equipment and Supplies Merchant Wholesalers,0
29-1051,2012-05-01,424200,Drugs and Druggists' Sundries Merchant Wholesalers,4590
29-1141,2012-05-01,424200,Drugs and Druggists' Sundries Merchant Wholesalers,280
29-1051,2012-05-01,425100,Wholesale Electronic Markets and Agents and Brokers,460
29-1141,2012-05-01,425100,Wholesale Electronic Markets and Agents and Brokers,0
29-1051,2012-05-01,445100,Grocery Stores,22590
29-1051,2012-05-01,446100,Health and Personal Care Stores,123020
29-1069,2012-05-01,446100,Health and Personal Care Stores,50
29-1141,2012-05-01,446100,Health and Personal Care Stores,1350
29-1051,2012-05-01,452100,Department Stores,16130
29-1051,2012-05-01,452900,Other General Merchandise Stores,15740
29-1051,2012-05-01,454100,Electronic Shopping and Mail-Order Houses,3110
29-1141,2012-05-01,454100,Electronic Shopping and Mail-Order Houses,40
29-1051,2012-05-01,454300,Direct Selling Establishments,0
29-1141,2012-05-01,454300,Direct Selling Establishments,70
29-1141,2012-05-01,481100,Scheduled Air Transportation,80
29-1141,2012-05-01,481200,Nonscheduled Air Transportation,370
29-1141,2012-05-01,482100,Rail Transportation,50
29-1141,2012-05-01,485900,Other Transit and Ground Passenger Transportation,60
29-1141,2012-05-01,491100,Postal Service,120
29-1051,2012-05-01,493100,Warehousing and Storage,130
29-1141,2012-05-01,493100,Warehousing and Storage,40
29-1141,2012-05-01,512100,Motion Picture and Video Industries,80
29-1051,2012-05-01,518200,"Data Processing, Hosting, and Related Services",0
29-1141,2012-05-01,518200,"Data Processing, Hosting, and Related Services",210
29-1141,2012-05-01,522200,Nondepository Credit Intermediation,0
29-1141,2012-05-01,523100,Securities and Commodity Contracts Intermediation and Brokerage,30
29-1141,2012-05-01,523900,Other Financial Investment Activities,0
21-1022,2012-05-01,524100,Insurance Carriers,1170
21-1029,2012-05-01,524100,Insurance Carriers,790
29-1021,2012-05-01,524100,Insurance Carriers,50
29-1051,2012-05-01,524100,Insurance Carriers,1110
29-1062,2012-05-01,524100,Insurance Carriers,60
29-1066,2012-05-01,524100,Insurance Carriers,140
29-1069,2012-05-01,524100,Insurance Carriers,210
29-1141,2012-05-01,524100,Insurance Carriers,17170
29-1171,2012-05-01,524100,Insurance Carriers,170
31-1014,2012-05-01,524100,Insurance Carriers,190
21-1022,2012-05-01,524200,"Agencies, Brokerages, and Other Insurance Related Activities",90
29-1051,2012-05-01,524200,"Agencies, Brokerages, and Other Insurance Related Activities",90
29-1141,2012-05-01,524200,"Agencies, Brokerages, and Other Insurance Related Activities",4670
21-1029,2012-05-01,525100,Insurance and Employee Benefit Funds,90
29-1051,2012-05-01,525100,Insurance and Employee Benefit Funds,50
29-1141,2012-05-01,525100,Insurance and Employee Benefit Funds,490
21-1021,2012-05-01,531100,Lessors of Real Estate,0
21-1022,2012-05-01,531100,Lessors of Real Estate,50
21-1029,2012-05-01,531100,Lessors of Real Estate,180
29-1141,2012-05-01,531100,Lessors of Real Estate,140
31-1014,2012-05-01,531100,Lessors of Real Estate,260
21-1021,2012-05-01,531300,Activities Related to Real Estate,40
21-1022,2012-05-01,531300,Activities Related to Real Estate,0
21-1029,2012-05-01,531300,Activities Related to Real Estate,0
29-1141,2012-05-01,531300,Activities Related to Real Estate,0
31-1014,2012-05-01,531300,Activities Related to Real Estate,0
29-1051,2012-05-01,532200,Consumer Goods Rental,150
29-1141,2012-05-01,532200,Consumer Goods Rental,300
29-1141,2012-05-01,532400,Commercial and Industrial Machinery and Equipment Rental and Leasing,30
21-1021,2012-05-01,541100,Legal Services,0
21-1029,2012-05-01,541100,Legal Services,320
29-1141,2012-05-01,541100,Legal Services,590
21-1022,2012-05-01,541200,"Accounting, Tax Preparation, Bookkeeping, and Payroll Services",50
29-1141,2012-05-01,541200,"Accounting, Tax Preparation, Bookkeeping, and Payroll Services",320
29-1171,2012-05-01,541200,"Accounting, Tax Preparation, Bookkeeping, and Payroll Services",40
29-1141,2012-05-01,541300,"Architectural, Engineering, and Related Services",40
29-1069,2012-05-01,541500,Computer Systems Design and Related Services,40
29-1141,2012-05-01,541500,Computer Systems Design and Related Services,620
29-1171,2012-05-01,541500,Computer Systems Design and Related Services,0
21-1021,2012-05-01,541600,"Management, Scientific, and Technical Consulting Services",70
21-1022,2012-05-01,541600,"Management, Scientific, and Technical Consulting Services",230
21-1029,2012-05-01,541600,"Management, Scientific, and Technical Consulting Services",300
29-1051,2012-05-01,541600,"Management, Scientific, and Technical Consulting Services",740
29-1069,2012-05-01,541600,"Management, Scientific, and Technical Consulting Services",50
29-1141,2012-05-01,541600,"Management, Scientific, and Technical Consulting Services",4660
29-1171,2012-05-01,541600,"Management, Scientific, and Technical Consulting Services",150
21-1021,2012-05-01,541700,Scientific Research and Development Services,580
21-1022,2012-05-01,541700,Scientific Research and Development Services,200
21-1023,2012-05-01,541700,Scientific Research and Development Services,190
29-1051,2012-05-01,541700,Scientific Research and Development Services,140
29-1062,2012-05-01,541700,Scientific Research and Development Services,30
29-1063,2012-05-01,541700,Scientific Research and Development Services,80
29-1069,2012-05-01,541700,Scientific Research and Development Services,540
29-1071,2012-05-01,541700,Scientific Research and Development Services,250
29-1141,2012-05-01,541700,Scientific Research and Development Services,2450
29-1171,2012-05-01,541700,Scientific Research and Development Services,330
31-1014,2012-05-01,541700,Scientific Research and Development Services,340
29-1051,2012-05-01,541900,"Other Professional, Scientific, and Technical Services",30
29-1069,2012-05-01,541900,"Other Professional, Scientific, and Technical Services",0
29-1141,2012-05-01,541900,"Other Professional, Scientific, and Technical Services",0
21-1021,2012-05-01,551100,Management of Companies and Enterprises,2840
21-1022,2012-05-01,551100,Management of Companies and Enterprises,890
21-1023,2012-05-01,551100,Management of Companies and Enterprises,300
21-1029,2012-05-01,551100,Management of Companies and Enterprises,630
29-1051,2012-05-01,551100,Management of Companies and Enterprises,2610
29-1062,2012-05-01,551100,Management of Companies and Enterprises,340
29-1063,2012-05-01,551100,Management of Companies and Enterprises,30
29-1066,2012-05-01,551100,Management of Companies and Enterprises,40
29-1069,2012-05-01,551100,Management of Companies and Enterprises,640
29-1071,2012-05-01,551100,Management of Companies and Enterprises,70
29-1141,2012-05-01,551100,Management of Companies and Enterprises,10770
29-1171,2012-05-01,551100,Management of Companies and Enterprises,260
31-1014,2012-05-01,551100,Management of Companies and Enterprises,790
21-1022,2012-05-01,561100,Office Administrative Services,80
29-1051,2012-05-01,561100,Office Administrative Services,140
29-1071,2012-05-01,561100,Office Administrative Services,120
29-1141,2012-05-01,561100,Office Administrative Services,2920
29-1171,2012-05-01,561100,Office Administrative Services,0
21-1023,2012-05-01,561200,Facilities Support Services,120
21-1029,2012-05-01,561200,Facilities Support Services,60
29-1141,2012-05-01,561200,Facilities Support Services,680
29-1171,2012-05-01,561200,Facilities Support Services,60
31-1014,2012-05-01,561200,Facilities Support Services,80
21-1021,2012-05-01,561300,Employment Services,730
21-1022,2012-05-01,561300,Employment Services,1380
21-1023,2012-05-01,561300,Employment Services,0
21-1029,2012-05-01,561300,Employment Services,120
29-1021,2012-05-01,561300,Employment Services,270
29-1029,2012-05-01,561300,Employment Services,60
29-1051,2012-05-01,561300,Employment Services,2520
29-1062,2012-05-01,561300,Employment Services,1470
29-1065,2012-05-01,561300,Employment Services,40
29-1066,2012-05-01,561300,Employment Services,50
29-1069,2012-05-01,561300,Employment Services,980
29-1071,2012-05-01,561300,Employment Services,1910
29-1141,2012-05-01,561300,Employment Services,58820
29-1151,2012-05-01,561300,Employment Services,90
29-1171,2012-05-01,561300,Employment Services,1080
31-1014,2012-05-01,561300,Employment Services,37250
29-1141,2012-05-01,561400,Business Support Services,240
21-1021,2012-05-01,611100,Elementary and Secondary Schools,37050
21-1022,2012-05-01,611100,Elementary and Secondary Schools,100
21-1023,2012-05-01,611100,Elementary and Secondary Schools,470
21-1029,2012-05-01,611100,Elementary and Secondary Schools,400
29-1062,2012-05-01,611100,Elementary and Secondary Schools,50
29-1069,2012-05-01,611100,Elementary and Secondary Schools,30
29-1141,2012-05-01,611100,Elementary and Secondary Schools,49620
29-1171,2012-05-01,611100,Elementary and Secondary Schools,160
31-1014,2012-05-01,611100,Elementary and Secondary Schools,3790
21-1021,2012-05-01,611200,Junior Colleges,600
21-1029,2012-05-01,611200,Junior Colleges,30
29-1021,2012-05-01,611200,Junior Colleges,80
29-1141,2012-05-01,611200,Junior Colleges,600
21-1021,2012-05-01,611300,"Colleges, Universities, and Professional Schools",1440
21-1022,2012-05-01,611300,"Colleges, Universities, and Professional Schools",1530
21-1023,2012-05-01,611300,"Colleges, Universities, and Professional Schools",500
21-1029,2012-05-01,611300,"Colleges, Universities, and Professional Schools",370
29-1021,2012-05-01,611300,"Colleges, Universities, and Professional Schools",390
29-1022,2012-05-01,611300,"Colleges, Universities, and Professional Schools",130
29-1029,2012-05-01,611300,"Colleges, Universities, and Professional Schools",30
29-1051,2012-05-01,611300,"Colleges, Universities, and Professional Schools",1860
29-1061,2012-05-01,611300,"Colleges, Universities, and Professional Schools",730
29-1062,2012-05-01,611300,"Colleges, Universities, and Professional Schools",1990
29-1063,2012-05-01,611300,"Colleges, Universities, and Professional Schools",1320
29-1064,2012-05-01,611300,"Colleges, Universities, and Professional Schools",340
29-1065,2012-05-01,611300,"Colleges, Universities, and Professional Schools",1120
29-1066,2012-05-01,611300,"Colleges, Universities, and Professional Schools",1680
29-1067,2012-05-01,611300,"Colleges, Universities, and Professional Schools",1070
29-1069,2012-05-01,611300,"Colleges, Universities, and Professional Schools",14020
29-1071,2012-05-01,611300,"Colleges, Universities, and Professional Schools",1780
29-1141,2012-05-01,611300,"Colleges, Universities, and Professional Schools",31330
29-1151,2012-05-01,611300,"Colleges, Universities, and Professional Schools",710
29-1171,2012-05-01,611300,"Colleges, Universities, and Professional Schools",3160
31-1014,2012-05-01,611300,"Colleges, Universities, and Professional Schools",5100
21-1021,2012-05-01,611400,Business Schools and Computer and Management Training,40
29-1069,2012-05-01,611400,Business Schools and Computer and Management Training,40
21-1021,2012-05-01,611500,Technical and Trade Schools,160
29-1141,2012-05-01,611500,Technical and Trade Schools,70
21-1021,2012-05-01,611600,Other Schools and Instruction,600
29-1141,2012-05-01,611600,Other Schools and Instruction,0
21-1021,2012-05-01,611700,Educational Support Services,4150
29-1141,2012-05-01,611700,Educational Support Services,180
31-1014,2012-05-01,611700,Educational Support Services,50
21-1021,2012-05-01,621100,Offices of Physicians,680
21-1022,2012-05-01,621100,Offices of Physicians,4000
21-1023,2012-05-01,621100,Offices of Physicians,3020
21-1029,2012-05-01,621100,Offices of Physicians,300
29-1021,2012-05-01,621100,Offices of Physicians,3020
29-1022,2012-05-01,621100,Offices of Physicians,390
29-1023,2012-05-01,621100,Offices of Physicians,60
29-1029,2012-05-01,621100,Offices of Physicians,100
29-1051,2012-05-01,621100,Offices of Physicians,3490
29-1061,2012-05-01,621100,Offices of Physicians,24430
29-1062,2012-05-01,621100,Offices of Physicians,75290
29-1063,2012-05-01,621100,Offices of Physicians,31020
29-1064,2012-05-01,621100,Offices of Physicians,15760
29-1065,2012-05-01,621100,Offices of Physicians,22640
29-1066,2012-05-01,621100,Offices of Physicians,6840
29-1067,2012-05-01,621100,Offices of Physicians,31440
29-1069,2012-05-01,621100,Offices of Physicians,146070
29-1071,2012-05-01,621100,Offices of Physicians,48140
29-1141,2012-05-01,621100,Offices of Physicians,177190
29-1151,2012-05-01,621100,Offices of Physicians,19900
29-1171,2012-05-01,621100,Offices of Physicians,48690
31-1014,2012-05-01,621100,Offices of Physicians,16070
29-1021,2012-05-01,621200,Offices of Dentists,84310
29-1022,2012-05-01,621200,Offices of Dentists,4180
29-1023,2012-05-01,621200,Offices of Dentists,5300
29-1024,2012-05-01,621200,Offices of Dentists,270
29-1029,2012-05-01,621200,Offices of Dentists,2430
29-1062,2012-05-01,621200,Offices of Dentists,90
29-1067,2012-05-01,621200,Offices of Dentists,140
29-1069,2012-05-01,621200,Offices of Dentists,170
29-1071,2012-05-01,621200,Offices of Dentists,0
29-1141,2012-05-01,621200,Offices of Dentists,1590
29-1151,2012-05-01,621200,Offices of Dentists,30
29-1171,2012-05-01,621200,Offices of Dentists,0
31-1014,2012-05-01,621200,Offices of Dentists,170
21-1021,2012-05-01,621300,Offices of Other Health Practitioners,1730
21-1022,2012-05-01,621300,Offices of Other Health Practitioners,1610
21-1023,2012-05-01,621300,Offices of Other Health Practitioners,5770
21-1029,2012-05-01,621300,Offices of Other Health Practitioners,310
29-1021,2012-05-01,621300,Offices of Other Health Practitioners,310
29-1023,2012-05-01,621300,Offices of Other Health Practitioners,90
29-1051,2012-05-01,621300,Offices of Other Health Practitioners,430
29-1061,2012-05-01,621300,Offices of Other Health Practitioners,370
29-1062,2012-05-01,621300,Offices of Other Health Practitioners,690
29-1063,2012-05-01,621300,Offices of Other Health Practitioners,160
29-1065,2012-05-01,621300,Offices of Other Health Practitioners,0
29-1066,2012-05-01,621300,Offices of Other Health Practitioners,990
29-1067,2012-05-01,621300,Offices of Other Health Practitioners,350
29-1069,2012-05-01,621300,Offices of Other Health Practitioners,1960
29-1071,2012-05-01,621300,Offices of Other Health Practitioners,1150
29-1141,2012-05-01,621300,Offices of Other Health Practitioners,11490
29-1151,2012-05-01,621300,Offices of Other Health Practitioners,1190
29-1171,2012-05-01,621300,Offices of Other Health Practitioners,2440
31-1014,2012-05-01,621300,Offices of Other Health Practitioners,3050
21-1021,2012-05-01,621400,Outpatient Care Centers,6100
21-1022,2012-05-01,621400,Outpatient Care Centers,7690
21-1023,2012-05-01,621400,Outpatient Care Centers,21800
21-1029,2012-05-01,621400,Outpatient Care Centers,690
29-1021,2012-05-01,621400,Outpatient Care Centers,1370
29-1022,2012-05-01,621400,Outpatient Care Centers,30
29-1023,2012-05-01,621400,Outpatient Care Centers,0
29-1029,2012-05-01,621400,Outpatient Care Centers,60
29-1051,2012-05-01,621400,Outpatient Care Centers,3310
29-1061,2012-05-01,621400,Outpatient Care Centers,610
29-1062,2012-05-01,621400,Outpatient Care Centers,5700
29-1063,2012-05-01,621400,Outpatient Care Centers,1780
29-1064,2012-05-01,621400,Outpatient Care Centers,900
29-1065,2012-05-01,621400,Outpatient Care Centers,1310
29-1066,2012-05-01,621400,Outpatient Care Centers,3330
29-1067,2012-05-01,621400,Outpatient Care Centers,1210
29-1069,2012-05-01,621400,Outpatient Care Centers,9790
29-1071,2012-05-01,621400,Outpatient Care Centers,6040
29-1141,2012-05-01,621400,Outpatient Care Centers,92350
29-1151,2012-05-01,621400,Outpatient Care Centers,1020
29-1171,2012-05-01,621400,Outpatient Care Centers,7610
31-1014,2012-05-01,621400,Outpatient Care Centers,13290
21-1022,2012-05-01,621500,Medical and Diagnostic Laboratories,70
29-1051,2012-05-01,621500,Medical and Diagnostic Laboratories,140
29-1062,2012-05-01,621500,Medical and Diagnostic Laboratories,230
29-1069,2012-05-01,621500,Medical and Diagnostic Laboratories,5630
29-1071,2012-05-01,621500,Medical and Diagnostic Laboratories,320
29-1141,2012-05-01,621500,Medical and Diagnostic Laboratories,1800
29-1171,2012-05-01,621500,Medical and Diagnostic Laboratories,160
31-1014,2012-05-01,621500,Medical and Diagnostic Laboratories,170
21-1021,2012-05-01,621600,Home Health Care Services,490
21-1022,2012-05-01,621600,Home Health Care Services,16290
21-1023,2012-05-01,621600,Home Health Care Services,420
21-1029,2012-05-01,621600,Home Health Care Services,610
29-1029,2012-05-01,621600,Home Health Care Services,30
29-1051,2012-05-01,621600,Home Health Care Services,1610
29-1061,2012-05-01,621600,Home Health Care Services,30
29-1062,2012-05-01,621600,Home Health Care Services,670
29-1063,2012-05-01,621600,Home Health Care Services,430
29-1069,2012-05-01,621600,Home Health Care Services,780
29-1071,2012-05-01,621600,Home Health Care Services,100
29-1141,2012-05-01,621600,Home Health Care Services,162120
29-1151,2012-05-01,621600,Home Health Care Services,0
29-1171,2012-05-01,621600,Home Health Care Services,3050
31-1014,2012-05-01,621600,Home Health Care Services,63490
21-1022,2012-05-01,621900,Other Ambulatory Health Care Services,690
21-1023,2012-05-01,621900,Other Ambulatory Health Care Services,320
21-1029,2012-05-01,621900,Other Ambulatory Health Care Services,40
29-1021,2012-05-01,621900,Other Ambulatory Health Care Services,120
29-1051,2012-05-01,621900,Other Ambulatory Health Care Services,0
29-1062,2012-05-01,621900,Other Ambulatory Health Care Services,270
29-1063,2012-05-01,621900,Other Ambulatory Health Care Services,60
29-1064,2012-05-01,621900,Other Ambulatory Health Care Services,40
29-1065,2012-05-01,621900,Other Ambulatory Health Care Services,80
29-1066,2012-05-01,621900,Other Ambulatory Health Care Services,0
29-1069,2012-05-01,621900,Other Ambulatory Health Care Services,640
29-1071,2012-05-01,621900,Other Ambulatory Health Care Services,220
29-1141,2012-05-01,621900,Other Ambulatory Health Care Services,10510
29-1151,2012-05-01,621900,Other Ambulatory Health Care Services,70
29-1171,2012-05-01,621900,Other Ambulatory Health Care Services,440
31-1014,2012-05-01,621900,Other Ambulatory Health Care Services,1110
21-1021,2012-05-01,622100,General Medical and Surgical Hospitals,2010
21-1022,2012-05-01,622100,General Medical and Surgical Hospitals,40360
21-1023,2012-05-01,622100,General Medical and Surgical Hospitals,5270
21-1029,2012-05-01,622100,General Medical and Surgical Hospitals,3610
29-1021,2012-05-01,622100,General Medical and Surgical Hospitals,1260
29-1022,2012-05-01,622100,General Medical and Surgical Hospitals,210
29-1023,2012-05-01,622100,General Medical and Surgical Hospitals,40
29-1029,2012-05-01,622100,General Medical and Surgical Hospitals,220
29-1051,2012-05-01,622100,General Medical and Surgical Hospitals,61460
29-1061,2012-05-01,622100,General Medical and Surgical Hospitals,3620
29-1062,2012-05-01,622100,General Medical and Surgical Hospitals,18420
29-1063,2012-05-01,622100,General Medical and Surgical Hospitals,9690
29-1064,2012-05-01,622100,General Medical and Surgical Hospitals,3650
29-1065,2012-05-01,622100,General Medical and Surgical Hospitals,4300
29-1066,2012-05-01,622100,General Medical and Surgical Hospitals,2940
29-1067,2012-05-01,622100,General Medical and Surgical Hospitals,7250
29-1069,2012-05-01,622100,General Medical and Surgical Hospitals,87240
29-1071,2012-05-01,622100,General Medical and Surgical Hospitals,18380
29-1141,2012-05-01,622100,General Medical and Surgical Hospitals,1545370
29-1151,2012-05-01,622100,General Medical and Surgical Hospitals,9710
29-1171,2012-05-01,622100,General Medical and Surgical Hospitals,27760
31-1014,2012-05-01,622100,General Medical and Surgical Hospitals,345260
21-1021,2012-05-01,622200,Psychiatric and Substance Abuse Hospitals,710
21-1022,2012-05-01,622200,Psychiatric and Substance Abuse Hospitals,2420
21-1023,2012-05-01,622200,Psychiatric and Substance Abuse Hospitals,10120
21-1029,2012-05-01,622200,Psychiatric and Substance Abuse Hospitals,320
29-1021,2012-05-01,622200,Psychiatric and Substance Abuse Hospitals,110
29-1051,2012-05-01,622200,Psychiatric and Substance Abuse Hospitals,1120
29-1062,2012-05-01,622200,Psychiatric and Substance Abuse Hospitals,570
29-1063,2012-05-01,622200,Psychiatric and Substance Abuse Hospitals,120
29-1066,2012-05-01,622200,Psychiatric and Substance Abuse Hospitals,3680
29-1069,2012-05-01,622200,Psychiatric and Substance Abuse Hospitals,530
29-1071,2012-05-01,622200,Psychiatric and Substance Abuse Hospitals,260
29-1141,2012-05-01,622200,Psychiatric and Substance Abuse Hospitals,34670
29-1171,2012-05-01,622200,Psychiatric and Substance Abuse Hospitals,790
31-1014,2012-05-01,622200,Psychiatric and Substance Abuse Hospitals,7120
21-1021,2012-05-01,622300,Specialty (except Psychiatric and Substance Abuse) Hospitals,250
21-1022,2012-05-01,622300,Specialty (except Psychiatric and Substance Abuse) Hospitals,2180
21-1023,2012-05-01,622300,Specialty (except Psychiatric and Substance Abuse) Hospitals,260
21-1029,2012-05-01,622300,Specialty (except Psychiatric and Substance Abuse) Hospitals,40
29-1021,2012-05-01,622300,Specialty (except Psychiatric and Substance Abuse) Hospitals,70
29-1051,2012-05-01,622300,Specialty (except Psychiatric and Substance Abuse) Hospitals,2630
29-1061,2012-05-01,622300,Specialty (except Psychiatric and Substance Abuse) Hospitals,110
29-1062,2012-05-01,622300,Specialty (except Psychiatric and Substance Abuse) Hospitals,200
29-1063,2012-05-01,622300,Specialty (except Psychiatric and Substance Abuse) Hospitals,100
29-1065,2012-05-01,622300,Specialty (except Psychiatric and Substance Abuse) Hospitals,190
29-1066,2012-05-01,622300,Specialty (except Psychiatric and Substance Abuse) Hospitals,150
29-1067,2012-05-01,622300,Specialty (except Psychiatric and Substance Abuse) Hospitals,160
29-1069,2012-05-01,622300,Specialty (except Psychiatric and Substance Abuse) Hospitals,2890
29-1071,2012-05-01,622300,Specialty (except Psychiatric and Substance Abuse) Hospitals,710
29-1141,2012-05-01,622300,Specialty (except Psychiatric and Substance Abuse) Hospitals,52240
29-1151,2012-05-01,622300,Specialty (except Psychiatric and Substance Abuse) Hospitals,420
29-1171,2012-05-01,622300,Specialty (except Psychiatric and Substance Abuse) Hospitals,1810
31-1014,2012-05-01,622300,Specialty (except Psychiatric and Substance Abuse) Hospitals,18700
21-1021,2012-05-01,623100,Nursing Care Facilities (Skilled Nursing Facilities),470
21-1022,2012-05-01,623100,Nursing Care Facilities (Skilled Nursing Facilities),15820
21-1023,2012-05-01,623100,Nursing Care Facilities (Skilled Nursing Facilities),300
21-1029,2012-05-01,623100,Nursing Care Facilities (Skilled Nursing Facilities),390
29-1051,2012-05-01,623100,Nursing Care Facilities (Skilled Nursing Facilities),350
29-1062,2012-05-01,623100,Nursing Care Facilities (Skilled Nursing Facilities),90
29-1063,2012-05-01,623100,Nursing Care Facilities (Skilled Nursing Facilities),40
29-1066,2012-05-01,623100,Nursing Care Facilities (Skilled Nursing Facilities),80
29-1069,2012-05-01,623100,Nursing Care Facilities (Skilled Nursing Facilities),40
29-1071,2012-05-01,623100,Nursing Care Facilities (Skilled Nursing Facilities),60
29-1141,2012-05-01,623100,Nursing Care Facilities (Skilled Nursing Facilities),139440
29-1171,2012-05-01,623100,Nursing Care Facilities (Skilled Nursing Facilities),1710
31-1014,2012-05-01,623100,Nursing Care Facilities (Skilled Nursing Facilities),620410
21-1021,2012-05-01,623200,"Residential Intellectual and Developmental Disability, Mental Health, and Substance Abuse Facilities",6060
21-1022,2012-05-01,623200,"Residential Intellectual and Developmental Disability, Mental Health, and Substance Abuse Facilities",2250
21-1023,2012-05-01,623200,"Residential Intellectual and Developmental Disability, Mental Health, and Substance Abuse Facilities",14450
21-1029,2012-05-01,623200,"Residential Intellectual and Developmental Disability, Mental Health, and Substance Abuse Facilities",770
29-1051,2012-05-01,623200,"Residential Intellectual and Developmental Disability, Mental Health, and Substance Abuse Facilities",120
29-1062,2012-05-01,623200,"Residential Intellectual and Developmental Disability, Mental Health, and Substance Abuse Facilities",80
29-1066,2012-05-01,623200,"Residential Intellectual and Developmental Disability, Mental Health, and Substance Abuse Facilities",570
29-1141,2012-05-01,623200,"Residential Intellectual and Developmental Disability, Mental Health, and Substance Abuse Facilities",11790
29-1171,2012-05-01,623200,"Residential Intellectual and Developmental Disability, Mental Health, and Substance Abuse Facilities",500
31-1014,2012-05-01,623200,"Residential Intellectual and Developmental Disability, Mental Health, and Substance Abuse Facilities",28430
21-1021,2012-05-01,623300,Continuing Care Retirement Communities and Assisted Living Facilities for the Elderly,70
21-1022,2012-05-01,623300,Continuing Care Retirement Communities and Assisted Living Facilities for the Elderly,3380
21-1023,2012-05-01,623300,Continuing Care Retirement Communities and Assisted Living Facilities for the Elderly,40
21-1029,2012-05-01,623300,Continuing Care Retirement Communities and Assisted Living Facilities for the Elderly,100
29-1051,2012-05-01,623300,Continuing Care Retirement Communities and Assisted Living Facilities for the Elderly,80
29-1141,2012-05-01,623300,Continuing Care Retirement Communities and Assisted Living Facilities for the Elderly,30490
29-1171,2012-05-01,623300,Continuing Care Retirement Communities and Assisted Living Facilities for the Elderly,620
31-1014,2012-05-01,623300,Continuing Care Retirement Communities and Assisted Living Facilities for the Elderly,166250
21-1021,2012-05-01,623900,Other Residential Care Facilities,10090
21-1022,2012-05-01,623900,Other Residential Care Facilities,1080
21-1023,2012-05-01,623900,Other Residential Care Facilities,2290
21-1029,2012-05-01,623900,Other Residential Care Facilities,360
29-1066,2012-05-01,623900,Other Residential Care Facilities,120
29-1141,2012-05-01,623900,Other Residential Care Facilities,2040
29-1171,2012-05-01,623900,Other Residential Care Facilities,50
31-1014,2012-05-01,623900,Other Residential Care Facilities,5600
21-1021,2012-05-01,624100,Individual and Family Services,58720
21-1022,2012-05-01,624100,Individual and Family Services,15690
21-1023,2012-05-01,624100,Individual and Family Services,18830
21-1029,2012-05-01,624100,Individual and Family Services,7210
29-1021,2012-05-01,624100,Individual and Family Services,70
29-1051,2012-05-01,624100,Individual and Family Services,160
29-1062,2012-05-01,624100,Individual and Family Services,150
29-1066,2012-05-01,624100,Individual and Family Services,660
29-1069,2012-05-01,624100,Individual and Family Services,140
29-1071,2012-05-01,624100,Individual and Family Services,0
29-1141,2012-05-01,624100,Individual and Family Services,16440
29-1171,2012-05-01,624100,Individual and Family Services,720
31-1014,2012-05-01,624100,Individual and Family Services,18790
21-1021,2012-05-01,624200,"Community Food and Housing, and Emergency and Other Relief Services",6190
21-1022,2012-05-01,624200,"Community Food and Housing, and Emergency and Other Relief Services",710
21-1023,2012-05-01,624200,"Community Food and Housing, and Emergency and Other Relief Services",3240
21-1029,2012-05-01,624200,"Community Food and Housing, and Emergency and Other Relief Services",2100
29-1066,2012-05-01,624200,"Community Food and Housing, and Emergency and Other Relief Services",0
29-1141,2012-05-01,624200,"Community Food and Housing, and Emergency and Other Relief Services",480
31-1014,2012-05-01,624200,"Community Food and Housing, and Emergency and Other Relief Services",280
21-1021,2012-05-01,624300,Vocational Rehabilitation Services,1370
21-1022,2012-05-01,624300,Vocational Rehabilitation Services,1530
21-1023,2012-05-01,624300,Vocational Rehabilitation Services,1940
21-1029,2012-05-01,624300,Vocational Rehabilitation Services,760
29-1141,2012-05-01,624300,Vocational Rehabilitation Services,2010
29-1171,2012-05-01,624300,Vocational Rehabilitation Services,90
31-1014,2012-05-01,624300,Vocational Rehabilitation Services,1020
21-1021,2012-05-01,624400,Child Day Care Services,6370
21-1022,2012-05-01,624400,Child Day Care Services,370
21-1023,2012-05-01,624400,Child Day Care Services,280
21-1029,2012-05-01,624400,Child Day Care Services,80
29-1141,2012-05-01,624400,Child Day Care Services,770
31-1014,2012-05-01,624400,Child Day Care Services,110
29-1141,2012-05-01,711200,Spectator Sports,40
29-1141,2012-05-01,713100,Amusement Parks and Arcades,170
21-1021,2012-05-01,713900,Other Amusement and Recreation Industries,60
29-1141,2012-05-01,713900,Other Amusement and Recreation Industries,50
29-1141,2012-05-01,721100,Traveler Accommodation,90
29-1141,2012-05-01,812100,Personal Care Services,400
29-1171,2012-05-01,812100,Personal Care Services,140
21-1021,2012-05-01,813100,Religious Organizations,470
21-1022,2012-05-01,813100,Religious Organizations,100
21-1023,2012-05-01,813100,Religious Organizations,60
29-1141,2012-05-01,813100,Religious Organizations,440
31-1014,2012-05-01,813100,Religious Organizations,1090
21-1021,2012-05-01,813200,Grantmaking and Giving Services,1620
21-1022,2012-05-01,813200,Grantmaking and Giving Services,1210
21-1023,2012-05-01,813200,Grantmaking and Giving Services,310
21-1029,2012-05-01,813200,Grantmaking and Giving Services,80
29-1067,2012-05-01,813200,Grantmaking and Giving Services,130
29-1141,2012-05-01,813200,Grantmaking and Giving Services,170
29-1171,2012-05-01,813200,Grantmaking and Giving Services,50
21-1021,2012-05-01,813300,Social Advocacy Organizations,5790
21-1022,2012-05-01,813300,Social Advocacy Organizations,770
21-1023,2012-05-01,813300,Social Advocacy Organizations,1410
21-1029,2012-05-01,813300,Social Advocacy Organizations,790
29-1141,2012-05-01,813300,Social Advocacy Organizations,220
31-1014,2012-05-01,813300,Social Advocacy Organizations,40
21-1021,2012-05-01,813400,Civic and Social Organizations,1980
21-1022,2012-05-01,813400,Civic and Social Organizations,120
21-1023,2012-05-01,813400,Civic and Social Organizations,330
21-1029,2012-05-01,813400,Civic and Social Organizations,60
21-1021,2012-05-01,813900,"Business, Professional, Labor, Political, and Similar Organizations",100
21-1022,2012-05-01,813900,"Business, Professional, Labor, Political, and Similar Organizations",40
29-1051,2012-05-01,813900,"Business, Professional, Labor, Political, and Similar Organizations",50
29-1141,2012-05-01,813900,"Business, Professional, Labor, Political, and Similar Organizations",390
21-1029,2012-05-01,999100,Federal Executive Branch (OES Designation),11020
29-1029,2012-05-01,999100,Federal Executive Branch (OES Designation),2130
29-1051,2012-05-01,999100,Federal Executive Branch (OES Designation),7440
29-1069,2012-05-01,999100,Federal Executive Branch (OES Designation),30240
29-1071,2012-05-01,999100,Federal Executive Branch (OES Designation),2460
29-1141,2012-05-01,999100,Federal Executive Branch (OES Designation),67650
29-1151,2012-05-01,999100,Federal Executive Branch (OES Designation),790
31-1014,2012-05-01,999100,Federal Executive Branch (OES Designation),12430
21-1021,2012-05-01,999200,State Government (OES Designation),60680
21-1022,2012-05-01,999200,State Government (OES Designation),7240
21-1023,2012-05-01,999200,State Government (OES Designation),4490
21-1029,2012-05-01,999200,State Government (OES Designation),6960
29-1021,2012-05-01,999200,State Government (OES Designation),1240
29-1051,2012-05-01,999200,State Government (OES Designation),1400
29-1062,2012-05-01,999200,State Government (OES Designation),1510
29-1063,2012-05-01,999200,State Government (OES Designation),140
29-1066,2012-05-01,999200,State Government (OES Designation),1190
29-1067,2012-05-01,999200,State Government (OES Designation),420
29-1069,2012-05-01,999200,State Government (OES Designation),1310
29-1071,2012-05-01,999200,State Government (OES Designation),300
29-1141,2012-05-01,999200,State Government (OES Designation),39120
29-1171,2012-05-01,999200,State Government (OES Designation),1270
31-1014,2012-05-01,999200,State Government (OES Designation),15060
21-1021,2012-05-01,999300,Local Government (OES Designation),52820
21-1022,2012-05-01,999300,Local Government (OES Designation),8280
21-1023,2012-05-01,999300,Local Government (OES Designation),11600
21-1029,2012-05-01,999300,Local Government (OES Designation),18270
29-1021,2012-05-01,999300,Local Government (OES Designation),740
29-1051,2012-05-01,999300,Local Government (OES Designation),920
29-1062,2012-05-01,999300,Local Government (OES Designation),1910
29-1063,2012-05-01,999300,Local Government (OES Designation),100
29-1064,2012-05-01,999300,Local Government (OES Designation),50
29-1065,2012-05-01,999300,Local Government (OES Designation),70
29-1066,2012-05-01,999300,Local Government (OES Designation),1400
29-1069,2012-05-01,999300,Local Government (OES Designation),1530
29-1071,2012-05-01,999300,Local Government (OES Designation),470
29-1141,2012-05-01,999300,Local Government (OES Designation),39060
29-1171,2012-05-01,999300,Local Government (OES Designation),1610
31-1014,2012-05-01,999300,Local Government (OES Designation),32950
29-1141,2013-05-01,221100,"Electric Power Generation, Transmission and Distribution",60
29-1141,2013-05-01,311600,Animal Slaughtering and Processing,270
29-1141,2013-05-01,322100,"Pulp, Paper, and Paperboard Mills",50
29-1141,2013-05-01,325100,Basic Chemical Manufacturing,40
29-1141,2013-05-01,325200,"Resin, Synthetic Rubber, and Artificial Synthetic Fibers and Filaments Manufacturing",50
29-1051,2013-05-01,325400,Pharmaceutical and Medicine Manufacturing,210
29-1141,2013-05-01,325400,Pharmaceutical and Medicine Manufacturing,80
29-1141,2013-05-01,333100,"Agriculture, Construction, and Mining Machinery Manufacturing",70
29-1141,2013-05-01,334500,"Navigational, Measuring, Electromedical, and Control Instruments Manufacturing",120
29-1141,2013-05-01,335200,Household Appliance Manufacturing,40
29-1141,2013-05-01,336100,Motor Vehicle Manufacturing,110
29-1141,2013-05-01,336300,Motor Vehicle Parts Manufacturing,130
29-1141,2013-05-01,336400,Aerospace Product and Parts Manufacturing,180
29-1141,2013-05-01,339100,Medical Equipment and Supplies Manufacturing,30
29-1051,2013-05-01,423400,Professional and Commercial Equipment and Supplies Merchant Wholesalers,350
29-1141,2013-05-01,423400,Professional and Commercial Equipment and Supplies Merchant Wholesalers,270
29-1051,2013-05-01,424200,Drugs and Druggists' Sundries Merchant Wholesalers,4950
29-1141,2013-05-01,424200,Drugs and Druggists' Sundries Merchant Wholesalers,280
29-1051,2013-05-01,425100,Wholesale Electronic Markets and Agents and Brokers,510
29-1069,2013-05-01,425100,Wholesale Electronic Markets and Agents and Brokers,0
29-1051,2013-05-01,445100,Grocery Stores,23030
21-1022,2013-05-01,446100,Health and Personal Care Stores,0
29-1051,2013-05-01,446100,Health and Personal Care Stores,126350
29-1069,2013-05-01,446100,Health and Personal Care Stores,120
29-1141,2013-05-01,446100,Health and Personal Care Stores,1720
29-1171,2013-05-01,446100,Health and Personal Care Stores,0
29-1051,2013-05-01,452100,Department Stores,13040
29-1051,2013-05-01,452900,Other General Merchandise Stores,16500
29-1051,2013-05-01,454100,Electronic Shopping and Mail-Order Houses,3770
29-1141,2013-05-01,454100,Electronic Shopping and Mail-Order Houses,70
29-1051,2013-05-01,454300,Direct Selling Establishments,0
29-1141,2013-05-01,454300,Direct Selling Establishments,0
29-1141,2013-05-01,481100,Scheduled Air Transportation,0
29-1141,2013-05-01,481200,Nonscheduled Air Transportation,170
29-1141,2013-05-01,482100,Rail Transportation,30
29-1141,2013-05-01,485900,Other Transit and Ground Passenger Transportation,50
29-1141,2013-05-01,491100,Postal Service,120
29-1051,2013-05-01,493100,Warehousing and Storage,160
29-1141,2013-05-01,512100,Motion Picture and Video Industries,300
29-1051,2013-05-01,518200,"Data Processing, Hosting, and Related Services",0
29-1141,2013-05-01,518200,"Data Processing, Hosting, and Related Services",230
21-1022,2013-05-01,519100,Other Information Services,40
29-1141,2013-05-01,522100,Depository Credit Intermediation,30
29-1141,2013-05-01,522200,Nondepository Credit Intermediation,40
21-1022,2013-05-01,524100,Insurance Carriers,1220
21-1029,2013-05-01,524100,Insurance Carriers,730
29-1051,2013-05-01,524100,Insurance Carriers,1140
29-1066,2013-05-01,524100,Insurance Carriers,180
29-1069,2013-05-01,524100,Insurance Carriers,290
29-1141,2013-05-01,524100,Insurance Carriers,19830
29-1171,2013-05-01,524100,Insurance Carriers,150
31-1014,2013-05-01,524100,Insurance Carriers,150
21-1022,2013-05-01,524200,"Agencies, Brokerages, and Other Insurance Related Activities",440
21-1029,2013-05-01,524200,"Agencies, Brokerages, and Other Insurance Related Activities",50
29-1051,2013-05-01,524200,"Agencies, Brokerages, and Other Insurance Related Activities",110
29-1141,2013-05-01,524200,"Agencies, Brokerages, and Other Insurance Related Activities",5130
29-1141,2013-05-01,525100,Insurance and Employee Benefit Funds,80
21-1021,2013-05-01,531100,Lessors of Real Estate,90
21-1022,2013-05-01,531100,Lessors of Real Estate,40
21-1029,2013-05-01,531100,Lessors of Real Estate,130
29-1141,2013-05-01,531100,Lessors of Real Estate,150
31-1014,2013-05-01,531100,Lessors of Real Estate,240
21-1021,2013-05-01,531300,Activities Related to Real Estate,0
29-1141,2013-05-01,531300,Activities Related to Real Estate,60
31-1014,2013-05-01,531300,Activities Related to Real Estate,0
29-1051,2013-05-01,532200,Consumer Goods Rental,200
29-1141,2013-05-01,532200,Consumer Goods Rental,380
29-1141,2013-05-01,532400,Commercial and Industrial Machinery and Equipment Rental and Leasing,40
21-1021,2013-05-01,541100,Legal Services,460
21-1029,2013-05-01,541100,Legal Services,440
29-1141,2013-05-01,541100,Legal Services,570
21-1022,2013-05-01,541200,"Accounting, Tax Preparation, Bookkeeping, and Payroll Services",140
29-1141,2013-05-01,541200,"Accounting, Tax Preparation, Bookkeeping, and Payroll Services",380
29-1171,2013-05-01,541200,"Accounting, Tax Preparation, Bookkeeping, and Payroll Services",30
29-1141,2013-05-01,541300,"Architectural, Engineering, and Related Services",40
29-1069,2013-05-01,541500,Computer Systems Design and Related Services,0
29-1141,2013-05-01,541500,Computer Systems Design and Related Services,850
29-1171,2013-05-01,541500,Computer Systems Design and Related Services,0
21-1022,2013-05-01,541600,"Management, Scientific, and Technical Consulting Services",330
21-1023,2013-05-01,541600,"Management, Scientific, and Technical Consulting Services",150
21-1029,2013-05-01,541600,"Management, Scientific, and Technical Consulting Services",240
29-1051,2013-05-01,541600,"Management, Scientific, and Technical Consulting Services",870
29-1069,2013-05-01,541600,"Management, Scientific, and Technical Consulting Services",120
29-1141,2013-05-01,541600,"Management, Scientific, and Technical Consulting Services",6260
29-1171,2013-05-01,541600,"Management, Scientific, and Technical Consulting Services",290
31-1014,2013-05-01,541600,"Management, Scientific, and Technical Consulting Services",150
21-1021,2013-05-01,541700,Scientific Research and Development Services,600
21-1022,2013-05-01,541700,Scientific Research and Development Services,290
21-1023,2013-05-01,541700,Scientific Research and Development Services,150
29-1051,2013-05-01,541700,Scientific Research and Development Services,150
29-1063,2013-05-01,541700,Scientific Research and Development Services,90
29-1067,2013-05-01,541700,Scientific Research and Development Services,30
29-1069,2013-05-01,541700,Scientific Research and Development Services,610
29-1071,2013-05-01,541700,Scientific Research and Development Services,280
29-1141,2013-05-01,541700,Scientific Research and Development Services,2260
29-1171,2013-05-01,541700,Scientific Research and Development Services,380
31-1014,2013-05-01,541700,Scientific Research and Development Services,590
29-1069,2013-05-01,541900,"Other Professional, Scientific, and Technical Services",0
29-1141,2013-05-01,541900,"Other Professional, Scientific, and Technical Services",170
21-1021,2013-05-01,551100,Management of Companies and Enterprises,2930
21-1022,2013-05-01,551100,Management of Companies and Enterprises,1100
21-1023,2013-05-01,551100,Management of Companies and Enterprises,540
21-1029,2013-05-01,551100,Management of Companies and Enterprises,660
29-1021,2013-05-01,551100,Management of Companies and Enterprises,0
29-1051,2013-05-01,551100,Management of Companies and Enterprises,2840
29-1062,2013-05-01,551100,Management of Companies and Enterprises,370
29-1063,2013-05-01,551100,Management of Companies and Enterprises,110
29-1066,2013-05-01,551100,Management of Companies and Enterprises,80
29-1069,2013-05-01,551100,Management of Companies and Enterprises,630
29-1071,2013-05-01,551100,Management of Companies and Enterprises,80
29-1141,2013-05-01,551100,Management of Companies and Enterprises,11040
29-1171,2013-05-01,551100,Management of Companies and Enterprises,320
31-1014,2013-05-01,551100,Management of Companies and Enterprises,1130
21-1022,2013-05-01,561100,Office Administrative Services,260
29-1051,2013-05-01,561100,Office Administrative Services,200
29-1071,2013-05-01,561100,Office Administrative Services,0
29-1141,2013-05-01,561100,Office Administrative Services,3000
29-1171,2013-05-01,561100,Office Administrative Services,190
21-1023,2013-05-01,561200,Facilities Support Services,90
21-1029,2013-05-01,561200,Facilities Support Services,70
29-1141,2013-05-01,561200,Facilities Support Services,660
29-1171,2013-05-01,561200,Facilities Support Services,50
31-1014,2013-05-01,561200,Facilities Support Services,50
21-1021,2013-05-01,561300,Employment Services,610
21-1022,2013-05-01,561300,Employment Services,1030
21-1023,2013-05-01,561300,Employment Services,840
21-1029,2013-05-01,561300,Employment Services,170
29-1021,2013-05-01,561300,Employment Services,600
29-1029,2013-05-01,561300,Employment Services,60
29-1051,2013-05-01,561300,Employment Services,2250
29-1062,2013-05-01,561300,Employment Services,0
29-1063,2013-05-01,561300,Employment Services,40
29-1065,2013-05-01,561300,Employment Services,70
29-1066,2013-05-01,561300,Employment Services,40
29-1069,2013-05-01,561300,Employment Services,1070
29-1071,2013-05-01,561300,Employment Services,2160
29-1141,2013-05-01,561300,Employment Services,53210
29-1151,2013-05-01,561300,Employment Services,60
29-1171,2013-05-01,561300,Employment Services,1250
31-1014,2013-05-01,561300,Employment Services,34160
29-1051,2013-05-01,561400,Business Support Services,0
29-1141,2013-05-01,561400,Business Support Services,320
21-1021,2013-05-01,611100,Elementary and Secondary Schools,36490
21-1022,2013-05-01,611100,Elementary and Secondary Schools,160
21-1023,2013-05-01,611100,Elementary and Secondary Schools,740
21-1029,2013-05-01,611100,Elementary and Secondary Schools,260
29-1062,2013-05-01,611100,Elementary and Secondary Schools,60
29-1066,2013-05-01,611100,Elementary and Secondary Schools,30
29-1069,2013-05-01,611100,Elementary and Secondary Schools,110
29-1141,2013-05-01,611100,Elementary and Secondary Schools,49870
29-1171,2013-05-01,611100,Elementary and Secondary Schools,190
31-1014,2013-05-01,611100,Elementary and Secondary Schools,3980
21-1021,2013-05-01,611200,Junior Colleges,0
21-1029,2013-05-01,611200,Junior Colleges,100
29-1021,2013-05-01,611200,Junior Colleges,60
29-1141,2013-05-01,611200,Junior Colleges,520
31-1014,2013-05-01,611200,Junior Colleges,30
21-1021,2013-05-01,611300,"Colleges, Universities, and Professional Schools",1640
21-1022,2013-05-01,611300,"Colleges, Universities, and Professional Schools",1320
21-1023,2013-05-01,611300,"Colleges, Universities, and Professional Schools",510
21-1029,2013-05-01,611300,"Colleges, Universities, and Professional Schools",420
29-1021,2013-05-01,611300,"Colleges, Universities, and Professional Schools",530
29-1051,2013-05-01,611300,"Colleges, Universities, and Professional Schools",1750
29-1061,2013-05-01,611300,"Colleges, Universities, and Professional Schools",670
29-1062,2013-05-01,611300,"Colleges, Universities, and Professional Schools",2660
29-1063,2013-05-01,611300,"Colleges, Universities, and Professional Schools",810
29-1064,2013-05-01,611300,"Colleges, Universities, and Professional Schools",210
29-1065,2013-05-01,611300,"Colleges, Universities, and Professional Schools",1070
29-1066,2013-05-01,611300,"Colleges, Universities, and Professional Schools",1960
29-1067,2013-05-01,611300,"Colleges, Universities, and Professional Schools",1160
29-1069,2013-05-01,611300,"Colleges, Universities, and Professional Schools",11130
29-1071,2013-05-01,611300,"Colleges, Universities, and Professional Schools",2210
29-1141,2013-05-01,611300,"Colleges, Universities, and Professional Schools",26780
29-1151,2013-05-01,611300,"Colleges, Universities, and Professional Schools",680
29-1171,2013-05-01,611300,"Colleges, Universities, and Professional Schools",3550
31-1014,2013-05-01,611300,"Colleges, Universities, and Professional Schools",4820
21-1021,2013-05-01,611400,Business Schools and Computer and Management Training,50
29-1069,2013-05-01,611400,Business Schools and Computer and Management Training,60
21-1021,2013-05-01,611500,Technical and Trade Schools,270
29-1141,2013-05-01,611500,Technical and Trade Schools,40
21-1021,2013-05-01,611600,Other Schools and Instruction,390
21-1029,2013-05-01,611600,Other Schools and Instruction,0
29-1141,2013-05-01,611600,Other Schools and Instruction,140
21-1021,2013-05-01,611700,Educational Support Services,3540
21-1022,2013-05-01,611700,Educational Support Services,0
21-1023,2013-05-01,611700,Educational Support Services,0
21-1029,2013-05-01,611700,Educational Support Services,50
29-1141,2013-05-01,611700,Educational Support Services,230
29-1171,2013-05-01,611700,Educational Support Services,30
31-1014,2013-05-01,611700,Educational Support Services,40
21-1021,2013-05-01,621100,Offices of Physicians,680
21-1022,2013-05-01,621100,Offices of Physicians,3880
21-1023,2013-05-01,621100,Offices of Physicians,3470
21-1029,2013-05-01,621100,Offices of Physicians,270
29-1021,2013-05-01,621100,Offices of Physicians,3030
29-1022,2013-05-01,621100,Offices of Physicians,260
29-1023,2013-05-01,621100,Offices of Physicians,30
29-1029,2013-05-01,621100,Offices of Physicians,100
29-1051,2013-05-01,621100,Offices of Physicians,4610
29-1061,2013-05-01,621100,Offices of Physicians,25180
29-1062,2013-05-01,621100,Offices of Physicians,82360
29-1063,2013-05-01,621100,Offices of Physicians,30810
29-1064,2013-05-01,621100,Offices of Physicians,16730
29-1065,2013-05-01,621100,Offices of Physicians,23210
29-1066,2013-05-01,621100,Offices of Physicians,7010
29-1067,2013-05-01,621100,Offices of Physicians,30150
29-1069,2013-05-01,621100,Offices of Physicians,142880
29-1071,2013-05-01,621100,Offices of Physicians,50510
29-1141,2013-05-01,621100,Offices of Physicians,178810
29-1151,2013-05-01,621100,Offices of Physicians,20260
29-1171,2013-05-01,621100,Offices of Physicians,52860
31-1014,2013-05-01,621100,Offices of Physicians,16810
29-1021,2013-05-01,621200,Offices of Dentists,86170
29-1022,2013-05-01,621200,Offices of Dentists,4730
29-1023,2013-05-01,621200,Offices of Dentists,5340
29-1024,2013-05-01,621200,Offices of Dentists,240
29-1029,2013-05-01,621200,Offices of Dentists,2420
29-1062,2013-05-01,621200,Offices of Dentists,140
29-1067,2013-05-01,621200,Offices of Dentists,150
29-1069,2013-05-01,621200,Offices of Dentists,160
29-1071,2013-05-01,621200,Offices of Dentists,0
29-1141,2013-05-01,621200,Offices of Dentists,1370
29-1151,2013-05-01,621200,Offices of Dentists,40
29-1171,2013-05-01,621200,Offices of Dentists,0
31-1014,2013-05-01,621200,Offices of Dentists,320
21-1021,2013-05-01,621300,Offices of Other Health Practitioners,1900
21-1022,2013-05-01,621300,Offices of Other Health Practitioners,1590
21-1023,2013-05-01,621300,Offices of Other Health Practitioners,6410
21-1029,2013-05-01,621300,Offices of Other Health Practitioners,330
29-1021,2013-05-01,621300,Offices of Other Health Practitioners,330
29-1023,2013-05-01,621300,Offices of Other Health Practitioners,80
29-1051,2013-05-01,621300,Offices of Other Health Practitioners,320
29-1061,2013-05-01,621300,Offices of Other Health Practitioners,210
29-1062,2013-05-01,621300,Offices of Other Health Practitioners,570
29-1063,2013-05-01,621300,Offices of Other Health Practitioners,100
29-1066,2013-05-01,621300,Offices of Other Health Practitioners,840
29-1067,2013-05-01,621300,Offices of Other Health Practitioners,270
29-1069,2013-05-01,621300,Offices of Other Health Practitioners,2140
29-1071,2013-05-01,621300,Offices of Other Health Practitioners,1190
29-1141,2013-05-01,621300,Offices of Other Health Practitioners,10660
29-1151,2013-05-01,621300,Offices of Other Health Practitioners,1060
29-1171,2013-05-01,621300,Offices of Other Health Practitioners,2680
31-1014,2013-05-01,621300,Offices of Other Health Practitioners,3290
21-1021,2013-05-01,621400,Outpatient Care Centers,6320
21-1022,2013-05-01,621400,Outpatient Care Centers,8650
21-1023,2013-05-01,621400,Outpatient Care Centers,22570
21-1029,2013-05-01,621400,Outpatient Care Centers,870
29-1021,2013-05-01,621400,Outpatient Care Centers,1560
29-1022,2013-05-01,621400,Outpatient Care Centers,30
29-1023,2013-05-01,621400,Outpatient Care Centers,0
29-1051,2013-05-01,621400,Outpatient Care Centers,3500
29-1061,2013-05-01,621400,Outpatient Care Centers,510
29-1062,2013-05-01,621400,Outpatient Care Centers,6180
29-1063,2013-05-01,621400,Outpatient Care Centers,1700
29-1064,2013-05-01,621400,Outpatient Care Centers,880
29-1065,2013-05-01,621400,Outpatient Care Centers,1080
29-1066,2013-05-01,621400,Outpatient Care Centers,3430
29-1067,2013-05-01,621400,Outpatient Care Centers,1320
29-1069,2013-05-01,621400,Outpatient Care Centers,9580
29-1071,2013-05-01,621400,Outpatient Care Centers,6040
29-1141,2013-05-01,621400,Outpatient Care Centers,102410
29-1151,2013-05-01,621400,Outpatient Care Centers,1000
29-1171,2013-05-01,621400,Outpatient Care Centers,8120
31-1014,2013-05-01,621400,Outpatient Care Centers,15050
21-1022,2013-05-01,621500,Medical and Diagnostic Laboratories,70
29-1051,2013-05-01,621500,Medical and Diagnostic Laboratories,110
29-1062,2013-05-01,621500,Medical and Diagnostic Laboratories,280
29-1069,2013-05-01,621500,Medical and Diagnostic Laboratories,5090
29-1071,2013-05-01,621500,Medical and Diagnostic Laboratories,350
29-1141,2013-05-01,621500,Medical and Diagnostic Laboratories,1880
29-1151,2013-05-01,621500,Medical and Diagnostic Laboratories,0
29-1171,2013-05-01,621500,Medical and Diagnostic Laboratories,170
31-1014,2013-05-01,621500,Medical and Diagnostic Laboratories,190
21-1021,2013-05-01,621600,Home Health Care Services,600
21-1022,2013-05-01,621600,Home Health Care Services,16770
21-1023,2013-05-01,621600,Home Health Care Services,420
21-1029,2013-05-01,621600,Home Health Care Services,480
29-1029,2013-05-01,621600,Home Health Care Services,50
29-1051,2013-05-01,621600,Home Health Care Services,1690
29-1062,2013-05-01,621600,Home Health Care Services,740
29-1063,2013-05-01,621600,Home Health Care Services,250
29-1069,2013-05-01,621600,Home Health Care Services,600
29-1071,2013-05-01,621600,Home Health Care Services,70
29-1141,2013-05-01,621600,Home Health Care Services,166910
29-1151,2013-05-01,621600,Home Health Care Services,0
29-1171,2013-05-01,621600,Home Health Care Services,2940
31-1014,2013-05-01,621600,Home Health Care Services,67950
21-1021,2013-05-01,621900,Other Ambulatory Health Care Services,70
21-1022,2013-05-01,621900,Other Ambulatory Health Care Services,890
21-1023,2013-05-01,621900,Other Ambulatory Health Care Services,0
29-1021,2013-05-01,621900,Other Ambulatory Health Care Services,100
29-1051,2013-05-01,621900,Other Ambulatory Health Care Services,280
29-1062,2013-05-01,621900,Other Ambulatory Health Care Services,240
29-1063,2013-05-01,621900,Other Ambulatory Health Care Services,60
29-1064,2013-05-01,621900,Other Ambulatory Health Care Services,40
29-1065,2013-05-01,621900,Other Ambulatory Health Care Services,60
29-1066,2013-05-01,621900,Other Ambulatory Health Care Services,40
29-1069,2013-05-01,621900,Other Ambulatory Health Care Services,950
29-1071,2013-05-01,621900,Other Ambulatory Health Care Services,230
29-1141,2013-05-01,621900,Other Ambulatory Health Care Services,10900
29-1151,2013-05-01,621900,Other Ambulatory Health Care Services,110
29-1171,2013-05-01,621900,Other Ambulatory Health Care Services,510
31-1014,2013-05-01,621900,Other Ambulatory Health Care Services,810
21-1021,2013-05-01,622100,General Medical and Surgical Hospitals,2230
21-1022,2013-05-01,622100,General Medical and Surgical Hospitals,40710
21-1023,2013-05-01,622100,General Medical and Surgical Hospitals,5570
21-1029,2013-05-01,622100,General Medical and Surgical Hospitals,3660
29-1021,2013-05-01,622100,General Medical and Surgical Hospitals,1130
29-1022,2013-05-01,622100,General Medical and Surgical Hospitals,200
29-1029,2013-05-01,622100,General Medical and Surgical Hospitals,270
29-1051,2013-05-01,622100,General Medical and Surgical Hospitals,63870
29-1061,2013-05-01,622100,General Medical and Surgical Hospitals,3360
29-1062,2013-05-01,622100,General Medical and Surgical Hospitals,20980
29-1063,2013-05-01,622100,General Medical and Surgical Hospitals,11900
29-1064,2013-05-01,622100,General Medical and Surgical Hospitals,0
29-1065,2013-05-01,622100,General Medical and Surgical Hospitals,4960
29-1066,2013-05-01,622100,General Medical and Surgical Hospitals,3230
29-1067,2013-05-01,622100,General Medical and Surgical Hospitals,7110
29-1069,2013-05-01,622100,General Medical and Surgical Hospitals,91860
29-1071,2013-05-01,622100,General Medical and Surgical Hospitals,19380
29-1141,2013-05-01,622100,General Medical and Surgical Hospitals,1553080
29-1151,2013-05-01,622100,General Medical and Surgical Hospitals,10730
29-1171,2013-05-01,622100,General Medical and Surgical Hospitals,29740
31-1014,2013-05-01,622100,General Medical and Surgical Hospitals,349650
21-1021,2013-05-01,622200,Psychiatric and Substance Abuse Hospitals,690
21-1022,2013-05-01,622200,Psychiatric and Substance Abuse Hospitals,2390
21-1023,2013-05-01,622200,Psychiatric and Substance Abuse Hospitals,9860
21-1029,2013-05-01,622200,Psychiatric and Substance Abuse Hospitals,340
29-1021,2013-05-01,622200,Psychiatric and Substance Abuse Hospitals,110
29-1051,2013-05-01,622200,Psychiatric and Substance Abuse Hospitals,1150
29-1062,2013-05-01,622200,Psychiatric and Substance Abuse Hospitals,460
29-1063,2013-05-01,622200,Psychiatric and Substance Abuse Hospitals,140
29-1066,2013-05-01,622200,Psychiatric and Substance Abuse Hospitals,3770
29-1069,2013-05-01,622200,Psychiatric and Substance Abuse Hospitals,620
29-1071,2013-05-01,622200,Psychiatric and Substance Abuse Hospitals,230
29-1141,2013-05-01,622200,Psychiatric and Substance Abuse Hospitals,34690
29-1171,2013-05-01,622200,Psychiatric and Substance Abuse Hospitals,820
31-1014,2013-05-01,622200,Psychiatric and Substance Abuse Hospitals,7100
21-1021,2013-05-01,622300,Specialty (except Psychiatric and Substance Abuse) Hospitals,250
21-1022,2013-05-01,622300,Specialty (except Psychiatric and Substance Abuse) Hospitals,2040
21-1023,2013-05-01,622300,Specialty (except Psychiatric and Substance Abuse) Hospitals,330
21-1029,2013-05-01,622300,Specialty (except Psychiatric and Substance Abuse) Hospitals,50
29-1021,2013-05-01,622300,Specialty (except Psychiatric and Substance Abuse) Hospitals,90
29-1051,2013-05-01,622300,Specialty (except Psychiatric and Substance Abuse) Hospitals,2770
29-1061,2013-05-01,622300,Specialty (except Psychiatric and Substance Abuse) Hospitals,170
29-1062,2013-05-01,622300,Specialty (except Psychiatric and Substance Abuse) Hospitals,250
29-1063,2013-05-01,622300,Specialty (except Psychiatric and Substance Abuse) Hospitals,80
29-1065,2013-05-01,622300,Specialty (except Psychiatric and Substance Abuse) Hospitals,220
29-1066,2013-05-01,622300,Specialty (except Psychiatric and Substance Abuse) Hospitals,170
29-1067,2013-05-01,622300,Specialty (except Psychiatric and Substance Abuse) Hospitals,140
29-1069,2013-05-01,622300,Specialty (except Psychiatric and Substance Abuse) Hospitals,3410
29-1071,2013-05-01,622300,Specialty (except Psychiatric and Substance Abuse) Hospitals,790
29-1141,2013-05-01,622300,Specialty (except Psychiatric and Substance Abuse) Hospitals,54650
29-1151,2013-05-01,622300,Specialty (except Psychiatric and Substance Abuse) Hospitals,390
29-1171,2013-05-01,622300,Specialty (except Psychiatric and Substance Abuse) Hospitals,1920
31-1014,2013-05-01,622300,Specialty (except Psychiatric and Substance Abuse) Hospitals,21080
21-1021,2013-05-01,623100,Nursing Care Facilities (Skilled Nursing Facilities),340
21-1022,2013-05-01,623100,Nursing Care Facilities (Skilled Nursing Facilities),15480
21-1023,2013-05-01,623100,Nursing Care Facilities (Skilled Nursing Facilities),210
21-1029,2013-05-01,623100,Nursing Care Facilities (Skilled Nursing Facilities),290
29-1051,2013-05-01,623100,Nursing Care Facilities (Skilled Nursing Facilities),300
29-1062,2013-05-01,623100,Nursing Care Facilities (Skilled Nursing Facilities),80
29-1063,2013-05-01,623100,Nursing Care Facilities (Skilled Nursing Facilities),50
29-1066,2013-05-01,623100,Nursing Care Facilities (Skilled Nursing Facilities),0
29-1069,2013-05-01,623100,Nursing Care Facilities (Skilled Nursing Facilities),60
29-1071,2013-05-01,623100,Nursing Care Facilities (Skilled Nursing Facilities),50
29-1141,2013-05-01,623100,Nursing Care Facilities (Skilled Nursing Facilities),142490
29-1171,2013-05-01,623100,Nursing Care Facilities (Skilled Nursing Facilities),1340
31-1014,2013-05-01,623100,Nursing Care Facilities (Skilled Nursing Facilities),622850
21-1021,2013-05-01,623200,"Residential Intellectual and Developmental Disability, Mental Health, and Substance Abuse Facilities",6010
21-1022,2013-05-01,623200,"Residential Intellectual and Developmental Disability, Mental Health, and Substance Abuse Facilities",2150
21-1023,2013-05-01,623200,"Residential Intellectual and Developmental Disability, Mental Health, and Substance Abuse Facilities",14300
21-1029,2013-05-01,623200,"Residential Intellectual and Developmental Disability, Mental Health, and Substance Abuse Facilities",890
29-1051,2013-05-01,623200,"Residential Intellectual and Developmental Disability, Mental Health, and Substance Abuse Facilities",90
29-1062,2013-05-01,623200,"Residential Intellectual and Developmental Disability, Mental Health, and Substance Abuse Facilities",50
29-1066,2013-05-01,623200,"Residential Intellectual and Developmental Disability, Mental Health, and Substance Abuse Facilities",590
29-1141,2013-05-01,623200,"Residential Intellectual and Developmental Disability, Mental Health, and Substance Abuse Facilities",12650
29-1171,2013-05-01,623200,"Residential Intellectual and Developmental Disability, Mental Health, and Substance Abuse Facilities",400
31-1014,2013-05-01,623200,"Residential Intellectual and Developmental Disability, Mental Health, and Substance Abuse Facilities",27300
21-1021,2013-05-01,623300,Continuing Care Retirement Communities and Assisted Living Facilities for the Elderly,80
21-1022,2013-05-01,623300,Continuing Care Retirement Communities and Assisted Living Facilities for the Elderly,3390
21-1023,2013-05-01,623300,Continuing Care Retirement Communities and Assisted Living Facilities for the Elderly,0
21-1029,2013-05-01,623300,Continuing Care Retirement Communities and Assisted Living Facilities for the Elderly,100
29-1051,2013-05-01,623300,Continuing Care Retirement Communities and Assisted Living Facilities for the Elderly,110
29-1066,2013-05-01,623300,Continuing Care Retirement Communities and Assisted Living Facilities for the Elderly,30
29-1141,2013-05-01,623300,Continuing Care Retirement Communities and Assisted Living Facilities for the Elderly,31840
29-1171,2013-05-01,623300,Continuing Care Retirement Communities and Assisted Living Facilities for the Elderly,840
31-1014,2013-05-01,623300,Continuing Care Retirement Communities and Assisted Living Facilities for the Elderly,158360
21-1021,2013-05-01,623900,Other Residential Care Facilities,10150
21-1022,2013-05-01,623900,Other Residential Care Facilities,700
21-1023,2013-05-01,623900,Other Residential Care Facilities,2060
21-1029,2013-05-01,623900,Other Residential Care Facilities,440
29-1065,2013-05-01,623900,Other Residential Care Facilities,40
29-1066,2013-05-01,623900,Other Residential Care Facilities,120
29-1141,2013-05-01,623900,Other Residential Care Facilities,2180
29-1171,2013-05-01,623900,Other Residential Care Facilities,50
31-1014,2013-05-01,623900,Other Residential Care Facilities,5230
21-1021,2013-05-01,624100,Individual and Family Services,61730
21-1022,2013-05-01,624100,Individual and Family Services,16180
21-1023,2013-05-01,624100,Individual and Family Services,17800
21-1029,2013-05-01,624100,Individual and Family Services,7190
29-1021,2013-05-01,624100,Individual and Family Services,60
29-1051,2013-05-01,624100,Individual and Family Services,210
29-1062,2013-05-01,624100,Individual and Family Services,160
29-1066,2013-05-01,624100,Individual and Family Services,710
29-1069,2013-05-01,624100,Individual and Family Services,130
29-1071,2013-05-01,624100,Individual and Family Services,0
29-1141,2013-05-01,624100,Individual and Family Services,18240
29-1171,2013-05-01,624100,Individual and Family Services,770
31-1014,2013-05-01,624100,Individual and Family Services,22280
21-1021,2013-05-01,624200,"Community Food and Housing, and Emergency and Other Relief Services",6680
21-1022,2013-05-01,624200,"Community Food and Housing, and Emergency and Other Relief Services",770
21-1023,2013-05-01,624200,"Community Food and Housing, and Emergency and Other Relief Services",2820
21-1029,2013-05-01,624200,"Community Food and Housing, and Emergency and Other Relief Services",1890
29-1066,2013-05-01,624200,"Community Food and Housing, and Emergency and Other Relief Services",0
29-1141,2013-05-01,624200,"Community Food and Housing, and Emergency and Other Relief Services",400
29-1171,2013-05-01,624200,"Community Food and Housing, and Emergency and Other Relief Services",30
31-1014,2013-05-01,624200,"Community Food and Housing, and Emergency and Other Relief Services",470
21-1021,2013-05-01,624300,Vocational Rehabilitation Services,1370
21-1022,2013-05-01,624300,Vocational Rehabilitation Services,1160
21-1023,2013-05-01,624300,Vocational Rehabilitation Services,1580
21-1029,2013-05-01,624300,Vocational Rehabilitation Services,860
29-1066,2013-05-01,624300,Vocational Rehabilitation Services,30
29-1141,2013-05-01,624300,Vocational Rehabilitation Services,2370
29-1171,2013-05-01,624300,Vocational Rehabilitation Services,60
31-1014,2013-05-01,624300,Vocational Rehabilitation Services,1500
21-1021,2013-05-01,624400,Child Day Care Services,6170
21-1022,2013-05-01,624400,Child Day Care Services,410
21-1023,2013-05-01,624400,Child Day Care Services,180
21-1029,2013-05-01,624400,Child Day Care Services,130
29-1141,2013-05-01,624400,Child Day Care Services,550
31-1014,2013-05-01,624400,Child Day Care Services,70
29-1141,2013-05-01,711200,Spectator Sports,40
29-1141,2013-05-01,711300,"Promoters of Performing Arts, Sports, and Similar Events",40
29-1141,2013-05-01,713100,Amusement Parks and Arcades,170
21-1021,2013-05-01,713900,Other Amusement and Recreation Industries,120
29-1141,2013-05-01,713900,Other Amusement and Recreation Industries,0
29-1141,2013-05-01,721100,Traveler Accommodation,90
29-1141,2013-05-01,812100,Personal Care Services,510
29-1171,2013-05-01,812100,Personal Care Services,180
29-1141,2013-05-01,812900,Other Personal Services,30
21-1021,2013-05-01,813100,Religious Organizations,450
21-1023,2013-05-01,813100,Religious Organizations,100
29-1141,2013-05-01,813100,Religious Organizations,420
31-1014,2013-05-01,813100,Religious Organizations,830
21-1021,2013-05-01,813200,Grantmaking and Giving Services,1940
21-1022,2013-05-01,813200,Grantmaking and Giving Services,1330
21-1023,2013-05-01,813200,Grantmaking and Giving Services,330
21-1029,2013-05-01,813200,Grantmaking and Giving Services,170
29-1067,2013-05-01,813200,Grantmaking and Giving Services,0
29-1141,2013-05-01,813200,Grantmaking and Giving Services,330
29-1171,2013-05-01,813200,Grantmaking and Giving Services,40
31-1014,2013-05-01,813200,Grantmaking and Giving Services,40
21-1021,2013-05-01,813300,Social Advocacy Organizations,0
21-1022,2013-05-01,813300,Social Advocacy Organizations,900
21-1023,2013-05-01,813300,Social Advocacy Organizations,1480
21-1029,2013-05-01,813300,Social Advocacy Organizations,670
29-1141,2013-05-01,813300,Social Advocacy Organizations,290
31-1014,2013-05-01,813300,Social Advocacy Organizations,80
21-1021,2013-05-01,813400,Civic and Social Organizations,1830
21-1022,2013-05-01,813400,Civic and Social Organizations,120
21-1023,2013-05-01,813400,Civic and Social Organizations,270
21-1029,2013-05-01,813400,Civic and Social Organizations,70
21-1021,2013-05-01,813900,"Business, Professional, Labor, Political, and Similar Organizations",120
21-1022,2013-05-01,813900,"Business, Professional, Labor, Political, and Similar Organizations",0
29-1051,2013-05-01,813900,"Business, Professional, Labor, Political, and Similar Organizations",70
29-1141,2013-05-01,813900,"Business, Professional, Labor, Political, and Similar Organizations",310
21-1029,2013-05-01,999100,Federal Executive Branch (OES Designation),12390
29-1029,2013-05-01,999100,Federal Executive Branch (OES Designation),2100
29-1051,2013-05-01,999100,Federal Executive Branch (OES Designation),6820
29-1069,2013-05-01,999100,Federal Executive Branch (OES Designation),31290
29-1071,2013-05-01,999100,Federal Executive Branch (OES Designation),2410
29-1141,2013-05-01,999100,Federal Executive Branch (OES Designation),69810
29-1151,2013-05-01,999100,Federal Executive Branch (OES Designation),850
31-1014,2013-05-01,999100,Federal Executive Branch (OES Designation),12740
21-1021,2013-05-01,999200,State Government (OES Designation),60630
21-1022,2013-05-01,999200,State Government (OES Designation),7310
21-1023,2013-05-01,999200,State Government (OES Designation),4380
21-1029,2013-05-01,999200,State Government (OES Designation),9570
29-1021,2013-05-01,999200,State Government (OES Designation),1150
29-1051,2013-05-01,999200,State Government (OES Designation),1400
29-1062,2013-05-01,999200,State Government (OES Designation),1260
29-1063,2013-05-01,999200,State Government (OES Designation),140
29-1066,2013-05-01,999200,State Government (OES Designation),1110
29-1067,2013-05-01,999200,State Government (OES Designation),400
29-1069,2013-05-01,999200,State Government (OES Designation),1450
29-1071,2013-05-01,999200,State Government (OES Designation),330
29-1141,2013-05-01,999200,State Government (OES Designation),37760
29-1171,2013-05-01,999200,State Government (OES Designation),1190
31-1014,2013-05-01,999200,State Government (OES Designation),15200
21-1021,2013-05-01,999300,Local Government (OES Designation),53190
21-1022,2013-05-01,999300,Local Government (OES Designation),8050
21-1023,2013-05-01,999300,Local Government (OES Designation),11910
21-1029,2013-05-01,999300,Local Government (OES Designation),18330
29-1021,2013-05-01,999300,Local Government (OES Designation),730
29-1051,2013-05-01,999300,Local Government (OES Designation),850
29-1062,2013-05-01,999300,Local Government (OES Designation),1640
29-1063,2013-05-01,999300,Local Government (OES Designation),50
29-1064,2013-05-01,999300,Local Government (OES Designation),50
29-1065,2013-05-01,999300,Local Government (OES Designation),50
29-1066,2013-05-01,999300,Local Government (OES Designation),1410
29-1069,2013-05-01,999300,Local Government (OES Designation),1740
29-1071,2013-05-01,999300,Local Government (OES Designation),410
29-1141,2013-05-01,999300,Local Government (OES Designation),37550
29-1171,2013-05-01,999300,Local Government (OES Designation),1650
31-1014,2013-05-01,999300,Local Government (OES Designation),32520
29-1141,2014-05-01,211100,Oil and Gas Extraction,50
29-1141,2014-05-01,221100,"Electric Power Generation, Transmission and Distribution",60
29-1141,2014-05-01,311600,Animal Slaughtering and Processing,340
29-1141,2014-05-01,322100,"Pulp, Paper, and Paperboard Mills",50
29-1141,2014-05-01,324100,Petroleum and Coal Products Manufacturing,30
29-1141,2014-05-01,325100,Basic Chemical Manufacturing,40
29-1141,2014-05-01,325200,"Resin, Synthetic Rubber, and Artificial Synthetic Fibers and Filaments Manufacturing",60
29-1051,2014-05-01,325400,Pharmaceutical and Medicine Manufacturing,300
29-1141,2014-05-01,325400,Pharmaceutical and Medicine Manufacturing,150
29-1141,2014-05-01,326100,Plastics Product Manufacturing,0
29-1141,2014-05-01,332900,Other Fabricated Metal Product Manufacturing,30
29-1141,2014-05-01,333100,"Agriculture, Construction, and Mining Machinery Manufacturing",80
29-1141,2014-05-01,334500,"Navigational, Measuring, Electromedical, and Control Instruments Manufacturing",150
29-1141,2014-05-01,335200,Household Appliance Manufacturing,30
29-1141,2014-05-01,336100,Motor Vehicle Manufacturing,110
29-1141,2014-05-01,336300,Motor Vehicle Parts Manufacturing,130
29-1141,2014-05-01,336400,Aerospace Product and Parts Manufacturing,160
29-1141,2014-05-01,339100,Medical Equipment and Supplies Manufacturing,70
29-1171,2014-05-01,339100,Medical Equipment and Supplies Manufacturing,0
29-1051,2014-05-01,423400,Professional and Commercial Equipment and Supplies Merchant Wholesalers,350
29-1051,2014-05-01,424200,Drugs and Druggists' Sundries Merchant Wholesalers,6020
29-1141,2014-05-01,424200,Drugs and Druggists' Sundries Merchant Wholesalers,330
29-1051,2014-05-01,425100,Wholesale Electronic Markets and Agents and Brokers,490
29-1141,2014-05-01,425100,Wholesale Electronic Markets and Agents and Brokers,0
29-1051,2014-05-01,445100,Grocery Stores,23240
21-1022,2014-05-01,446100,Health and Personal Care Stores,0
29-1051,2014-05-01,446100,Health and Personal Care Stores,125810
29-1069,2014-05-01,446100,Health and Personal Care Stores,0
29-1141,2014-05-01,446100,Health and Personal Care Stores,2270
29-1171,2014-05-01,446100,Health and Personal Care Stores,0
29-1051,2014-05-01,452100,Department Stores,12980
29-1051,2014-05-01,452900,Other General Merchandise Stores,16290
29-1051,2014-05-01,454100,Electronic Shopping and Mail-Order Houses,3970
29-1141,2014-05-01,454100,Electronic Shopping and Mail-Order Houses,80
29-1051,2014-05-01,454300,Direct Selling Establishments,180
29-1141,2014-05-01,454300,Direct Selling Establishments,0
29-1141,2014-05-01,481100,Scheduled Air Transportation,0
29-1141,2014-05-01,481200,Nonscheduled Air Transportation,130
29-1141,2014-05-01,482100,Rail Transportation,90
29-1141,2014-05-01,491100,Postal Service,120
29-1051,2014-05-01,493100,Warehousing and Storage,180
29-1141,2014-05-01,512100,Motion Picture and Video Industries,360
29-1141,2014-05-01,518200,"Data Processing, Hosting, and Related Services",170
29-1141,2014-05-01,522100,Depository Credit Intermediation,40
29-1141,2014-05-01,523900,Other Financial Investment Activities,130
21-1022,2014-05-01,524100,Insurance Carriers,1390
21-1029,2014-05-01,524100,Insurance Carriers,660
29-1051,2014-05-01,524100,Insurance Carriers,1090
29-1066,2014-05-01,524100,Insurance Carriers,200
29-1069,2014-05-01,524100,Insurance Carriers,220
29-1141,2014-05-01,524100,Insurance Carriers,20450
29-1171,2014-05-01,524100,Insurance Carriers,170
31-1014,2014-05-01,524100,Insurance Carriers,180
21-1022,2014-05-01,524200,"Agencies, Brokerages, and Other Insurance Related Activities",560
21-1029,2014-05-01,524200,"Agencies, Brokerages, and Other Insurance Related Activities",30
29-1021,2014-05-01,524200,"Agencies, Brokerages, and Other Insurance Related Activities",40
29-1051,2014-05-01,524200,"Agencies, Brokerages, and Other Insurance Related Activities",130
29-1141,2014-05-01,524200,"Agencies, Brokerages, and Other Insurance Related Activities",5370
29-1171,2014-05-01,524200,"Agencies, Brokerages, and Other Insurance Related Activities",160
29-1141,2014-05-01,525100,Insurance and Employee Benefit Funds,50
21-1029,2014-05-01,531100,Lessors of Real Estate,150
29-1141,2014-05-01,531100,Lessors of Real Estate,100
31-1014,2014-05-01,531100,Lessors of Real Estate,0
21-1021,2014-05-01,531300,Activities Related to Real Estate,0
21-1029,2014-05-01,531300,Activities Related to Real Estate,70
29-1141,2014-05-01,531300,Activities Related to Real Estate,0
21-1022,2014-05-01,532200,Consumer Goods Rental,50
29-1051,2014-05-01,532200,Consumer Goods Rental,180
29-1141,2014-05-01,532200,Consumer Goods Rental,310
29-1069,2014-05-01,532400,Commercial and Industrial Machinery and Equipment Rental and Leasing,50
29-1141,2014-05-01,532400,Commercial and Industrial Machinery and Equipment Rental and Leasing,0
21-1021,2014-05-01,541100,Legal Services,520
21-1029,2014-05-01,541100,Legal Services,340
29-1141,2014-05-01,541100,Legal Services,570
21-1022,2014-05-01,541200,"Accounting, Tax Preparation, Bookkeeping, and Payroll Services",160
29-1141,2014-05-01,541200,"Accounting, Tax Preparation, Bookkeeping, and Payroll Services",390
29-1141,2014-05-01,541300,"Architectural, Engineering, and Related Services",40
29-1051,2014-05-01,541500,Computer Systems Design and Related Services,0
29-1069,2014-05-01,541500,Computer Systems Design and Related Services,0
29-1141,2014-05-01,541500,Computer Systems Design and Related Services,730
29-1171,2014-05-01,541500,Computer Systems Design and Related Services,130
21-1021,2014-05-01,541600,"Management, Scientific, and Technical Consulting Services",60
21-1022,2014-05-01,541600,"Management, Scientific, and Technical Consulting Services",350
21-1023,2014-05-01,541600,"Management, Scientific, and Technical Consulting Services",190
21-1029,2014-05-01,541600,"Management, Scientific, and Technical Consulting Services",0
29-1051,2014-05-01,541600,"Management, Scientific, and Technical Consulting Services",910
29-1069,2014-05-01,541600,"Management, Scientific, and Technical Consulting Services",110
29-1071,2014-05-01,541600,"Management, Scientific, and Technical Consulting Services",40
29-1141,2014-05-01,541600,"Management, Scientific, and Technical Consulting Services",5910
29-1171,2014-05-01,541600,"Management, Scientific, and Technical Consulting Services",290
31-1014,2014-05-01,541600,"Management, Scientific, and Technical Consulting Services",140
21-1021,2014-05-01,541700,Scientific Research and Development Services,0
21-1022,2014-05-01,541700,Scientific Research and Development Services,440
21-1023,2014-05-01,541700,Scientific Research and Development Services,0
29-1051,2014-05-01,541700,Scientific Research and Development Services,190
29-1063,2014-05-01,541700,Scientific Research and Development Services,40
29-1066,2014-05-01,541700,Scientific Research and Development Services,40
29-1067,2014-05-01,541700,Scientific Research and Development Services,40
29-1069,2014-05-01,541700,Scientific Research and Development Services,1050
29-1071,2014-05-01,541700,Scientific Research and Development Services,340
29-1141,2014-05-01,541700,Scientific Research and Development Services,2370
29-1171,2014-05-01,541700,Scientific Research and Development Services,400
31-1014,2014-05-01,541700,Scientific Research and Development Services,590
29-1141,2014-05-01,541900,"Other Professional, Scientific, and Technical Services",400
21-1021,2014-05-01,551100,Management of Companies and Enterprises,2750
21-1022,2014-05-01,551100,Management of Companies and Enterprises,1120
21-1023,2014-05-01,551100,Management of Companies and Enterprises,620
21-1029,2014-05-01,551100,Management of Companies and Enterprises,490
29-1021,2014-05-01,551100,Management of Companies and Enterprises,0
29-1051,2014-05-01,551100,Management of Companies and Enterprises,2560
29-1062,2014-05-01,551100,Management of Companies and Enterprises,560
29-1063,2014-05-01,551100,Management of Companies and Enterprises,140
29-1066,2014-05-01,551100,Management of Companies and Enterprises,80
29-1069,2014-05-01,551100,Management of Companies and Enterprises,450
29-1071,2014-05-01,551100,Management of Companies and Enterprises,80
29-1141,2014-05-01,551100,Management of Companies and Enterprises,11090
29-1171,2014-05-01,551100,Management of Companies and Enterprises,350
31-1014,2014-05-01,551100,Management of Companies and Enterprises,860
21-1021,2014-05-01,561100,Office Administrative Services,90
21-1022,2014-05-01,561100,Office Administrative Services,410
29-1051,2014-05-01,561100,Office Administrative Services,0
29-1141,2014-05-01,561100,Office Administrative Services,2790
29-1171,2014-05-01,561100,Office Administrative Services,230
21-1021,2014-05-01,561200,Facilities Support Services,180
21-1023,2014-05-01,561200,Facilities Support Services,90
21-1029,2014-05-01,561200,Facilities Support Services,50
29-1141,2014-05-01,561200,Facilities Support Services,670
31-1014,2014-05-01,561200,Facilities Support Services,40
21-1021,2014-05-01,561300,Employment Services,620
21-1022,2014-05-01,561300,Employment Services,970
21-1023,2014-05-01,561300,Employment Services,680
21-1029,2014-05-01,561300,Employment Services,350
29-1021,2014-05-01,561300,Employment Services,620
29-1051,2014-05-01,561300,Employment Services,1890
29-1062,2014-05-01,561300,Employment Services,0
29-1063,2014-05-01,561300,Employment Services,40
29-1065,2014-05-01,561300,Employment Services,70
29-1066,2014-05-01,561300,Employment Services,80
29-1069,2014-05-01,561300,Employment Services,1180
29-1071,2014-05-01,561300,Employment Services,0
29-1141,2014-05-01,561300,Employment Services,49360
29-1151,2014-05-01,561300,Employment Services,210
29-1171,2014-05-01,561300,Employment Services,1140
31-1014,2014-05-01,561300,Employment Services,37590
29-1141,2014-05-01,561400,Business Support Services,0
21-1021,2014-05-01,611100,Elementary and Secondary Schools,36920
21-1022,2014-05-01,611100,Elementary and Secondary Schools,180
21-1023,2014-05-01,611100,Elementary and Secondary Schools,660
21-1029,2014-05-01,611100,Elementary and Secondary Schools,320
29-1062,2014-05-01,611100,Elementary and Secondary Schools,50
29-1066,2014-05-01,611100,Elementary and Secondary Schools,50
29-1069,2014-05-01,611100,Elementary and Secondary Schools,120
29-1141,2014-05-01,611100,Elementary and Secondary Schools,50250
29-1171,2014-05-01,611100,Elementary and Secondary Schools,140
31-1014,2014-05-01,611100,Elementary and Secondary Schools,4790
21-1021,2014-05-01,611200,Junior Colleges,0
21-1029,2014-05-01,611200,Junior Colleges,110
29-1021,2014-05-01,611200,Junior Colleges,60
29-1141,2014-05-01,611200,Junior Colleges,530
31-1014,2014-05-01,611200,Junior Colleges,40
21-1021,2014-05-01,611300,"Colleges, Universities, and Professional Schools",1850
21-1022,2014-05-01,611300,"Colleges, Universities, and Professional Schools",1080
21-1023,2014-05-01,611300,"Colleges, Universities, and Professional Schools",600
21-1029,2014-05-01,611300,"Colleges, Universities, and Professional Schools",410
29-1021,2014-05-01,611300,"Colleges, Universities, and Professional Schools",390
29-1051,2014-05-01,611300,"Colleges, Universities, and Professional Schools",1680
29-1061,2014-05-01,611300,"Colleges, Universities, and Professional Schools",500
29-1062,2014-05-01,611300,"Colleges, Universities, and Professional Schools",4020
29-1063,2014-05-01,611300,"Colleges, Universities, and Professional Schools",1090
29-1064,2014-05-01,611300,"Colleges, Universities, and Professional Schools",250
29-1065,2014-05-01,611300,"Colleges, Universities, and Professional Schools",690
29-1066,2014-05-01,611300,"Colleges, Universities, and Professional Schools",1410
29-1067,2014-05-01,611300,"Colleges, Universities, and Professional Schools",940
29-1069,2014-05-01,611300,"Colleges, Universities, and Professional Schools",9840
29-1071,2014-05-01,611300,"Colleges, Universities, and Professional Schools",2330
29-1141,2014-05-01,611300,"Colleges, Universities, and Professional Schools",22000
29-1151,2014-05-01,611300,"Colleges, Universities, and Professional Schools",560
29-1171,2014-05-01,611300,"Colleges, Universities, and Professional Schools",3570
31-1014,2014-05-01,611300,"Colleges, Universities, and Professional Schools",2970
21-1021,2014-05-01,611400,Business Schools and Computer and Management Training,50
29-1069,2014-05-01,611400,Business Schools and Computer and Management Training,100
21-1021,2014-05-01,611500,Technical and Trade Schools,340
21-1021,2014-05-01,611600,Other Schools and Instruction,520
21-1029,2014-05-01,611600,Other Schools and Instruction,0
29-1141,2014-05-01,611600,Other Schools and Instruction,0
21-1021,2014-05-01,611700,Educational Support Services,2480
21-1022,2014-05-01,611700,Educational Support Services,0
21-1029,2014-05-01,611700,Educational Support Services,80
29-1141,2014-05-01,611700,Educational Support Services,210
29-1171,2014-05-01,611700,Educational Support Services,30
21-1021,2014-05-01,621100,Offices of Physicians,690
21-1022,2014-05-01,621100,Offices of Physicians,4340
21-1023,2014-05-01,621100,Offices of Physicians,3340
21-1029,2014-05-01,621100,Offices of Physicians,250
29-1021,2014-05-01,621100,Offices of Physicians,2770
29-1022,2014-05-01,621100,Offices of Physicians,270
29-1023,2014-05-01,621100,Offices of Physicians,80
29-1029,2014-05-01,621100,Offices of Physicians,70
29-1051,2014-05-01,621100,Offices of Physicians,5160
29-1061,2014-05-01,621100,Offices of Physicians,25300
29-1062,2014-05-01,621100,Offices of Physicians,82980
29-1063,2014-05-01,621100,Offices of Physicians,32790
29-1064,2014-05-01,621100,Offices of Physicians,16820
29-1065,2014-05-01,621100,Offices of Physicians,23590
29-1066,2014-05-01,621100,Offices of Physicians,7570
29-1067,2014-05-01,621100,Offices of Physicians,31550
29-1069,2014-05-01,621100,Offices of Physicians,140920
29-1071,2014-05-01,621100,Offices of Physicians,53280
29-1141,2014-05-01,621100,Offices of Physicians,183400
29-1151,2014-05-01,621100,Offices of Physicians,21280
29-1171,2014-05-01,621100,Offices of Physicians,57100
31-1014,2014-05-01,621100,Offices of Physicians,16850
29-1021,2014-05-01,621200,Offices of Dentists,88280
29-1022,2014-05-01,621200,Offices of Dentists,4610
29-1023,2014-05-01,621200,Offices of Dentists,5850
29-1024,2014-05-01,621200,Offices of Dentists,570
29-1029,2014-05-01,621200,Offices of Dentists,2900
29-1062,2014-05-01,621200,Offices of Dentists,0
29-1069,2014-05-01,621200,Offices of Dentists,140
29-1071,2014-05-01,621200,Offices of Dentists,0
29-1141,2014-05-01,621200,Offices of Dentists,1240
31-1014,2014-05-01,621200,Offices of Dentists,260
21-1021,2014-05-01,621300,Offices of Other Health Practitioners,2100
21-1022,2014-05-01,621300,Offices of Other Health Practitioners,1720
21-1023,2014-05-01,621300,Offices of Other Health Practitioners,6500
21-1029,2014-05-01,621300,Offices of Other Health Practitioners,180
29-1021,2014-05-01,621300,Offices of Other Health Practitioners,280
29-1023,2014-05-01,621300,Offices of Other Health Practitioners,100
29-1051,2014-05-01,621300,Offices of Other Health Practitioners,290
29-1061,2014-05-01,621300,Offices of Other Health Practitioners,150
29-1062,2014-05-01,621300,Offices of Other Health Practitioners,530
29-1063,2014-05-01,621300,Offices of Other Health Practitioners,70
29-1065,2014-05-01,621300,Offices of Other Health Practitioners,30
29-1066,2014-05-01,621300,Offices of Other Health Practitioners,720
29-1067,2014-05-01,621300,Offices of Other Health Practitioners,320
29-1069,2014-05-01,621300,Offices of Other Health Practitioners,1950
29-1071,2014-05-01,621300,Offices of Other Health Practitioners,1200
29-1141,2014-05-01,621300,Offices of Other Health Practitioners,10810
29-1151,2014-05-01,621300,Offices of Other Health Practitioners,1120
29-1171,2014-05-01,621300,Offices of Other Health Practitioners,2980
31-1014,2014-05-01,621300,Offices of Other Health Practitioners,4020
21-1021,2014-05-01,621400,Outpatient Care Centers,8180
21-1022,2014-05-01,621400,Outpatient Care Centers,9110
21-1023,2014-05-01,621400,Outpatient Care Centers,23260
21-1029,2014-05-01,621400,Outpatient Care Centers,930
29-1021,2014-05-01,621400,Outpatient Care Centers,1880
29-1022,2014-05-01,621400,Outpatient Care Centers,50
29-1023,2014-05-01,621400,Outpatient Care Centers,0
29-1051,2014-05-01,621400,Outpatient Care Centers,3700
29-1061,2014-05-01,621400,Outpatient Care Centers,550
29-1062,2014-05-01,621400,Outpatient Care Centers,6850
29-1063,2014-05-01,621400,Outpatient Care Centers,1800
29-1064,2014-05-01,621400,Outpatient Care Centers,870
29-1065,2014-05-01,621400,Outpatient Care Centers,1280
29-1066,2014-05-01,621400,Outpatient Care Centers,3450
29-1067,2014-05-01,621400,Outpatient Care Centers,850
29-1069,2014-05-01,621400,Outpatient Care Centers,9800
29-1071,2014-05-01,621400,Outpatient Care Centers,6520
29-1141,2014-05-01,621400,Outpatient Care Centers,107300
29-1151,2014-05-01,621400,Outpatient Care Centers,1000
29-1171,2014-05-01,621400,Outpatient Care Centers,9390
31-1014,2014-05-01,621400,Outpatient Care Centers,16160
21-1022,2014-05-01,621500,Medical and Diagnostic Laboratories,60
29-1051,2014-05-01,621500,Medical and Diagnostic Laboratories,120
29-1062,2014-05-01,621500,Medical and Diagnostic Laboratories,180
29-1063,2014-05-01,621500,Medical and Diagnostic Laboratories,50
29-1067,2014-05-01,621500,Medical and Diagnostic Laboratories,60
29-1069,2014-05-01,621500,Medical and Diagnostic Laboratories,5070
29-1071,2014-05-01,621500,Medical and Diagnostic Laboratories,310
29-1141,2014-05-01,621500,Medical and Diagnostic Laboratories,1920
29-1171,2014-05-01,621500,Medical and Diagnostic Laboratories,220
31-1014,2014-05-01,621500,Medical and Diagnostic Laboratories,190
21-1021,2014-05-01,621600,Home Health Care Services,910
21-1022,2014-05-01,621600,Home Health Care Services,17220
21-1023,2014-05-01,621600,Home Health Care Services,500
21-1029,2014-05-01,621600,Home Health Care Services,500
29-1029,2014-05-01,621600,Home Health Care Services,0
29-1051,2014-05-01,621600,Home Health Care Services,1860
29-1062,2014-05-01,621600,Home Health Care Services,830
29-1063,2014-05-01,621600,Home Health Care Services,210
29-1065,2014-05-01,621600,Home Health Care Services,30
29-1066,2014-05-01,621600,Home Health Care Services,50
29-1069,2014-05-01,621600,Home Health Care Services,600
29-1071,2014-05-01,621600,Home Health Care Services,90
29-1141,2014-05-01,621600,Home Health Care Services,168970
29-1171,2014-05-01,621600,Home Health Care Services,3090
31-1014,2014-05-01,621600,Home Health Care Services,72400
21-1021,2014-05-01,621900,Other Ambulatory Health Care Services,0
21-1022,2014-05-01,621900,Other Ambulatory Health Care Services,910
21-1023,2014-05-01,621900,Other Ambulatory Health Care Services,70
29-1021,2014-05-01,621900,Other Ambulatory Health Care Services,70
29-1051,2014-05-01,621900,Other Ambulatory Health Care Services,0
29-1062,2014-05-01,621900,Other Ambulatory Health Care Services,170
29-1063,2014-05-01,621900,Other Ambulatory Health Care Services,60
29-1069,2014-05-01,621900,Other Ambulatory Health Care Services,910
29-1071,2014-05-01,621900,Other Ambulatory Health Care Services,240
29-1141,2014-05-01,621900,Other Ambulatory Health Care Services,11280
29-1151,2014-05-01,621900,Other Ambulatory Health Care Services,0
29-1171,2014-05-01,621900,Other Ambulatory Health Care Services,480
31-1014,2014-05-01,621900,Other Ambulatory Health Care Services,630
21-1021,2014-05-01,622100,General Medical and Surgical Hospitals,2200
21-1022,2014-05-01,622100,General Medical and Surgical Hospitals,41570
21-1023,2014-05-01,622100,General Medical and Surgical Hospitals,5290
21-1029,2014-05-01,622100,General Medical and Surgical Hospitals,3700
29-1021,2014-05-01,622100,General Medical and Surgical Hospitals,1230
29-1022,2014-05-01,622100,General Medical and Surgical Hospitals,140
29-1023,2014-05-01,622100,General Medical and Surgical Hospitals,70
29-1029,2014-05-01,622100,General Medical and Surgical Hospitals,0
29-1051,2014-05-01,622100,General Medical and Surgical Hospitals,66010
29-1061,2014-05-01,622100,General Medical and Surgical Hospitals,3220
29-1062,2014-05-01,622100,General Medical and Surgical Hospitals,22730
29-1063,2014-05-01,622100,General Medical and Surgical Hospitals,11510
29-1064,2014-05-01,622100,General Medical and Surgical Hospitals,3550
29-1065,2014-05-01,622100,General Medical and Surgical Hospitals,4810
29-1066,2014-05-01,622100,General Medical and Surgical Hospitals,3220
29-1067,2014-05-01,622100,General Medical and Surgical Hospitals,6520
29-1069,2014-05-01,622100,General Medical and Surgical Hospitals,97820
29-1071,2014-05-01,622100,General Medical and Surgical Hospitals,19810
29-1141,2014-05-01,622100,General Medical and Surgical Hospitals,1560200
29-1151,2014-05-01,622100,General Medical and Surgical Hospitals,10790
29-1171,2014-05-01,622100,General Medical and Surgical Hospitals,32310
31-1014,2014-05-01,622100,General Medical and Surgical Hospitals,346900
21-1021,2014-05-01,622200,Psychiatric and Substance Abuse Hospitals,800
21-1022,2014-05-01,622200,Psychiatric and Substance Abuse Hospitals,2280
21-1023,2014-05-01,622200,Psychiatric and Substance Abuse Hospitals,8690
21-1029,2014-05-01,622200,Psychiatric and Substance Abuse Hospitals,410
29-1021,2014-05-01,622200,Psychiatric and Substance Abuse Hospitals,110
29-1051,2014-05-01,622200,Psychiatric and Substance Abuse Hospitals,1120
29-1062,2014-05-01,622200,Psychiatric and Substance Abuse Hospitals,380
29-1063,2014-05-01,622200,Psychiatric and Substance Abuse Hospitals,150
29-1066,2014-05-01,622200,Psychiatric and Substance Abuse Hospitals,3690
29-1069,2014-05-01,622200,Psychiatric and Substance Abuse Hospitals,620
29-1071,2014-05-01,622200,Psychiatric and Substance Abuse Hospitals,200
29-1141,2014-05-01,622200,Psychiatric and Substance Abuse Hospitals,35090
29-1171,2014-05-01,622200,Psychiatric and Substance Abuse Hospitals,830
31-1014,2014-05-01,622200,Psychiatric and Substance Abuse Hospitals,6040
21-1021,2014-05-01,622300,Specialty (except Psychiatric and Substance Abuse) Hospitals,200
21-1022,2014-05-01,622300,Specialty (except Psychiatric and Substance Abuse) Hospitals,2160
21-1023,2014-05-01,622300,Specialty (except Psychiatric and Substance Abuse) Hospitals,350
21-1029,2014-05-01,622300,Specialty (except Psychiatric and Substance Abuse) Hospitals,40
29-1021,2014-05-01,622300,Specialty (except Psychiatric and Substance Abuse) Hospitals,90
29-1051,2014-05-01,622300,Specialty (except Psychiatric and Substance Abuse) Hospitals,3080
29-1061,2014-05-01,622300,Specialty (except Psychiatric and Substance Abuse) Hospitals,220
29-1062,2014-05-01,622300,Specialty (except Psychiatric and Substance Abuse) Hospitals,260
29-1063,2014-05-01,622300,Specialty (except Psychiatric and Substance Abuse) Hospitals,110
29-1064,2014-05-01,622300,Specialty (except Psychiatric and Substance Abuse) Hospitals,50
29-1065,2014-05-01,622300,Specialty (except Psychiatric and Substance Abuse) Hospitals,330
29-1066,2014-05-01,622300,Specialty (except Psychiatric and Substance Abuse) Hospitals,190
29-1067,2014-05-01,622300,Specialty (except Psychiatric and Substance Abuse) Hospitals,150
29-1069,2014-05-01,622300,Specialty (except Psychiatric and Substance Abuse) Hospitals,3810
29-1071,2014-05-01,622300,Specialty (except Psychiatric and Substance Abuse) Hospitals,790
29-1141,2014-05-01,622300,Specialty (except Psychiatric and Substance Abuse) Hospitals,58200
29-1151,2014-05-01,622300,Specialty (except Psychiatric and Substance Abuse) Hospitals,420
29-1171,2014-05-01,622300,Specialty (except Psychiatric and Substance Abuse) Hospitals,2070
31-1014,2014-05-01,622300,Specialty (except Psychiatric and Substance Abuse) Hospitals,22220
21-1021,2014-05-01,623100,Nursing Care Facilities (Skilled Nursing Facilities),340
21-1022,2014-05-01,623100,Nursing Care Facilities (Skilled Nursing Facilities),15960
21-1023,2014-05-01,623100,Nursing Care Facilities (Skilled Nursing Facilities),230
21-1029,2014-05-01,623100,Nursing Care Facilities (Skilled Nursing Facilities),240
29-1051,2014-05-01,623100,Nursing Care Facilities (Skilled Nursing Facilities),370
29-1062,2014-05-01,623100,Nursing Care Facilities (Skilled Nursing Facilities),50
29-1063,2014-05-01,623100,Nursing Care Facilities (Skilled Nursing Facilities),50
29-1069,2014-05-01,623100,Nursing Care Facilities (Skilled Nursing Facilities),130
29-1071,2014-05-01,623100,Nursing Care Facilities (Skilled Nursing Facilities),40
29-1141,2014-05-01,623100,Nursing Care Facilities (Skilled Nursing Facilities),148970
29-1171,2014-05-01,623100,Nursing Care Facilities (Skilled Nursing Facilities),1270
31-1014,2014-05-01,623100,Nursing Care Facilities (Skilled Nursing Facilities),616550
21-1021,2014-05-01,623200,"Residential Intellectual and Developmental Disability, Mental Health, and Substance Abuse Facilities",5250
21-1022,2014-05-01,623200,"Residential Intellectual and Developmental Disability, Mental Health, and Substance Abuse Facilities",2080
21-1023,2014-05-01,623200,"Residential Intellectual and Developmental Disability, Mental Health, and Substance Abuse Facilities",15850
21-1029,2014-05-01,623200,"Residential Intellectual and Developmental Disability, Mental Health, and Substance Abuse Facilities",950
29-1051,2014-05-01,623200,"Residential Intellectual and Developmental Disability, Mental Health, and Substance Abuse Facilities",70
29-1062,2014-05-01,623200,"Residential Intellectual and Developmental Disability, Mental Health, and Substance Abuse Facilities",40
29-1066,2014-05-01,623200,"Residential Intellectual and Developmental Disability, Mental Health, and Substance Abuse Facilities",670
29-1071,2014-05-01,623200,"Residential Intellectual and Developmental Disability, Mental Health, and Substance Abuse Facilities",40
29-1141,2014-05-01,623200,"Residential Intellectual and Developmental Disability, Mental Health, and Substance Abuse Facilities",13300
29-1171,2014-05-01,623200,"Residential Intellectual and Developmental Disability, Mental Health, and Substance Abuse Facilities",450
31-1014,2014-05-01,623200,"Residential Intellectual and Developmental Disability, Mental Health, and Substance Abuse Facilities",26290
21-1021,2014-05-01,623300,Continuing Care Retirement Communities and Assisted Living Facilities for the Elderly,230
21-1022,2014-05-01,623300,Continuing Care Retirement Communities and Assisted Living Facilities for the Elderly,3610
21-1023,2014-05-01,623300,Continuing Care Retirement Communities and Assisted Living Facilities for the Elderly,0
21-1029,2014-05-01,623300,Continuing Care Retirement Communities and Assisted Living Facilities for the Elderly,90
29-1051,2014-05-01,623300,Continuing Care Retirement Communities and Assisted Living Facilities for the Elderly,100
29-1141,2014-05-01,623300,Continuing Care Retirement Communities and Assisted Living Facilities for the Elderly,31050
29-1171,2014-05-01,623300,Continuing Care Retirement Communities and Assisted Living Facilities for the Elderly,720
31-1014,2014-05-01,623300,Continuing Care Retirement Communities and Assisted Living Facilities for the Elderly,156940
21-1021,2014-05-01,623900,Other Residential Care Facilities,9590
21-1022,2014-05-01,623900,Other Residential Care Facilities,830
21-1023,2014-05-01,623900,Other Residential Care Facilities,2020
21-1029,2014-05-01,623900,Other Residential Care Facilities,370
29-1065,2014-05-01,623900,Other Residential Care Facilities,40
29-1066,2014-05-01,623900,Other Residential Care Facilities,140
29-1141,2014-05-01,623900,Other Residential Care Facilities,1980
29-1171,2014-05-01,623900,Other Residential Care Facilities,70
31-1014,2014-05-01,623900,Other Residential Care Facilities,4530
21-1021,2014-05-01,624100,Individual and Family Services,64890
21-1022,2014-05-01,624100,Individual and Family Services,17140
21-1023,2014-05-01,624100,Individual and Family Services,16180
21-1029,2014-05-01,624100,Individual and Family Services,5930
29-1021,2014-05-01,624100,Individual and Family Services,70
29-1029,2014-05-01,624100,Individual and Family Services,70
29-1051,2014-05-01,624100,Individual and Family Services,110
29-1062,2014-05-01,624100,Individual and Family Services,110
29-1066,2014-05-01,624100,Individual and Family Services,750
29-1069,2014-05-01,624100,Individual and Family Services,120
29-1071,2014-05-01,624100,Individual and Family Services,40
29-1141,2014-05-01,624100,Individual and Family Services,18130
29-1171,2014-05-01,624100,Individual and Family Services,820
31-1014,2014-05-01,624100,Individual and Family Services,24670
21-1021,2014-05-01,624200,"Community Food and Housing, and Emergency and Other Relief Services",8240
21-1022,2014-05-01,624200,"Community Food and Housing, and Emergency and Other Relief Services",710
21-1023,2014-05-01,624200,"Community Food and Housing, and Emergency and Other Relief Services",2500
21-1029,2014-05-01,624200,"Community Food and Housing, and Emergency and Other Relief Services",1500
29-1066,2014-05-01,624200,"Community Food and Housing, and Emergency and Other Relief Services",50
29-1141,2014-05-01,624200,"Community Food and Housing, and Emergency and Other Relief Services",430
29-1171,2014-05-01,624200,"Community Food and Housing, and Emergency and Other Relief Services",50
31-1014,2014-05-01,624200,"Community Food and Housing, and Emergency and Other Relief Services",280
21-1021,2014-05-01,624300,Vocational Rehabilitation Services,1310
21-1022,2014-05-01,624300,Vocational Rehabilitation Services,1100
21-1023,2014-05-01,624300,Vocational Rehabilitation Services,1430
21-1029,2014-05-01,624300,Vocational Rehabilitation Services,740
29-1066,2014-05-01,624300,Vocational Rehabilitation Services,40
29-1141,2014-05-01,624300,Vocational Rehabilitation Services,2630
29-1171,2014-05-01,624300,Vocational Rehabilitation Services,50
31-1014,2014-05-01,624300,Vocational Rehabilitation Services,1340
21-1021,2014-05-01,624400,Child Day Care Services,6600
21-1022,2014-05-01,624400,Child Day Care Services,500
21-1023,2014-05-01,624400,Child Day Care Services,140
21-1029,2014-05-01,624400,Child Day Care Services,100
29-1141,2014-05-01,624400,Child Day Care Services,470
31-1014,2014-05-01,624400,Child Day Care Services,0
29-1141,2014-05-01,711200,Spectator Sports,0
29-1141,2014-05-01,711300,"Promoters of Performing Arts, Sports, and Similar Events",60
21-1021,2014-05-01,713900,Other Amusement and Recreation Industries,120
29-1141,2014-05-01,713900,Other Amusement and Recreation Industries,30
29-1141,2014-05-01,721100,Traveler Accommodation,90
29-1141,2014-05-01,721200,RV (Recreational Vehicle) Parks and Recreational Camps,60
29-1141,2014-05-01,812100,Personal Care Services,730
29-1171,2014-05-01,812100,Personal Care Services,210
31-1014,2014-05-01,812100,Personal Care Services,0
21-1021,2014-05-01,813100,Religious Organizations,390
21-1023,2014-05-01,813100,Religious Organizations,140
29-1141,2014-05-01,813100,Religious Organizations,530
31-1014,2014-05-01,813100,Religious Organizations,840
21-1021,2014-05-01,813200,Grantmaking and Giving Services,1460
21-1022,2014-05-01,813200,Grantmaking and Giving Services,1180
21-1023,2014-05-01,813200,Grantmaking and Giving Services,250
21-1029,2014-05-01,813200,Grantmaking and Giving Services,150
29-1067,2014-05-01,813200,Grantmaking and Giving Services,0
29-1141,2014-05-01,813200,Grantmaking and Giving Services,310
21-1021,2014-05-01,813300,Social Advocacy Organizations,4750
21-1022,2014-05-01,813300,Social Advocacy Organizations,810
21-1023,2014-05-01,813300,Social Advocacy Organizations,1230
21-1029,2014-05-01,813300,Social Advocacy Organizations,590
29-1141,2014-05-01,813300,Social Advocacy Organizations,270
31-1014,2014-05-01,813300,Social Advocacy Organizations,70
21-1021,2014-05-01,813400,Civic and Social Organizations,2150
21-1022,2014-05-01,813400,Civic and Social Organizations,120
21-1023,2014-05-01,813400,Civic and Social Organizations,260
21-1029,2014-05-01,813400,Civic and Social Organizations,60
21-1021,2014-05-01,813900,"Business, Professional, Labor, Political, and Similar Organizations",110
29-1051,2014-05-01,813900,"Business, Professional, Labor, Political, and Similar Organizations",60
29-1141,2014-05-01,813900,"Business, Professional, Labor, Political, and Similar Organizations",200
29-1171,2014-05-01,813900,"Business, Professional, Labor, Political, and Similar Organizations",0
21-1029,2014-05-01,999100,Federal Executive Branch (OES Designation),12970
29-1029,2014-05-01,999100,Federal Executive Branch (OES Designation),2110
29-1051,2014-05-01,999100,Federal Executive Branch (OES Designation),6450
29-1069,2014-05-01,999100,Federal Executive Branch (OES Designation),31990
29-1071,2014-05-01,999100,Federal Executive Branch (OES Designation),2290
29-1141,2014-05-01,999100,Federal Executive Branch (OES Designation),71880
29-1151,2014-05-01,999100,Federal Executive Branch (OES Designation),890
31-1014,2014-05-01,999100,Federal Executive Branch (OES Designation),12940
21-1021,2014-05-01,999200,State Government (OES Designation),64750
21-1022,2014-05-01,999200,State Government (OES Designation),7290
21-1023,2014-05-01,999200,State Government (OES Designation),4360
21-1029,2014-05-01,999200,State Government (OES Designation),9510
29-1021,2014-05-01,999200,State Government (OES Designation),1040
29-1051,2014-05-01,999200,State Government (OES Designation),1450
29-1062,2014-05-01,999200,State Government (OES Designation),1090
29-1063,2014-05-01,999200,State Government (OES Designation),130
29-1066,2014-05-01,999200,State Government (OES Designation),1100
29-1067,2014-05-01,999200,State Government (OES Designation),360
29-1069,2014-05-01,999200,State Government (OES Designation),1620
29-1071,2014-05-01,999200,State Government (OES Designation),360
29-1141,2014-05-01,999200,State Government (OES Designation),37820
29-1171,2014-05-01,999200,State Government (OES Designation),980
31-1014,2014-05-01,999200,State Government (OES Designation),17670
21-1021,2014-05-01,999300,Local Government (OES Designation),53270
21-1022,2014-05-01,999300,Local Government (OES Designation),7870
21-1023,2014-05-01,999300,Local Government (OES Designation),12820
21-1029,2014-05-01,999300,Local Government (OES Designation),18710
29-1021,2014-05-01,999300,Local Government (OES Designation),720
29-1051,2014-05-01,999300,Local Government (OES Designation),870
29-1062,2014-05-01,999300,Local Government (OES Designation),1690
29-1063,2014-05-01,999300,Local Government (OES Designation),50
29-1064,2014-05-01,999300,Local Government (OES Designation),50
29-1065,2014-05-01,999300,Local Government (OES Designation),30
29-1066,2014-05-01,999300,Local Government (OES Designation),1430
29-1069,2014-05-01,999300,Local Government (OES Designation),1630
29-1071,2014-05-01,999300,Local Government (OES Designation),400
29-1141,2014-05-01,999300,Local Government (OES Designation),37700
29-1171,2014-05-01,999300,Local Government (OES Designation),1800
31-1014,2014-05-01,999300,Local Government (OES Designation),31890
29-1141,2015-05-01,211100,Oil and Gas Extraction,50
29-1141,2015-05-01,221100,"Electric Power Generation, Transmission and Distribution",60
29-1141,2015-05-01,311600,Animal Slaughtering and Processing,380
29-1141,2015-05-01,322100,"Pulp, Paper, and Paperboard Mills",60
29-1141,2015-05-01,324100,Petroleum and Coal Products Manufacturing,40
29-1141,2015-05-01,325100,Basic Chemical Manufacturing,60
29-1141,2015-05-01,325200,"Resin, Synthetic Rubber, and Artificial Synthetic Fibers and Filaments Manufacturing",60
29-1051,2015-05-01,325400,Pharmaceutical and Medicine Manufacturing,260
29-1069,2015-05-01,325400,Pharmaceutical and Medicine Manufacturing,100
29-1141,2015-05-01,325400,Pharmaceutical and Medicine Manufacturing,140
29-1141,2015-05-01,326100,Plastics Product Manufacturing,40
29-1141,2015-05-01,331500,Foundries,40
29-1141,2015-05-01,332900,Other Fabricated Metal Product Manufacturing,30
29-1141,2015-05-01,333100,"Agriculture, Construction, and Mining Machinery Manufacturing",70
29-1141,2015-05-01,334500,"Navigational, Measuring, Electromedical, and Control Instruments Manufacturing",110
29-1141,2015-05-01,336100,Motor Vehicle Manufacturing,100
29-1141,2015-05-01,336300,Motor Vehicle Parts Manufacturing,130
29-1141,2015-05-01,336400,Aerospace Product and Parts Manufacturing,160
29-1141,2015-05-01,339100,Medical Equipment and Supplies Manufacturing,80
29-1171,2015-05-01,339100,Medical Equipment and Supplies Manufacturing,0
29-1051,2015-05-01,423400,Professional and Commercial Equipment and Supplies Merchant Wholesalers,480
29-1051,2015-05-01,424200,Drugs and Druggists' Sundries Merchant Wholesalers,6060
29-1141,2015-05-01,424200,Drugs and Druggists' Sundries Merchant Wholesalers,600
29-1051,2015-05-01,425100,Wholesale Electronic Markets and Agents and Brokers,540
29-1141,2015-05-01,425100,Wholesale Electronic Markets and Agents and Brokers,0
29-1051,2015-05-01,445100,Grocery Stores,23160
21-1022,2015-05-01,446100,Health and Personal Care Stores,0
29-1051,2015-05-01,446100,Health and Personal Care Stores,128420
29-1069,2015-05-01,446100,Health and Personal Care Stores,0
29-1141,2015-05-01,446100,Health and Personal Care Stores,2480
29-1171,2015-05-01,446100,Health and Personal Care Stores,0
29-1051,2015-05-01,452100,Department Stores,10510
29-1171,2015-05-01,452100,Department Stores,80
29-1051,2015-05-01,452900,Other General Merchandise Stores,16270
29-1051,2015-05-01,454100,Electronic Shopping and Mail-Order Houses,4790
29-1141,2015-05-01,454100,Electronic Shopping and Mail-Order Houses,120
29-1141,2015-05-01,481200,Nonscheduled Air Transportation,0
29-1141,2015-05-01,482100,Rail Transportation,90
29-1141,2015-05-01,491100,Postal Service,120
29-1051,2015-05-01,493100,Warehousing and Storage,390
29-1141,2015-05-01,512100,Motion Picture and Video Industries,390
31-1014,2015-05-01,512100,Motion Picture and Video Industries,50
29-1141,2015-05-01,518200,"Data Processing, Hosting, and Related Services",40
21-1022,2015-05-01,519100,Other Information Services,40
29-1141,2015-05-01,522100,Depository Credit Intermediation,50
29-1141,2015-05-01,523900,Other Financial Investment Activities,140
21-1021,2015-05-01,524100,Insurance Carriers,30
21-1022,2015-05-01,524100,Insurance Carriers,2070
21-1023,2015-05-01,524100,Insurance Carriers,100
21-1029,2015-05-01,524100,Insurance Carriers,490
29-1051,2015-05-01,524100,Insurance Carriers,1430
29-1069,2015-05-01,524100,Insurance Carriers,270
29-1141,2015-05-01,524100,Insurance Carriers,20740
29-1171,2015-05-01,524100,Insurance Carriers,190
31-1014,2015-05-01,524100,Insurance Carriers,160
21-1022,2015-05-01,524200,"Agencies, Brokerages, and Other Insurance Related Activities",730
29-1021,2015-05-01,524200,"Agencies, Brokerages, and Other Insurance Related Activities",60
29-1051,2015-05-01,524200,"Agencies, Brokerages, and Other Insurance Related Activities",180
29-1069,2015-05-01,524200,"Agencies, Brokerages, and Other Insurance Related Activities",50
29-1141,2015-05-01,524200,"Agencies, Brokerages, and Other Insurance Related Activities",6810
29-1171,2015-05-01,524200,"Agencies, Brokerages, and Other Insurance Related Activities",220
29-1141,2015-05-01,525100,Insurance and Employee Benefit Funds,40
21-1021,2015-05-01,531100,Lessors of Real Estate,30
21-1022,2015-05-01,531100,Lessors of Real Estate,40
21-1029,2015-05-01,531100,Lessors of Real Estate,100
29-1141,2015-05-01,531100,Lessors of Real Estate,90
21-1029,2015-05-01,531300,Activities Related to Real Estate,100
21-1022,2015-05-01,532200,Consumer Goods Rental,50
29-1051,2015-05-01,532200,Consumer Goods Rental,200
29-1141,2015-05-01,532200,Consumer Goods Rental,300
29-1069,2015-05-01,532400,Commercial and Industrial Machinery and Equipment Rental and Leasing,40
29-1141,2015-05-01,532400,Commercial and Industrial Machinery and Equipment Rental and Leasing,60
21-1021,2015-05-01,541100,Legal Services,790
21-1029,2015-05-01,541100,Legal Services,230
29-1141,2015-05-01,541100,Legal Services,310
29-1051,2015-05-01,541200,"Accounting, Tax Preparation, Bookkeeping, and Payroll Services",50
29-1141,2015-05-01,541200,"Accounting, Tax Preparation, Bookkeeping, and Payroll Services",520
29-1141,2015-05-01,541300,"Architectural, Engineering, and Related Services",60
29-1051,2015-05-01,541500,Computer Systems Design and Related Services,0
29-1141,2015-05-01,541500,Computer Systems Design and Related Services,510
29-1171,2015-05-01,541500,Computer Systems Design and Related Services,0
21-1021,2015-05-01,541600,"Management, Scientific, and Technical Consulting Services",100
21-1022,2015-05-01,541600,"Management, Scientific, and Technical Consulting Services",530
21-1023,2015-05-01,541600,"Management, Scientific, and Technical Consulting Services",240
29-1051,2015-05-01,541600,"Management, Scientific, and Technical Consulting Services",900
29-1069,2015-05-01,541600,"Management, Scientific, and Technical Consulting Services",160
29-1071,2015-05-01,541600,"Management, Scientific, and Technical Consulting Services",90
29-1141,2015-05-01,541600,"Management, Scientific, and Technical Consulting Services",5330
29-1171,2015-05-01,541600,"Management, Scientific, and Technical Consulting Services",240
31-1014,2015-05-01,541600,"Management, Scientific, and Technical Consulting Services",100
21-1021,2015-05-01,541700,Scientific Research and Development Services,210
21-1022,2015-05-01,541700,Scientific Research and Development Services,280
21-1023,2015-05-01,541700,Scientific Research and Development Services,130
21-1029,2015-05-01,541700,Scientific Research and Development Services,270
29-1051,2015-05-01,541700,Scientific Research and Development Services,190
29-1063,2015-05-01,541700,Scientific Research and Development Services,40
29-1066,2015-05-01,541700,Scientific Research and Development Services,40
29-1067,2015-05-01,541700,Scientific Research and Development Services,0
29-1069,2015-05-01,541700,Scientific Research and Development Services,1000
29-1071,2015-05-01,541700,Scientific Research and Development Services,300
29-1141,2015-05-01,541700,Scientific Research and Development Services,2390
29-1171,2015-05-01,541700,Scientific Research and Development Services,340
31-1014,2015-05-01,541700,Scientific Research and Development Services,590
21-1022,2015-05-01,541900,"Other Professional, Scientific, and Technical Services",30
29-1069,2015-05-01,541900,"Other Professional, Scientific, and Technical Services",0
29-1141,2015-05-01,541900,"Other Professional, Scientific, and Technical Services",480
29-1171,2015-05-01,541900,"Other Professional, Scientific, and Technical Services",120
21-1021,2015-05-01,551100,Management of Companies and Enterprises,2830
21-1022,2015-05-01,551100,Management of Companies and Enterprises,1440
21-1023,2015-05-01,551100,Management of Companies and Enterprises,800
21-1029,2015-05-01,551100,Management of Companies and Enterprises,620
29-1021,2015-05-01,551100,Management of Companies and Enterprises,0
29-1051,2015-05-01,551100,Management of Companies and Enterprises,2590
29-1062,2015-05-01,551100,Management of Companies and Enterprises,0
29-1063,2015-05-01,551100,Management of Companies and Enterprises,130
29-1066,2015-05-01,551100,Management of Companies and Enterprises,80
29-1069,2015-05-01,551100,Management of Companies and Enterprises,240
29-1071,2015-05-01,551100,Management of Companies and Enterprises,90
29-1141,2015-05-01,551100,Management of Companies and Enterprises,11770
29-1171,2015-05-01,551100,Management of Companies and Enterprises,390
31-1014,2015-05-01,551100,Management of Companies and Enterprises,930
29-1051,2015-05-01,561100,Office Administrative Services,0
29-1069,2015-05-01,561100,Office Administrative Services,40
29-1141,2015-05-01,561100,Office Administrative Services,3260
29-1171,2015-05-01,561100,Office Administrative Services,170
21-1021,2015-05-01,561200,Facilities Support Services,70
21-1023,2015-05-01,561200,Facilities Support Services,100
29-1141,2015-05-01,561200,Facilities Support Services,550
21-1021,2015-05-01,561300,Employment Services,1080
21-1022,2015-05-01,561300,Employment Services,1060
21-1023,2015-05-01,561300,Employment Services,750
21-1029,2015-05-01,561300,Employment Services,500
29-1021,2015-05-01,561300,Employment Services,620
29-1051,2015-05-01,561300,Employment Services,1940
29-1062,2015-05-01,561300,Employment Services,0
29-1063,2015-05-01,561300,Employment Services,30
29-1066,2015-05-01,561300,Employment Services,90
29-1069,2015-05-01,561300,Employment Services,880
29-1071,2015-05-01,561300,Employment Services,2760
29-1141,2015-05-01,561300,Employment Services,48070
29-1151,2015-05-01,561300,Employment Services,390
29-1171,2015-05-01,561300,Employment Services,1510
31-1014,2015-05-01,561300,Employment Services,37990
29-1051,2015-05-01,561400,Business Support Services,350
29-1141,2015-05-01,561400,Business Support Services,0
21-1021,2015-05-01,611100,Elementary and Secondary Schools,37030
21-1022,2015-05-01,611100,Elementary and Secondary Schools,180
21-1023,2015-05-01,611100,Elementary and Secondary Schools,750
21-1029,2015-05-01,611100,Elementary and Secondary Schools,250
29-1062,2015-05-01,611100,Elementary and Secondary Schools,50
29-1066,2015-05-01,611100,Elementary and Secondary Schools,90
29-1069,2015-05-01,611100,Elementary and Secondary Schools,90
29-1141,2015-05-01,611100,Elementary and Secondary Schools,51560
29-1171,2015-05-01,611100,Elementary and Secondary Schools,170
31-1014,2015-05-01,611100,Elementary and Secondary Schools,4910
21-1021,2015-05-01,611200,Junior Colleges,0
21-1029,2015-05-01,611200,Junior Colleges,120
29-1021,2015-05-01,611200,Junior Colleges,30
29-1141,2015-05-01,611200,Junior Colleges,560
21-1021,2015-05-01,611300,"Colleges, Universities, and Professional Schools",1820
21-1022,2015-05-01,611300,"Colleges, Universities, and Professional Schools",1160
21-1023,2015-05-01,611300,"Colleges, Universities, and Professional Schools",590
21-1029,2015-05-01,611300,"Colleges, Universities, and Professional Schools",320
29-1021,2015-05-01,611300,"Colleges, Universities, and Professional Schools",390
29-1051,2015-05-01,611300,"Colleges, Universities, and Professional Schools",1760
29-1061,2015-05-01,611300,"Colleges, Universities, and Professional Schools",420
29-1062,2015-05-01,611300,"Colleges, Universities, and Professional Schools",4950
29-1063,2015-05-01,611300,"Colleges, Universities, and Professional Schools",1150
29-1064,2015-05-01,611300,"Colleges, Universities, and Professional Schools",240
29-1065,2015-05-01,611300,"Colleges, Universities, and Professional Schools",410
29-1066,2015-05-01,611300,"Colleges, Universities, and Professional Schools",970
29-1067,2015-05-01,611300,"Colleges, Universities, and Professional Schools",700
29-1069,2015-05-01,611300,"Colleges, Universities, and Professional Schools",13040
29-1071,2015-05-01,611300,"Colleges, Universities, and Professional Schools",2600
29-1141,2015-05-01,611300,"Colleges, Universities, and Professional Schools",23810
29-1151,2015-05-01,611300,"Colleges, Universities, and Professional Schools",630
29-1171,2015-05-01,611300,"Colleges, Universities, and Professional Schools",3970
31-1014,2015-05-01,611300,"Colleges, Universities, and Professional Schools",2950
21-1021,2015-05-01,611400,Business Schools and Computer and Management Training,50
21-1021,2015-05-01,611500,Technical and Trade Schools,200
29-1141,2015-05-01,611500,Technical and Trade Schools,0
21-1021,2015-05-01,611600,Other Schools and Instruction,400
21-1029,2015-05-01,611600,Other Schools and Instruction,0
29-1141,2015-05-01,611600,Other Schools and Instruction,40
21-1021,2015-05-01,611700,Educational Support Services,2530
21-1022,2015-05-01,611700,Educational Support Services,120
21-1023,2015-05-01,611700,Educational Support Services,0
29-1141,2015-05-01,611700,Educational Support Services,230
31-1014,2015-05-01,611700,Educational Support Services,50
21-1021,2015-05-01,621100,Offices of Physicians,720
21-1022,2015-05-01,621100,Offices of Physicians,5150
21-1023,2015-05-01,621100,Offices of Physicians,3710
21-1029,2015-05-01,621100,Offices of Physicians,180
29-1021,2015-05-01,621100,Offices of Physicians,2850
29-1022,2015-05-01,621100,Offices of Physicians,210
29-1023,2015-05-01,621100,Offices of Physicians,0
29-1029,2015-05-01,621100,Offices of Physicians,30
29-1051,2015-05-01,621100,Offices of Physicians,5570
29-1061,2015-05-01,621100,Offices of Physicians,25040
29-1062,2015-05-01,621100,Offices of Physicians,81940
29-1063,2015-05-01,621100,Offices of Physicians,33100
29-1064,2015-05-01,621100,Offices of Physicians,16200
29-1065,2015-05-01,621100,Offices of Physicians,21390
29-1066,2015-05-01,621100,Offices of Physicians,7390
29-1067,2015-05-01,621100,Offices of Physicians,33310
29-1069,2015-05-01,621100,Offices of Physicians,150270
29-1071,2015-05-01,621100,Offices of Physicians,56820
29-1141,2015-05-01,621100,Offices of Physicians,194370
29-1151,2015-05-01,621100,Offices of Physicians,21910
29-1171,2015-05-01,621100,Offices of Physicians,62550
31-1014,2015-05-01,621100,Offices of Physicians,19420
29-1021,2015-05-01,621200,Offices of Dentists,90190
29-1022,2015-05-01,621200,Offices of Dentists,4500
29-1023,2015-05-01,621200,Offices of Dentists,5000
29-1024,2015-05-01,621200,Offices of Dentists,640
29-1029,2015-05-01,621200,Offices of Dentists,3060
29-1061,2015-05-01,621200,Offices of Dentists,30
29-1062,2015-05-01,621200,Offices of Dentists,0
29-1069,2015-05-01,621200,Offices of Dentists,0
29-1071,2015-05-01,621200,Offices of Dentists,0
29-1141,2015-05-01,621200,Offices of Dentists,980
29-1171,2015-05-01,621200,Offices of Dentists,0
21-1021,2015-05-01,621300,Offices of Other Health Practitioners,2190
21-1022,2015-05-01,621300,Offices of Other Health Practitioners,1910
21-1023,2015-05-01,621300,Offices of Other Health Practitioners,6450
21-1029,2015-05-01,621300,Offices of Other Health Practitioners,130
29-1021,2015-05-01,621300,Offices of Other Health Practitioners,330
29-1023,2015-05-01,621300,Offices of Other Health Practitioners,70
29-1051,2015-05-01,621300,Offices of Other Health Practitioners,0
29-1061,2015-05-01,621300,Offices of Other Health Practitioners,230
29-1062,2015-05-01,621300,Offices of Other Health Practitioners,450
29-1063,2015-05-01,621300,Offices of Other Health Practitioners,80
29-1065,2015-05-01,621300,Offices of Other Health Practitioners,40
29-1066,2015-05-01,621300,Offices of Other Health Practitioners,730
29-1067,2015-05-01,621300,Offices of Other Health Practitioners,160
29-1069,2015-05-01,621300,Offices of Other Health Practitioners,1930
29-1071,2015-05-01,621300,Offices of Other Health Practitioners,1370
29-1141,2015-05-01,621300,Offices of Other Health Practitioners,11690
29-1151,2015-05-01,621300,Offices of Other Health Practitioners,1470
29-1171,2015-05-01,621300,Offices of Other Health Practitioners,3760
31-1014,2015-05-01,621300,Offices of Other Health Practitioners,5010
21-1021,2015-05-01,621400,Outpatient Care Centers,8770
21-1022,2015-05-01,621400,Outpatient Care Centers,9850
21-1023,2015-05-01,621400,Outpatient Care Centers,24430
21-1029,2015-05-01,621400,Outpatient Care Centers,790
29-1021,2015-05-01,621400,Outpatient Care Centers,1990
29-1022,2015-05-01,621400,Outpatient Care Centers,50
29-1023,2015-05-01,621400,Outpatient Care Centers,0
29-1051,2015-05-01,621400,Outpatient Care Centers,4050
29-1061,2015-05-01,621400,Outpatient Care Centers,500
29-1062,2015-05-01,621400,Outpatient Care Centers,8390
29-1063,2015-05-01,621400,Outpatient Care Centers,2370
29-1064,2015-05-01,621400,Outpatient Care Centers,1020
29-1065,2015-05-01,621400,Outpatient Care Centers,1440
29-1066,2015-05-01,621400,Outpatient Care Centers,3420
29-1067,2015-05-01,621400,Outpatient Care Centers,960
29-1069,2015-05-01,621400,Outpatient Care Centers,10080
29-1071,2015-05-01,621400,Outpatient Care Centers,7490
29-1141,2015-05-01,621400,Outpatient Care Centers,110580
29-1151,2015-05-01,621400,Outpatient Care Centers,1370
29-1171,2015-05-01,621400,Outpatient Care Centers,11610
31-1014,2015-05-01,621400,Outpatient Care Centers,15310
21-1022,2015-05-01,621500,Medical and Diagnostic Laboratories,40
29-1051,2015-05-01,621500,Medical and Diagnostic Laboratories,70
29-1062,2015-05-01,621500,Medical and Diagnostic Laboratories,50
29-1063,2015-05-01,621500,Medical and Diagnostic Laboratories,70
29-1067,2015-05-01,621500,Medical and Diagnostic Laboratories,0
29-1069,2015-05-01,621500,Medical and Diagnostic Laboratories,5600
29-1071,2015-05-01,621500,Medical and Diagnostic Laboratories,360
29-1141,2015-05-01,621500,Medical and Diagnostic Laboratories,1920
29-1171,2015-05-01,621500,Medical and Diagnostic Laboratories,210
31-1014,2015-05-01,621500,Medical and Diagnostic Laboratories,210
21-1021,2015-05-01,621600,Home Health Care Services,920
21-1022,2015-05-01,621600,Home Health Care Services,17270
21-1023,2015-05-01,621600,Home Health Care Services,450
21-1029,2015-05-01,621600,Home Health Care Services,420
29-1051,2015-05-01,621600,Home Health Care Services,1690
29-1062,2015-05-01,621600,Home Health Care Services,940
29-1063,2015-05-01,621600,Home Health Care Services,220
29-1066,2015-05-01,621600,Home Health Care Services,50
29-1069,2015-05-01,621600,Home Health Care Services,530
29-1071,2015-05-01,621600,Home Health Care Services,120
29-1141,2015-05-01,621600,Home Health Care Services,173590
29-1171,2015-05-01,621600,Home Health Care Services,3390
31-1014,2015-05-01,621600,Home Health Care Services,70210
21-1021,2015-05-01,621900,Other Ambulatory Health Care Services,0
21-1022,2015-05-01,621900,Other Ambulatory Health Care Services,790
21-1023,2015-05-01,621900,Other Ambulatory Health Care Services,70
29-1021,2015-05-01,621900,Other Ambulatory Health Care Services,60
29-1051,2015-05-01,621900,Other Ambulatory Health Care Services,130
29-1062,2015-05-01,621900,Other Ambulatory Health Care Services,160
29-1063,2015-05-01,621900,Other Ambulatory Health Care Services,40
29-1067,2015-05-01,621900,Other Ambulatory Health Care Services,0
29-1069,2015-05-01,621900,Other Ambulatory Health Care Services,1070
29-1071,2015-05-01,621900,Other Ambulatory Health Care Services,240
29-1141,2015-05-01,621900,Other Ambulatory Health Care Services,12100
29-1151,2015-05-01,621900,Other Ambulatory Health Care Services,100
29-1171,2015-05-01,621900,Other Ambulatory Health Care Services,620
31-1014,2015-05-01,621900,Other Ambulatory Health Care Services,640
21-1021,2015-05-01,622100,General Medical and Surgical Hospitals,2290
21-1022,2015-05-01,622100,General Medical and Surgical Hospitals,45070
21-1023,2015-05-01,622100,General Medical and Surgical Hospitals,5970
21-1029,2015-05-01,622100,General Medical and Surgical Hospitals,3130
29-1021,2015-05-01,622100,General Medical and Surgical Hospitals,1220
29-1022,2015-05-01,622100,General Medical and Surgical Hospitals,200
29-1023,2015-05-01,622100,General Medical and Surgical Hospitals,90
29-1029,2015-05-01,622100,General Medical and Surgical Hospitals,120
29-1051,2015-05-01,622100,General Medical and Surgical Hospitals,68220
29-1061,2015-05-01,622100,General Medical and Surgical Hospitals,2700
29-1062,2015-05-01,622100,General Medical and Surgical Hospitals,24130
29-1063,2015-05-01,622100,General Medical and Surgical Hospitals,11140
29-1064,2015-05-01,622100,General Medical and Surgical Hospitals,0
29-1065,2015-05-01,622100,General Medical and Surgical Hospitals,4730
29-1066,2015-05-01,622100,General Medical and Surgical Hospitals,3060
29-1067,2015-05-01,622100,General Medical and Surgical Hospitals,5990
29-1069,2015-05-01,622100,General Medical and Surgical Hospitals,95540
29-1071,2015-05-01,622100,General Medical and Surgical Hospitals,21420
29-1141,2015-05-01,622100,General Medical and Surgical Hospitals,1587040
29-1151,2015-05-01,622100,General Medical and Surgical Hospitals,11740
29-1171,2015-05-01,622100,General Medical and Surgical Hospitals,35220
31-1014,2015-05-01,622100,General Medical and Surgical Hospitals,343650
21-1021,2015-05-01,622200,Psychiatric and Substance Abuse Hospitals,1020
21-1022,2015-05-01,622200,Psychiatric and Substance Abuse Hospitals,2270
21-1023,2015-05-01,622200,Psychiatric and Substance Abuse Hospitals,9130
21-1029,2015-05-01,622200,Psychiatric and Substance Abuse Hospitals,390
29-1021,2015-05-01,622200,Psychiatric and Substance Abuse Hospitals,110
29-1051,2015-05-01,622200,Psychiatric and Substance Abuse Hospitals,1120
29-1062,2015-05-01,622200,Psychiatric and Substance Abuse Hospitals,430
29-1063,2015-05-01,622200,Psychiatric and Substance Abuse Hospitals,140
29-1066,2015-05-01,622200,Psychiatric and Substance Abuse Hospitals,3970
29-1069,2015-05-01,622200,Psychiatric and Substance Abuse Hospitals,630
29-1071,2015-05-01,622200,Psychiatric and Substance Abuse Hospitals,210
29-1141,2015-05-01,622200,Psychiatric and Substance Abuse Hospitals,36480
29-1171,2015-05-01,622200,Psychiatric and Substance Abuse Hospitals,910
31-1014,2015-05-01,622200,Psychiatric and Substance Abuse Hospitals,6960
21-1021,2015-05-01,622300,Specialty (except Psychiatric and Substance Abuse) Hospitals,180
21-1022,2015-05-01,622300,Specialty (except Psychiatric and Substance Abuse) Hospitals,2370
21-1023,2015-05-01,622300,Specialty (except Psychiatric and Substance Abuse) Hospitals,250
21-1029,2015-05-01,622300,Specialty (except Psychiatric and Substance Abuse) Hospitals,40
29-1021,2015-05-01,622300,Specialty (except Psychiatric and Substance Abuse) Hospitals,120
29-1051,2015-05-01,622300,Specialty (except Psychiatric and Substance Abuse) Hospitals,3220
29-1061,2015-05-01,622300,Specialty (except Psychiatric and Substance Abuse) Hospitals,220
29-1062,2015-05-01,622300,Specialty (except Psychiatric and Substance Abuse) Hospitals,300
29-1063,2015-05-01,622300,Specialty (except Psychiatric and Substance Abuse) Hospitals,130
29-1065,2015-05-01,622300,Specialty (except Psychiatric and Substance Abuse) Hospitals,400
29-1066,2015-05-01,622300,Specialty (except Psychiatric and Substance Abuse) Hospitals,190
29-1067,2015-05-01,622300,Specialty (except Psychiatric and Substance Abuse) Hospitals,150
29-1069,2015-05-01,622300,Specialty (except Psychiatric and Substance Abuse) Hospitals,4080
29-1071,2015-05-01,622300,Specialty (except Psychiatric and Substance Abuse) Hospitals,800
29-1141,2015-05-01,622300,Specialty (except Psychiatric and Substance Abuse) Hospitals,59750
29-1151,2015-05-01,622300,Specialty (except Psychiatric and Substance Abuse) Hospitals,430
29-1171,2015-05-01,622300,Specialty (except Psychiatric and Substance Abuse) Hospitals,2020
31-1014,2015-05-01,622300,Specialty (except Psychiatric and Substance Abuse) Hospitals,23920
21-1021,2015-05-01,623100,Nursing Care Facilities (Skilled Nursing Facilities),360
21-1022,2015-05-01,623100,Nursing Care Facilities (Skilled Nursing Facilities),15960
21-1023,2015-05-01,623100,Nursing Care Facilities (Skilled Nursing Facilities),260
21-1029,2015-05-01,623100,Nursing Care Facilities (Skilled Nursing Facilities),270
29-1051,2015-05-01,623100,Nursing Care Facilities (Skilled Nursing Facilities),340
29-1062,2015-05-01,623100,Nursing Care Facilities (Skilled Nursing Facilities),40
29-1063,2015-05-01,623100,Nursing Care Facilities (Skilled Nursing Facilities),50
29-1069,2015-05-01,623100,Nursing Care Facilities (Skilled Nursing Facilities),140
29-1071,2015-05-01,623100,Nursing Care Facilities (Skilled Nursing Facilities),50
29-1141,2015-05-01,623100,Nursing Care Facilities (Skilled Nursing Facilities),154060
29-1171,2015-05-01,623100,Nursing Care Facilities (Skilled Nursing Facilities),1470
31-1014,2015-05-01,623100,Nursing Care Facilities (Skilled Nursing Facilities),612120
21-1021,2015-05-01,623200,"Residential Intellectual and Developmental Disability, Mental Health, and Substance Abuse Facilities",5490
21-1022,2015-05-01,623200,"Residential Intellectual and Developmental Disability, Mental Health, and Substance Abuse Facilities",1980
21-1023,2015-05-01,623200,"Residential Intellectual and Developmental Disability, Mental Health, and Substance Abuse Facilities",15130
21-1029,2015-05-01,623200,"Residential Intellectual and Developmental Disability, Mental Health, and Substance Abuse Facilities",830
29-1051,2015-05-01,623200,"Residential Intellectual and Developmental Disability, Mental Health, and Substance Abuse Facilities",70
29-1062,2015-05-01,623200,"Residential Intellectual and Developmental Disability, Mental Health, and Substance Abuse Facilities",30
29-1066,2015-05-01,623200,"Residential Intellectual and Developmental Disability, Mental Health, and Substance Abuse Facilities",730
29-1069,2015-05-01,623200,"Residential Intellectual and Developmental Disability, Mental Health, and Substance Abuse Facilities",50
29-1071,2015-05-01,623200,"Residential Intellectual and Developmental Disability, Mental Health, and Substance Abuse Facilities",70
29-1141,2015-05-01,623200,"Residential Intellectual and Developmental Disability, Mental Health, and Substance Abuse Facilities",13970
29-1171,2015-05-01,623200,"Residential Intellectual and Developmental Disability, Mental Health, and Substance Abuse Facilities",450
31-1014,2015-05-01,623200,"Residential Intellectual and Developmental Disability, Mental Health, and Substance Abuse Facilities",25470
21-1021,2015-05-01,623300,Continuing Care Retirement Communities and Assisted Living Facilities for the Elderly,380
21-1022,2015-05-01,623300,Continuing Care Retirement Communities and Assisted Living Facilities for the Elderly,3250
21-1023,2015-05-01,623300,Continuing Care Retirement Communities and Assisted Living Facilities for the Elderly,0
21-1029,2015-05-01,623300,Continuing Care Retirement Communities and Assisted Living Facilities for the Elderly,100
29-1051,2015-05-01,623300,Continuing Care Retirement Communities and Assisted Living Facilities for the Elderly,100
29-1141,2015-05-01,623300,Continuing Care Retirement Communities and Assisted Living Facilities for the Elderly,31360
29-1171,2015-05-01,623300,Continuing Care Retirement Communities and Assisted Living Facilities for the Elderly,680
31-1014,2015-05-01,623300,Continuing Care Retirement Communities and Assisted Living Facilities for the Elderly,156220
21-1021,2015-05-01,623900,Other Residential Care Facilities,9280
21-1022,2015-05-01,623900,Other Residential Care Facilities,800
21-1023,2015-05-01,623900,Other Residential Care Facilities,2020
21-1029,2015-05-01,623900,Other Residential Care Facilities,380
29-1065,2015-05-01,623900,Other Residential Care Facilities,40
29-1066,2015-05-01,623900,Other Residential Care Facilities,110
29-1141,2015-05-01,623900,Other Residential Care Facilities,2140
29-1171,2015-05-01,623900,Other Residential Care Facilities,70
31-1014,2015-05-01,623900,Other Residential Care Facilities,4280
21-1021,2015-05-01,624100,Individual and Family Services,69820
21-1022,2015-05-01,624100,Individual and Family Services,19270
21-1023,2015-05-01,624100,Individual and Family Services,15770
21-1029,2015-05-01,624100,Individual and Family Services,5030
29-1021,2015-05-01,624100,Individual and Family Services,90
29-1029,2015-05-01,624100,Individual and Family Services,70
29-1051,2015-05-01,624100,Individual and Family Services,120
29-1062,2015-05-01,624100,Individual and Family Services,120
29-1065,2015-05-01,624100,Individual and Family Services,30
29-1066,2015-05-01,624100,Individual and Family Services,730
29-1069,2015-05-01,624100,Individual and Family Services,90
29-1071,2015-05-01,624100,Individual and Family Services,50
29-1141,2015-05-01,624100,Individual and Family Services,19430
29-1171,2015-05-01,624100,Individual and Family Services,1040
31-1014,2015-05-01,624100,Individual and Family Services,28280
21-1021,2015-05-01,624200,"Community Food and Housing, and Emergency and Other Relief Services",8670
21-1022,2015-05-01,624200,"Community Food and Housing, and Emergency and Other Relief Services",760
21-1023,2015-05-01,624200,"Community Food and Housing, and Emergency and Other Relief Services",2270
21-1029,2015-05-01,624200,"Community Food and Housing, and Emergency and Other Relief Services",1520
29-1066,2015-05-01,624200,"Community Food and Housing, and Emergency and Other Relief Services",40
29-1141,2015-05-01,624200,"Community Food and Housing, and Emergency and Other Relief Services",390
29-1171,2015-05-01,624200,"Community Food and Housing, and Emergency and Other Relief Services",0
31-1014,2015-05-01,624200,"Community Food and Housing, and Emergency and Other Relief Services",330
21-1021,2015-05-01,624300,Vocational Rehabilitation Services,1420
21-1022,2015-05-01,624300,Vocational Rehabilitation Services,790
21-1023,2015-05-01,624300,Vocational Rehabilitation Services,1400
21-1029,2015-05-01,624300,Vocational Rehabilitation Services,480
29-1066,2015-05-01,624300,Vocational Rehabilitation Services,70
29-1141,2015-05-01,624300,Vocational Rehabilitation Services,2670
29-1171,2015-05-01,624300,Vocational Rehabilitation Services,40
31-1014,2015-05-01,624300,Vocational Rehabilitation Services,1420
21-1021,2015-05-01,624400,Child Day Care Services,7600
21-1022,2015-05-01,624400,Child Day Care Services,380
21-1023,2015-05-01,624400,Child Day Care Services,60
21-1029,2015-05-01,624400,Child Day Care Services,120
29-1141,2015-05-01,624400,Child Day Care Services,600
31-1014,2015-05-01,624400,Child Day Care Services,130
29-1069,2015-05-01,711200,Spectator Sports,0
21-1021,2015-05-01,713900,Other Amusement and Recreation Industries,90
29-1141,2015-05-01,713900,Other Amusement and Recreation Industries,50
29-1141,2015-05-01,721100,Traveler Accommodation,100
29-1141,2015-05-01,721200,RV (Recreational Vehicle) Parks and Recreational Camps,60
29-1141,2015-05-01,812100,Personal Care Services,740
29-1171,2015-05-01,812100,Personal Care Services,250
31-1014,2015-05-01,812100,Personal Care Services,0
21-1021,2015-05-01,813100,Religious Organizations,0
21-1022,2015-05-01,813100,Religious Organizations,40
21-1023,2015-05-01,813100,Religious Organizations,0
29-1141,2015-05-01,813100,Religious Organizations,500
31-1014,2015-05-01,813100,Religious Organizations,550
21-1021,2015-05-01,813200,Grantmaking and Giving Services,1220
21-1022,2015-05-01,813200,Grantmaking and Giving Services,1220
21-1023,2015-05-01,813200,Grantmaking and Giving Services,170
21-1029,2015-05-01,813200,Grantmaking and Giving Services,170
29-1067,2015-05-01,813200,Grantmaking and Giving Services,0
29-1069,2015-05-01,813200,Grantmaking and Giving Services,70
29-1141,2015-05-01,813200,Grantmaking and Giving Services,420
31-1014,2015-05-01,813200,Grantmaking and Giving Services,40
21-1021,2015-05-01,813300,Social Advocacy Organizations,4250
21-1022,2015-05-01,813300,Social Advocacy Organizations,960
21-1023,2015-05-01,813300,Social Advocacy Organizations,1140
21-1029,2015-05-01,813300,Social Advocacy Organizations,450
29-1141,2015-05-01,813300,Social Advocacy Organizations,240
31-1014,2015-05-01,813300,Social Advocacy Organizations,80
21-1021,2015-05-01,813400,Civic and Social Organizations,2490
21-1022,2015-05-01,813400,Civic and Social Organizations,110
21-1023,2015-05-01,813400,Civic and Social Organizations,170
21-1029,2015-05-01,813400,Civic and Social Organizations,60
21-1021,2015-05-01,813900,"Business, Professional, Labor, Political, and Similar Organizations",190
21-1023,2015-05-01,813900,"Business, Professional, Labor, Political, and Similar Organizations",30
29-1051,2015-05-01,813900,"Business, Professional, Labor, Political, and Similar Organizations",100
29-1141,2015-05-01,813900,"Business, Professional, Labor, Political, and Similar Organizations",150
29-1171,2015-05-01,813900,"Business, Professional, Labor, Political, and Similar Organizations",0
21-1029,2015-05-01,999100,Federal Executive Branch (OES Designation),13890
29-1029,2015-05-01,999100,Federal Executive Branch (OES Designation),2140
29-1051,2015-05-01,999100,Federal Executive Branch (OES Designation),6320
29-1069,2015-05-01,999100,Federal Executive Branch (OES Designation),32970
29-1071,2015-05-01,999100,Federal Executive Branch (OES Designation),2090
29-1141,2015-05-01,999100,Federal Executive Branch (OES Designation),75250
29-1151,2015-05-01,999100,Federal Executive Branch (OES Designation),940
31-1014,2015-05-01,999100,Federal Executive Branch (OES Designation),13210
21-1021,2015-05-01,999200,State Government (OES Designation),66180
21-1022,2015-05-01,999200,State Government (OES Designation),8190
21-1023,2015-05-01,999200,State Government (OES Designation),5530
21-1029,2015-05-01,999200,State Government (OES Designation),11470
29-1021,2015-05-01,999200,State Government (OES Designation),1000
29-1051,2015-05-01,999200,State Government (OES Designation),1440
29-1062,2015-05-01,999200,State Government (OES Designation),1510
29-1063,2015-05-01,999200,State Government (OES Designation),100
29-1066,2015-05-01,999200,State Government (OES Designation),1040
29-1069,2015-05-01,999200,State Government (OES Designation),1720
29-1071,2015-05-01,999200,State Government (OES Designation),300
29-1141,2015-05-01,999200,State Government (OES Designation),35740
29-1171,2015-05-01,999200,State Government (OES Designation),1090
31-1014,2015-05-01,999200,State Government (OES Designation),15640
21-1021,2015-05-01,999300,Local Government (OES Designation),51380
21-1022,2015-05-01,999300,Local Government (OES Designation),7980
21-1023,2015-05-01,999300,Local Government (OES Designation),11140
21-1029,2015-05-01,999300,Local Government (OES Designation),16370
29-1021,2015-05-01,999300,Local Government (OES Designation),640
29-1051,2015-05-01,999300,Local Government (OES Designation),870
29-1062,2015-05-01,999300,Local Government (OES Designation),1570
29-1063,2015-05-01,999300,Local Government (OES Designation),40
29-1066,2015-05-01,999300,Local Government (OES Designation),1000
29-1067,2015-05-01,999300,Local Government (OES Designation),30
29-1069,2015-05-01,999300,Local Government (OES Designation),1370
29-1071,2015-05-01,999300,Local Government (OES Designation),430
29-1141,2015-05-01,999300,Local Government (OES Designation),33600
29-1171,2015-05-01,999300,Local Government (OES Designation),1840
31-1014,2015-05-01,999300,Local Government (OES Designation),29070
29-1141,2016-05-01,211100,Oil and Gas Extraction,50
29-1141,2016-05-01,221100,"Electric Power Generation, Transmission and Distribution",50
29-1141,2016-05-01,311600,Animal Slaughtering and Processing,450
29-1141,2016-05-01,322100,"Pulp, Paper, and Paperboard Mills",50
29-1141,2016-05-01,324100,Petroleum and Coal Products Manufacturing,40
29-1141,2016-05-01,325100,Basic Chemical Manufacturing,60
29-1141,2016-05-01,325200,"Resin, Synthetic Rubber, and Artificial Synthetic Fibers and Filaments Manufacturing",50
29-1051,2016-05-01,325400,Pharmaceutical and Medicine Manufacturing,420
29-1069,2016-05-01,325400,Pharmaceutical and Medicine Manufacturing,120
29-1141,2016-05-01,325400,Pharmaceutical and Medicine Manufacturing,290
29-1141,2016-05-01,331500,Foundries,40
29-1141,2016-05-01,332900,Other Fabricated Metal Product Manufacturing,30
29-1141,2016-05-01,333100,"Agriculture, Construction, and Mining Machinery Manufacturing",60
29-1141,2016-05-01,333600,"Engine, Turbine, and Power Transmission Equipment Manufacturing",60
29-1141,2016-05-01,334500,"Navigational, Measuring, Electromedical, and Control Instruments Manufacturing",60
29-1141,2016-05-01,336100,Motor Vehicle Manufacturing,130
29-1141,2016-05-01,336300,Motor Vehicle Parts Manufacturing,130
29-1141,2016-05-01,336400,Aerospace Product and Parts Manufacturing,150
29-1141,2016-05-01,339100,Medical Equipment and Supplies Manufacturing,90
29-1171,2016-05-01,339100,Medical Equipment and Supplies Manufacturing,0
29-1141,2016-05-01,339900,Other Miscellaneous Manufacturing,40
29-1051,2016-05-01,423400,Professional and Commercial Equipment and Supplies Merchant Wholesalers,500
29-1141,2016-05-01,423400,Professional and Commercial Equipment and Supplies Merchant Wholesalers,0
29-1051,2016-05-01,424200,Drugs and Druggists' Sundries Merchant Wholesalers,7210
29-1141,2016-05-01,424200,Drugs and Druggists' Sundries Merchant Wholesalers,940
29-1171,2016-05-01,424200,Drugs and Druggists' Sundries Merchant Wholesalers,40
29-1051,2016-05-01,425100,Wholesale Electronic Markets and Agents and Brokers,370
29-1141,2016-05-01,425100,Wholesale Electronic Markets and Agents and Brokers,160
29-1051,2016-05-01,445100,Grocery Stores,22670
29-1051,2016-05-01,446100,Health and Personal Care Stores,134610
29-1141,2016-05-01,446100,Health and Personal Care Stores,2460
29-1171,2016-05-01,446100,Health and Personal Care Stores,510
29-1051,2016-05-01,447100,Gasoline Stations,0
29-1051,2016-05-01,452100,Department Stores,10330
29-1171,2016-05-01,452100,Department Stores,90
29-1051,2016-05-01,452900,Other General Merchandise Stores,16940
29-1171,2016-05-01,452900,Other General Merchandise Stores,100
29-1051,2016-05-01,454100,Electronic Shopping and Mail-Order Houses,3870
29-1141,2016-05-01,454100,Electronic Shopping and Mail-Order Houses,100
29-1141,2016-05-01,481200,Nonscheduled Air Transportation,0
29-1141,2016-05-01,482100,Rail Transportation,100
29-1141,2016-05-01,485900,Other Transit and Ground Passenger Transportation,30
29-1141,2016-05-01,491100,Postal Service,130
29-1051,2016-05-01,493100,Warehousing and Storage,230
29-1141,2016-05-01,493100,Warehousing and Storage,0
29-1141,2016-05-01,512100,Motion Picture and Video Industries,440
31-1014,2016-05-01,512100,Motion Picture and Video Industries,150
29-1141,2016-05-01,518200,"Data Processing, Hosting, and Related Services",100
29-1141,2016-05-01,522100,Depository Credit Intermediation,30
29-1141,2016-05-01,523900,Other Financial Investment Activities,140
21-1021,2016-05-01,524100,Insurance Carriers,50
21-1022,2016-05-01,524100,Insurance Carriers,2390
21-1023,2016-05-01,524100,Insurance Carriers,140
21-1029,2016-05-01,524100,Insurance Carriers,220
29-1051,2016-05-01,524100,Insurance Carriers,1540
29-1069,2016-05-01,524100,Insurance Carriers,210
29-1141,2016-05-01,524100,Insurance Carriers,22470
29-1171,2016-05-01,524100,Insurance Carriers,240
31-1014,2016-05-01,524100,Insurance Carriers,120
21-1022,2016-05-01,524200,"Agencies, Brokerages, and Other Insurance Related Activities",550
21-1023,2016-05-01,524200,"Agencies, Brokerages, and Other Insurance Related Activities",0
21-1029,2016-05-01,524200,"Agencies, Brokerages, and Other Insurance Related Activities",50
29-1021,2016-05-01,524200,"Agencies, Brokerages, and Other Insurance Related Activities",90
29-1051,2016-05-01,524200,"Agencies, Brokerages, and Other Insurance Related Activities",420
29-1069,2016-05-01,524200,"Agencies, Brokerages, and Other Insurance Related Activities",60
29-1141,2016-05-01,524200,"Agencies, Brokerages, and Other Insurance Related Activities",8940
29-1171,2016-05-01,524200,"Agencies, Brokerages, and Other Insurance Related Activities",260
21-1021,2016-05-01,531100,Lessors of Real Estate,30
21-1022,2016-05-01,531100,Lessors of Real Estate,50
21-1029,2016-05-01,531100,Lessors of Real Estate,100
29-1141,2016-05-01,531100,Lessors of Real Estate,0
21-1029,2016-05-01,531300,Activities Related to Real Estate,140
21-1022,2016-05-01,532200,Consumer Goods Rental,50
29-1051,2016-05-01,532200,Consumer Goods Rental,190
29-1141,2016-05-01,532200,Consumer Goods Rental,290
29-1141,2016-05-01,532400,Commercial and Industrial Machinery and Equipment Rental and Leasing,0
21-1021,2016-05-01,541100,Legal Services,720
21-1029,2016-05-01,541100,Legal Services,170
29-1141,2016-05-01,541100,Legal Services,370
29-1051,2016-05-01,541200,"Accounting, Tax Preparation, Bookkeeping, and Payroll Services",40
29-1141,2016-05-01,541200,"Accounting, Tax Preparation, Bookkeeping, and Payroll Services",680
29-1171,2016-05-01,541200,"Accounting, Tax Preparation, Bookkeeping, and Payroll Services",80
29-1141,2016-05-01,541300,"Architectural, Engineering, and Related Services",100
29-1051,2016-05-01,541500,Computer Systems Design and Related Services,430
29-1141,2016-05-01,541500,Computer Systems Design and Related Services,510
29-1171,2016-05-01,541500,Computer Systems Design and Related Services,0
21-1021,2016-05-01,541600,"Management, Scientific, and Technical Consulting Services",140
21-1022,2016-05-01,541600,"Management, Scientific, and Technical Consulting Services",660
21-1023,2016-05-01,541600,"Management, Scientific, and Technical Consulting Services",150
21-1029,2016-05-01,541600,"Management, Scientific, and Technical Consulting Services",40
29-1051,2016-05-01,541600,"Management, Scientific, and Technical Consulting Services",990
29-1062,2016-05-01,541600,"Management, Scientific, and Technical Consulting Services",0
29-1069,2016-05-01,541600,"Management, Scientific, and Technical Consulting Services",150
29-1071,2016-05-01,541600,"Management, Scientific, and Technical Consulting Services",150
29-1141,2016-05-01,541600,"Management, Scientific, and Technical Consulting Services",5540
29-1171,2016-05-01,541600,"Management, Scientific, and Technical Consulting Services",40
31-1014,2016-05-01,541600,"Management, Scientific, and Technical Consulting Services",70
21-1021,2016-05-01,541700,Scientific Research and Development Services,0
21-1022,2016-05-01,541700,Scientific Research and Development Services,230
21-1023,2016-05-01,541700,Scientific Research and Development Services,110
21-1029,2016-05-01,541700,Scientific Research and Development Services,230
29-1051,2016-05-01,541700,Scientific Research and Development Services,220
29-1062,2016-05-01,541700,Scientific Research and Development Services,30
29-1063,2016-05-01,541700,Scientific Research and Development Services,40
29-1066,2016-05-01,541700,Scientific Research and Development Services,50
29-1067,2016-05-01,541700,Scientific Research and Development Services,0
29-1069,2016-05-01,541700,Scientific Research and Development Services,1510
29-1071,2016-05-01,541700,Scientific Research and Development Services,330
29-1141,2016-05-01,541700,Scientific Research and Development Services,2590
29-1171,2016-05-01,541700,Scientific Research and Development Services,340
31-1014,2016-05-01,541700,Scientific Research and Development Services,450
21-1022,2016-05-01,541900,"Other Professional, Scientific, and Technical Services",60
29-1069,2016-05-01,541900,"Other Professional, Scientific, and Technical Services",0
29-1141,2016-05-01,541900,"Other Professional, Scientific, and Technical Services",540
29-1171,2016-05-01,541900,"Other Professional, Scientific, and Technical Services",120
21-1021,2016-05-01,551100,Management of Companies and Enterprises,2830
21-1022,2016-05-01,551100,Management of Companies and Enterprises,1650
21-1023,2016-05-01,551100,Management of Companies and Enterprises,880
21-1029,2016-05-01,551100,Management of Companies and Enterprises,520
29-1021,2016-05-01,551100,Management of Companies and Enterprises,30
29-1051,2016-05-01,551100,Management of Companies and Enterprises,2790
29-1062,2016-05-01,551100,Management of Companies and Enterprises,320
29-1063,2016-05-01,551100,Management of Companies and Enterprises,0
29-1066,2016-05-01,551100,Management of Companies and Enterprises,120
29-1069,2016-05-01,551100,Management of Companies and Enterprises,390
29-1071,2016-05-01,551100,Management of Companies and Enterprises,70
29-1141,2016-05-01,551100,Management of Companies and Enterprises,12280
29-1171,2016-05-01,551100,Management of Companies and Enterprises,470
31-1014,2016-05-01,551100,Management of Companies and Enterprises,1010
21-1022,2016-05-01,561100,Office Administrative Services,0
29-1051,2016-05-01,561100,Office Administrative Services,0
29-1069,2016-05-01,561100,Office Administrative Services,0
29-1141,2016-05-01,561100,Office Administrative Services,3260
29-1171,2016-05-01,561100,Office Administrative Services,0
21-1021,2016-05-01,561200,Facilities Support Services,80
21-1023,2016-05-01,561200,Facilities Support Services,120
29-1141,2016-05-01,561200,Facilities Support Services,680
21-1021,2016-05-01,561300,Employment Services,0
21-1022,2016-05-01,561300,Employment Services,1320
21-1023,2016-05-01,561300,Employment Services,900
21-1029,2016-05-01,561300,Employment Services,600
29-1021,2016-05-01,561300,Employment Services,380
29-1051,2016-05-01,561300,Employment Services,1890
29-1062,2016-05-01,561300,Employment Services,1140
29-1063,2016-05-01,561300,Employment Services,50
29-1069,2016-05-01,561300,Employment Services,840
29-1071,2016-05-01,561300,Employment Services,2900
29-1141,2016-05-01,561300,Employment Services,49150
29-1151,2016-05-01,561300,Employment Services,450
29-1171,2016-05-01,561300,Employment Services,1470
31-1014,2016-05-01,561300,Employment Services,42490
29-1051,2016-05-01,561400,Business Support Services,350
29-1141,2016-05-01,561400,Business Support Services,940
21-1021,2016-05-01,611100,Elementary and Secondary Schools,38780
21-1022,2016-05-01,611100,Elementary and Secondary Schools,210
21-1023,2016-05-01,611100,Elementary and Secondary Schools,750
21-1029,2016-05-01,611100,Elementary and Secondary Schools,240
29-1062,2016-05-01,611100,Elementary and Secondary Schools,40
29-1065,2016-05-01,611100,Elementary and Secondary Schools,0
29-1066,2016-05-01,611100,Elementary and Secondary Schools,90
29-1141,2016-05-01,611100,Elementary and Secondary Schools,52750
29-1171,2016-05-01,611100,Elementary and Secondary Schools,170
31-1014,2016-05-01,611100,Elementary and Secondary Schools,5280
21-1021,2016-05-01,611200,Junior Colleges,410
21-1022,2016-05-01,611200,Junior Colleges,0
21-1029,2016-05-01,611200,Junior Colleges,160
29-1021,2016-05-01,611200,Junior Colleges,60
29-1141,2016-05-01,611200,Junior Colleges,650
21-1021,2016-05-01,611300,"Colleges, Universities, and Professional Schools",2010
21-1022,2016-05-01,611300,"Colleges, Universities, and Professional Schools",1330
21-1023,2016-05-01,611300,"Colleges, Universities, and Professional Schools",760
21-1029,2016-05-01,611300,"Colleges, Universities, and Professional Schools",240
29-1021,2016-05-01,611300,"Colleges, Universities, and Professional Schools",340
29-1051,2016-05-01,611300,"Colleges, Universities, and Professional Schools",1990
29-1061,2016-05-01,611300,"Colleges, Universities, and Professional Schools",240
29-1062,2016-05-01,611300,"Colleges, Universities, and Professional Schools",4800
29-1063,2016-05-01,611300,"Colleges, Universities, and Professional Schools",1100
29-1064,2016-05-01,611300,"Colleges, Universities, and Professional Schools",240
29-1065,2016-05-01,611300,"Colleges, Universities, and Professional Schools",0
29-1066,2016-05-01,611300,"Colleges, Universities, and Professional Schools",690
29-1067,2016-05-01,611300,"Colleges, Universities, and Professional Schools",0
29-1069,2016-05-01,611300,"Colleges, Universities, and Professional Schools",16930
29-1071,2016-05-01,611300,"Colleges, Universities, and Professional Schools",2770
29-1141,2016-05-01,611300,"Colleges, Universities, and Professional Schools",25220
29-1151,2016-05-01,611300,"Colleges, Universities, and Professional Schools",900
29-1171,2016-05-01,611300,"Colleges, Universities, and Professional Schools",4640
31-1014,2016-05-01,611300,"Colleges, Universities, and Professional Schools",3060
21-1021,2016-05-01,611400,Business Schools and Computer and Management Training,40
29-1141,2016-05-01,611400,Business Schools and Computer and Management Training,60
31-1014,2016-05-01,611400,Business Schools and Computer and Management Training,50
21-1021,2016-05-01,611500,Technical and Trade Schools,0
29-1141,2016-05-01,611500,Technical and Trade Schools,160
21-1021,2016-05-01,611600,Other Schools and Instruction,490
29-1141,2016-05-01,611600,Other Schools and Instruction,0
21-1021,2016-05-01,611700,Educational Support Services,2060
21-1022,2016-05-01,611700,Educational Support Services,0
21-1023,2016-05-01,611700,Educational Support Services,50
29-1141,2016-05-01,611700,Educational Support Services,230
31-1014,2016-05-01,611700,Educational Support Services,30
21-1021,2016-05-01,621100,Offices of Physicians,790
21-1022,2016-05-01,621100,Offices of Physicians,5500
21-1023,2016-05-01,621100,Offices of Physicians,3230
21-1029,2016-05-01,621100,Offices of Physicians,120
29-1021,2016-05-01,621100,Offices of Physicians,2770
29-1022,2016-05-01,621100,Offices of Physicians,220
29-1023,2016-05-01,621100,Offices of Physicians,140
29-1024,2016-05-01,621100,Offices of Physicians,30
29-1029,2016-05-01,621100,Offices of Physicians,50
29-1051,2016-05-01,621100,Offices of Physicians,4700
29-1061,2016-05-01,621100,Offices of Physicians,26290
29-1062,2016-05-01,621100,Offices of Physicians,78410
29-1063,2016-05-01,621100,Offices of Physicians,30080
29-1064,2016-05-01,621100,Offices of Physicians,15390
29-1065,2016-05-01,621100,Offices of Physicians,19790
29-1066,2016-05-01,621100,Offices of Physicians,7990
29-1067,2016-05-01,621100,Offices of Physicians,32620
29-1069,2016-05-01,621100,Offices of Physicians,159050
29-1071,2016-05-01,621100,Offices of Physicians,59680
29-1141,2016-05-01,621100,Offices of Physicians,196540
29-1151,2016-05-01,621100,Offices of Physicians,21460
29-1171,2016-05-01,621100,Offices of Physicians,68490
31-1014,2016-05-01,621100,Offices of Physicians,19890
29-1021,2016-05-01,621200,Offices of Dentists,95330
29-1022,2016-05-01,621200,Offices of Dentists,4710
29-1023,2016-05-01,621200,Offices of Dentists,4800
29-1024,2016-05-01,621200,Offices of Dentists,680
29-1029,2016-05-01,621200,Offices of Dentists,2910
29-1061,2016-05-01,621200,Offices of Dentists,40
29-1069,2016-05-01,621200,Offices of Dentists,0
29-1141,2016-05-01,621200,Offices of Dentists,1380
29-1171,2016-05-01,621200,Offices of Dentists,0
21-1021,2016-05-01,621300,Offices of Other Health Practitioners,2220
21-1022,2016-05-01,621300,Offices of Other Health Practitioners,1610
21-1023,2016-05-01,621300,Offices of Other Health Practitioners,6490
21-1029,2016-05-01,621300,Offices of Other Health Practitioners,60
29-1021,2016-05-01,621300,Offices of Other Health Practitioners,350
29-1023,2016-05-01,621300,Offices of Other Health Practitioners,0
29-1051,2016-05-01,621300,Offices of Other Health Practitioners,270
29-1061,2016-05-01,621300,Offices of Other Health Practitioners,200
29-1062,2016-05-01,621300,Offices of Other Health Practitioners,520
29-1063,2016-05-01,621300,Offices of Other Health Practitioners,90
29-1065,2016-05-01,621300,Offices of Other Health Practitioners,0
29-1066,2016-05-01,621300,Offices of Other Health Practitioners,920
29-1067,2016-05-01,621300,Offices of Other Health Practitioners,180
29-1069,2016-05-01,621300,Offices of Other Health Practitioners,1760
29-1071,2016-05-01,621300,Offices of Other Health Practitioners,1330
29-1141,2016-05-01,621300,Offices of Other Health Practitioners,12300
29-1151,2016-05-01,621300,Offices of Other Health Practitioners,1650
29-1171,2016-05-01,621300,Offices of Other Health Practitioners,4230
31-1014,2016-05-01,621300,Offices of Other Health Practitioners,4680
21-1021,2016-05-01,621400,Outpatient Care Centers,10050
21-1022,2016-05-01,621400,Outpatient Care Centers,10860
21-1023,2016-05-01,621400,Outpatient Care Centers,25770
21-1029,2016-05-01,621400,Outpatient Care Centers,680
29-1021,2016-05-01,621400,Outpatient Care Centers,2540
29-1022,2016-05-01,621400,Outpatient Care Centers,120
29-1051,2016-05-01,621400,Outpatient Care Centers,4110
29-1061,2016-05-01,621400,Outpatient Care Centers,390
29-1062,2016-05-01,621400,Outpatient Care Centers,8170
29-1063,2016-05-01,621400,Outpatient Care Centers,2730
29-1064,2016-05-01,621400,Outpatient Care Centers,1160
29-1065,2016-05-01,621400,Outpatient Care Centers,1670
29-1066,2016-05-01,621400,Outpatient Care Centers,3480
29-1067,2016-05-01,621400,Outpatient Care Centers,690
29-1069,2016-05-01,621400,Outpatient Care Centers,9690
29-1071,2016-05-01,621400,Outpatient Care Centers,8060
29-1141,2016-05-01,621400,Outpatient Care Centers,128180
29-1151,2016-05-01,621400,Outpatient Care Centers,1820
29-1171,2016-05-01,621400,Outpatient Care Centers,13660
31-1014,2016-05-01,621400,Outpatient Care Centers,15280
21-1022,2016-05-01,621500,Medical and Diagnostic Laboratories,60
29-1051,2016-05-01,621500,Medical and Diagnostic Laboratories,100
29-1062,2016-05-01,621500,Medical and Diagnostic Laboratories,130
29-1063,2016-05-01,621500,Medical and Diagnostic Laboratories,70
29-1064,2016-05-01,621500,Medical and Diagnostic Laboratories,80
29-1067,2016-05-01,621500,Medical and Diagnostic Laboratories,30
29-1069,2016-05-01,621500,Medical and Diagnostic Laboratories,5780
29-1071,2016-05-01,621500,Medical and Diagnostic Laboratories,390
29-1141,2016-05-01,621500,Medical and Diagnostic Laboratories,1910
29-1171,2016-05-01,621500,Medical and Diagnostic Laboratories,200
31-1014,2016-05-01,621500,Medical and Diagnostic Laboratories,0
21-1021,2016-05-01,621600,Home Health Care Services,920
21-1022,2016-05-01,621600,Home Health Care Services,18930
21-1023,2016-05-01,621600,Home Health Care Services,500
21-1029,2016-05-01,621600,Home Health Care Services,320
29-1051,2016-05-01,621600,Home Health Care Services,1660
29-1062,2016-05-01,621600,Home Health Care Services,1050
29-1063,2016-05-01,621600,Home Health Care Services,190
29-1065,2016-05-01,621600,Home Health Care Services,30
29-1066,2016-05-01,621600,Home Health Care Services,60
29-1069,2016-05-01,621600,Home Health Care Services,650
29-1071,2016-05-01,621600,Home Health Care Services,130
29-1141,2016-05-01,621600,Home Health Care Services,179280
29-1171,2016-05-01,621600,Home Health Care Services,4080
31-1014,2016-05-01,621600,Home Health Care Services,77360
21-1022,2016-05-01,621900,Other Ambulatory Health Care Services,820
21-1023,2016-05-01,621900,Other Ambulatory Health Care Services,90
29-1021,2016-05-01,621900,Other Ambulatory Health Care Services,100
29-1051,2016-05-01,621900,Other Ambulatory Health Care Services,60
29-1062,2016-05-01,621900,Other Ambulatory Health Care Services,210
29-1063,2016-05-01,621900,Other Ambulatory Health Care Services,0
29-1064,2016-05-01,621900,Other Ambulatory Health Care Services,0
29-1067,2016-05-01,621900,Other Ambulatory Health Care Services,0
29-1069,2016-05-01,621900,Other Ambulatory Health Care Services,1040
29-1071,2016-05-01,621900,Other Ambulatory Health Care Services,380
29-1141,2016-05-01,621900,Other Ambulatory Health Care Services,12110
29-1171,2016-05-01,621900,Other Ambulatory Health Care Services,660
31-1014,2016-05-01,621900,Other Ambulatory Health Care Services,610
21-1021,2016-05-01,622100,General Medical and Surgical Hospitals,2590
21-1022,2016-05-01,622100,General Medical and Surgical Hospitals,47180
21-1023,2016-05-01,622100,General Medical and Surgical Hospitals,5820
21-1029,2016-05-01,622100,General Medical and Surgical Hospitals,2780
29-1021,2016-05-01,622100,General Medical and Surgical Hospitals,1500
29-1022,2016-05-01,622100,General Medical and Surgical Hospitals,270
29-1023,2016-05-01,622100,General Medical and Surgical Hospitals,140
29-1029,2016-05-01,622100,General Medical and Surgical Hospitals,70
29-1051,2016-05-01,622100,General Medical and Surgical Hospitals,71390
29-1061,2016-05-01,622100,General Medical and Surgical Hospitals,2800
29-1062,2016-05-01,622100,General Medical and Surgical Hospitals,23680
29-1063,2016-05-01,622100,General Medical and Surgical Hospitals,10200
29-1064,2016-05-01,622100,General Medical and Surgical Hospitals,2690
29-1065,2016-05-01,622100,General Medical and Surgical Hospitals,4310
29-1066,2016-05-01,622100,General Medical and Surgical Hospitals,3310
29-1067,2016-05-01,622100,General Medical and Surgical Hospitals,6750
29-1069,2016-05-01,622100,General Medical and Surgical Hospitals,98500
29-1071,2016-05-01,622100,General Medical and Surgical Hospitals,23460
29-1141,2016-05-01,622100,General Medical and Surgical Hospitals,1649480
29-1151,2016-05-01,622100,General Medical and Surgical Hospitals,11850
29-1171,2016-05-01,622100,General Medical and Surgical Hospitals,39040
31-1014,2016-05-01,622100,General Medical and Surgical Hospitals,354450
21-1021,2016-05-01,622200,Psychiatric and Substance Abuse Hospitals,1090
21-1022,2016-05-01,622200,Psychiatric and Substance Abuse Hospitals,2280
21-1023,2016-05-01,622200,Psychiatric and Substance Abuse Hospitals,9950
21-1029,2016-05-01,622200,Psychiatric and Substance Abuse Hospitals,390
29-1021,2016-05-01,622200,Psychiatric and Substance Abuse Hospitals,100
29-1051,2016-05-01,622200,Psychiatric and Substance Abuse Hospitals,1120
29-1062,2016-05-01,622200,Psychiatric and Substance Abuse Hospitals,530
29-1063,2016-05-01,622200,Psychiatric and Substance Abuse Hospitals,60
29-1066,2016-05-01,622200,Psychiatric and Substance Abuse Hospitals,3950
29-1069,2016-05-01,622200,Psychiatric and Substance Abuse Hospitals,610
29-1071,2016-05-01,622200,Psychiatric and Substance Abuse Hospitals,210
29-1141,2016-05-01,622200,Psychiatric and Substance Abuse Hospitals,37910
29-1171,2016-05-01,622200,Psychiatric and Substance Abuse Hospitals,990
31-1014,2016-05-01,622200,Psychiatric and Substance Abuse Hospitals,7050
21-1021,2016-05-01,622300,Specialty (except Psychiatric and Substance Abuse) Hospitals,310
21-1022,2016-05-01,622300,Specialty (except Psychiatric and Substance Abuse) Hospitals,2490
21-1023,2016-05-01,622300,Specialty (except Psychiatric and Substance Abuse) Hospitals,240
29-1021,2016-05-01,622300,Specialty (except Psychiatric and Substance Abuse) Hospitals,100
29-1051,2016-05-01,622300,Specialty (except Psychiatric and Substance Abuse) Hospitals,3300
29-1061,2016-05-01,622300,Specialty (except Psychiatric and Substance Abuse) Hospitals,0
29-1062,2016-05-01,622300,Specialty (except Psychiatric and Substance Abuse) Hospitals,230
29-1063,2016-05-01,622300,Specialty (except Psychiatric and Substance Abuse) Hospitals,380
29-1064,2016-05-01,622300,Specialty (except Psychiatric and Substance Abuse) Hospitals,50
29-1065,2016-05-01,622300,Specialty (except Psychiatric and Substance Abuse) Hospitals,410
29-1066,2016-05-01,622300,Specialty (except Psychiatric and Substance Abuse) Hospitals,170
29-1067,2016-05-01,622300,Specialty (except Psychiatric and Substance Abuse) Hospitals,140
29-1069,2016-05-01,622300,Specialty (except Psychiatric and Substance Abuse) Hospitals,3600
29-1071,2016-05-01,622300,Specialty (except Psychiatric and Substance Abuse) Hospitals,770
29-1141,2016-05-01,622300,Specialty (except Psychiatric and Substance Abuse) Hospitals,61420
29-1151,2016-05-01,622300,Specialty (except Psychiatric and Substance Abuse) Hospitals,350
29-1171,2016-05-01,622300,Specialty (except Psychiatric and Substance Abuse) Hospitals,2010
31-1014,2016-05-01,622300,Specialty (except Psychiatric and Substance Abuse) Hospitals,25920
21-1021,2016-05-01,623100,Nursing Care Facilities (Skilled Nursing Facilities),390
21-1022,2016-05-01,623100,Nursing Care Facilities (Skilled Nursing Facilities),15530
21-1023,2016-05-01,623100,Nursing Care Facilities (Skilled Nursing Facilities),330
21-1029,2016-05-01,623100,Nursing Care Facilities (Skilled Nursing Facilities),290
29-1051,2016-05-01,623100,Nursing Care Facilities (Skilled Nursing Facilities),410
29-1063,2016-05-01,623100,Nursing Care Facilities (Skilled Nursing Facilities),50
29-1069,2016-05-01,623100,Nursing Care Facilities (Skilled Nursing Facilities),180
29-1071,2016-05-01,623100,Nursing Care Facilities (Skilled Nursing Facilities),60
29-1141,2016-05-01,623100,Nursing Care Facilities (Skilled Nursing Facilities),157530
29-1151,2016-05-01,623100,Nursing Care Facilities (Skilled Nursing Facilities),0
29-1171,2016-05-01,623100,Nursing Care Facilities (Skilled Nursing Facilities),1740
31-1014,2016-05-01,623100,Nursing Care Facilities (Skilled Nursing Facilities),602630
21-1021,2016-05-01,623200,"Residential Intellectual and Developmental Disability, Mental Health, and Substance Abuse Facilities",5250
21-1022,2016-05-01,623200,"Residential Intellectual and Developmental Disability, Mental Health, and Substance Abuse Facilities",2100
21-1023,2016-05-01,623200,"Residential Intellectual and Developmental Disability, Mental Health, and Substance Abuse Facilities",14600
21-1029,2016-05-01,623200,"Residential Intellectual and Developmental Disability, Mental Health, and Substance Abuse Facilities",960
29-1021,2016-05-01,623200,"Residential Intellectual and Developmental Disability, Mental Health, and Substance Abuse Facilities",30
29-1051,2016-05-01,623200,"Residential Intellectual and Developmental Disability, Mental Health, and Substance Abuse Facilities",80
29-1062,2016-05-01,623200,"Residential Intellectual and Developmental Disability, Mental Health, and Substance Abuse Facilities",40
29-1066,2016-05-01,623200,"Residential Intellectual and Developmental Disability, Mental Health, and Substance Abuse Facilities",650
29-1069,2016-05-01,623200,"Residential Intellectual and Developmental Disability, Mental Health, and Substance Abuse Facilities",50
29-1071,2016-05-01,623200,"Residential Intellectual and Developmental Disability, Mental Health, and Substance Abuse Facilities",70
29-1141,2016-05-01,623200,"Residential Intellectual and Developmental Disability, Mental Health, and Substance Abuse Facilities",14890
29-1171,2016-05-01,623200,"Residential Intellectual and Developmental Disability, Mental Health, and Substance Abuse Facilities",460
31-1014,2016-05-01,623200,"Residential Intellectual and Developmental Disability, Mental Health, and Substance Abuse Facilities",24860
21-1021,2016-05-01,623300,Continuing Care Retirement Communities and Assisted Living Facilities for the Elderly,340
21-1022,2016-05-01,623300,Continuing Care Retirement Communities and Assisted Living Facilities for the Elderly,3140
21-1029,2016-05-01,623300,Continuing Care Retirement Communities and Assisted Living Facilities for the Elderly,80
29-1051,2016-05-01,623300,Continuing Care Retirement Communities and Assisted Living Facilities for the Elderly,50
29-1062,2016-05-01,623300,Continuing Care Retirement Communities and Assisted Living Facilities for the Elderly,40
29-1141,2016-05-01,623300,Continuing Care Retirement Communities and Assisted Living Facilities for the Elderly,31700
29-1171,2016-05-01,623300,Continuing Care Retirement Communities and Assisted Living Facilities for the Elderly,360
31-1014,2016-05-01,623300,Continuing Care Retirement Communities and Assisted Living Facilities for the Elderly,161130
21-1021,2016-05-01,623900,Other Residential Care Facilities,9340
21-1022,2016-05-01,623900,Other Residential Care Facilities,710
21-1023,2016-05-01,623900,Other Residential Care Facilities,1900
21-1029,2016-05-01,623900,Other Residential Care Facilities,430
29-1065,2016-05-01,623900,Other Residential Care Facilities,0
29-1066,2016-05-01,623900,Other Residential Care Facilities,90
29-1141,2016-05-01,623900,Other Residential Care Facilities,2230
29-1171,2016-05-01,623900,Other Residential Care Facilities,90
31-1014,2016-05-01,623900,Other Residential Care Facilities,3800
21-1021,2016-05-01,624100,Individual and Family Services,72470
21-1022,2016-05-01,624100,Individual and Family Services,19030
21-1023,2016-05-01,624100,Individual and Family Services,16620
21-1029,2016-05-01,624100,Individual and Family Services,4490
29-1021,2016-05-01,624100,Individual and Family Services,100
29-1029,2016-05-01,624100,Individual and Family Services,70
29-1051,2016-05-01,624100,Individual and Family Services,140
29-1062,2016-05-01,624100,Individual and Family Services,140
29-1065,2016-05-01,624100,Individual and Family Services,30
29-1066,2016-05-01,624100,Individual and Family Services,850
29-1069,2016-05-01,624100,Individual and Family Services,100
29-1071,2016-05-01,624100,Individual and Family Services,60
29-1141,2016-05-01,624100,Individual and Family Services,20580
29-1171,2016-05-01,624100,Individual and Family Services,1070
31-1014,2016-05-01,624100,Individual and Family Services,30710
21-1021,2016-05-01,624200,"Community Food and Housing, and Emergency and Other Relief Services",9300
21-1022,2016-05-01,624200,"Community Food and Housing, and Emergency and Other Relief Services",610
21-1023,2016-05-01,624200,"Community Food and Housing, and Emergency and Other Relief Services",2360
21-1029,2016-05-01,624200,"Community Food and Housing, and Emergency and Other Relief Services",1660
29-1021,2016-05-01,624200,"Community Food and Housing, and Emergency and Other Relief Services",40
29-1066,2016-05-01,624200,"Community Food and Housing, and Emergency and Other Relief Services",60
29-1141,2016-05-01,624200,"Community Food and Housing, and Emergency and Other Relief Services",500
29-1171,2016-05-01,624200,"Community Food and Housing, and Emergency and Other Relief Services",110
31-1014,2016-05-01,624200,"Community Food and Housing, and Emergency and Other Relief Services",140
21-1021,2016-05-01,624300,Vocational Rehabilitation Services,1730
21-1022,2016-05-01,624300,Vocational Rehabilitation Services,740
21-1023,2016-05-01,624300,Vocational Rehabilitation Services,1210
21-1029,2016-05-01,624300,Vocational Rehabilitation Services,440
29-1066,2016-05-01,624300,Vocational Rehabilitation Services,80
29-1141,2016-05-01,624300,Vocational Rehabilitation Services,2300
31-1014,2016-05-01,624300,Vocational Rehabilitation Services,1030
21-1021,2016-05-01,624400,Child Day Care Services,8200
21-1022,2016-05-01,624400,Child Day Care Services,340
21-1023,2016-05-01,624400,Child Day Care Services,90
21-1029,2016-05-01,624400,Child Day Care Services,50
29-1141,2016-05-01,624400,Child Day Care Services,580
31-1014,2016-05-01,624400,Child Day Care Services,0
29-1069,2016-05-01,711200,Spectator Sports,0
21-1021,2016-05-01,713900,Other Amusement and Recreation Industries,50
29-1141,2016-05-01,713900,Other Amusement and Recreation Industries,50
29-1141,2016-05-01,721100,Traveler Accommodation,100
29-1141,2016-05-01,721200,RV (Recreational Vehicle) Parks and Recreational Camps,90
29-1141,2016-05-01,812100,Personal Care Services,850
29-1171,2016-05-01,812100,Personal Care Services,340
31-1014,2016-05-01,812100,Personal Care Services,0
21-1021,2016-05-01,813100,Religious Organizations,0
21-1022,2016-05-01,813100,Religious Organizations,50
21-1023,2016-05-01,813100,Religious Organizations,0
29-1141,2016-05-01,813100,Religious Organizations,540
31-1014,2016-05-01,813100,Religious Organizations,670
21-1021,2016-05-01,813200,Grantmaking and Giving Services,880
21-1022,2016-05-01,813200,Grantmaking and Giving Services,1110
21-1023,2016-05-01,813200,Grantmaking and Giving Services,90
21-1029,2016-05-01,813200,Grantmaking and Giving Services,110
29-1069,2016-05-01,813200,Grantmaking and Giving Services,70
29-1141,2016-05-01,813200,Grantmaking and Giving Services,290
21-1021,2016-05-01,813300,Social Advocacy Organizations,4190
21-1022,2016-05-01,813300,Social Advocacy Organizations,1000
21-1023,2016-05-01,813300,Social Advocacy Organizations,990
21-1029,2016-05-01,813300,Social Advocacy Organizations,500
29-1141,2016-05-01,813300,Social Advocacy Organizations,340
31-1014,2016-05-01,813300,Social Advocacy Organizations,300
21-1021,2016-05-01,813400,Civic and Social Organizations,3310
21-1022,2016-05-01,813400,Civic and Social Organizations,160
21-1023,2016-05-01,813400,Civic and Social Organizations,140
21-1029,2016-05-01,813400,Civic and Social Organizations,40
29-1141,2016-05-01,813400,Civic and Social Organizations,30
21-1021,2016-05-01,813900,"Business, Professional, Labor, Political, and Similar Organizations",130
21-1022,2016-05-01,813900,"Business, Professional, Labor, Political, and Similar Organizations",90
29-1051,2016-05-01,813900,"Business, Professional, Labor, Political, and Similar Organizations",110
29-1141,2016-05-01,813900,"Business, Professional, Labor, Political, and Similar Organizations",0
29-1171,2016-05-01,813900,"Business, Professional, Labor, Political, and Similar Organizations",290
21-1029,2016-05-01,999100,Federal Executive Branch (OES Designation),14540
29-1029,2016-05-01,999100,Federal Executive Branch (OES Designation),2170
29-1051,2016-05-01,999100,Federal Executive Branch (OES Designation),6310
29-1069,2016-05-01,999100,Federal Executive Branch (OES Designation),33660
29-1071,2016-05-01,999100,Federal Executive Branch (OES Designation),1900
29-1141,2016-05-01,999100,Federal Executive Branch (OES Designation),77790
29-1151,2016-05-01,999100,Federal Executive Branch (OES Designation),980
31-1014,2016-05-01,999100,Federal Executive Branch (OES Designation),13750
21-1021,2016-05-01,999200,State Government (OES Designation),62690
21-1022,2016-05-01,999200,State Government (OES Designation),7190
21-1023,2016-05-01,999200,State Government (OES Designation),7900
21-1029,2016-05-01,999200,State Government (OES Designation),12240
29-1021,2016-05-01,999200,State Government (OES Designation),960
29-1051,2016-05-01,999200,State Government (OES Designation),1460
29-1062,2016-05-01,999200,State Government (OES Designation),1460
29-1063,2016-05-01,999200,State Government (OES Designation),60
29-1066,2016-05-01,999200,State Government (OES Designation),1050
29-1069,2016-05-01,999200,State Government (OES Designation),1630
29-1071,2016-05-01,999200,State Government (OES Designation),320
29-1141,2016-05-01,999200,State Government (OES Designation),35860
29-1171,2016-05-01,999200,State Government (OES Designation),1030
31-1014,2016-05-01,999200,State Government (OES Designation),17410
21-1021,2016-05-01,999300,Local Government (OES Designation),52220
21-1022,2016-05-01,999300,Local Government (OES Designation),7850
21-1023,2016-05-01,999300,Local Government (OES Designation),11330
21-1029,2016-05-01,999300,Local Government (OES Designation),16280
29-1021,2016-05-01,999300,Local Government (OES Designation),630
29-1051,2016-05-01,999300,Local Government (OES Designation),920
29-1062,2016-05-01,999300,Local Government (OES Designation),1580
29-1063,2016-05-01,999300,Local Government (OES Designation),40
29-1066,2016-05-01,999300,Local Government (OES Designation),1010
29-1067,2016-05-01,999300,Local Government (OES Designation),40
29-1069,2016-05-01,999300,Local Government (OES Designation),1350
29-1071,2016-05-01,999300,Local Government (OES Designation),470
29-1141,2016-05-01,999300,Local Government (OES Designation),33920
29-1171,2016-05-01,999300,Local Government (OES Designation),2000
31-1014,2016-05-01,999300,Local Government (OES Designation),27670
29-1141,2017-05-01,221100,"Electric Power Generation, Transmission and Distribution",50
29-1141,2017-05-01,311600,Animal Slaughtering and Processing,490
29-1141,2017-05-01,322100,"Pulp, Paper, and Paperboard Mills",50
29-1141,2017-05-01,324100,Petroleum and Coal Products Manufacturing,40
29-1141,2017-05-01,3250A1,"Chemical Manufacturing (3251, 3252, 3253, and 3259 only)",140
29-1051,2017-05-01,325400,Pharmaceutical and Medicine Manufacturing,420
29-1069,2017-05-01,325400,Pharmaceutical and Medicine Manufacturing,0
29-1141,2017-05-01,325400,Pharmaceutical and Medicine Manufacturing,210
29-1141,2017-05-01,331500,Foundries,30
29-1141,2017-05-01,3320A1,"Fabricated Metal Product Manufacturing (3321, 3322, 3325, 3326, and 3329 only)",40
29-1141,2017-05-01,3330A1,"Machinery Manufacturing (3331, 3332, 3334, and 3339 only)",90
29-1141,2017-05-01,333600,"Engine, Turbine, and Power Transmission Equipment Manufacturing",50
29-1141,2017-05-01,334500,"Navigational, Measuring, Electromedical, and Control Instruments Manufacturing",80
29-1141,2017-05-01,336100,Motor Vehicle Manufacturing,140
29-1141,2017-05-01,336300,Motor Vehicle Parts Manufacturing,160
29-1141,2017-05-01,336400,Aerospace Product and Parts Manufacturing,120
29-1141,2017-05-01,339100,Medical Equipment and Supplies Manufacturing,70
29-1051,2017-05-01,423400,Professional and Commercial Equipment and Supplies Merchant Wholesalers,460
29-1141,2017-05-01,423400,Professional and Commercial Equipment and Supplies Merchant Wholesalers,460
31-1014,2017-05-01,423400,Professional and Commercial Equipment and Supplies Merchant Wholesalers,40
29-1051,2017-05-01,4240A2,"Merchant Wholesalers, Nondurable Goods (4242 and 4246 only)",6730
29-1141,2017-05-01,4240A2,"Merchant Wholesalers, Nondurable Goods (4242 and 4246 only)",1060
29-1171,2017-05-01,4240A2,"Merchant Wholesalers, Nondurable Goods (4242 and 4246 only)",70
29-1051,2017-05-01,425100,Wholesale Electronic Markets and Agents and Brokers,350
29-1141,2017-05-01,425100,Wholesale Electronic Markets and Agents and Brokers,240
29-1051,2017-05-01,4450A1,Food and Beverage Stores (4451 and 4452 only),23820
29-1171,2017-05-01,4450A1,Food and Beverage Stores (4451 and 4452 only),40
29-1051,2017-05-01,446100,Health and Personal Care Stores,136620
29-1141,2017-05-01,446100,Health and Personal Care Stores,2120
29-1171,2017-05-01,446100,Health and Personal Care Stores,630
29-1051,2017-05-01,452000,General Merchandise Stores,24180
29-1171,2017-05-01,452000,General Merchandise Stores,270
29-1051,2017-05-01,454100,Electronic Shopping and Mail-Order Houses,4620
29-1141,2017-05-01,454100,Electronic Shopping and Mail-Order Houses,230
29-1141,2017-05-01,481200,Nonscheduled Air Transportation,0
29-1141,2017-05-01,482100,Rail Transportation,50
29-1141,2017-05-01,491100,Postal Service (federal government),120
29-1141,2017-05-01,493100,Warehousing and Storage,40
29-1141,2017-05-01,512100,Motion Picture and Video Industries,470
31-1014,2017-05-01,512100,Motion Picture and Video Industries,240
29-1141,2017-05-01,518200,"Data Processing, Hosting, and Related Services",110
21-1021,2017-05-01,523000,"Securities, Commodity Contracts, and Other Financial Investments and Related Activities",0
29-1141,2017-05-01,523000,"Securities, Commodity Contracts, and Other Financial Investments and Related Activities",30
21-1021,2017-05-01,524100,Insurance Carriers,100
21-1022,2017-05-01,524100,Insurance Carriers,3120
21-1023,2017-05-01,524100,Insurance Carriers,100
21-1029,2017-05-01,524100,Insurance Carriers,120
29-1051,2017-05-01,524100,Insurance Carriers,2030
29-1069,2017-05-01,524100,Insurance Carriers,260
29-1141,2017-05-01,524100,Insurance Carriers,22420
29-1171,2017-05-01,524100,Insurance Carriers,280
31-1014,2017-05-01,524100,Insurance Carriers,80
21-1022,2017-05-01,524200,"Agencies, Brokerages, and Other Insurance Related Activities",440
21-1029,2017-05-01,524200,"Agencies, Brokerages, and Other Insurance Related Activities",70
29-1021,2017-05-01,524200,"Agencies, Brokerages, and Other Insurance Related Activities",100
29-1051,2017-05-01,524200,"Agencies, Brokerages, and Other Insurance Related Activities",720
29-1069,2017-05-01,524200,"Agencies, Brokerages, and Other Insurance Related Activities",80
29-1141,2017-05-01,524200,"Agencies, Brokerages, and Other Insurance Related Activities",9740
29-1171,2017-05-01,524200,"Agencies, Brokerages, and Other Insurance Related Activities",210
21-1022,2017-05-01,525100,Insurance and Employee Benefit Funds,30
29-1141,2017-05-01,525100,Insurance and Employee Benefit Funds,0
21-1021,2017-05-01,531000,Real Estate,60
21-1022,2017-05-01,531000,Real Estate,0
21-1029,2017-05-01,531000,Real Estate,190
29-1051,2017-05-01,5320A1,"Rental and Leasing Services (5322, 5323, and 5324 only)",210
29-1141,2017-05-01,5320A1,"Rental and Leasing Services (5322, 5323, and 5324 only)",470
21-1021,2017-05-01,541100,Legal Services,860
21-1029,2017-05-01,541100,Legal Services,110
29-1141,2017-05-01,541100,Legal Services,360
29-1141,2017-05-01,541200,"Accounting, Tax Preparation, Bookkeeping, and Payroll Services",940
29-1171,2017-05-01,541200,"Accounting, Tax Preparation, Bookkeeping, and Payroll Services",80
29-1141,2017-05-01,541300,"Architectural, Engineering, and Related Services",110
29-1051,2017-05-01,541500,Computer Systems Design and Related Services,510
29-1069,2017-05-01,541500,Computer Systems Design and Related Services,0
29-1141,2017-05-01,541500,Computer Systems Design and Related Services,830
29-1171,2017-05-01,541500,Computer Systems Design and Related Services,40
21-1021,2017-05-01,541600,"Management, Scientific, and Technical Consulting Services",130
21-1022,2017-05-01,541600,"Management, Scientific, and Technical Consulting Services",920
21-1023,2017-05-01,541600,"Management, Scientific, and Technical Consulting Services",100
29-1051,2017-05-01,541600,"Management, Scientific, and Technical Consulting Services",810
29-1062,2017-05-01,541600,"Management, Scientific, and Technical Consulting Services",90
29-1069,2017-05-01,541600,"Management, Scientific, and Technical Consulting Services",250
29-1071,2017-05-01,541600,"Management, Scientific, and Technical Consulting Services",140
29-1141,2017-05-01,541600,"Management, Scientific, and Technical Consulting Services",5490
29-1171,2017-05-01,541600,"Management, Scientific, and Technical Consulting Services",50
31-1014,2017-05-01,541600,"Management, Scientific, and Technical Consulting Services",0
21-1021,2017-05-01,541700,Scientific Research and Development Services,70
21-1022,2017-05-01,541700,Scientific Research and Development Services,150
21-1029,2017-05-01,541700,Scientific Research and Development Services,260
29-1051,2017-05-01,541700,Scientific Research and Development Services,160
29-1063,2017-05-01,541700,Scientific Research and Development Services,50
29-1067,2017-05-01,541700,Scientific Research and Development Services,0
29-1069,2017-05-01,541700,Scientific Research and Development Services,1340
29-1071,2017-05-01,541700,Scientific Research and Development Services,250
29-1141,2017-05-01,541700,Scientific Research and Development Services,2130
29-1171,2017-05-01,541700,Scientific Research and Development Services,290
31-1014,2017-05-01,541700,Scientific Research and Development Services,450
21-1021,2017-05-01,541900,"Other Professional, Scientific, and Technical Services",50
21-1022,2017-05-01,541900,"Other Professional, Scientific, and Technical Services",40
29-1051,2017-05-01,541900,"Other Professional, Scientific, and Technical Services",70
29-1069,2017-05-01,541900,"Other Professional, Scientific, and Technical Services",0
29-1141,2017-05-01,541900,"Other Professional, Scientific, and Technical Services",330
29-1171,2017-05-01,541900,"Other Professional, Scientific, and Technical Services",120
21-1021,2017-05-01,551100,Management of Companies and Enterprises,2940
21-1022,2017-05-01,551100,Management of Companies and Enterprises,1870
21-1023,2017-05-01,551100,Management of Companies and Enterprises,950
21-1029,2017-05-01,551100,Management of Companies and Enterprises,490
29-1051,2017-05-01,551100,Management of Companies and Enterprises,2640
29-1062,2017-05-01,551100,Management of Companies and Enterprises,150
29-1066,2017-05-01,551100,Management of Companies and Enterprises,110
29-1067,2017-05-01,551100,Management of Companies and Enterprises,60
29-1069,2017-05-01,551100,Management of Companies and Enterprises,600
29-1071,2017-05-01,551100,Management of Companies and Enterprises,100
29-1141,2017-05-01,551100,Management of Companies and Enterprises,13180
29-1171,2017-05-01,551100,Management of Companies and Enterprises,540
31-1014,2017-05-01,551100,Management of Companies and Enterprises,1470
21-1022,2017-05-01,561100,Office Administrative Services,0
29-1051,2017-05-01,561100,Office Administrative Services,650
29-1069,2017-05-01,561100,Office Administrative Services,80
29-1071,2017-05-01,561100,Office Administrative Services,50
29-1141,2017-05-01,561100,Office Administrative Services,3730
29-1171,2017-05-01,561100,Office Administrative Services,70
21-1021,2017-05-01,561200,Facilities Support Services,80
21-1023,2017-05-01,561200,Facilities Support Services,240
29-1141,2017-05-01,561200,Facilities Support Services,720
31-1014,2017-05-01,561200,Facilities Support Services,30
21-1021,2017-05-01,561300,Employment Services,1530
21-1022,2017-05-01,561300,Employment Services,1210
21-1023,2017-05-01,561300,Employment Services,920
21-1029,2017-05-01,561300,Employment Services,290
29-1021,2017-05-01,561300,Employment Services,370
29-1051,2017-05-01,561300,Employment Services,1650
29-1062,2017-05-01,561300,Employment Services,1240
29-1063,2017-05-01,561300,Employment Services,70
29-1066,2017-05-01,561300,Employment Services,50
29-1069,2017-05-01,561300,Employment Services,730
29-1071,2017-05-01,561300,Employment Services,2940
29-1141,2017-05-01,561300,Employment Services,51310
29-1151,2017-05-01,561300,Employment Services,170
29-1171,2017-05-01,561300,Employment Services,1480
31-1014,2017-05-01,561300,Employment Services,39300
29-1051,2017-05-01,561400,Business Support Services,0
29-1141,2017-05-01,561400,Business Support Services,910
21-1021,2017-05-01,611100,Elementary and Secondary Schools,39940
21-1023,2017-05-01,611100,Elementary and Secondary Schools,850
21-1029,2017-05-01,611100,Elementary and Secondary Schools,180
29-1062,2017-05-01,611100,Elementary and Secondary Schools,30
29-1065,2017-05-01,611100,Elementary and Secondary Schools,40
29-1066,2017-05-01,611100,Elementary and Secondary Schools,80
29-1141,2017-05-01,611100,Elementary and Secondary Schools,53490
29-1171,2017-05-01,611100,Elementary and Secondary Schools,200
31-1014,2017-05-01,611100,Elementary and Secondary Schools,5450
21-1021,2017-05-01,611200,Junior Colleges,420
21-1029,2017-05-01,611200,Junior Colleges,130
29-1021,2017-05-01,611200,Junior Colleges,70
29-1141,2017-05-01,611200,Junior Colleges,630
31-1014,2017-05-01,611200,Junior Colleges,50
21-1021,2017-05-01,611300,"Colleges, Universities, and Professional Schools",1840
21-1022,2017-05-01,611300,"Colleges, Universities, and Professional Schools",1310
21-1023,2017-05-01,611300,"Colleges, Universities, and Professional Schools",710
21-1029,2017-05-01,611300,"Colleges, Universities, and Professional Schools",220
29-1021,2017-05-01,611300,"Colleges, Universities, and Professional Schools",330
29-1051,2017-05-01,611300,"Colleges, Universities, and Professional Schools",1750
29-1061,2017-05-01,611300,"Colleges, Universities, and Professional Schools",190
29-1062,2017-05-01,611300,"Colleges, Universities, and Professional Schools",3820
29-1063,2017-05-01,611300,"Colleges, Universities, and Professional Schools",2990
29-1064,2017-05-01,611300,"Colleges, Universities, and Professional Schools",210
29-1065,2017-05-01,611300,"Colleges, Universities, and Professional Schools",400
29-1066,2017-05-01,611300,"Colleges, Universities, and Professional Schools",720
29-1067,2017-05-01,611300,"Colleges, Universities, and Professional Schools",0
29-1069,2017-05-01,611300,"Colleges, Universities, and Professional Schools",14410
29-1071,2017-05-01,611300,"Colleges, Universities, and Professional Schools",2550
29-1141,2017-05-01,611300,"Colleges, Universities, and Professional Schools",23750
29-1151,2017-05-01,611300,"Colleges, Universities, and Professional Schools",1140
29-1171,2017-05-01,611300,"Colleges, Universities, and Professional Schools",4880
31-1014,2017-05-01,611300,"Colleges, Universities, and Professional Schools",3110
29-1069,2017-05-01,611400,Business Schools and Computer and Management Training,70
29-1141,2017-05-01,611400,Business Schools and Computer and Management Training,70
21-1021,2017-05-01,611500,Technical and Trade Schools,90
29-1141,2017-05-01,611500,Technical and Trade Schools,230
21-1021,2017-05-01,611600,Other Schools and Instruction,280
29-1141,2017-05-01,611600,Other Schools and Instruction,0
21-1021,2017-05-01,611700,Educational Support Services,1820
21-1022,2017-05-01,611700,Educational Support Services,0
21-1023,2017-05-01,611700,Educational Support Services,100
29-1141,2017-05-01,611700,Educational Support Services,250
31-1014,2017-05-01,611700,Educational Support Services,60
21-1021,2017-05-01,621100,Offices of Physicians,920
21-1022,2017-05-01,621100,Offices of Physicians,5820
21-1023,2017-05-01,621100,Offices of Physicians,3160
21-1029,2017-05-01,621100,Offices of Physicians,110
29-1021,2017-05-01,621100,Offices of Physicians,2760
29-1022,2017-05-01,621100,Offices of Physicians,180
29-1023,2017-05-01,621100,Offices of Physicians,100
29-1029,2017-05-01,621100,Offices of Physicians,100
29-1051,2017-05-01,621100,Offices of Physicians,4880
29-1061,2017-05-01,621100,Offices of Physicians,25900
29-1062,2017-05-01,621100,Offices of Physicians,83320
29-1063,2017-05-01,621100,Offices of Physicians,26300
29-1064,2017-05-01,621100,Offices of Physicians,14110
29-1065,2017-05-01,621100,Offices of Physicians,21430
29-1066,2017-05-01,621100,Offices of Physicians,8570
29-1067,2017-05-01,621100,Offices of Physicians,29310
29-1069,2017-05-01,621100,Offices of Physicians,169590
29-1071,2017-05-01,621100,Offices of Physicians,61830
29-1141,2017-05-01,621100,Offices of Physicians,196040
29-1151,2017-05-01,621100,Offices of Physicians,22720
29-1171,2017-05-01,621100,Offices of Physicians,77840
31-1014,2017-05-01,621100,Offices of Physicians,20760
29-1021,2017-05-01,621200,Offices of Dentists,99490
29-1022,2017-05-01,621200,Offices of Dentists,4100
29-1023,2017-05-01,621200,Offices of Dentists,4710
29-1024,2017-05-01,621200,Offices of Dentists,350
29-1029,2017-05-01,621200,Offices of Dentists,2010
29-1061,2017-05-01,621200,Offices of Dentists,40
29-1067,2017-05-01,621200,Offices of Dentists,0
29-1069,2017-05-01,621200,Offices of Dentists,0
29-1071,2017-05-01,621200,Offices of Dentists,230
29-1141,2017-05-01,621200,Offices of Dentists,1360
29-1171,2017-05-01,621200,Offices of Dentists,0
21-1021,2017-05-01,621300,Offices of Other Health Practitioners,2170
21-1022,2017-05-01,621300,Offices of Other Health Practitioners,1830
21-1023,2017-05-01,621300,Offices of Other Health Practitioners,7350
21-1029,2017-05-01,621300,Offices of Other Health Practitioners,80
29-1021,2017-05-01,621300,Offices of Other Health Practitioners,320
29-1051,2017-05-01,621300,Offices of Other Health Practitioners,290
29-1061,2017-05-01,621300,Offices of Other Health Practitioners,250
29-1062,2017-05-01,621300,Offices of Other Health Practitioners,620
29-1063,2017-05-01,621300,Offices of Other Health Practitioners,160
29-1065,2017-05-01,621300,Offices of Other Health Practitioners,0
29-1066,2017-05-01,621300,Offices of Other Health Practitioners,1060
29-1067,2017-05-01,621300,Offices of Other Health Practitioners,260
29-1069,2017-05-01,621300,Offices of Other Health Practitioners,1750
29-1071,2017-05-01,621300,Offices of Other Health Practitioners,1380
29-1141,2017-05-01,621300,Offices of Other Health Practitioners,11660
29-1151,2017-05-01,621300,Offices of Other Health Practitioners,1750
29-1171,2017-05-01,621300,Offices of Other Health Practitioners,5020
31-1014,2017-05-01,621300,Offices of Other Health Practitioners,5640
21-1021,2017-05-01,621400,Outpatient Care Centers,8690
21-1022,2017-05-01,621400,Outpatient Care Centers,11360
21-1023,2017-05-01,621400,Outpatient Care Centers,25140
21-1029,2017-05-01,621400,Outpatient Care Centers,490
29-1021,2017-05-01,621400,Outpatient Care Centers,2880
29-1022,2017-05-01,621400,Outpatient Care Centers,100
29-1051,2017-05-01,621400,Outpatient Care Centers,4360
29-1061,2017-05-01,621400,Outpatient Care Centers,650
29-1062,2017-05-01,621400,Outpatient Care Centers,9440
29-1063,2017-05-01,621400,Outpatient Care Centers,2530
29-1064,2017-05-01,621400,Outpatient Care Centers,1330
29-1065,2017-05-01,621400,Outpatient Care Centers,1760
29-1066,2017-05-01,621400,Outpatient Care Centers,3370
29-1067,2017-05-01,621400,Outpatient Care Centers,780
29-1069,2017-05-01,621400,Outpatient Care Centers,10450
29-1071,2017-05-01,621400,Outpatient Care Centers,8720
29-1141,2017-05-01,621400,Outpatient Care Centers,132070
29-1151,2017-05-01,621400,Outpatient Care Centers,1990
29-1171,2017-05-01,621400,Outpatient Care Centers,15500
31-1014,2017-05-01,621400,Outpatient Care Centers,13330
21-1022,2017-05-01,621500,Medical and Diagnostic Laboratories,70
29-1051,2017-05-01,621500,Medical and Diagnostic Laboratories,110
29-1062,2017-05-01,621500,Medical and Diagnostic Laboratories,90
29-1063,2017-05-01,621500,Medical and Diagnostic Laboratories,30
29-1064,2017-05-01,621500,Medical and Diagnostic Laboratories,70
29-1069,2017-05-01,621500,Medical and Diagnostic Laboratories,5550
29-1071,2017-05-01,621500,Medical and Diagnostic Laboratories,380
29-1141,2017-05-01,621500,Medical and Diagnostic Laboratories,1890
29-1171,2017-05-01,621500,Medical and Diagnostic Laboratories,130
31-1014,2017-05-01,621500,Medical and Diagnostic Laboratories,350
21-1021,2017-05-01,621600,Home Health Care Services,860
21-1022,2017-05-01,621600,Home Health Care Services,20540
21-1023,2017-05-01,621600,Home Health Care Services,410
21-1029,2017-05-01,621600,Home Health Care Services,230
29-1051,2017-05-01,621600,Home Health Care Services,1370
29-1061,2017-05-01,621600,Home Health Care Services,0
29-1062,2017-05-01,621600,Home Health Care Services,560
29-1063,2017-05-01,621600,Home Health Care Services,110
29-1066,2017-05-01,621600,Home Health Care Services,30
29-1069,2017-05-01,621600,Home Health Care Services,730
29-1071,2017-05-01,621600,Home Health Care Services,130
29-1141,2017-05-01,621600,Home Health Care Services,179310
29-1171,2017-05-01,621600,Home Health Care Services,4240
31-1014,2017-05-01,621600,Home Health Care Services,78940
21-1022,2017-05-01,621900,Other Ambulatory Health Care Services,910
21-1023,2017-05-01,621900,Other Ambulatory Health Care Services,90
29-1021,2017-05-01,621900,Other Ambulatory Health Care Services,110
29-1051,2017-05-01,621900,Other Ambulatory Health Care Services,140
29-1062,2017-05-01,621900,Other Ambulatory Health Care Services,200
29-1064,2017-05-01,621900,Other Ambulatory Health Care Services,0
29-1067,2017-05-01,621900,Other Ambulatory Health Care Services,0
29-1069,2017-05-01,621900,Other Ambulatory Health Care Services,1080
29-1071,2017-05-01,621900,Other Ambulatory Health Care Services,420
29-1141,2017-05-01,621900,Other Ambulatory Health Care Services,14500
29-1171,2017-05-01,621900,Other Ambulatory Health Care Services,790
31-1014,2017-05-01,621900,Other Ambulatory Health Care Services,800
21-1021,2017-05-01,622100,General Medical and Surgical Hospitals,2880
21-1022,2017-05-01,622100,General Medical and Surgical Hospitals,47960
21-1023,2017-05-01,622100,General Medical and Surgical Hospitals,5860
21-1029,2017-05-01,622100,General Medical and Surgical Hospitals,2410
29-1021,2017-05-01,622100,General Medical and Surgical Hospitals,1650
29-1022,2017-05-01,622100,General Medical and Surgical Hospitals,360
29-1023,2017-05-01,622100,General Medical and Surgical Hospitals,130
29-1029,2017-05-01,622100,General Medical and Surgical Hospitals,90
29-1051,2017-05-01,622100,General Medical and Surgical Hospitals,74060
29-1061,2017-05-01,622100,General Medical and Surgical Hospitals,3350
29-1062,2017-05-01,622100,General Medical and Surgical Hospitals,22620
29-1063,2017-05-01,622100,General Medical and Surgical Hospitals,9510
29-1064,2017-05-01,622100,General Medical and Surgical Hospitals,2910
29-1065,2017-05-01,622100,General Medical and Surgical Hospitals,4810
29-1066,2017-05-01,622100,General Medical and Surgical Hospitals,3520
29-1067,2017-05-01,622100,General Medical and Surgical Hospitals,7350
29-1069,2017-05-01,622100,General Medical and Surgical Hospitals,104790
29-1071,2017-05-01,622100,General Medical and Surgical Hospitals,25610
29-1141,2017-05-01,622100,General Medical and Surgical Hospitals,1685820
29-1151,2017-05-01,622100,General Medical and Surgical Hospitals,12820
29-1171,2017-05-01,622100,General Medical and Surgical Hospitals,42220
31-1014,2017-05-01,622100,General Medical and Surgical Hospitals,365360
21-1021,2017-05-01,622200,Psychiatric and Substance Abuse Hospitals,1130
21-1022,2017-05-01,622200,Psychiatric and Substance Abuse Hospitals,2350
21-1023,2017-05-01,622200,Psychiatric and Substance Abuse Hospitals,10300
21-1029,2017-05-01,622200,Psychiatric and Substance Abuse Hospitals,310
29-1021,2017-05-01,622200,Psychiatric and Substance Abuse Hospitals,100
29-1051,2017-05-01,622200,Psychiatric and Substance Abuse Hospitals,1110
29-1062,2017-05-01,622200,Psychiatric and Substance Abuse Hospitals,560
29-1063,2017-05-01,622200,Psychiatric and Substance Abuse Hospitals,60
29-1066,2017-05-01,622200,Psychiatric and Substance Abuse Hospitals,3770
29-1069,2017-05-01,622200,Psychiatric and Substance Abuse Hospitals,710
29-1071,2017-05-01,622200,Psychiatric and Substance Abuse Hospitals,230
29-1141,2017-05-01,622200,Psychiatric and Substance Abuse Hospitals,39100
29-1171,2017-05-01,622200,Psychiatric and Substance Abuse Hospitals,1060
31-1014,2017-05-01,622200,Psychiatric and Substance Abuse Hospitals,7610
21-1021,2017-05-01,622300,Specialty (except Psychiatric and Substance Abuse) Hospitals,410
21-1022,2017-05-01,622300,Specialty (except Psychiatric and Substance Abuse) Hospitals,2510
21-1023,2017-05-01,622300,Specialty (except Psychiatric and Substance Abuse) Hospitals,250
21-1029,2017-05-01,622300,Specialty (except Psychiatric and Substance Abuse) Hospitals,40
29-1021,2017-05-01,622300,Specialty (except Psychiatric and Substance Abuse) Hospitals,100
29-1051,2017-05-01,622300,Specialty (except Psychiatric and Substance Abuse) Hospitals,3380
29-1061,2017-05-01,622300,Specialty (except Psychiatric and Substance Abuse) Hospitals,90
29-1062,2017-05-01,622300,Specialty (except Psychiatric and Substance Abuse) Hospitals,190
29-1063,2017-05-01,622300,Specialty (except Psychiatric and Substance Abuse) Hospitals,250
29-1065,2017-05-01,622300,Specialty (except Psychiatric and Substance Abuse) Hospitals,250
29-1066,2017-05-01,622300,Specialty (except Psychiatric and Substance Abuse) Hospitals,130
29-1067,2017-05-01,622300,Specialty (except Psychiatric and Substance Abuse) Hospitals,130
29-1069,2017-05-01,622300,Specialty (except Psychiatric and Substance Abuse) Hospitals,4340
29-1071,2017-05-01,622300,Specialty (except Psychiatric and Substance Abuse) Hospitals,1070
29-1141,2017-05-01,622300,Specialty (except Psychiatric and Substance Abuse) Hospitals,62310
29-1151,2017-05-01,622300,Specialty (except Psychiatric and Substance Abuse) Hospitals,0
29-1171,2017-05-01,622300,Specialty (except Psychiatric and Substance Abuse) Hospitals,1800
31-1014,2017-05-01,622300,Specialty (except Psychiatric and Substance Abuse) Hospitals,26530
21-1021,2017-05-01,623100,Nursing Care Facilities (Skilled Nursing Facilities),0
21-1022,2017-05-01,623100,Nursing Care Facilities (Skilled Nursing Facilities),14510
21-1023,2017-05-01,623100,Nursing Care Facilities (Skilled Nursing Facilities),380
21-1029,2017-05-01,623100,Nursing Care Facilities (Skilled Nursing Facilities),230
29-1051,2017-05-01,623100,Nursing Care Facilities (Skilled Nursing Facilities),400
29-1062,2017-05-01,623100,Nursing Care Facilities (Skilled Nursing Facilities),50
29-1063,2017-05-01,623100,Nursing Care Facilities (Skilled Nursing Facilities),50
29-1069,2017-05-01,623100,Nursing Care Facilities (Skilled Nursing Facilities),0
29-1071,2017-05-01,623100,Nursing Care Facilities (Skilled Nursing Facilities),110
29-1141,2017-05-01,623100,Nursing Care Facilities (Skilled Nursing Facilities),155450
29-1151,2017-05-01,623100,Nursing Care Facilities (Skilled Nursing Facilities),0
29-1171,2017-05-01,623100,Nursing Care Facilities (Skilled Nursing Facilities),1770
31-1014,2017-05-01,623100,Nursing Care Facilities (Skilled Nursing Facilities),594460
21-1021,2017-05-01,623200,"Residential Intellectual and Developmental Disability, Mental Health, and Substance Abuse Facilities",5860
21-1022,2017-05-01,623200,"Residential Intellectual and Developmental Disability, Mental Health, and Substance Abuse Facilities",1810
21-1023,2017-05-01,623200,"Residential Intellectual and Developmental Disability, Mental Health, and Substance Abuse Facilities",13060
21-1029,2017-05-01,623200,"Residential Intellectual and Developmental Disability, Mental Health, and Substance Abuse Facilities",940
29-1021,2017-05-01,623200,"Residential Intellectual and Developmental Disability, Mental Health, and Substance Abuse Facilities",40
29-1051,2017-05-01,623200,"Residential Intellectual and Developmental Disability, Mental Health, and Substance Abuse Facilities",90
29-1062,2017-05-01,623200,"Residential Intellectual and Developmental Disability, Mental Health, and Substance Abuse Facilities",50
29-1066,2017-05-01,623200,"Residential Intellectual and Developmental Disability, Mental Health, and Substance Abuse Facilities",580
29-1069,2017-05-01,623200,"Residential Intellectual and Developmental Disability, Mental Health, and Substance Abuse Facilities",100
29-1071,2017-05-01,623200,"Residential Intellectual and Developmental Disability, Mental Health, and Substance Abuse Facilities",80
29-1141,2017-05-01,623200,"Residential Intellectual and Developmental Disability, Mental Health, and Substance Abuse Facilities",15570
29-1171,2017-05-01,623200,"Residential Intellectual and Developmental Disability, Mental Health, and Substance Abuse Facilities",460
31-1014,2017-05-01,623200,"Residential Intellectual and Developmental Disability, Mental Health, and Substance Abuse Facilities",23680
21-1021,2017-05-01,623300,Continuing Care Retirement Communities and Assisted Living Facilities for the Elderly,400
21-1022,2017-05-01,623300,Continuing Care Retirement Communities and Assisted Living Facilities for the Elderly,2650
21-1023,2017-05-01,623300,Continuing Care Retirement Communities and Assisted Living Facilities for the Elderly,100
21-1029,2017-05-01,623300,Continuing Care Retirement Communities and Assisted Living Facilities for the Elderly,50
29-1051,2017-05-01,623300,Continuing Care Retirement Communities and Assisted Living Facilities for the Elderly,0
29-1062,2017-05-01,623300,Continuing Care Retirement Communities and Assisted Living Facilities for the Elderly,40
29-1141,2017-05-01,623300,Continuing Care Retirement Communities and Assisted Living Facilities for the Elderly,34290
29-1171,2017-05-01,623300,Continuing Care Retirement Communities and Assisted Living Facilities for the Elderly,370
31-1014,2017-05-01,623300,Continuing Care Retirement Communities and Assisted Living Facilities for the Elderly,164580
21-1021,2017-05-01,623900,Other Residential Care Facilities,9670
21-1022,2017-05-01,623900,Other Residential Care Facilities,630
21-1023,2017-05-01,623900,Other Residential Care Facilities,2110
21-1029,2017-05-01,623900,Other Residential Care Facilities,460
29-1065,2017-05-01,623900,Other Residential Care Facilities,0
29-1066,2017-05-01,623900,Other Residential Care Facilities,80
29-1141,2017-05-01,623900,Other Residential Care Facilities,2480
29-1171,2017-05-01,623900,Other Residential Care Facilities,120
31-1014,2017-05-01,623900,Other Residential Care Facilities,4030
21-1021,2017-05-01,624100,Individual and Family Services,76480
21-1022,2017-05-01,624100,Individual and Family Services,22690
21-1023,2017-05-01,624100,Individual and Family Services,17100
21-1029,2017-05-01,624100,Individual and Family Services,4710
29-1021,2017-05-01,624100,Individual and Family Services,130
29-1051,2017-05-01,624100,Individual and Family Services,180
29-1062,2017-05-01,624100,Individual and Family Services,100
29-1065,2017-05-01,624100,Individual and Family Services,40
29-1066,2017-05-01,624100,Individual and Family Services,870
29-1069,2017-05-01,624100,Individual and Family Services,130
29-1071,2017-05-01,624100,Individual and Family Services,80
29-1141,2017-05-01,624100,Individual and Family Services,22470
29-1171,2017-05-01,624100,Individual and Family Services,1090
31-1014,2017-05-01,624100,Individual and Family Services,36650
21-1021,2017-05-01,624200,"Community Food and Housing, and Emergency and Other Relief Services",8930
21-1022,2017-05-01,624200,"Community Food and Housing, and Emergency and Other Relief Services",740
21-1023,2017-05-01,624200,"Community Food and Housing, and Emergency and Other Relief Services",2420
21-1029,2017-05-01,624200,"Community Food and Housing, and Emergency and Other Relief Services",1980
29-1066,2017-05-01,624200,"Community Food and Housing, and Emergency and Other Relief Services",60
29-1141,2017-05-01,624200,"Community Food and Housing, and Emergency and Other Relief Services",440
29-1171,2017-05-01,624200,"Community Food and Housing, and Emergency and Other Relief Services",0
31-1014,2017-05-01,624200,"Community Food and Housing, and Emergency and Other Relief Services",100
21-1021,2017-05-01,624300,Vocational Rehabilitation Services,2400
21-1022,2017-05-01,624300,Vocational Rehabilitation Services,800
21-1023,2017-05-01,624300,Vocational Rehabilitation Services,1110
21-1029,2017-05-01,624300,Vocational Rehabilitation Services,410
29-1066,2017-05-01,624300,Vocational Rehabilitation Services,40
29-1141,2017-05-01,624300,Vocational Rehabilitation Services,2190
29-1171,2017-05-01,624300,Vocational Rehabilitation Services,40
31-1014,2017-05-01,624300,Vocational Rehabilitation Services,1280
21-1021,2017-05-01,624400,Child Day Care Services,7300
21-1022,2017-05-01,624400,Child Day Care Services,310
21-1023,2017-05-01,624400,Child Day Care Services,0
21-1029,2017-05-01,624400,Child Day Care Services,60
29-1141,2017-05-01,624400,Child Day Care Services,600
31-1014,2017-05-01,624400,Child Day Care Services,0
29-1141,2017-05-01,711300,"Promoters of Performing Arts, Sports, and Similar Events",40
29-1141,2017-05-01,712100,"Museums, Historical Sites, and Similar Institutions",30
29-1141,2017-05-01,713100,Amusement Parks and Arcades,180
29-1141,2017-05-01,713900,Other Amusement and Recreation Industries,80
29-1141,2017-05-01,721100,Traveler Accommodation,90
29-1141,2017-05-01,721200,RV (Recreational Vehicle) Parks and Recreational Camps,90
29-1069,2017-05-01,812100,Personal Care Services,0
29-1141,2017-05-01,812100,Personal Care Services,740
29-1171,2017-05-01,812100,Personal Care Services,310
21-1021,2017-05-01,813100,Religious Organizations,480
21-1023,2017-05-01,813100,Religious Organizations,70
21-1029,2017-05-01,813100,Religious Organizations,90
29-1141,2017-05-01,813100,Religious Organizations,800
29-1171,2017-05-01,813100,Religious Organizations,70
31-1014,2017-05-01,813100,Religious Organizations,820
21-1021,2017-05-01,813200,Grantmaking and Giving Services,940
21-1022,2017-05-01,813200,Grantmaking and Giving Services,1330
21-1023,2017-05-01,813200,Grantmaking and Giving Services,60
21-1029,2017-05-01,813200,Grantmaking and Giving Services,110
29-1069,2017-05-01,813200,Grantmaking and Giving Services,100
29-1141,2017-05-01,813200,Grantmaking and Giving Services,270
29-1171,2017-05-01,813200,Grantmaking and Giving Services,30
31-1014,2017-05-01,813200,Grantmaking and Giving Services,50
21-1021,2017-05-01,813300,Social Advocacy Organizations,4170
21-1022,2017-05-01,813300,Social Advocacy Organizations,930
21-1023,2017-05-01,813300,Social Advocacy Organizations,890
21-1029,2017-05-01,813300,Social Advocacy Organizations,470
29-1141,2017-05-01,813300,Social Advocacy Organizations,440
29-1171,2017-05-01,813300,Social Advocacy Organizations,90
21-1021,2017-05-01,813400,Civic and Social Organizations,3180
21-1022,2017-05-01,813400,Civic and Social Organizations,170
21-1023,2017-05-01,813400,Civic and Social Organizations,90
29-1141,2017-05-01,813400,Civic and Social Organizations,60
21-1021,2017-05-01,813900,"Business, Professional, Labor, Political, and Similar Organizations",130
21-1022,2017-05-01,813900,"Business, Professional, Labor, Political, and Similar Organizations",270
29-1051,2017-05-01,813900,"Business, Professional, Labor, Political, and Similar Organizations",90
29-1141,2017-05-01,813900,"Business, Professional, Labor, Political, and Similar Organizations",590
21-1029,2017-05-01,999100,Federal Executive Branch (OES Designation),14990
29-1029,2017-05-01,999100,Federal Executive Branch (OES Designation),2160
29-1051,2017-05-01,999100,Federal Executive Branch (OES Designation),6370
29-1069,2017-05-01,999100,Federal Executive Branch (OES Designation),33990
29-1071,2017-05-01,999100,Federal Executive Branch (OES Designation),1790
29-1141,2017-05-01,999100,Federal Executive Branch (OES Designation),79220
29-1151,2017-05-01,999100,Federal Executive Branch (OES Designation),1000
31-1014,2017-05-01,999100,Federal Executive Branch (OES Designation),14140
21-1021,2017-05-01,999200,"State Government, excluding schools and hospitals (OES Designation)",63100
21-1022,2017-05-01,999200,"State Government, excluding schools and hospitals (OES Designation)",7510
21-1023,2017-05-01,999200,"State Government, excluding schools and hospitals (OES Designation)",6110
21-1029,2017-05-01,999200,"State Government, excluding schools and hospitals (OES Designation)",11290
29-1021,2017-05-01,999200,"State Government, excluding schools and hospitals (OES Designation)",960
29-1051,2017-05-01,999200,"State Government, excluding schools and hospitals (OES Designation)",1500
29-1062,2017-05-01,999200,"State Government, excluding schools and hospitals (OES Designation)",1400
29-1063,2017-05-01,999200,"State Government, excluding schools and hospitals (OES Designation)",60
29-1066,2017-05-01,999200,"State Government, excluding schools and hospitals (OES Designation)",970
29-1069,2017-05-01,999200,"State Government, excluding schools and hospitals (OES Designation)",1550
29-1071,2017-05-01,999200,"State Government, excluding schools and hospitals (OES Designation)",320
29-1141,2017-05-01,999200,"State Government, excluding schools and hospitals (OES Designation)",33770
29-1171,2017-05-01,999200,"State Government, excluding schools and hospitals (OES Designation)",1260
31-1014,2017-05-01,999200,"State Government, excluding schools and hospitals (OES Designation)",17500
21-1021,2017-05-01,999300,"Local Government, excluding schools and hospitals (OES Designation)",54450
21-1022,2017-05-01,999300,"Local Government, excluding schools and hospitals (OES Designation)",8030
21-1023,2017-05-01,999300,"Local Government, excluding schools and hospitals (OES Designation)",11690
21-1029,2017-05-01,999300,"Local Government, excluding schools and hospitals (OES Designation)",16180
29-1021,2017-05-01,999300,"Local Government, excluding schools and hospitals (OES Designation)",710
29-1051,2017-05-01,999300,"Local Government, excluding schools and hospitals (OES Designation)",1030
29-1062,2017-05-01,999300,"Local Government, excluding schools and hospitals (OES Designation)",1510
29-1066,2017-05-01,999300,"Local Government, excluding schools and hospitals (OES Designation)",1020
29-1069,2017-05-01,999300,"Local Government, excluding schools and hospitals (OES Designation)",1490
29-1071,2017-05-01,999300,"Local Government, excluding schools and hospitals (OES Designation)",530
29-1141,2017-05-01,999300,"Local Government, excluding schools and hospitals (OES Designation)",33990
29-1171,2017-05-01,999300,"Local Government, excluding schools and hospitals (OES Designation)",2150
31-1014,2017-05-01,999300,"Local Government, excluding schools and hospitals (OES Designation)",25620
29-1141,2018-05-01,221100,"Electric Power Generation, Transmission and Distribution",50
29-1141,2018-05-01,236200,Nonresidential Building Construction,0
29-1141,2018-05-01,311600,Animal Slaughtering and Processing,520
29-1141,2018-05-01,322100,"Pulp, Paper, and Paperboard Mills",30
29-1141,2018-05-01,324100,Petroleum and Coal Products Manufacturing,40
29-1141,2018-05-01,3250A1,"Chemical Manufacturing (3251, 3252, 3253, and 3259 only)",130
29-1051,2018-05-01,325400,Pharmaceutical and Medicine Manufacturing,490
29-1069,2018-05-01,325400,Pharmaceutical and Medicine Manufacturing,50
29-1141,2018-05-01,325400,Pharmaceutical and Medicine Manufacturing,320
29-1141,2018-05-01,3330A1,"Machinery Manufacturing (3331, 3332, 3334, and 3339 only)",90
29-1141,2018-05-01,333600,"Engine, Turbine, and Power Transmission Equipment Manufacturing",60
29-1141,2018-05-01,334500,"Navigational, Measuring, Electromedical, and Control Instruments Manufacturing",130
29-1141,2018-05-01,336100,Motor Vehicle Manufacturing,170
29-1141,2018-05-01,336300,Motor Vehicle Parts Manufacturing,160
29-1141,2018-05-01,336400,Aerospace Product and Parts Manufacturing,120
29-1141,2018-05-01,339100,Medical Equipment and Supplies Manufacturing,80
29-1171,2018-05-01,339100,Medical Equipment and Supplies Manufacturing,40
29-1141,2018-05-01,339900,Other Miscellaneous Manufacturing,30
29-1051,2018-05-01,423400,Professional and Commercial Equipment and Supplies Merchant Wholesalers,390
29-1069,2018-05-01,423400,Professional and Commercial Equipment and Supplies Merchant Wholesalers,0
29-1141,2018-05-01,423400,Professional and Commercial Equipment and Supplies Merchant Wholesalers,530
31-1014,2018-05-01,423400,Professional and Commercial Equipment and Supplies Merchant Wholesalers,60
29-1051,2018-05-01,4240A2,"Merchant Wholesalers, Nondurable Goods (4242 and 4246 only)",8240
29-1141,2018-05-01,4240A2,"Merchant Wholesalers, Nondurable Goods (4242 and 4246 only)",970
29-1051,2018-05-01,425100,Wholesale Electronic Markets and Agents and Brokers,150
29-1141,2018-05-01,425100,Wholesale Electronic Markets and Agents and Brokers,180
29-1051,2018-05-01,4450A1,Food and Beverage Stores (4451 and 4452 only),23970
29-1071,2018-05-01,4450A1,Food and Beverage Stores (4451 and 4452 only),60
31-1014,2018-05-01,4450A1,Food and Beverage Stores (4451 and 4452 only),0
21-1022,2018-05-01,446100,Health and Personal Care Stores,0
29-1051,2018-05-01,446100,Health and Personal Care Stores,135300
29-1141,2018-05-01,446100,Health and Personal Care Stores,1520
29-1171,2018-05-01,446100,Health and Personal Care Stores,450
29-1051,2018-05-01,447100,Gasoline Stations,40
29-1051,2018-05-01,452000,General Merchandise Stores,19630
29-1171,2018-05-01,452000,General Merchandise Stores,0
29-1051,2018-05-01,454100,Electronic Shopping and Mail-Order Houses,5040
29-1141,2018-05-01,454100,Electronic Shopping and Mail-Order Houses,260
29-1141,2018-05-01,481100,Scheduled Air Transportation,30
29-1141,2018-05-01,481200,Nonscheduled Air Transportation,50
29-1141,2018-05-01,482100,Rail Transportation,50
29-1141,2018-05-01,491100,Postal Service (federal government),120
29-1141,2018-05-01,493100,Warehousing and Storage,50
29-1141,2018-05-01,512100,Motion Picture and Video Industries,440
31-1014,2018-05-01,512100,Motion Picture and Video Industries,210
29-1141,2018-05-01,518200,"Data Processing, Hosting, and Related Services",110
21-1021,2018-05-01,523000,"Securities, Commodity Contracts, and Other Financial Investments and Related Activities",0
21-1021,2018-05-01,524100,Insurance Carriers,50
21-1022,2018-05-01,524100,Insurance Carriers,3840
21-1023,2018-05-01,524100,Insurance Carriers,280
21-1029,2018-05-01,524100,Insurance Carriers,80
29-1021,2018-05-01,524100,Insurance Carriers,40
29-1051,2018-05-01,524100,Insurance Carriers,2510
29-1069,2018-05-01,524100,Insurance Carriers,290
29-1141,2018-05-01,524100,Insurance Carriers,26350
29-1171,2018-05-01,524100,Insurance Carriers,430
31-1014,2018-05-01,524100,Insurance Carriers,60
21-1022,2018-05-01,524200,"Agencies, Brokerages, and Other Insurance Related Activities",510
21-1029,2018-05-01,524200,"Agencies, Brokerages, and Other Insurance Related Activities",90
29-1021,2018-05-01,524200,"Agencies, Brokerages, and Other Insurance Related Activities",110
29-1051,2018-05-01,524200,"Agencies, Brokerages, and Other Insurance Related Activities",1010
29-1069,2018-05-01,524200,"Agencies, Brokerages, and Other Insurance Related Activities",50
29-1141,2018-05-01,524200,"Agencies, Brokerages, and Other Insurance Related Activities",8890
29-1171,2018-05-01,524200,"Agencies, Brokerages, and Other Insurance Related Activities",190
29-1141,2018-05-01,525100,Insurance and Employee Benefit Funds,0
29-1141,2018-05-01,525900,Other Investment Pools and Funds,30
21-1021,2018-05-01,531000,Real Estate,50
21-1022,2018-05-01,531000,Real Estate,150
21-1029,2018-05-01,531000,Real Estate,0
29-1141,2018-05-01,531000,Real Estate,0
29-1051,2018-05-01,5320A1,"Rental and Leasing Services (5322, 5323, and 5324 only)",220
29-1141,2018-05-01,5320A1,"Rental and Leasing Services (5322, 5323, and 5324 only)",460
21-1021,2018-05-01,541100,Legal Services,1010
21-1029,2018-05-01,541100,Legal Services,400
29-1141,2018-05-01,541100,Legal Services,320
29-1141,2018-05-01,541200,"Accounting, Tax Preparation, Bookkeeping, and Payroll Services",810
29-1171,2018-05-01,541200,"Accounting, Tax Preparation, Bookkeeping, and Payroll Services",80
29-1141,2018-05-01,541300,"Architectural, Engineering, and Related Services",100
29-1051,2018-05-01,541500,Computer Systems Design and Related Services,470
29-1069,2018-05-01,541500,Computer Systems Design and Related Services,180
29-1141,2018-05-01,541500,Computer Systems Design and Related Services,1080
29-1171,2018-05-01,541500,Computer Systems Design and Related Services,60
21-1021,2018-05-01,541600,"Management, Scientific, and Technical Consulting Services",130
21-1022,2018-05-01,541600,"Management, Scientific, and Technical Consulting Services",790
21-1023,2018-05-01,541600,"Management, Scientific, and Technical Consulting Services",60
29-1051,2018-05-01,541600,"Management, Scientific, and Technical Consulting Services",790
29-1062,2018-05-01,541600,"Management, Scientific, and Technical Consulting Services",110
29-1069,2018-05-01,541600,"Management, Scientific, and Technical Consulting Services",150
29-1071,2018-05-01,541600,"Management, Scientific, and Technical Consulting Services",200
29-1141,2018-05-01,541600,"Management, Scientific, and Technical Consulting Services",5760
29-1171,2018-05-01,541600,"Management, Scientific, and Technical Consulting Services",150
31-1014,2018-05-01,541600,"Management, Scientific, and Technical Consulting Services",0
21-1021,2018-05-01,541700,Scientific Research and Development Services,60
21-1022,2018-05-01,541700,Scientific Research and Development Services,140
21-1023,2018-05-01,541700,Scientific Research and Development Services,0
21-1029,2018-05-01,541700,Scientific Research and Development Services,0
29-1051,2018-05-01,541700,Scientific Research and Development Services,190
29-1062,2018-05-01,541700,Scientific Research and Development Services,30
29-1069,2018-05-01,541700,Scientific Research and Development Services,1400
29-1071,2018-05-01,541700,Scientific Research and Development Services,260
29-1141,2018-05-01,541700,Scientific Research and Development Services,2240
29-1171,2018-05-01,541700,Scientific Research and Development Services,450
31-1014,2018-05-01,541700,Scientific Research and Development Services,430
21-1021,2018-05-01,541900,"Other Professional, Scientific, and Technical Services",70
21-1022,2018-05-01,541900,"Other Professional, Scientific, and Technical Services",0
29-1051,2018-05-01,541900,"Other Professional, Scientific, and Technical Services",80
29-1069,2018-05-01,541900,"Other Professional, Scientific, and Technical Services",40
29-1141,2018-05-01,541900,"Other Professional, Scientific, and Technical Services",440
21-1021,2018-05-01,551100,Management of Companies and Enterprises,2700
21-1022,2018-05-01,551100,Management of Companies and Enterprises,1960
21-1023,2018-05-01,551100,Management of Companies and Enterprises,920
21-1029,2018-05-01,551100,Management of Companies and Enterprises,410
29-1051,2018-05-01,551100,Management of Companies and Enterprises,2890
29-1062,2018-05-01,551100,Management of Companies and Enterprises,240
29-1064,2018-05-01,551100,Management of Companies and Enterprises,50
29-1066,2018-05-01,551100,Management of Companies and Enterprises,120
29-1067,2018-05-01,551100,Management of Companies and Enterprises,90
29-1069,2018-05-01,551100,Management of Companies and Enterprises,840
29-1071,2018-05-01,551100,Management of Companies and Enterprises,160
29-1141,2018-05-01,551100,Management of Companies and Enterprises,14270
29-1171,2018-05-01,551100,Management of Companies and Enterprises,650
31-1014,2018-05-01,551100,Management of Companies and Enterprises,1750
21-1021,2018-05-01,561100,Office Administrative Services,0
21-1022,2018-05-01,561100,Office Administrative Services,0
21-1023,2018-05-01,561100,Office Administrative Services,40
29-1051,2018-05-01,561100,Office Administrative Services,0
29-1069,2018-05-01,561100,Office Administrative Services,0
29-1071,2018-05-01,561100,Office Administrative Services,70
29-1141,2018-05-01,561100,Office Administrative Services,4630
29-1171,2018-05-01,561100,Office Administrative Services,100
21-1021,2018-05-01,561200,Facilities Support Services,60
21-1023,2018-05-01,561200,Facilities Support Services,0
29-1141,2018-05-01,561200,Facilities Support Services,700
21-1021,2018-05-01,561300,Employment Services,1610
21-1022,2018-05-01,561300,Employment Services,1270
21-1023,2018-05-01,561300,Employment Services,1070
21-1029,2018-05-01,561300,Employment Services,190
29-1021,2018-05-01,561300,Employment Services,330
29-1051,2018-05-01,561300,Employment Services,1870
29-1062,2018-05-01,561300,Employment Services,0
29-1063,2018-05-01,561300,Employment Services,90
29-1066,2018-05-01,561300,Employment Services,40
29-1067,2018-05-01,561300,Employment Services,0
29-1069,2018-05-01,561300,Employment Services,1000
29-1071,2018-05-01,561300,Employment Services,2240
29-1141,2018-05-01,561300,Employment Services,58320
29-1151,2018-05-01,561300,Employment Services,180
29-1171,2018-05-01,561300,Employment Services,1920
31-1014,2018-05-01,561300,Employment Services,39010
29-1051,2018-05-01,561400,Business Support Services,0
29-1141,2018-05-01,561400,Business Support Services,1030
21-1021,2018-05-01,611100,Elementary and Secondary Schools,43190
21-1022,2018-05-01,611100,Elementary and Secondary Schools,0
21-1023,2018-05-01,611100,Elementary and Secondary Schools,900
21-1029,2018-05-01,611100,Elementary and Secondary Schools,210
29-1065,2018-05-01,611100,Elementary and Secondary Schools,40
29-1066,2018-05-01,611100,Elementary and Secondary Schools,0
29-1069,2018-05-01,611100,Elementary and Secondary Schools,30
29-1141,2018-05-01,611100,Elementary and Secondary Schools,53290
29-1171,2018-05-01,611100,Elementary and Secondary Schools,240
31-1014,2018-05-01,611100,Elementary and Secondary Schools,6250
21-1021,2018-05-01,611200,Junior Colleges,470
21-1022,2018-05-01,611200,Junior Colleges,60
21-1029,2018-05-01,611200,Junior Colleges,120
29-1021,2018-05-01,611200,Junior Colleges,70
29-1141,2018-05-01,611200,Junior Colleges,560
29-1171,2018-05-01,611200,Junior Colleges,50
31-1014,2018-05-01,611200,Junior Colleges,80
21-1021,2018-05-01,611300,"Colleges, Universities, and Professional Schools",2170
21-1022,2018-05-01,611300,"Colleges, Universities, and Professional Schools",1470
21-1023,2018-05-01,611300,"Colleges, Universities, and Professional Schools",740
21-1029,2018-05-01,611300,"Colleges, Universities, and Professional Schools",180
29-1021,2018-05-01,611300,"Colleges, Universities, and Professional Schools",510
29-1022,2018-05-01,611300,"Colleges, Universities, and Professional Schools",50
29-1029,2018-05-01,611300,"Colleges, Universities, and Professional Schools",40
29-1051,2018-05-01,611300,"Colleges, Universities, and Professional Schools",1790
29-1061,2018-05-01,611300,"Colleges, Universities, and Professional Schools",0
29-1062,2018-05-01,611300,"Colleges, Universities, and Professional Schools",2650
29-1063,2018-05-01,611300,"Colleges, Universities, and Professional Schools",2830
29-1064,2018-05-01,611300,"Colleges, Universities, and Professional Schools",300
29-1065,2018-05-01,611300,"Colleges, Universities, and Professional Schools",510
29-1066,2018-05-01,611300,"Colleges, Universities, and Professional Schools",740
29-1067,2018-05-01,611300,"Colleges, Universities, and Professional Schools",790
29-1069,2018-05-01,611300,"Colleges, Universities, and Professional Schools",14890
29-1071,2018-05-01,611300,"Colleges, Universities, and Professional Schools",2620
29-1141,2018-05-01,611300,"Colleges, Universities, and Professional Schools",24620
29-1151,2018-05-01,611300,"Colleges, Universities, and Professional Schools",1220
29-1171,2018-05-01,611300,"Colleges, Universities, and Professional Schools",5390
31-1014,2018-05-01,611300,"Colleges, Universities, and Professional Schools",0
21-1021,2018-05-01,611400,Business Schools and Computer and Management Training,40
29-1069,2018-05-01,611400,Business Schools and Computer and Management Training,80
29-1141,2018-05-01,611400,Business Schools and Computer and Management Training,80
31-1014,2018-05-01,611400,Business Schools and Computer and Management Training,50
21-1021,2018-05-01,611500,Technical and Trade Schools,130
29-1141,2018-05-01,611500,Technical and Trade Schools,180
21-1021,2018-05-01,611600,Other Schools and Instruction,190
29-1141,2018-05-01,611600,Other Schools and Instruction,0
21-1021,2018-05-01,611700,Educational Support Services,2130
21-1023,2018-05-01,611700,Educational Support Services,90
29-1141,2018-05-01,611700,Educational Support Services,310
31-1014,2018-05-01,611700,Educational Support Services,30
21-1021,2018-05-01,621100,Offices of Physicians,850
21-1022,2018-05-01,621100,Offices of Physicians,6310
21-1023,2018-05-01,621100,Offices of Physicians,3100
21-1029,2018-05-01,621100,Offices of Physicians,250
29-1021,2018-05-01,621100,Offices of Physicians,2910
29-1022,2018-05-01,621100,Offices of Physicians,210
29-1023,2018-05-01,621100,Offices of Physicians,110
29-1029,2018-05-01,621100,Offices of Physicians,70
29-1051,2018-05-01,621100,Offices of Physicians,5350
29-1061,2018-05-01,621100,Offices of Physicians,25800
29-1062,2018-05-01,621100,Offices of Physicians,76480
29-1063,2018-05-01,621100,Offices of Physicians,21430
29-1064,2018-05-01,621100,Offices of Physicians,13470
29-1065,2018-05-01,621100,Offices of Physicians,20580
29-1066,2018-05-01,621100,Offices of Physicians,9120
29-1067,2018-05-01,621100,Offices of Physicians,25200
29-1069,2018-05-01,621100,Offices of Physicians,185350
29-1071,2018-05-01,621100,Offices of Physicians,64540
29-1141,2018-05-01,621100,Offices of Physicians,197790
29-1151,2018-05-01,621100,Offices of Physicians,23890
29-1171,2018-05-01,621100,Offices of Physicians,84720
31-1014,2018-05-01,621100,Offices of Physicians,21080
29-1021,2018-05-01,621200,Offices of Dentists,101690
29-1022,2018-05-01,621200,Offices of Dentists,4070
29-1023,2018-05-01,621200,Offices of Dentists,4910
29-1024,2018-05-01,621200,Offices of Dentists,320
29-1029,2018-05-01,621200,Offices of Dentists,1960
29-1061,2018-05-01,621200,Offices of Dentists,60
29-1067,2018-05-01,621200,Offices of Dentists,0
29-1069,2018-05-01,621200,Offices of Dentists,120
29-1071,2018-05-01,621200,Offices of Dentists,300
29-1141,2018-05-01,621200,Offices of Dentists,1440
29-1171,2018-05-01,621200,Offices of Dentists,0
21-1021,2018-05-01,621300,Offices of Other Health Practitioners,2090
21-1022,2018-05-01,621300,Offices of Other Health Practitioners,1960
21-1023,2018-05-01,621300,Offices of Other Health Practitioners,7400
21-1029,2018-05-01,621300,Offices of Other Health Practitioners,140
29-1021,2018-05-01,621300,Offices of Other Health Practitioners,260
29-1051,2018-05-01,621300,Offices of Other Health Practitioners,280
29-1061,2018-05-01,621300,Offices of Other Health Practitioners,240
29-1062,2018-05-01,621300,Offices of Other Health Practitioners,660
29-1063,2018-05-01,621300,Offices of Other Health Practitioners,150
29-1065,2018-05-01,621300,Offices of Other Health Practitioners,0
29-1066,2018-05-01,621300,Offices of Other Health Practitioners,1190
29-1067,2018-05-01,621300,Offices of Other Health Practitioners,200
29-1069,2018-05-01,621300,Offices of Other Health Practitioners,1920
29-1071,2018-05-01,621300,Offices of Other Health Practitioners,1620
29-1141,2018-05-01,621300,Offices of Other Health Practitioners,11710
29-1151,2018-05-01,621300,Offices of Other Health Practitioners,1890
29-1171,2018-05-01,621300,Offices of Other Health Practitioners,5750
31-1014,2018-05-01,621300,Offices of Other Health Practitioners,5850
21-1021,2018-05-01,621400,Outpatient Care Centers,9030
21-1022,2018-05-01,621400,Outpatient Care Centers,11690
21-1023,2018-05-01,621400,Outpatient Care Centers,25860
21-1029,2018-05-01,621400,Outpatient Care Centers,470
29-1021,2018-05-01,621400,Outpatient Care Centers,2850
29-1022,2018-05-01,621400,Outpatient Care Centers,0
29-1051,2018-05-01,621400,Outpatient Care Centers,5100
29-1061,2018-05-01,621400,Outpatient Care Centers,730
29-1062,2018-05-01,621400,Outpatient Care Centers,7540
29-1063,2018-05-01,621400,Outpatient Care Centers,2070
29-1064,2018-05-01,621400,Outpatient Care Centers,1060
29-1065,2018-05-01,621400,Outpatient Care Centers,1470
29-1066,2018-05-01,621400,Outpatient Care Centers,3180
29-1067,2018-05-01,621400,Outpatient Care Centers,710
29-1069,2018-05-01,621400,Outpatient Care Centers,10640
29-1071,2018-05-01,621400,Outpatient Care Centers,8910
29-1141,2018-05-01,621400,Outpatient Care Centers,141830
29-1151,2018-05-01,621400,Outpatient Care Centers,2050
29-1171,2018-05-01,621400,Outpatient Care Centers,17270
31-1014,2018-05-01,621400,Outpatient Care Centers,13940
21-1022,2018-05-01,621500,Medical and Diagnostic Laboratories,60
29-1051,2018-05-01,621500,Medical and Diagnostic Laboratories,110
29-1062,2018-05-01,621500,Medical and Diagnostic Laboratories,170
29-1063,2018-05-01,621500,Medical and Diagnostic Laboratories,50
29-1064,2018-05-01,621500,Medical and Diagnostic Laboratories,80
29-1069,2018-05-01,621500,Medical and Diagnostic Laboratories,5990
29-1071,2018-05-01,621500,Medical and Diagnostic Laboratories,310
29-1141,2018-05-01,621500,Medical and Diagnostic Laboratories,2280
29-1171,2018-05-01,621500,Medical and Diagnostic Laboratories,210
31-1014,2018-05-01,621500,Medical and Diagnostic Laboratories,460
21-1021,2018-05-01,621600,Home Health Care Services,590
21-1022,2018-05-01,621600,Home Health Care Services,21590
21-1023,2018-05-01,621600,Home Health Care Services,510
21-1029,2018-05-01,621600,Home Health Care Services,300
29-1021,2018-05-01,621600,Home Health Care Services,0
29-1051,2018-05-01,621600,Home Health Care Services,1620
29-1061,2018-05-01,621600,Home Health Care Services,0
29-1062,2018-05-01,621600,Home Health Care Services,450
29-1063,2018-05-01,621600,Home Health Care Services,0
29-1066,2018-05-01,621600,Home Health Care Services,70
29-1069,2018-05-01,621600,Home Health Care Services,830
29-1071,2018-05-01,621600,Home Health Care Services,80
29-1141,2018-05-01,621600,Home Health Care Services,181180
29-1151,2018-05-01,621600,Home Health Care Services,140
29-1171,2018-05-01,621600,Home Health Care Services,4700
31-1014,2018-05-01,621600,Home Health Care Services,80150
21-1022,2018-05-01,621900,Other Ambulatory Health Care Services,1080
21-1023,2018-05-01,621900,Other Ambulatory Health Care Services,160
21-1029,2018-05-01,621900,Other Ambulatory Health Care Services,110
29-1021,2018-05-01,621900,Other Ambulatory Health Care Services,170
29-1051,2018-05-01,621900,Other Ambulatory Health Care Services,120
29-1062,2018-05-01,621900,Other Ambulatory Health Care Services,160
29-1069,2018-05-01,621900,Other Ambulatory Health Care Services,1020
29-1071,2018-05-01,621900,Other Ambulatory Health Care Services,560
29-1141,2018-05-01,621900,Other Ambulatory Health Care Services,15220
29-1151,2018-05-01,621900,Other Ambulatory Health Care Services,0
29-1171,2018-05-01,621900,Other Ambulatory Health Care Services,770
31-1014,2018-05-01,621900,Other Ambulatory Health Care Services,610
21-1021,2018-05-01,622100,General Medical and Surgical Hospitals,3120
21-1022,2018-05-01,622100,General Medical and Surgical Hospitals,45000
21-1023,2018-05-01,622100,General Medical and Surgical Hospitals,5860
21-1029,2018-05-01,622100,General Medical and Surgical Hospitals,1880
29-1021,2018-05-01,622100,General Medical and Surgical Hospitals,1650
29-1022,2018-05-01,622100,General Medical and Surgical Hospitals,350
29-1023,2018-05-01,622100,General Medical and Surgical Hospitals,160
29-1029,2018-05-01,622100,General Medical and Surgical Hospitals,70
29-1051,2018-05-01,622100,General Medical and Surgical Hospitals,75270
29-1061,2018-05-01,622100,General Medical and Surgical Hospitals,3830
29-1062,2018-05-01,622100,General Medical and Surgical Hospitals,20470
29-1063,2018-05-01,622100,General Medical and Surgical Hospitals,10300
29-1064,2018-05-01,622100,General Medical and Surgical Hospitals,3340
29-1065,2018-05-01,622100,General Medical and Surgical Hospitals,5290
29-1066,2018-05-01,622100,General Medical and Surgical Hospitals,3440
29-1067,2018-05-01,622100,General Medical and Surgical Hospitals,6970
29-1069,2018-05-01,622100,General Medical and Surgical Hospitals,117620
29-1071,2018-05-01,622100,General Medical and Surgical Hospitals,28050
29-1141,2018-05-01,622100,General Medical and Surgical Hospitals,1698700
29-1151,2018-05-01,622100,General Medical and Surgical Hospitals,13320
29-1171,2018-05-01,622100,General Medical and Surgical Hospitals,44160
31-1014,2018-05-01,622100,General Medical and Surgical Hospitals,372320
21-1021,2018-05-01,622200,Psychiatric and Substance Abuse Hospitals,1030
21-1022,2018-05-01,622200,Psychiatric and Substance Abuse Hospitals,2140
21-1023,2018-05-01,622200,Psychiatric and Substance Abuse Hospitals,11010
21-1029,2018-05-01,622200,Psychiatric and Substance Abuse Hospitals,320
29-1021,2018-05-01,622200,Psychiatric and Substance Abuse Hospitals,0
29-1051,2018-05-01,622200,Psychiatric and Substance Abuse Hospitals,1110
29-1062,2018-05-01,622200,Psychiatric and Substance Abuse Hospitals,600
29-1063,2018-05-01,622200,Psychiatric and Substance Abuse Hospitals,50
29-1066,2018-05-01,622200,Psychiatric and Substance Abuse Hospitals,3570
29-1069,2018-05-01,622200,Psychiatric and Substance Abuse Hospitals,700
29-1071,2018-05-01,622200,Psychiatric and Substance Abuse Hospitals,210
29-1141,2018-05-01,622200,Psychiatric and Substance Abuse Hospitals,39170
29-1171,2018-05-01,622200,Psychiatric and Substance Abuse Hospitals,1150
31-1014,2018-05-01,622200,Psychiatric and Substance Abuse Hospitals,7040
21-1021,2018-05-01,622300,Specialty (except Psychiatric and Substance Abuse) Hospitals,430
21-1022,2018-05-01,622300,Specialty (except Psychiatric and Substance Abuse) Hospitals,2140
21-1023,2018-05-01,622300,Specialty (except Psychiatric and Substance Abuse) Hospitals,270
21-1029,2018-05-01,622300,Specialty (except Psychiatric and Substance Abuse) Hospitals,60
29-1021,2018-05-01,622300,Specialty (except Psychiatric and Substance Abuse) Hospitals,0
29-1051,2018-05-01,622300,Specialty (except Psychiatric and Substance Abuse) Hospitals,3630
29-1061,2018-05-01,622300,Specialty (except Psychiatric and Substance Abuse) Hospitals,130
29-1062,2018-05-01,622300,Specialty (except Psychiatric and Substance Abuse) Hospitals,180
29-1063,2018-05-01,622300,Specialty (except Psychiatric and Substance Abuse) Hospitals,430
29-1065,2018-05-01,622300,Specialty (except Psychiatric and Substance Abuse) Hospitals,190
29-1066,2018-05-01,622300,Specialty (except Psychiatric and Substance Abuse) Hospitals,100
29-1067,2018-05-01,622300,Specialty (except Psychiatric and Substance Abuse) Hospitals,240
29-1069,2018-05-01,622300,Specialty (except Psychiatric and Substance Abuse) Hospitals,0
29-1071,2018-05-01,622300,Specialty (except Psychiatric and Substance Abuse) Hospitals,1440
29-1141,2018-05-01,622300,Specialty (except Psychiatric and Substance Abuse) Hospitals,62980
29-1151,2018-05-01,622300,Specialty (except Psychiatric and Substance Abuse) Hospitals,380
29-1171,2018-05-01,622300,Specialty (except Psychiatric and Substance Abuse) Hospitals,2260
31-1014,2018-05-01,622300,Specialty (except Psychiatric and Substance Abuse) Hospitals,25990
21-1021,2018-05-01,623100,Nursing Care Facilities (Skilled Nursing Facilities),0
21-1022,2018-05-01,623100,Nursing Care Facilities (Skilled Nursing Facilities),14450
21-1023,2018-05-01,623100,Nursing Care Facilities (Skilled Nursing Facilities),480
21-1029,2018-05-01,623100,Nursing Care Facilities (Skilled Nursing Facilities),240
29-1021,2018-05-01,623100,Nursing Care Facilities (Skilled Nursing Facilities),40
29-1051,2018-05-01,623100,Nursing Care Facilities (Skilled Nursing Facilities),400
29-1062,2018-05-01,623100,Nursing Care Facilities (Skilled Nursing Facilities),50
29-1063,2018-05-01,623100,Nursing Care Facilities (Skilled Nursing Facilities),40
29-1069,2018-05-01,623100,Nursing Care Facilities (Skilled Nursing Facilities),420
29-1071,2018-05-01,623100,Nursing Care Facilities (Skilled Nursing Facilities),110
29-1141,2018-05-01,623100,Nursing Care Facilities (Skilled Nursing Facilities),153120
29-1171,2018-05-01,623100,Nursing Care Facilities (Skilled Nursing Facilities),1180
31-1014,2018-05-01,623100,Nursing Care Facilities (Skilled Nursing Facilities),581140
21-1021,2018-05-01,623200,"Residential Intellectual and Developmental Disability, Mental Health, and Substance Abuse Facilities",5950
21-1022,2018-05-01,623200,"Residential Intellectual and Developmental Disability, Mental Health, and Substance Abuse Facilities",1970
21-1023,2018-05-01,623200,"Residential Intellectual and Developmental Disability, Mental Health, and Substance Abuse Facilities",12490
21-1029,2018-05-01,623200,"Residential Intellectual and Developmental Disability, Mental Health, and Substance Abuse Facilities",960
29-1021,2018-05-01,623200,"Residential Intellectual and Developmental Disability, Mental Health, and Substance Abuse Facilities",30
29-1051,2018-05-01,623200,"Residential Intellectual and Developmental Disability, Mental Health, and Substance Abuse Facilities",80
29-1062,2018-05-01,623200,"Residential Intellectual and Developmental Disability, Mental Health, and Substance Abuse Facilities",70
29-1066,2018-05-01,623200,"Residential Intellectual and Developmental Disability, Mental Health, and Substance Abuse Facilities",540
29-1069,2018-05-01,623200,"Residential Intellectual and Developmental Disability, Mental Health, and Substance Abuse Facilities",100
29-1071,2018-05-01,623200,"Residential Intellectual and Developmental Disability, Mental Health, and Substance Abuse Facilities",70
29-1141,2018-05-01,623200,"Residential Intellectual and Developmental Disability, Mental Health, and Substance Abuse Facilities",15780
29-1171,2018-05-01,623200,"Residential Intellectual and Developmental Disability, Mental Health, and Substance Abuse Facilities",490
31-1014,2018-05-01,623200,"Residential Intellectual and Developmental Disability, Mental Health, and Substance Abuse Facilities",22850
21-1021,2018-05-01,623300,Continuing Care Retirement Communities and Assisted Living Facilities for the Elderly,500
21-1022,2018-05-01,623300,Continuing Care Retirement Communities and Assisted Living Facilities for the Elderly,2820
21-1023,2018-05-01,623300,Continuing Care Retirement Communities and Assisted Living Facilities for the Elderly,90
21-1029,2018-05-01,623300,Continuing Care Retirement Communities and Assisted Living Facilities for the Elderly,50
29-1051,2018-05-01,623300,Continuing Care Retirement Communities and Assisted Living Facilities for the Elderly,40
29-1141,2018-05-01,623300,Continuing Care Retirement Communities and Assisted Living Facilities for the Elderly,34640
29-1171,2018-05-01,623300,Continuing Care Retirement Communities and Assisted Living Facilities for the Elderly,0
31-1014,2018-05-01,623300,Continuing Care Retirement Communities and Assisted Living Facilities for the Elderly,163950
21-1021,2018-05-01,623900,Other Residential Care Facilities,9510
21-1022,2018-05-01,623900,Other Residential Care Facilities,610
21-1023,2018-05-01,623900,Other Residential Care Facilities,1970
21-1029,2018-05-01,623900,Other Residential Care Facilities,450
29-1051,2018-05-01,623900,Other Residential Care Facilities,40
29-1065,2018-05-01,623900,Other Residential Care Facilities,70
29-1066,2018-05-01,623900,Other Residential Care Facilities,90
29-1069,2018-05-01,623900,Other Residential Care Facilities,40
29-1141,2018-05-01,623900,Other Residential Care Facilities,2930
29-1171,2018-05-01,623900,Other Residential Care Facilities,140
31-1014,2018-05-01,623900,Other Residential Care Facilities,4350
21-1021,2018-05-01,624100,Individual and Family Services,79280
21-1022,2018-05-01,624100,Individual and Family Services,22340
21-1023,2018-05-01,624100,Individual and Family Services,16940
21-1029,2018-05-01,624100,Individual and Family Services,4840
29-1021,2018-05-01,624100,Individual and Family Services,130
29-1051,2018-05-01,624100,Individual and Family Services,190
29-1062,2018-05-01,624100,Individual and Family Services,130
29-1065,2018-05-01,624100,Individual and Family Services,40
29-1066,2018-05-01,624100,Individual and Family Services,860
29-1069,2018-05-01,624100,Individual and Family Services,120
29-1071,2018-05-01,624100,Individual and Family Services,70
29-1141,2018-05-01,624100,Individual and Family Services,24140
29-1171,2018-05-01,624100,Individual and Family Services,1160
31-1014,2018-05-01,624100,Individual and Family Services,39080
21-1021,2018-05-01,624200,"Community Food and Housing, and Emergency and Other Relief Services",9390
21-1022,2018-05-01,624200,"Community Food and Housing, and Emergency and Other Relief Services",800
21-1023,2018-05-01,624200,"Community Food and Housing, and Emergency and Other Relief Services",2770
21-1029,2018-05-01,624200,"Community Food and Housing, and Emergency and Other Relief Services",2260
29-1021,2018-05-01,624200,"Community Food and Housing, and Emergency and Other Relief Services",0
29-1066,2018-05-01,624200,"Community Food and Housing, and Emergency and Other Relief Services",50
29-1141,2018-05-01,624200,"Community Food and Housing, and Emergency and Other Relief Services",490
29-1171,2018-05-01,624200,"Community Food and Housing, and Emergency and Other Relief Services",70
31-1014,2018-05-01,624200,"Community Food and Housing, and Emergency and Other Relief Services",160
21-1021,2018-05-01,624300,Vocational Rehabilitation Services,2340
21-1022,2018-05-01,624300,Vocational Rehabilitation Services,1080
21-1023,2018-05-01,624300,Vocational Rehabilitation Services,1280
21-1029,2018-05-01,624300,Vocational Rehabilitation Services,480
29-1066,2018-05-01,624300,Vocational Rehabilitation Services,40
29-1141,2018-05-01,624300,Vocational Rehabilitation Services,2060
29-1171,2018-05-01,624300,Vocational Rehabilitation Services,30
31-1014,2018-05-01,624300,Vocational Rehabilitation Services,1560
21-1021,2018-05-01,624400,Child Day Care Services,6740
21-1022,2018-05-01,624400,Child Day Care Services,240
21-1023,2018-05-01,624400,Child Day Care Services,0
21-1029,2018-05-01,624400,Child Day Care Services,60
29-1141,2018-05-01,624400,Child Day Care Services,460
31-1014,2018-05-01,624400,Child Day Care Services,0
29-1141,2018-05-01,711200,Spectator Sports,50
29-1141,2018-05-01,711300,"Promoters of Performing Arts, Sports, and Similar Events",50
29-1141,2018-05-01,712100,"Museums, Historical Sites, and Similar Institutions",30
21-1021,2018-05-01,713900,Other Amusement and Recreation Industries,50
29-1141,2018-05-01,713900,Other Amusement and Recreation Industries,110
29-1141,2018-05-01,721100,Traveler Accommodation,70
29-1141,2018-05-01,721200,RV (Recreational Vehicle) Parks and Recreational Camps,130
29-1069,2018-05-01,812100,Personal Care Services,130
29-1141,2018-05-01,812100,Personal Care Services,900
29-1171,2018-05-01,812100,Personal Care Services,220
21-1021,2018-05-01,813100,Religious Organizations,400
21-1022,2018-05-01,813100,Religious Organizations,110
21-1023,2018-05-01,813100,Religious Organizations,60
21-1029,2018-05-01,813100,Religious Organizations,120
29-1141,2018-05-01,813100,Religious Organizations,930
29-1171,2018-05-01,813100,Religious Organizations,0
31-1014,2018-05-01,813100,Religious Organizations,970
21-1021,2018-05-01,813200,Grantmaking and Giving Services,730
21-1022,2018-05-01,813200,Grantmaking and Giving Services,1270
21-1023,2018-05-01,813200,Grantmaking and Giving Services,120
21-1029,2018-05-01,813200,Grantmaking and Giving Services,80
29-1069,2018-05-01,813200,Grantmaking and Giving Services,0
29-1141,2018-05-01,813200,Grantmaking and Giving Services,190
29-1171,2018-05-01,813200,Grantmaking and Giving Services,30
31-1014,2018-05-01,813200,Grantmaking and Giving Services,80
21-1021,2018-05-01,813300,Social Advocacy Organizations,3980
21-1022,2018-05-01,813300,Social Advocacy Organizations,800
21-1023,2018-05-01,813300,Social Advocacy Organizations,950
21-1029,2018-05-01,813300,Social Advocacy Organizations,460
29-1141,2018-05-01,813300,Social Advocacy Organizations,570
29-1171,2018-05-01,813300,Social Advocacy Organizations,80
21-1021,2018-05-01,813400,Civic and Social Organizations,2370
21-1022,2018-05-01,813400,Civic and Social Organizations,160
21-1023,2018-05-01,813400,Civic and Social Organizations,110
21-1029,2018-05-01,813400,Civic and Social Organizations,30
29-1141,2018-05-01,813400,Civic and Social Organizations,60
21-1021,2018-05-01,813900,"Business, Professional, Labor, Political, and Similar Organizations",0
21-1022,2018-05-01,813900,"Business, Professional, Labor, Political, and Similar Organizations",310
29-1051,2018-05-01,813900,"Business, Professional, Labor, Political, and Similar Organizations",50
29-1069,2018-05-01,813900,"Business, Professional, Labor, Political, and Similar Organizations",0
29-1141,2018-05-01,813900,"Business, Professional, Labor, Political, and Similar Organizations",750
29-1171,2018-05-01,813900,"Business, Professional, Labor, Political, and Similar Organizations",0
21-1029,2018-05-01,999100,Federal Executive Branch (OES Designation),15230
29-1029,2018-05-01,999100,Federal Executive Branch (OES Designation),2110
29-1051,2018-05-01,999100,Federal Executive Branch (OES Designation),6400
29-1069,2018-05-01,999100,Federal Executive Branch (OES Designation),34360
29-1071,2018-05-01,999100,Federal Executive Branch (OES Designation),1590
29-1141,2018-05-01,999100,Federal Executive Branch (OES Designation),81390
31-1014,2018-05-01,999100,Federal Executive Branch (OES Designation),14830
21-1021,2018-05-01,999200,"State Government, excluding schools and hospitals (OES Designation)",65200
21-1022,2018-05-01,999200,"State Government, excluding schools and hospitals (OES Designation)",7880
21-1023,2018-05-01,999200,"State Government, excluding schools and hospitals (OES Designation)",6070
21-1029,2018-05-01,999200,"State Government, excluding schools and hospitals (OES Designation)",12070
29-1021,2018-05-01,999200,"State Government, excluding schools and hospitals (OES Designation)",940
29-1051,2018-05-01,999200,"State Government, excluding schools and hospitals (OES Designation)",1470
29-1062,2018-05-01,999200,"State Government, excluding schools and hospitals (OES Designation)",1390
29-1063,2018-05-01,999200,"State Government, excluding schools and hospitals (OES Designation)",60
29-1066,2018-05-01,999200,"State Government, excluding schools and hospitals (OES Designation)",1070
29-1069,2018-05-01,999200,"State Government, excluding schools and hospitals (OES Designation)",1440
29-1071,2018-05-01,999200,"State Government, excluding schools and hospitals (OES Designation)",330
29-1141,2018-05-01,999200,"State Government, excluding schools and hospitals (OES Designation)",33610
29-1171,2018-05-01,999200,"State Government, excluding schools and hospitals (OES Designation)",1370
31-1014,2018-05-01,999200,"State Government, excluding schools and hospitals (OES Designation)",17390
21-1021,2018-05-01,999300,"Local Government, excluding schools and hospitals (OES Designation)",60630
21-1022,2018-05-01,999300,"Local Government, excluding schools and hospitals (OES Designation)",7850
21-1023,2018-05-01,999300,"Local Government, excluding schools and hospitals (OES Designation)",14720
21-1029,2018-05-01,999300,"Local Government, excluding schools and hospitals (OES Designation)",14110
29-1021,2018-05-01,999300,"Local Government, excluding schools and hospitals (OES Designation)",730
29-1051,2018-05-01,999300,"Local Government, excluding schools and hospitals (OES Designation)",1080
29-1062,2018-05-01,999300,"Local Government, excluding schools and hospitals (OES Designation)",1270
29-1063,2018-05-01,999300,"Local Government, excluding schools and hospitals (OES Designation)",60
29-1065,2018-05-01,999300,"Local Government, excluding schools and hospitals (OES Designation)",40
29-1066,2018-05-01,999300,"Local Government, excluding schools and hospitals (OES Designation)",1230
29-1069,2018-05-01,999300,"Local Government, excluding schools and hospitals (OES Designation)",2000
29-1071,2018-05-01,999300,"Local Government, excluding schools and hospitals (OES Designation)",620
29-1141,2018-05-01,999300,"Local Government, excluding schools and hospitals (OES Designation)",35180
29-1151,2018-05-01,999300,"Local Government, excluding schools and hospitals (OES Designation)",60
29-1171,2018-05-01,999300,"Local Government, excluding schools and hospitals (OES Designation)",2290
31-1014,2018-05-01,999300,"Local Government, excluding schools and hospitals (OES Designation)",25070
29-1141,2019-05-01,221100,"Electric Power Generation, Transmission and Distribution",100
29-1141,2019-05-01,311600,Animal Slaughtering and Processing,550
29-1141,2019-05-01,322100,"Pulp, Paper, and Paperboard Mills",0
29-1141,2019-05-01,324100,Petroleum and Coal Products Manufacturing,50
29-1051,2019-05-01,325400,Pharmaceutical and Medicine Manufacturing,610
29-1141,2019-05-01,325400,Pharmaceutical and Medicine Manufacturing,260
29-1141,2019-05-01,327000,Nonmetallic Mineral Product Manufacturing,30
29-1141,2019-05-01,334500,"Navigational, Measuring, Electromedical, and Control Instruments Manufacturing",160
29-1141,2019-05-01,336100,Motor Vehicle Manufacturing,160
29-1141,2019-05-01,336300,Motor Vehicle Parts Manufacturing,160
29-1141,2019-05-01,336400,Aerospace Product and Parts Manufacturing,120
29-1141,2019-05-01,339100,Medical Equipment and Supplies Manufacturing,90
29-1171,2019-05-01,339100,Medical Equipment and Supplies Manufacturing,40
29-1051,2019-05-01,423400,Professional and Commercial Equipment and Supplies Merchant Wholesalers,300
29-1141,2019-05-01,423400,Professional and Commercial Equipment and Supplies Merchant Wholesalers,580
29-1051,2019-05-01,425100,Wholesale Electronic Markets and Agents and Brokers,230
21-1022,2019-05-01,446100,Health and Personal Care Stores,700
29-1051,2019-05-01,446100,Health and Personal Care Stores,133410
29-1141,2019-05-01,446100,Health and Personal Care Stores,1690
29-1171,2019-05-01,446100,Health and Personal Care Stores,640
31-1131,2019-05-01,446100,Health and Personal Care Stores,40
29-1051,2019-05-01,452000,General Merchandise Stores,17730
29-1051,2019-05-01,454100,Electronic Shopping and Mail-Order Houses,5500
29-1141,2019-05-01,454100,Electronic Shopping and Mail-Order Houses,290
29-1051,2019-05-01,454300,Direct Selling Establishments,170
29-1141,2019-05-01,481200,Nonscheduled Air Transportation,40
29-1141,2019-05-01,491100,Postal Service (federal government),120
29-1051,2019-05-01,493100,Warehousing and Storage,130
29-1141,2019-05-01,493100,Warehousing and Storage,60
29-1141,2019-05-01,512100,Motion Picture and Video Industries,580
31-1131,2019-05-01,512100,Motion Picture and Video Industries,170
29-1051,2019-05-01,518200,"Data Processing, Hosting, and Related Services",100
29-1141,2019-05-01,518200,"Data Processing, Hosting, and Related Services",120
21-1021,2019-05-01,524100,Insurance Carriers,0
21-1022,2019-05-01,524100,Insurance Carriers,4060
21-1023,2019-05-01,524100,Insurance Carriers,330
21-1029,2019-05-01,524100,Insurance Carriers,70
29-1021,2019-05-01,524100,Insurance Carriers,30
29-1051,2019-05-01,524100,Insurance Carriers,2650
29-1071,2019-05-01,524100,Insurance Carriers,50
29-1141,2019-05-01,524100,Insurance Carriers,29070
29-1171,2019-05-01,524100,Insurance Carriers,690
29-1215,2019-05-01,524100,Insurance Carriers,40
31-1131,2019-05-01,524100,Insurance Carriers,70
21-1022,2019-05-01,524200,"Agencies, Brokerages, and Other Insurance Related Activities",1070
21-1023,2019-05-01,524200,"Agencies, Brokerages, and Other Insurance Related Activities",130
21-1029,2019-05-01,524200,"Agencies, Brokerages, and Other Insurance Related Activities",0
29-1021,2019-05-01,524200,"Agencies, Brokerages, and Other Insurance Related Activities",50
29-1051,2019-05-01,524200,"Agencies, Brokerages, and Other Insurance Related Activities",1280
29-1141,2019-05-01,524200,"Agencies, Brokerages, and Other Insurance Related Activities",10470
29-1171,2019-05-01,524200,"Agencies, Brokerages, and Other Insurance Related Activities",220
29-1215,2019-05-01,524200,"Agencies, Brokerages, and Other Insurance Related Activities",50
29-1141,2019-05-01,525100,Insurance and Employee Benefit Funds,60
21-1021,2019-05-01,531000,Real Estate,0
21-1022,2019-05-01,531000,Real Estate,0
21-1029,2019-05-01,531000,Real Estate,0
21-1021,2019-05-01,541100,Legal Services,1130
21-1029,2019-05-01,541100,Legal Services,850
29-1141,2019-05-01,541100,Legal Services,290
21-1022,2019-05-01,541200,"Accounting, Tax Preparation, Bookkeeping, and Payroll Services",50
29-1141,2019-05-01,541200,"Accounting, Tax Preparation, Bookkeeping, and Payroll Services",700
29-1171,2019-05-01,541200,"Accounting, Tax Preparation, Bookkeeping, and Payroll Services",40
29-1141,2019-05-01,541300,"Architectural, Engineering, and Related Services",70
21-1022,2019-05-01,541500,Computer Systems Design and Related Services,30
29-1051,2019-05-01,541500,Computer Systems Design and Related Services,380
29-1141,2019-05-01,541500,Computer Systems Design and Related Services,940
29-1171,2019-05-01,541500,Computer Systems Design and Related Services,80
21-1021,2019-05-01,541600,"Management, Scientific, and Technical Consulting Services",120
21-1022,2019-05-01,541600,"Management, Scientific, and Technical Consulting Services",630
21-1023,2019-05-01,541600,"Management, Scientific, and Technical Consulting Services",70
21-1029,2019-05-01,541600,"Management, Scientific, and Technical Consulting Services",40
29-1051,2019-05-01,541600,"Management, Scientific, and Technical Consulting Services",830
29-1071,2019-05-01,541600,"Management, Scientific, and Technical Consulting Services",100
29-1141,2019-05-01,541600,"Management, Scientific, and Technical Consulting Services",5280
29-1171,2019-05-01,541600,"Management, Scientific, and Technical Consulting Services",160
29-1215,2019-05-01,541600,"Management, Scientific, and Technical Consulting Services",60
21-1021,2019-05-01,541700,Scientific Research and Development Services,220
21-1022,2019-05-01,541700,Scientific Research and Development Services,130
21-1023,2019-05-01,541700,Scientific Research and Development Services,90
21-1029,2019-05-01,541700,Scientific Research and Development Services,0
29-1051,2019-05-01,541700,Scientific Research and Development Services,220
29-1071,2019-05-01,541700,Scientific Research and Development Services,320
29-1141,2019-05-01,541700,Scientific Research and Development Services,2840
29-1171,2019-05-01,541700,Scientific Research and Development Services,540
29-1215,2019-05-01,541700,Scientific Research and Development Services,110
29-1216,2019-05-01,541700,Scientific Research and Development Services,30
31-1131,2019-05-01,541700,Scientific Research and Development Services,360
21-1021,2019-05-01,541900,"Other Professional, Scientific, and Technical Services",50
21-1022,2019-05-01,541900,"Other Professional, Scientific, and Technical Services",40
29-1051,2019-05-01,541900,"Other Professional, Scientific, and Technical Services",50
29-1141,2019-05-01,541900,"Other Professional, Scientific, and Technical Services",980
21-1021,2019-05-01,551100,Management of Companies and Enterprises,2940
21-1022,2019-05-01,551100,Management of Companies and Enterprises,2530
21-1023,2019-05-01,551100,Management of Companies and Enterprises,1200
21-1029,2019-05-01,551100,Management of Companies and Enterprises,600
29-1021,2019-05-01,551100,Management of Companies and Enterprises,60
29-1051,2019-05-01,551100,Management of Companies and Enterprises,2610
29-1071,2019-05-01,551100,Management of Companies and Enterprises,260
29-1141,2019-05-01,551100,Management of Companies and Enterprises,16050
29-1171,2019-05-01,551100,Management of Companies and Enterprises,830
29-1215,2019-05-01,551100,Management of Companies and Enterprises,440
29-1216,2019-05-01,551100,Management of Companies and Enterprises,390
29-1218,2019-05-01,551100,Management of Companies and Enterprises,60
29-1221,2019-05-01,551100,Management of Companies and Enterprises,70
29-1223,2019-05-01,551100,Management of Companies and Enterprises,110
29-1248,2019-05-01,551100,Management of Companies and Enterprises,120
31-1131,2019-05-01,551100,Management of Companies and Enterprises,1670
21-1021,2019-05-01,561100,Office Administrative Services,300
21-1022,2019-05-01,561100,Office Administrative Services,0
21-1023,2019-05-01,561100,Office Administrative Services,40
29-1051,2019-05-01,561100,Office Administrative Services,0
29-1071,2019-05-01,561100,Office Administrative Services,50
29-1141,2019-05-01,561100,Office Administrative Services,4610
29-1171,2019-05-01,561100,Office Administrative Services,160
21-1021,2019-05-01,561200,Facilities Support Services,40
29-1141,2019-05-01,561200,Facilities Support Services,720
31-1131,2019-05-01,561200,Facilities Support Services,0
21-1021,2019-05-01,561300,Employment Services,1450
21-1022,2019-05-01,561300,Employment Services,1010
21-1023,2019-05-01,561300,Employment Services,580
21-1029,2019-05-01,561300,Employment Services,150
29-1021,2019-05-01,561300,Employment Services,340
29-1051,2019-05-01,561300,Employment Services,2210
29-1071,2019-05-01,561300,Employment Services,1650
29-1141,2019-05-01,561300,Employment Services,57270
29-1151,2019-05-01,561300,Employment Services,0
29-1171,2019-05-01,561300,Employment Services,2400
29-1215,2019-05-01,561300,Employment Services,0
29-1216,2019-05-01,561300,Employment Services,130
29-1221,2019-05-01,561300,Employment Services,80
29-1223,2019-05-01,561300,Employment Services,30
29-1248,2019-05-01,561300,Employment Services,0
31-1131,2019-05-01,561300,Employment Services,37590
29-1141,2019-05-01,561400,Business Support Services,650
21-1021,2019-05-01,611100,Elementary and Secondary Schools,45480
21-1022,2019-05-01,611100,Elementary and Secondary Schools,0
21-1023,2019-05-01,611100,Elementary and Secondary Schools,800
21-1029,2019-05-01,611100,Elementary and Secondary Schools,730
29-1141,2019-05-01,611100,Elementary and Secondary Schools,54430
29-1171,2019-05-01,611100,Elementary and Secondary Schools,390
29-1223,2019-05-01,611100,Elementary and Secondary Schools,110
31-1131,2019-05-01,611100,Elementary and Secondary Schools,6100
21-1021,2019-05-01,611200,Junior Colleges,590
21-1022,2019-05-01,611200,Junior Colleges,80
21-1029,2019-05-01,611200,Junior Colleges,170
29-1021,2019-05-01,611200,Junior Colleges,60
29-1141,2019-05-01,611200,Junior Colleges,430
29-1171,2019-05-01,611200,Junior Colleges,50
31-1131,2019-05-01,611200,Junior Colleges,80
21-1021,2019-05-01,611300,"Colleges, Universities, and Professional Schools",1930
21-1022,2019-05-01,611300,"Colleges, Universities, and Professional Schools",1840
21-1023,2019-05-01,611300,"Colleges, Universities, and Professional Schools",490
21-1029,2019-05-01,611300,"Colleges, Universities, and Professional Schools",210
29-1021,2019-05-01,611300,"Colleges, Universities, and Professional Schools",480
29-1022,2019-05-01,611300,"Colleges, Universities, and Professional Schools",190
29-1029,2019-05-01,611300,"Colleges, Universities, and Professional Schools",0
29-1051,2019-05-01,611300,"Colleges, Universities, and Professional Schools",1940
29-1071,2019-05-01,611300,"Colleges, Universities, and Professional Schools",3590
29-1141,2019-05-01,611300,"Colleges, Universities, and Professional Schools",28570
29-1151,2019-05-01,611300,"Colleges, Universities, and Professional Schools",1410
29-1171,2019-05-01,611300,"Colleges, Universities, and Professional Schools",6710
29-1211,2019-05-01,611300,"Colleges, Universities, and Professional Schools",300
29-1215,2019-05-01,611300,"Colleges, Universities, and Professional Schools",2160
29-1216,2019-05-01,611300,"Colleges, Universities, and Professional Schools",2800
29-1218,2019-05-01,611300,"Colleges, Universities, and Professional Schools",300
29-1221,2019-05-01,611300,"Colleges, Universities, and Professional Schools",380
29-1223,2019-05-01,611300,"Colleges, Universities, and Professional Schools",640
29-1248,2019-05-01,611300,"Colleges, Universities, and Professional Schools",850
31-1131,2019-05-01,611300,"Colleges, Universities, and Professional Schools",3320
21-1021,2019-05-01,611400,Business Schools and Computer and Management Training,70
29-1141,2019-05-01,611400,Business Schools and Computer and Management Training,140
21-1021,2019-05-01,611500,Technical and Trade Schools,100
29-1141,2019-05-01,611500,Technical and Trade Schools,180
31-1131,2019-05-01,611500,Technical and Trade Schools,0
21-1021,2019-05-01,611600,Other Schools and Instruction,150
29-1141,2019-05-01,611600,Other Schools and Instruction,80
21-1021,2019-05-01,611700,Educational Support Services,2720
21-1022,2019-05-01,611700,Educational Support Services,30
21-1023,2019-05-01,611700,Educational Support Services,100
21-1029,2019-05-01,611700,Educational Support Services,40
29-1141,2019-05-01,611700,Educational Support Services,370
21-1021,2019-05-01,621100,Offices of Physicians,740
21-1022,2019-05-01,621100,Offices of Physicians,7580
21-1023,2019-05-01,621100,Offices of Physicians,3430
21-1029,2019-05-01,621100,Offices of Physicians,270
29-1021,2019-05-01,621100,Offices of Physicians,3340
29-1022,2019-05-01,621100,Offices of Physicians,200
29-1023,2019-05-01,621100,Offices of Physicians,50
29-1029,2019-05-01,621100,Offices of Physicians,80
29-1051,2019-05-01,621100,Offices of Physicians,6210
29-1071,2019-05-01,621100,Offices of Physicians,66800
29-1141,2019-05-01,621100,Offices of Physicians,197890
29-1151,2019-05-01,621100,Offices of Physicians,22870
29-1171,2019-05-01,621100,Offices of Physicians,95820
29-1211,2019-05-01,621100,Offices of Physicians,25500
29-1215,2019-05-01,621100,Offices of Physicians,73540
29-1216,2019-05-01,621100,Offices of Physicians,25710
29-1218,2019-05-01,621100,Offices of Physicians,13130
29-1221,2019-05-01,621100,Offices of Physicians,21120
29-1223,2019-05-01,621100,Offices of Physicians,8930
29-1248,2019-05-01,621100,Offices of Physicians,25760
31-1131,2019-05-01,621100,Offices of Physicians,20480
21-1022,2019-05-01,621200,Offices of Dentists,0
29-1021,2019-05-01,621200,Offices of Dentists,98970
29-1022,2019-05-01,621200,Offices of Dentists,3900
29-1023,2019-05-01,621200,Offices of Dentists,5660
29-1024,2019-05-01,621200,Offices of Dentists,400
29-1029,2019-05-01,621200,Offices of Dentists,2800
29-1071,2019-05-01,621200,Offices of Dentists,0
29-1141,2019-05-01,621200,Offices of Dentists,1180
29-1211,2019-05-01,621200,Offices of Dentists,50
21-1021,2019-05-01,621300,Offices of Other Health Practitioners,2630
21-1022,2019-05-01,621300,Offices of Other Health Practitioners,1780
21-1023,2019-05-01,621300,Offices of Other Health Practitioners,7630
21-1029,2019-05-01,621300,Offices of Other Health Practitioners,370
29-1021,2019-05-01,621300,Offices of Other Health Practitioners,180
29-1051,2019-05-01,621300,Offices of Other Health Practitioners,430
29-1071,2019-05-01,621300,Offices of Other Health Practitioners,1870
29-1141,2019-05-01,621300,Offices of Other Health Practitioners,13350
29-1151,2019-05-01,621300,Offices of Other Health Practitioners,1870
29-1171,2019-05-01,621300,Offices of Other Health Practitioners,6210
29-1211,2019-05-01,621300,Offices of Other Health Practitioners,190
29-1215,2019-05-01,621300,Offices of Other Health Practitioners,610
29-1216,2019-05-01,621300,Offices of Other Health Practitioners,190
29-1218,2019-05-01,621300,Offices of Other Health Practitioners,40
29-1223,2019-05-01,621300,Offices of Other Health Practitioners,1060
29-1248,2019-05-01,621300,Offices of Other Health Practitioners,250
31-1131,2019-05-01,621300,Offices of Other Health Practitioners,5990
21-1021,2019-05-01,621400,Outpatient Care Centers,7370
21-1022,2019-05-01,621400,Outpatient Care Centers,12470
21-1023,2019-05-01,621400,Outpatient Care Centers,26950
21-1029,2019-05-01,621400,Outpatient Care Centers,380
29-1021,2019-05-01,621400,Outpatient Care Centers,2840
29-1022,2019-05-01,621400,Outpatient Care Centers,40
29-1051,2019-05-01,621400,Outpatient Care Centers,6640
29-1071,2019-05-01,621400,Outpatient Care Centers,9540
29-1141,2019-05-01,621400,Outpatient Care Centers,147550
29-1151,2019-05-01,621400,Outpatient Care Centers,1910
29-1171,2019-05-01,621400,Outpatient Care Centers,18820
29-1211,2019-05-01,621400,Outpatient Care Centers,720
29-1215,2019-05-01,621400,Outpatient Care Centers,7570
29-1216,2019-05-01,621400,Outpatient Care Centers,1690
29-1218,2019-05-01,621400,Outpatient Care Centers,1000
29-1221,2019-05-01,621400,Outpatient Care Centers,1330
29-1223,2019-05-01,621400,Outpatient Care Centers,3040
29-1248,2019-05-01,621400,Outpatient Care Centers,560
31-1131,2019-05-01,621400,Outpatient Care Centers,13090
21-1022,2019-05-01,621500,Medical and Diagnostic Laboratories,50
29-1051,2019-05-01,621500,Medical and Diagnostic Laboratories,110
29-1071,2019-05-01,621500,Medical and Diagnostic Laboratories,380
29-1141,2019-05-01,621500,Medical and Diagnostic Laboratories,2440
29-1171,2019-05-01,621500,Medical and Diagnostic Laboratories,240
29-1215,2019-05-01,621500,Medical and Diagnostic Laboratories,90
29-1216,2019-05-01,621500,Medical and Diagnostic Laboratories,100
29-1248,2019-05-01,621500,Medical and Diagnostic Laboratories,60
31-1131,2019-05-01,621500,Medical and Diagnostic Laboratories,290
21-1021,2019-05-01,621600,Home Health Care Services,680
21-1022,2019-05-01,621600,Home Health Care Services,21250
21-1023,2019-05-01,621600,Home Health Care Services,520
21-1029,2019-05-01,621600,Home Health Care Services,260
29-1051,2019-05-01,621600,Home Health Care Services,1720
29-1071,2019-05-01,621600,Home Health Care Services,110
29-1141,2019-05-01,621600,Home Health Care Services,177790
29-1151,2019-05-01,621600,Home Health Care Services,120
29-1171,2019-05-01,621600,Home Health Care Services,5310
29-1215,2019-05-01,621600,Home Health Care Services,390
29-1216,2019-05-01,621600,Home Health Care Services,110
29-1223,2019-05-01,621600,Home Health Care Services,60
31-1131,2019-05-01,621600,Home Health Care Services,78080
21-1022,2019-05-01,621900,Other Ambulatory Health Care Services,1090
21-1023,2019-05-01,621900,Other Ambulatory Health Care Services,130
21-1029,2019-05-01,621900,Other Ambulatory Health Care Services,100
29-1021,2019-05-01,621900,Other Ambulatory Health Care Services,110
29-1051,2019-05-01,621900,Other Ambulatory Health Care Services,160
29-1071,2019-05-01,621900,Other Ambulatory Health Care Services,580
29-1141,2019-05-01,621900,Other Ambulatory Health Care Services,15370
29-1151,2019-05-01,621900,Other Ambulatory Health Care Services,0
29-1171,2019-05-01,621900,Other Ambulatory Health Care Services,930
29-1215,2019-05-01,621900,Other Ambulatory Health Care Services,0
29-1221,2019-05-01,621900,Other Ambulatory Health Care Services,140
29-1248,2019-05-01,621900,Other Ambulatory Health Care Services,30
31-1131,2019-05-01,621900,Other Ambulatory Health Care Services,610
21-1021,2019-05-01,622100,General Medical and Surgical Hospitals,3460
21-1022,2019-05-01,622100,General Medical and Surgical Hospitals,46230
21-1023,2019-05-01,622100,General Medical and Surgical Hospitals,5910
21-1029,2019-05-01,622100,General Medical and Surgical Hospitals,1370
29-1021,2019-05-01,622100,General Medical and Surgical Hospitals,1690
29-1022,2019-05-01,622100,General Medical and Surgical Hospitals,290
29-1023,2019-05-01,622100,General Medical and Surgical Hospitals,110
29-1029,2019-05-01,622100,General Medical and Surgical Hospitals,100
29-1051,2019-05-01,622100,General Medical and Surgical Hospitals,77200
29-1071,2019-05-01,622100,General Medical and Surgical Hospitals,29530
29-1141,2019-05-01,622100,General Medical and Surgical Hospitals,1713120
29-1151,2019-05-01,622100,General Medical and Surgical Hospitals,14420
29-1171,2019-05-01,622100,General Medical and Surgical Hospitals,47420
29-1211,2019-05-01,622100,General Medical and Surgical Hospitals,4020
29-1215,2019-05-01,622100,General Medical and Surgical Hospitals,19840
29-1216,2019-05-01,622100,General Medical and Surgical Hospitals,12410
29-1218,2019-05-01,622100,General Medical and Surgical Hospitals,3860
29-1221,2019-05-01,622100,General Medical and Surgical Hospitals,6080
29-1223,2019-05-01,622100,General Medical and Surgical Hospitals,3700
29-1248,2019-05-01,622100,General Medical and Surgical Hospitals,8070
31-1131,2019-05-01,622100,General Medical and Surgical Hospitals,373200
21-1021,2019-05-01,622200,Psychiatric and Substance Abuse Hospitals,1080
21-1022,2019-05-01,622200,Psychiatric and Substance Abuse Hospitals,2110
21-1023,2019-05-01,622200,Psychiatric and Substance Abuse Hospitals,10160
21-1029,2019-05-01,622200,Psychiatric and Substance Abuse Hospitals,0
29-1021,2019-05-01,622200,Psychiatric and Substance Abuse Hospitals,130
29-1051,2019-05-01,622200,Psychiatric and Substance Abuse Hospitals,1080
29-1071,2019-05-01,622200,Psychiatric and Substance Abuse Hospitals,280
29-1141,2019-05-01,622200,Psychiatric and Substance Abuse Hospitals,40390
29-1171,2019-05-01,622200,Psychiatric and Substance Abuse Hospitals,1370
29-1215,2019-05-01,622200,Psychiatric and Substance Abuse Hospitals,470
29-1216,2019-05-01,622200,Psychiatric and Substance Abuse Hospitals,100
29-1223,2019-05-01,622200,Psychiatric and Substance Abuse Hospitals,3310
31-1131,2019-05-01,622200,Psychiatric and Substance Abuse Hospitals,7120
21-1021,2019-05-01,622300,Specialty (except Psychiatric and Substance Abuse) Hospitals,300
21-1022,2019-05-01,622300,Specialty (except Psychiatric and Substance Abuse) Hospitals,2090
21-1023,2019-05-01,622300,Specialty (except Psychiatric and Substance Abuse) Hospitals,0
21-1029,2019-05-01,622300,Specialty (except Psychiatric and Substance Abuse) Hospitals,50
29-1021,2019-05-01,622300,Specialty (except Psychiatric and Substance Abuse) Hospitals,100
29-1051,2019-05-01,622300,Specialty (except Psychiatric and Substance Abuse) Hospitals,3770
29-1071,2019-05-01,622300,Specialty (except Psychiatric and Substance Abuse) Hospitals,1480
29-1141,2019-05-01,622300,Specialty (except Psychiatric and Substance Abuse) Hospitals,62670
29-1151,2019-05-01,622300,Specialty (except Psychiatric and Substance Abuse) Hospitals,460
29-1171,2019-05-01,622300,Specialty (except Psychiatric and Substance Abuse) Hospitals,2320
29-1211,2019-05-01,622300,Specialty (except Psychiatric and Substance Abuse) Hospitals,140
29-1215,2019-05-01,622300,Specialty (except Psychiatric and Substance Abuse) Hospitals,180
29-1216,2019-05-01,622300,Specialty (except Psychiatric and Substance Abuse) Hospitals,400
29-1221,2019-05-01,622300,Specialty (except Psychiatric and Substance Abuse) Hospitals,250
29-1223,2019-05-01,622300,Specialty (except Psychiatric and Substance Abuse) Hospitals,120
29-1248,2019-05-01,622300,Specialty (except Psychiatric and Substance Abuse) Hospitals,390
31-1131,2019-05-01,622300,Specialty (except Psychiatric and Substance Abuse) Hospitals,26020
21-1021,2019-05-01,623100,Nursing Care Facilities (Skilled Nursing Facilities),1130
21-1022,2019-05-01,623100,Nursing Care Facilities (Skilled Nursing Facilities),14590
21-1023,2019-05-01,623100,Nursing Care Facilities (Skilled Nursing Facilities),650
21-1029,2019-05-01,623100,Nursing Care Facilities (Skilled Nursing Facilities),170
29-1021,2019-05-01,623100,Nursing Care Facilities (Skilled Nursing Facilities),40
29-1051,2019-05-01,623100,Nursing Care Facilities (Skilled Nursing Facilities),310
29-1071,2019-05-01,623100,Nursing Care Facilities (Skilled Nursing Facilities),90
29-1141,2019-05-01,623100,Nursing Care Facilities (Skilled Nursing Facilities),151300
29-1171,2019-05-01,623100,Nursing Care Facilities (Skilled Nursing Facilities),1210
29-1215,2019-05-01,623100,Nursing Care Facilities (Skilled Nursing Facilities),50
29-1216,2019-05-01,623100,Nursing Care Facilities (Skilled Nursing Facilities),60
29-1223,2019-05-01,623100,Nursing Care Facilities (Skilled Nursing Facilities),30
31-1131,2019-05-01,623100,Nursing Care Facilities (Skilled Nursing Facilities),566240
21-1021,2019-05-01,623200,"Residential Intellectual and Developmental Disability, Mental Health, and Substance Abuse Facilities",5620
21-1022,2019-05-01,623200,"Residential Intellectual and Developmental Disability, Mental Health, and Substance Abuse Facilities",2360
21-1023,2019-05-01,623200,"Residential Intellectual and Developmental Disability, Mental Health, and Substance Abuse Facilities",12470
29-1021,2019-05-01,623200,"Residential Intellectual and Developmental Disability, Mental Health, and Substance Abuse Facilities",30
29-1051,2019-05-01,623200,"Residential Intellectual and Developmental Disability, Mental Health, and Substance Abuse Facilities",50
29-1071,2019-05-01,623200,"Residential Intellectual and Developmental Disability, Mental Health, and Substance Abuse Facilities",90
29-1141,2019-05-01,623200,"Residential Intellectual and Developmental Disability, Mental Health, and Substance Abuse Facilities",15510
29-1171,2019-05-01,623200,"Residential Intellectual and Developmental Disability, Mental Health, and Substance Abuse Facilities",710
29-1215,2019-05-01,623200,"Residential Intellectual and Developmental Disability, Mental Health, and Substance Abuse Facilities",40
29-1223,2019-05-01,623200,"Residential Intellectual and Developmental Disability, Mental Health, and Substance Abuse Facilities",580
31-1131,2019-05-01,623200,"Residential Intellectual and Developmental Disability, Mental Health, and Substance Abuse Facilities",20120
21-1021,2019-05-01,623300,Continuing Care Retirement Communities and Assisted Living Facilities for the Elderly,0
21-1022,2019-05-01,623300,Continuing Care Retirement Communities and Assisted Living Facilities for the Elderly,2820
21-1023,2019-05-01,623300,Continuing Care Retirement Communities and Assisted Living Facilities for the Elderly,70
21-1029,2019-05-01,623300,Continuing Care Retirement Communities and Assisted Living Facilities for the Elderly,60
29-1051,2019-05-01,623300,Continuing Care Retirement Communities and Assisted Living Facilities for the Elderly,70
29-1141,2019-05-01,623300,Continuing Care Retirement Communities and Assisted Living Facilities for the Elderly,34940
29-1171,2019-05-01,623300,Continuing Care Retirement Communities and Assisted Living Facilities for the Elderly,0
31-1131,2019-05-01,623300,Continuing Care Retirement Communities and Assisted Living Facilities for the Elderly,157270
21-1021,2019-05-01,623900,Other Residential Care Facilities,8930
21-1022,2019-05-01,623900,Other Residential Care Facilities,0
21-1023,2019-05-01,623900,Other Residential Care Facilities,2270
21-1029,2019-05-01,623900,Other Residential Care Facilities,350
29-1051,2019-05-01,623900,Other Residential Care Facilities,40
29-1071,2019-05-01,623900,Other Residential Care Facilities,40
29-1141,2019-05-01,623900,Other Residential Care Facilities,3000
29-1171,2019-05-01,623900,Other Residential Care Facilities,140
29-1221,2019-05-01,623900,Other Residential Care Facilities,70
29-1223,2019-05-01,623900,Other Residential Care Facilities,80
31-1131,2019-05-01,623900,Other Residential Care Facilities,4340
21-1021,2019-05-01,624100,Individual and Family Services,82350
21-1022,2019-05-01,624100,Individual and Family Services,25190
21-1023,2019-05-01,624100,Individual and Family Services,16370
21-1029,2019-05-01,624100,Individual and Family Services,4900
29-1021,2019-05-01,624100,Individual and Family Services,110
29-1051,2019-05-01,624100,Individual and Family Services,230
29-1071,2019-05-01,624100,Individual and Family Services,100
29-1141,2019-05-01,624100,Individual and Family Services,24860
29-1171,2019-05-01,624100,Individual and Family Services,1240
29-1215,2019-05-01,624100,Individual and Family Services,130
29-1221,2019-05-01,624100,Individual and Family Services,30
29-1223,2019-05-01,624100,Individual and Family Services,690
31-1131,2019-05-01,624100,Individual and Family Services,39020
21-1021,2019-05-01,624200,"Community Food and Housing, and Emergency and Other Relief Services",9580
21-1022,2019-05-01,624200,"Community Food and Housing, and Emergency and Other Relief Services",950
21-1023,2019-05-01,624200,"Community Food and Housing, and Emergency and Other Relief Services",2710
21-1029,2019-05-01,624200,"Community Food and Housing, and Emergency and Other Relief Services",2600
29-1141,2019-05-01,624200,"Community Food and Housing, and Emergency and Other Relief Services",430
29-1171,2019-05-01,624200,"Community Food and Housing, and Emergency and Other Relief Services",200
29-1223,2019-05-01,624200,"Community Food and Housing, and Emergency and Other Relief Services",50
31-1131,2019-05-01,624200,"Community Food and Housing, and Emergency and Other Relief Services",170
21-1021,2019-05-01,624300,Vocational Rehabilitation Services,2070
21-1022,2019-05-01,624300,Vocational Rehabilitation Services,1070
21-1023,2019-05-01,624300,Vocational Rehabilitation Services,1300
21-1029,2019-05-01,624300,Vocational Rehabilitation Services,600
29-1141,2019-05-01,624300,Vocational Rehabilitation Services,1990
29-1171,2019-05-01,624300,Vocational Rehabilitation Services,30
29-1223,2019-05-01,624300,Vocational Rehabilitation Services,30
31-1131,2019-05-01,624300,Vocational Rehabilitation Services,1320
21-1021,2019-05-01,624400,Child Day Care Services,7050
21-1022,2019-05-01,624400,Child Day Care Services,230
21-1023,2019-05-01,624400,Child Day Care Services,0
21-1029,2019-05-01,624400,Child Day Care Services,70
29-1141,2019-05-01,624400,Child Day Care Services,460
31-1131,2019-05-01,624400,Child Day Care Services,0
29-1141,2019-05-01,711200,Spectator Sports,0
29-1141,2019-05-01,711300,"Promoters of Performing Arts, Sports, and Similar Events",30
29-1141,2019-05-01,712100,"Museums, Historical Sites, and Similar Institutions",40
21-1021,2019-05-01,713900,Other Amusement and Recreation Industries,50
29-1141,2019-05-01,713900,Other Amusement and Recreation Industries,100
29-1141,2019-05-01,721100,Traveler Accommodation,50
29-1141,2019-05-01,721200,RV (Recreational Vehicle) Parks and Recreational Camps,80
29-1071,2019-05-01,812100,Personal Care Services,80
29-1141,2019-05-01,812100,Personal Care Services,670
29-1171,2019-05-01,812100,Personal Care Services,350
21-1021,2019-05-01,813100,Religious Organizations,410
21-1022,2019-05-01,813100,Religious Organizations,110
21-1023,2019-05-01,813100,Religious Organizations,50
21-1029,2019-05-01,813100,Religious Organizations,90
29-1141,2019-05-01,813100,Religious Organizations,980
29-1171,2019-05-01,813100,Religious Organizations,100
31-1131,2019-05-01,813100,Religious Organizations,1090
21-1021,2019-05-01,813200,Grantmaking and Giving Services,710
21-1022,2019-05-01,813200,Grantmaking and Giving Services,1310
21-1023,2019-05-01,813200,Grantmaking and Giving Services,110
21-1029,2019-05-01,813200,Grantmaking and Giving Services,40
29-1141,2019-05-01,813200,Grantmaking and Giving Services,290
29-1171,2019-05-01,813200,Grantmaking and Giving Services,50
31-1131,2019-05-01,813200,Grantmaking and Giving Services,120
21-1021,2019-05-01,813300,Social Advocacy Organizations,3990
21-1022,2019-05-01,813300,Social Advocacy Organizations,770
21-1023,2019-05-01,813300,Social Advocacy Organizations,980
21-1029,2019-05-01,813300,Social Advocacy Organizations,490
29-1141,2019-05-01,813300,Social Advocacy Organizations,490
29-1171,2019-05-01,813300,Social Advocacy Organizations,80
31-1131,2019-05-01,813300,Social Advocacy Organizations,80
21-1021,2019-05-01,813400,Civic and Social Organizations,1500
21-1022,2019-05-01,813400,Civic and Social Organizations,60
21-1023,2019-05-01,813400,Civic and Social Organizations,140
21-1029,2019-05-01,813400,Civic and Social Organizations,70
29-1141,2019-05-01,813400,Civic and Social Organizations,120
31-1131,2019-05-01,813400,Civic and Social Organizations,50
21-1021,2019-05-01,813900,"Business, Professional, Labor, Political, and Similar Organizations",110
21-1022,2019-05-01,813900,"Business, Professional, Labor, Political, and Similar Organizations",190
29-1141,2019-05-01,813900,"Business, Professional, Labor, Political, and Similar Organizations",810
29-1171,2019-05-01,813900,"Business, Professional, Labor, Political, and Similar Organizations",0
21-1029,2019-05-01,999100,Federal Executive Branch (OES Designation),16180
29-1029,2019-05-01,999100,Federal Executive Branch (OES Designation),2120
29-1051,2019-05-01,999100,Federal Executive Branch (OES Designation),6280
29-1071,2019-05-01,999100,Federal Executive Branch (OES Designation),1580
29-1141,2019-05-01,999100,Federal Executive Branch (OES Designation),83210
31-1131,2019-05-01,999100,Federal Executive Branch (OES Designation),14970
21-1021,2019-05-01,999200,"State Government, excluding schools and hospitals (OES Designation)",66370
21-1022,2019-05-01,999200,"State Government, excluding schools and hospitals (OES Designation)",6940
21-1023,2019-05-01,999200,"State Government, excluding schools and hospitals (OES Designation)",6930
21-1029,2019-05-01,999200,"State Government, excluding schools and hospitals (OES Designation)",10440
29-1021,2019-05-01,999200,"State Government, excluding schools and hospitals (OES Designation)",1090
29-1051,2019-05-01,999200,"State Government, excluding schools and hospitals (OES Designation)",1560
29-1071,2019-05-01,999200,"State Government, excluding schools and hospitals (OES Designation)",340
29-1141,2019-05-01,999200,"State Government, excluding schools and hospitals (OES Designation)",33530
29-1171,2019-05-01,999200,"State Government, excluding schools and hospitals (OES Designation)",1170
29-1215,2019-05-01,999200,"State Government, excluding schools and hospitals (OES Designation)",1070
29-1216,2019-05-01,999200,"State Government, excluding schools and hospitals (OES Designation)",160
29-1223,2019-05-01,999200,"State Government, excluding schools and hospitals (OES Designation)",1520
31-1131,2019-05-01,999200,"State Government, excluding schools and hospitals (OES Designation)",13740
21-1021,2019-05-01,999300,"Local Government, excluding schools and hospitals (OES Designation)",63240
21-1022,2019-05-01,999300,"Local Government, excluding schools and hospitals (OES Designation)",7720
21-1023,2019-05-01,999300,"Local Government, excluding schools and hospitals (OES Designation)",14500
21-1029,2019-05-01,999300,"Local Government, excluding schools and hospitals (OES Designation)",14650
29-1021,2019-05-01,999300,"Local Government, excluding schools and hospitals (OES Designation)",810
29-1051,2019-05-01,999300,"Local Government, excluding schools and hospitals (OES Designation)",1220
29-1071,2019-05-01,999300,"Local Government, excluding schools and hospitals (OES Designation)",610
29-1141,2019-05-01,999300,"Local Government, excluding schools and hospitals (OES Designation)",35390
29-1151,2019-05-01,999300,"Local Government, excluding schools and hospitals (OES Designation)",60
29-1171,2019-05-01,999300,"Local Government, excluding schools and hospitals (OES Designation)",2340
29-1215,2019-05-01,999300,"Local Government, excluding schools and hospitals (OES Designation)",1310
29-1216,2019-05-01,999300,"Local Government, excluding schools and hospitals (OES Designation)",100
29-1221,2019-05-01,999300,"Local Government, excluding schools and hospitals (OES Designation)",40
29-1223,2019-05-01,999300,"Local Government, excluding schools and hospitals (OES Designation)",1230
29-1248,2019-05-01,999300,"Local Government, excluding schools and hospitals (OES Designation)",40
31-1131,2019-05-01,999300,"Local Government, excluding schools and hospitals (OES Designation)",26030
29-1141,2019-05-01,3250A1,"Chemical Manufacturing (3251, 3252, 3253, and 3259 only)",130
29-1141,2019-05-01,3320A1,"Fabricated Metal Product Manufacturing (3321, 3322, 3325, 3326, and 3329 only)",30
29-1141,2019-05-01,3330A1,"Machinery Manufacturing (3331, 3332, 3334, and 3339 only)",70
29-1051,2019-05-01,4240A2,"Merchant Wholesalers, Nondurable Goods (4242 and 4246 only)",7530
29-1141,2019-05-01,4240A2,"Merchant Wholesalers, Nondurable Goods (4242 and 4246 only)",710
29-1051,2019-05-01,4450A1,Food and Beverage Stores (4451 and 4452 only),24480
31-1131,2019-05-01,4450A1,Food and Beverage Stores (4451 and 4452 only),0
29-1051,2019-05-01,5320A1,"Rental and Leasing Services (5322, 5323, and 5324 only)",170
29-1141,2019-05-01,5320A1,"Rental and Leasing Services (5322, 5323, and 5324 only)",500
29-1141,2020-05-01,221100,"Electric Power Generation, Transmission and Distribution",90
29-1141,2020-05-01,311400,Fruit and Vegetable Preserving and Specialty Food Manufacturing,40
29-1141,2020-05-01,311600,Animal Slaughtering and Processing,620
29-1141,2020-05-01,322100,"Pulp, Paper, and Paperboard Mills",40
29-1141,2020-05-01,324100,Petroleum and Coal Products Manufacturing,40
29-1051,2020-05-01,325400,Pharmaceutical and Medicine Manufacturing,630
29-1141,2020-05-01,325400,Pharmaceutical and Medicine Manufacturing,340
29-1141,2020-05-01,327000,Nonmetallic Mineral Product Manufacturing,40
29-1141,2020-05-01,334500,"Navigational, Measuring, Electromedical, and Control Instruments Manufacturing",120
29-1141,2020-05-01,336100,Motor Vehicle Manufacturing,150
29-1141,2020-05-01,336300,Motor Vehicle Parts Manufacturing,110
29-1141,2020-05-01,336400,Aerospace Product and Parts Manufacturing,100
29-1021,2020-05-01,339100,Medical Equipment and Supplies Manufacturing,40
29-1141,2020-05-01,339100,Medical Equipment and Supplies Manufacturing,70
29-1171,2020-05-01,339100,Medical Equipment and Supplies Manufacturing,40
29-1051,2020-05-01,423400,Professional and Commercial Equipment and Supplies Merchant Wholesalers,290
29-1141,2020-05-01,423400,Professional and Commercial Equipment and Supplies Merchant Wholesalers,550
29-1171,2020-05-01,423400,Professional and Commercial Equipment and Supplies Merchant Wholesalers,80
29-1051,2020-05-01,425100,Wholesale Electronic Markets and Agents and Brokers,0
29-1141,2020-05-01,425100,Wholesale Electronic Markets and Agents and Brokers,90
21-1022,2020-05-01,446100,Health and Personal Care Stores,500
29-1051,2020-05-01,446100,Health and Personal Care Stores,135070
29-1141,2020-05-01,446100,Health and Personal Care Stores,1530
29-1171,2020-05-01,446100,Health and Personal Care Stores,600
31-1131,2020-05-01,446100,Health and Personal Care Stores,60
29-1051,2020-05-01,454100,Electronic Shopping and Mail-Order Houses,4790
29-1141,2020-05-01,454100,Electronic Shopping and Mail-Order Houses,270
29-1051,2020-05-01,454300,Direct Selling Establishments,150
29-1141,2020-05-01,491100,Postal Service (federal government),130
29-1051,2020-05-01,493100,Warehousing and Storage,30
29-1141,2020-05-01,493100,Warehousing and Storage,60
29-1141,2020-05-01,512100,Motion Picture and Video Industries,430
31-1131,2020-05-01,512100,Motion Picture and Video Industries,60
29-1141,2020-05-01,518200,"Data Processing, Hosting, and Related Services",140
21-1022,2020-05-01,524100,Insurance Carriers,4860
21-1023,2020-05-01,524100,Insurance Carriers,380
21-1029,2020-05-01,524100,Insurance Carriers,60
29-1021,2020-05-01,524100,Insurance Carriers,0
29-1051,2020-05-01,524100,Insurance Carriers,2730
29-1141,2020-05-01,524100,Insurance Carriers,31100
29-1171,2020-05-01,524100,Insurance Carriers,0
29-1215,2020-05-01,524100,Insurance Carriers,40
31-1131,2020-05-01,524100,Insurance Carriers,0
21-1022,2020-05-01,524200,"Agencies, Brokerages, and Other Insurance Related Activities",1720
21-1023,2020-05-01,524200,"Agencies, Brokerages, and Other Insurance Related Activities",200
29-1051,2020-05-01,524200,"Agencies, Brokerages, and Other Insurance Related Activities",1410
29-1141,2020-05-01,524200,"Agencies, Brokerages, and Other Insurance Related Activities",11350
29-1171,2020-05-01,524200,"Agencies, Brokerages, and Other Insurance Related Activities",240
29-1215,2020-05-01,524200,"Agencies, Brokerages, and Other Insurance Related Activities",50
29-1141,2020-05-01,525900,Other Investment Pools and Funds,100
21-1021,2020-05-01,531000,Real Estate,180
21-1022,2020-05-01,531000,Real Estate,0
21-1029,2020-05-01,531000,Real Estate,0
21-1021,2020-05-01,541100,Legal Services,940
21-1029,2020-05-01,541100,Legal Services,1170
29-1141,2020-05-01,541100,Legal Services,350
21-1022,2020-05-01,541200,"Accounting, Tax Preparation, Bookkeeping, and Payroll Services",70
29-1141,2020-05-01,541200,"Accounting, Tax Preparation, Bookkeeping, and Payroll Services",700
29-1171,2020-05-01,541200,"Accounting, Tax Preparation, Bookkeeping, and Payroll Services",40
29-1141,2020-05-01,541300,"Architectural, Engineering, and Related Services",100
21-1022,2020-05-01,541500,Computer Systems Design and Related Services,30
29-1051,2020-05-01,541500,Computer Systems Design and Related Services,150
29-1141,2020-05-01,541500,Computer Systems Design and Related Services,1320
29-1171,2020-05-01,541500,Computer Systems Design and Related Services,150
21-1021,2020-05-01,541600,"Management, Scientific, and Technical Consulting Services",210
21-1022,2020-05-01,541600,"Management, Scientific, and Technical Consulting Services",470
21-1023,2020-05-01,541600,"Management, Scientific, and Technical Consulting Services",110
21-1029,2020-05-01,541600,"Management, Scientific, and Technical Consulting Services",30
29-1051,2020-05-01,541600,"Management, Scientific, and Technical Consulting Services",800
29-1071,2020-05-01,541600,"Management, Scientific, and Technical Consulting Services",90
29-1141,2020-05-01,541600,"Management, Scientific, and Technical Consulting Services",5360
29-1171,2020-05-01,541600,"Management, Scientific, and Technical Consulting Services",180
29-1215,2020-05-01,541600,"Management, Scientific, and Technical Consulting Services",40
21-1021,2020-05-01,541700,Scientific Research and Development Services,180
21-1022,2020-05-01,541700,Scientific Research and Development Services,130
21-1023,2020-05-01,541700,Scientific Research and Development Services,150
29-1051,2020-05-01,541700,Scientific Research and Development Services,300
29-1071,2020-05-01,541700,Scientific Research and Development Services,420
29-1141,2020-05-01,541700,Scientific Research and Development Services,3170
29-1171,2020-05-01,541700,Scientific Research and Development Services,600
29-1215,2020-05-01,541700,Scientific Research and Development Services,0
29-1216,2020-05-01,541700,Scientific Research and Development Services,40
29-1223,2020-05-01,541700,Scientific Research and Development Services,60
29-1248,2020-05-01,541700,Scientific Research and Development Services,190
31-1131,2020-05-01,541700,Scientific Research and Development Services,670
21-1021,2020-05-01,541900,"Other Professional, Scientific, and Technical Services",40
21-1022,2020-05-01,541900,"Other Professional, Scientific, and Technical Services",50
29-1051,2020-05-01,541900,"Other Professional, Scientific, and Technical Services",50
29-1141,2020-05-01,541900,"Other Professional, Scientific, and Technical Services",1110
29-1171,2020-05-01,541900,"Other Professional, Scientific, and Technical Services",630
21-1021,2020-05-01,551100,Management of Companies and Enterprises,2680
21-1022,2020-05-01,551100,Management of Companies and Enterprises,2520
21-1023,2020-05-01,551100,Management of Companies and Enterprises,1430
21-1029,2020-05-01,551100,Management of Companies and Enterprises,510
29-1021,2020-05-01,551100,Management of Companies and Enterprises,70
29-1051,2020-05-01,551100,Management of Companies and Enterprises,2380
29-1071,2020-05-01,551100,Management of Companies and Enterprises,280
29-1141,2020-05-01,551100,Management of Companies and Enterprises,17570
29-1171,2020-05-01,551100,Management of Companies and Enterprises,1090
29-1215,2020-05-01,551100,Management of Companies and Enterprises,440
29-1216,2020-05-01,551100,Management of Companies and Enterprises,450
29-1221,2020-05-01,551100,Management of Companies and Enterprises,70
29-1223,2020-05-01,551100,Management of Companies and Enterprises,80
29-1248,2020-05-01,551100,Management of Companies and Enterprises,90
31-1131,2020-05-01,551100,Management of Companies and Enterprises,1660
21-1021,2020-05-01,561100,Office Administrative Services,170
21-1022,2020-05-01,561100,Office Administrative Services,670
21-1023,2020-05-01,561100,Office Administrative Services,0
21-1029,2020-05-01,561100,Office Administrative Services,30
29-1051,2020-05-01,561100,Office Administrative Services,0
29-1071,2020-05-01,561100,Office Administrative Services,40
29-1141,2020-05-01,561100,Office Administrative Services,0
29-1171,2020-05-01,561100,Office Administrative Services,210
29-1141,2020-05-01,561200,Facilities Support Services,830
31-1131,2020-05-01,561200,Facilities Support Services,140
21-1021,2020-05-01,561300,Employment Services,1060
21-1022,2020-05-01,561300,Employment Services,870
21-1023,2020-05-01,561300,Employment Services,590
21-1029,2020-05-01,561300,Employment Services,130
29-1021,2020-05-01,561300,Employment Services,270
29-1051,2020-05-01,561300,Employment Services,2690
29-1071,2020-05-01,561300,Employment Services,1540
29-1141,2020-05-01,561300,Employment Services,51860
29-1151,2020-05-01,561300,Employment Services,0
29-1171,2020-05-01,561300,Employment Services,2240
29-1215,2020-05-01,561300,Employment Services,620
29-1216,2020-05-01,561300,Employment Services,120
29-1221,2020-05-01,561300,Employment Services,60
29-1223,2020-05-01,561300,Employment Services,40
29-1248,2020-05-01,561300,Employment Services,0
31-1131,2020-05-01,561300,Employment Services,36490
29-1051,2020-05-01,561400,Business Support Services,0
29-1141,2020-05-01,561400,Business Support Services,560
21-1021,2020-05-01,611100,Elementary and Secondary Schools,45960
21-1022,2020-05-01,611100,Elementary and Secondary Schools,520
21-1023,2020-05-01,611100,Elementary and Secondary Schools,880
21-1029,2020-05-01,611100,Elementary and Secondary Schools,0
29-1141,2020-05-01,611100,Elementary and Secondary Schools,54500
29-1171,2020-05-01,611100,Elementary and Secondary Schools,390
29-1223,2020-05-01,611100,Elementary and Secondary Schools,130
31-1131,2020-05-01,611100,Elementary and Secondary Schools,6330
21-1021,2020-05-01,611200,Junior Colleges,550
21-1022,2020-05-01,611200,Junior Colleges,80
21-1029,2020-05-01,611200,Junior Colleges,150
29-1021,2020-05-01,611200,Junior Colleges,50
29-1141,2020-05-01,611200,Junior Colleges,550
29-1171,2020-05-01,611200,Junior Colleges,50
31-1131,2020-05-01,611200,Junior Colleges,120
21-1021,2020-05-01,611300,"Colleges, Universities, and Professional Schools",2210
21-1022,2020-05-01,611300,"Colleges, Universities, and Professional Schools",1980
21-1023,2020-05-01,611300,"Colleges, Universities, and Professional Schools",630
21-1029,2020-05-01,611300,"Colleges, Universities, and Professional Schools",230
29-1021,2020-05-01,611300,"Colleges, Universities, and Professional Schools",510
29-1022,2020-05-01,611300,"Colleges, Universities, and Professional Schools",200
29-1023,2020-05-01,611300,"Colleges, Universities, and Professional Schools",30
29-1029,2020-05-01,611300,"Colleges, Universities, and Professional Schools",0
29-1051,2020-05-01,611300,"Colleges, Universities, and Professional Schools",2140
29-1071,2020-05-01,611300,"Colleges, Universities, and Professional Schools",4930
29-1141,2020-05-01,611300,"Colleges, Universities, and Professional Schools",30330
29-1151,2020-05-01,611300,"Colleges, Universities, and Professional Schools",1290
29-1171,2020-05-01,611300,"Colleges, Universities, and Professional Schools",6970
29-1211,2020-05-01,611300,"Colleges, Universities, and Professional Schools",430
29-1215,2020-05-01,611300,"Colleges, Universities, and Professional Schools",1510
29-1216,2020-05-01,611300,"Colleges, Universities, and Professional Schools",1190
29-1218,2020-05-01,611300,"Colleges, Universities, and Professional Schools",310
29-1221,2020-05-01,611300,"Colleges, Universities, and Professional Schools",470
29-1223,2020-05-01,611300,"Colleges, Universities, and Professional Schools",630
29-1248,2020-05-01,611300,"Colleges, Universities, and Professional Schools",940
31-1131,2020-05-01,611300,"Colleges, Universities, and Professional Schools",5560
21-1021,2020-05-01,611400,Business Schools and Computer and Management Training,110
29-1141,2020-05-01,611400,Business Schools and Computer and Management Training,260
21-1021,2020-05-01,611500,Technical and Trade Schools,70
29-1141,2020-05-01,611500,Technical and Trade Schools,180
31-1131,2020-05-01,611500,Technical and Trade Schools,0
21-1021,2020-05-01,611600,Other Schools and Instruction,120
29-1141,2020-05-01,611600,Other Schools and Instruction,40
21-1021,2020-05-01,611700,Educational Support Services,2880
21-1022,2020-05-01,611700,Educational Support Services,40
21-1023,2020-05-01,611700,Educational Support Services,0
21-1029,2020-05-01,611700,Educational Support Services,40
29-1141,2020-05-01,611700,Educational Support Services,320
21-1021,2020-05-01,621100,Offices of Physicians,720
21-1022,2020-05-01,621100,Offices of Physicians,8800
21-1023,2020-05-01,621100,Offices of Physicians,3300
21-1029,2020-05-01,621100,Offices of Physicians,280
29-1021,2020-05-01,621100,Offices of Physicians,3180
29-1022,2020-05-01,621100,Offices of Physicians,200
29-1023,2020-05-01,621100,Offices of Physicians,70
29-1029,2020-05-01,621100,Offices of Physicians,50
29-1051,2020-05-01,621100,Offices of Physicians,6460
29-1071,2020-05-01,621100,Offices of Physicians,67870
29-1141,2020-05-01,621100,Offices of Physicians,192300
29-1151,2020-05-01,621100,Offices of Physicians,21560
29-1171,2020-05-01,621100,Offices of Physicians,101220
29-1211,2020-05-01,621100,Offices of Physicians,23120
29-1215,2020-05-01,621100,Offices of Physicians,66610
29-1216,2020-05-01,621100,Offices of Physicians,28880
29-1218,2020-05-01,621100,Offices of Physicians,12950
29-1221,2020-05-01,621100,Offices of Physicians,18180
29-1223,2020-05-01,621100,Offices of Physicians,8360
29-1248,2020-05-01,621100,Offices of Physicians,25620
31-1131,2020-05-01,621100,Offices of Physicians,19330
21-1022,2020-05-01,621200,Offices of Dentists,0
29-1021,2020-05-01,621200,Offices of Dentists,85120
29-1022,2020-05-01,621200,Offices of Dentists,3410
29-1023,2020-05-01,621200,Offices of Dentists,4780
29-1024,2020-05-01,621200,Offices of Dentists,440
29-1029,2020-05-01,621200,Offices of Dentists,3250
29-1141,2020-05-01,621200,Offices of Dentists,950
21-1021,2020-05-01,621300,Offices of Other Health Practitioners,3240
21-1022,2020-05-01,621300,Offices of Other Health Practitioners,1680
21-1023,2020-05-01,621300,Offices of Other Health Practitioners,7260
21-1029,2020-05-01,621300,Offices of Other Health Practitioners,420
29-1021,2020-05-01,621300,Offices of Other Health Practitioners,140
29-1051,2020-05-01,621300,Offices of Other Health Practitioners,490
29-1071,2020-05-01,621300,Offices of Other Health Practitioners,2070
29-1141,2020-05-01,621300,Offices of Other Health Practitioners,13270
29-1151,2020-05-01,621300,Offices of Other Health Practitioners,1670
29-1171,2020-05-01,621300,Offices of Other Health Practitioners,6170
29-1211,2020-05-01,621300,Offices of Other Health Practitioners,180
29-1215,2020-05-01,621300,Offices of Other Health Practitioners,560
29-1216,2020-05-01,621300,Offices of Other Health Practitioners,210
29-1218,2020-05-01,621300,Offices of Other Health Practitioners,30
29-1221,2020-05-01,621300,Offices of Other Health Practitioners,40
29-1223,2020-05-01,621300,Offices of Other Health Practitioners,870
29-1248,2020-05-01,621300,Offices of Other Health Practitioners,170
31-1131,2020-05-01,621300,Offices of Other Health Practitioners,5280
21-1021,2020-05-01,621400,Outpatient Care Centers,6980
21-1022,2020-05-01,621400,Outpatient Care Centers,13730
21-1023,2020-05-01,621400,Outpatient Care Centers,27790
21-1029,2020-05-01,621400,Outpatient Care Centers,420
29-1021,2020-05-01,621400,Outpatient Care Centers,2520
29-1022,2020-05-01,621400,Outpatient Care Centers,40
29-1051,2020-05-01,621400,Outpatient Care Centers,6820
29-1071,2020-05-01,621400,Outpatient Care Centers,10190
29-1141,2020-05-01,621400,Outpatient Care Centers,150380
29-1151,2020-05-01,621400,Outpatient Care Centers,2460
29-1171,2020-05-01,621400,Outpatient Care Centers,18920
29-1211,2020-05-01,621400,Outpatient Care Centers,560
29-1215,2020-05-01,621400,Outpatient Care Centers,5440
29-1216,2020-05-01,621400,Outpatient Care Centers,1970
29-1218,2020-05-01,621400,Outpatient Care Centers,860
29-1221,2020-05-01,621400,Outpatient Care Centers,1260
29-1223,2020-05-01,621400,Outpatient Care Centers,3060
29-1248,2020-05-01,621400,Outpatient Care Centers,630
31-1131,2020-05-01,621400,Outpatient Care Centers,12940
21-1022,2020-05-01,621500,Medical and Diagnostic Laboratories,50
29-1051,2020-05-01,621500,Medical and Diagnostic Laboratories,110
29-1071,2020-05-01,621500,Medical and Diagnostic Laboratories,370
29-1141,2020-05-01,621500,Medical and Diagnostic Laboratories,2600
29-1171,2020-05-01,621500,Medical and Diagnostic Laboratories,310
29-1215,2020-05-01,621500,Medical and Diagnostic Laboratories,110
29-1216,2020-05-01,621500,Medical and Diagnostic Laboratories,100
29-1248,2020-05-01,621500,Medical and Diagnostic Laboratories,0
31-1131,2020-05-01,621500,Medical and Diagnostic Laboratories,220
21-1021,2020-05-01,621600,Home Health Care Services,560
21-1022,2020-05-01,621600,Home Health Care Services,20740
21-1023,2020-05-01,621600,Home Health Care Services,510
21-1029,2020-05-01,621600,Home Health Care Services,220
29-1051,2020-05-01,621600,Home Health Care Services,2150
29-1071,2020-05-01,621600,Home Health Care Services,190
29-1141,2020-05-01,621600,Home Health Care Services,169630
29-1151,2020-05-01,621600,Home Health Care Services,80
29-1171,2020-05-01,621600,Home Health Care Services,5790
29-1215,2020-05-01,621600,Home Health Care Services,500
29-1216,2020-05-01,621600,Home Health Care Services,130
29-1223,2020-05-01,621600,Home Health Care Services,40
31-1131,2020-05-01,621600,Home Health Care Services,77300
21-1022,2020-05-01,621900,Other Ambulatory Health Care Services,1120
21-1023,2020-05-01,621900,Other Ambulatory Health Care Services,140
29-1021,2020-05-01,621900,Other Ambulatory Health Care Services,90
29-1051,2020-05-01,621900,Other Ambulatory Health Care Services,190
29-1071,2020-05-01,621900,Other Ambulatory Health Care Services,640
29-1141,2020-05-01,621900,Other Ambulatory Health Care Services,14980
29-1171,2020-05-01,621900,Other Ambulatory Health Care Services,1330
29-1215,2020-05-01,621900,Other Ambulatory Health Care Services,120
29-1216,2020-05-01,621900,Other Ambulatory Health Care Services,30
29-1221,2020-05-01,621900,Other Ambulatory Health Care Services,170
29-1248,2020-05-01,621900,Other Ambulatory Health Care Services,40
31-1131,2020-05-01,621900,Other Ambulatory Health Care Services,450
21-1021,2020-05-01,622100,General Medical and Surgical Hospitals,3570
21-1022,2020-05-01,622100,General Medical and Surgical Hospitals,47590
21-1023,2020-05-01,622100,General Medical and Surgical Hospitals,6020
21-1029,2020-05-01,622100,General Medical and Surgical Hospitals,980
29-1021,2020-05-01,622100,General Medical and Surgical Hospitals,1580
29-1022,2020-05-01,622100,General Medical and Surgical Hospitals,240
29-1023,2020-05-01,622100,General Medical and Surgical Hospitals,90
29-1029,2020-05-01,622100,General Medical and Surgical Hospitals,100
29-1051,2020-05-01,622100,General Medical and Surgical Hospitals,78940
29-1071,2020-05-01,622100,General Medical and Surgical Hospitals,30860
29-1141,2020-05-01,622100,General Medical and Surgical Hospitals,1729200
29-1151,2020-05-01,622100,General Medical and Surgical Hospitals,14030
29-1171,2020-05-01,622100,General Medical and Surgical Hospitals,49920
29-1211,2020-05-01,622100,General Medical and Surgical Hospitals,3920
29-1215,2020-05-01,622100,General Medical and Surgical Hospitals,19210
29-1216,2020-05-01,622100,General Medical and Surgical Hospitals,15900
29-1218,2020-05-01,622100,General Medical and Surgical Hospitals,0
29-1221,2020-05-01,622100,General Medical and Surgical Hospitals,6850
29-1223,2020-05-01,622100,General Medical and Surgical Hospitals,4160
29-1248,2020-05-01,622100,General Medical and Surgical Hospitals,9450
31-1131,2020-05-01,622100,General Medical and Surgical Hospitals,374770
21-1021,2020-05-01,622200,Psychiatric and Substance Abuse Hospitals,880
21-1022,2020-05-01,622200,Psychiatric and Substance Abuse Hospitals,2210
21-1023,2020-05-01,622200,Psychiatric and Substance Abuse Hospitals,9890
21-1029,2020-05-01,622200,Psychiatric and Substance Abuse Hospitals,460
29-1021,2020-05-01,622200,Psychiatric and Substance Abuse Hospitals,140
29-1051,2020-05-01,622200,Psychiatric and Substance Abuse Hospitals,1060
29-1071,2020-05-01,622200,Psychiatric and Substance Abuse Hospitals,360
29-1141,2020-05-01,622200,Psychiatric and Substance Abuse Hospitals,39840
29-1171,2020-05-01,622200,Psychiatric and Substance Abuse Hospitals,1540
29-1215,2020-05-01,622200,Psychiatric and Substance Abuse Hospitals,420
29-1216,2020-05-01,622200,Psychiatric and Substance Abuse Hospitals,140
29-1223,2020-05-01,622200,Psychiatric and Substance Abuse Hospitals,3550
31-1131,2020-05-01,622200,Psychiatric and Substance Abuse Hospitals,5470
21-1021,2020-05-01,622300,Specialty (except Psychiatric and Substance Abuse) Hospitals,180
21-1022,2020-05-01,622300,Specialty (except Psychiatric and Substance Abuse) Hospitals,2250
21-1023,2020-05-01,622300,Specialty (except Psychiatric and Substance Abuse) Hospitals,190
29-1021,2020-05-01,622300,Specialty (except Psychiatric and Substance Abuse) Hospitals,100
29-1051,2020-05-01,622300,Specialty (except Psychiatric and Substance Abuse) Hospitals,3990
29-1071,2020-05-01,622300,Specialty (except Psychiatric and Substance Abuse) Hospitals,1630
29-1141,2020-05-01,622300,Specialty (except Psychiatric and Substance Abuse) Hospitals,63910
29-1151,2020-05-01,622300,Specialty (except Psychiatric and Substance Abuse) Hospitals,530
29-1171,2020-05-01,622300,Specialty (except Psychiatric and Substance Abuse) Hospitals,2500
29-1211,2020-05-01,622300,Specialty (except Psychiatric and Substance Abuse) Hospitals,280
29-1215,2020-05-01,622300,Specialty (except Psychiatric and Substance Abuse) Hospitals,160
29-1216,2020-05-01,622300,Specialty (except Psychiatric and Substance Abuse) Hospitals,860
29-1221,2020-05-01,622300,Specialty (except Psychiatric and Substance Abuse) Hospitals,220
29-1223,2020-05-01,622300,Specialty (except Psychiatric and Substance Abuse) Hospitals,220
29-1248,2020-05-01,622300,Specialty (except Psychiatric and Substance Abuse) Hospitals,600
31-1131,2020-05-01,622300,Specialty (except Psychiatric and Substance Abuse) Hospitals,26260
21-1021,2020-05-01,623100,Nursing Care Facilities (Skilled Nursing Facilities),1050
21-1022,2020-05-01,623100,Nursing Care Facilities (Skilled Nursing Facilities),13680
21-1023,2020-05-01,623100,Nursing Care Facilities (Skilled Nursing Facilities),520
21-1029,2020-05-01,623100,Nursing Care Facilities (Skilled Nursing Facilities),260
29-1021,2020-05-01,623100,Nursing Care Facilities (Skilled Nursing Facilities),40
29-1051,2020-05-01,623100,Nursing Care Facilities (Skilled Nursing Facilities),290
29-1071,2020-05-01,623100,Nursing Care Facilities (Skilled Nursing Facilities),70
29-1141,2020-05-01,623100,Nursing Care Facilities (Skilled Nursing Facilities),143250
29-1171,2020-05-01,623100,Nursing Care Facilities (Skilled Nursing Facilities),1130
29-1215,2020-05-01,623100,Nursing Care Facilities (Skilled Nursing Facilities),50
29-1216,2020-05-01,623100,Nursing Care Facilities (Skilled Nursing Facilities),90
31-1131,2020-05-01,623100,Nursing Care Facilities (Skilled Nursing Facilities),527480
21-1021,2020-05-01,623200,"Residential Intellectual and Developmental Disability, Mental Health, and Substance Abuse Facilities",5660
21-1022,2020-05-01,623200,"Residential Intellectual and Developmental Disability, Mental Health, and Substance Abuse Facilities",2800
21-1023,2020-05-01,623200,"Residential Intellectual and Developmental Disability, Mental Health, and Substance Abuse Facilities",12420
21-1029,2020-05-01,623200,"Residential Intellectual and Developmental Disability, Mental Health, and Substance Abuse Facilities",1090
29-1051,2020-05-01,623200,"Residential Intellectual and Developmental Disability, Mental Health, and Substance Abuse Facilities",70
29-1071,2020-05-01,623200,"Residential Intellectual and Developmental Disability, Mental Health, and Substance Abuse Facilities",110
29-1141,2020-05-01,623200,"Residential Intellectual and Developmental Disability, Mental Health, and Substance Abuse Facilities",16390
29-1171,2020-05-01,623200,"Residential Intellectual and Developmental Disability, Mental Health, and Substance Abuse Facilities",910
29-1215,2020-05-01,623200,"Residential Intellectual and Developmental Disability, Mental Health, and Substance Abuse Facilities",30
29-1223,2020-05-01,623200,"Residential Intellectual and Developmental Disability, Mental Health, and Substance Abuse Facilities",570
31-1131,2020-05-01,623200,"Residential Intellectual and Developmental Disability, Mental Health, and Substance Abuse Facilities",16490
21-1021,2020-05-01,623300,Continuing Care Retirement Communities and Assisted Living Facilities for the Elderly,160
21-1022,2020-05-01,623300,Continuing Care Retirement Communities and Assisted Living Facilities for the Elderly,2910
21-1023,2020-05-01,623300,Continuing Care Retirement Communities and Assisted Living Facilities for the Elderly,30
21-1029,2020-05-01,623300,Continuing Care Retirement Communities and Assisted Living Facilities for the Elderly,60
29-1051,2020-05-01,623300,Continuing Care Retirement Communities and Assisted Living Facilities for the Elderly,0
29-1141,2020-05-01,623300,Continuing Care Retirement Communities and Assisted Living Facilities for the Elderly,34720
29-1171,2020-05-01,623300,Continuing Care Retirement Communities and Assisted Living Facilities for the Elderly,0
31-1131,2020-05-01,623300,Continuing Care Retirement Communities and Assisted Living Facilities for the Elderly,151540
21-1021,2020-05-01,623900,Other Residential Care Facilities,7830
21-1022,2020-05-01,623900,Other Residential Care Facilities,1630
21-1023,2020-05-01,623900,Other Residential Care Facilities,2130
21-1029,2020-05-01,623900,Other Residential Care Facilities,330
29-1051,2020-05-01,623900,Other Residential Care Facilities,40
29-1071,2020-05-01,623900,Other Residential Care Facilities,50
29-1141,2020-05-01,623900,Other Residential Care Facilities,3260
29-1171,2020-05-01,623900,Other Residential Care Facilities,130
29-1221,2020-05-01,623900,Other Residential Care Facilities,80
29-1223,2020-05-01,623900,Other Residential Care Facilities,100
31-1131,2020-05-01,623900,Other Residential Care Facilities,4020
21-1021,2020-05-01,624100,Individual and Family Services,84350
21-1022,2020-05-01,624100,Individual and Family Services,23060
21-1023,2020-05-01,624100,Individual and Family Services,16320
21-1029,2020-05-01,624100,Individual and Family Services,5750
29-1021,2020-05-01,624100,Individual and Family Services,90
29-1051,2020-05-01,624100,Individual and Family Services,260
29-1071,2020-05-01,624100,Individual and Family Services,100
29-1141,2020-05-01,624100,Individual and Family Services,25280
29-1171,2020-05-01,624100,Individual and Family Services,1300
29-1215,2020-05-01,624100,Individual and Family Services,100
29-1223,2020-05-01,624100,Individual and Family Services,750
31-1131,2020-05-01,624100,Individual and Family Services,40850
21-1021,2020-05-01,624200,"Community Food and Housing, and Emergency and Other Relief Services",9620
21-1022,2020-05-01,624200,"Community Food and Housing, and Emergency and Other Relief Services",1450
21-1023,2020-05-01,624200,"Community Food and Housing, and Emergency and Other Relief Services",2600
21-1029,2020-05-01,624200,"Community Food and Housing, and Emergency and Other Relief Services",2620
29-1141,2020-05-01,624200,"Community Food and Housing, and Emergency and Other Relief Services",520
29-1171,2020-05-01,624200,"Community Food and Housing, and Emergency and Other Relief Services",0
29-1223,2020-05-01,624200,"Community Food and Housing, and Emergency and Other Relief Services",50
31-1131,2020-05-01,624200,"Community Food and Housing, and Emergency and Other Relief Services",180
21-1021,2020-05-01,624300,Vocational Rehabilitation Services,1590
21-1022,2020-05-01,624300,Vocational Rehabilitation Services,980
21-1023,2020-05-01,624300,Vocational Rehabilitation Services,1070
21-1029,2020-05-01,624300,Vocational Rehabilitation Services,610
29-1141,2020-05-01,624300,Vocational Rehabilitation Services,1760
29-1171,2020-05-01,624300,Vocational Rehabilitation Services,40
29-1223,2020-05-01,624300,Vocational Rehabilitation Services,30
31-1131,2020-05-01,624300,Vocational Rehabilitation Services,1270
21-1021,2020-05-01,624400,Child Day Care Services,6280
21-1022,2020-05-01,624400,Child Day Care Services,190
21-1023,2020-05-01,624400,Child Day Care Services,260
21-1029,2020-05-01,624400,Child Day Care Services,150
29-1141,2020-05-01,624400,Child Day Care Services,350
31-1131,2020-05-01,624400,Child Day Care Services,0
29-1141,2020-05-01,713100,Amusement Parks and Arcades,50
21-1021,2020-05-01,713900,Other Amusement and Recreation Industries,0
29-1141,2020-05-01,713900,Other Amusement and Recreation Industries,60
29-1141,2020-05-01,721200,RV (Recreational Vehicle) Parks and Recreational Camps,70
31-1131,2020-05-01,722300,Special Food Services,0
29-1071,2020-05-01,812100,Personal Care Services,120
29-1141,2020-05-01,812100,Personal Care Services,550
29-1171,2020-05-01,812100,Personal Care Services,400
21-1021,2020-05-01,813100,Religious Organizations,240
21-1022,2020-05-01,813100,Religious Organizations,90
21-1023,2020-05-01,813100,Religious Organizations,0
21-1029,2020-05-01,813100,Religious Organizations,90
29-1141,2020-05-01,813100,Religious Organizations,790
29-1171,2020-05-01,813100,Religious Organizations,0
31-1131,2020-05-01,813100,Religious Organizations,950
21-1021,2020-05-01,813200,Grantmaking and Giving Services,610
21-1022,2020-05-01,813200,Grantmaking and Giving Services,1050
21-1023,2020-05-01,813200,Grantmaking and Giving Services,140
21-1029,2020-05-01,813200,Grantmaking and Giving Services,70
29-1051,2020-05-01,813200,Grantmaking and Giving Services,30
29-1141,2020-05-01,813200,Grantmaking and Giving Services,290
29-1171,2020-05-01,813200,Grantmaking and Giving Services,80
29-1215,2020-05-01,813200,Grantmaking and Giving Services,80
31-1131,2020-05-01,813200,Grantmaking and Giving Services,0
21-1021,2020-05-01,813300,Social Advocacy Organizations,3720
21-1022,2020-05-01,813300,Social Advocacy Organizations,960
21-1023,2020-05-01,813300,Social Advocacy Organizations,1100
21-1029,2020-05-01,813300,Social Advocacy Organizations,520
29-1141,2020-05-01,813300,Social Advocacy Organizations,340
29-1171,2020-05-01,813300,Social Advocacy Organizations,40
31-1131,2020-05-01,813300,Social Advocacy Organizations,50
21-1021,2020-05-01,813400,Civic and Social Organizations,920
21-1023,2020-05-01,813400,Civic and Social Organizations,70
21-1029,2020-05-01,813400,Civic and Social Organizations,60
29-1141,2020-05-01,813400,Civic and Social Organizations,100
29-1171,2020-05-01,813400,Civic and Social Organizations,30
31-1131,2020-05-01,813400,Civic and Social Organizations,0
21-1021,2020-05-01,813900,"Business, Professional, Labor, Political, and Similar Organizations",0
21-1022,2020-05-01,813900,"Business, Professional, Labor, Political, and Similar Organizations",260
29-1051,2020-05-01,813900,"Business, Professional, Labor, Political, and Similar Organizations",40
29-1141,2020-05-01,813900,"Business, Professional, Labor, Political, and Similar Organizations",560
21-1029,2020-05-01,999100,Federal Executive Branch (OEWS Designation),16330
29-1029,2020-05-01,999100,Federal Executive Branch (OEWS Designation),2060
29-1051,2020-05-01,999100,Federal Executive Branch (OEWS Designation),6280
29-1071,2020-05-01,999100,Federal Executive Branch (OEWS Designation),1390
29-1141,2020-05-01,999100,Federal Executive Branch (OEWS Designation),86860
31-1131,2020-05-01,999100,Federal Executive Branch (OEWS Designation),15790
21-1021,2020-05-01,999200,"State Government, excluding schools and hospitals (OEWS Designation)",69950
21-1022,2020-05-01,999200,"State Government, excluding schools and hospitals (OEWS Designation)",6900
21-1023,2020-05-01,999200,"State Government, excluding schools and hospitals (OEWS Designation)",6090
21-1029,2020-05-01,999200,"State Government, excluding schools and hospitals (OEWS Designation)",9960
29-1021,2020-05-01,999200,"State Government, excluding schools and hospitals (OEWS Designation)",880
29-1051,2020-05-01,999200,"State Government, excluding schools and hospitals (OEWS Designation)",1620
29-1071,2020-05-01,999200,"State Government, excluding schools and hospitals (OEWS Designation)",350
29-1141,2020-05-01,999200,"State Government, excluding schools and hospitals (OEWS Designation)",33120
29-1171,2020-05-01,999200,"State Government, excluding schools and hospitals (OEWS Designation)",1150
29-1215,2020-05-01,999200,"State Government, excluding schools and hospitals (OEWS Designation)",960
29-1216,2020-05-01,999200,"State Government, excluding schools and hospitals (OEWS Designation)",140
29-1223,2020-05-01,999200,"State Government, excluding schools and hospitals (OEWS Designation)",1380
31-1131,2020-05-01,999200,"State Government, excluding schools and hospitals (OEWS Designation)",12090
21-1021,2020-05-01,999300,"Local Government, excluding schools and hospitals (OEWS Designation)",62000
21-1022,2020-05-01,999300,"Local Government, excluding schools and hospitals (OEWS Designation)",7160
21-1023,2020-05-01,999300,"Local Government, excluding schools and hospitals (OEWS Designation)",14220
21-1029,2020-05-01,999300,"Local Government, excluding schools and hospitals (OEWS Designation)",15780
29-1021,2020-05-01,999300,"Local Government, excluding schools and hospitals (OEWS Designation)",850
29-1051,2020-05-01,999300,"Local Government, excluding schools and hospitals (OEWS Designation)",1320
29-1071,2020-05-01,999300,"Local Government, excluding schools and hospitals (OEWS Designation)",960
29-1141,2020-05-01,999300,"Local Government, excluding schools and hospitals (OEWS Designation)",36650
29-1151,2020-05-01,999300,"Local Government, excluding schools and hospitals (OEWS Designation)",60
29-1171,2020-05-01,999300,"Local Government, excluding schools and hospitals (OEWS Designation)",2470
29-1215,2020-05-01,999300,"Local Government, excluding schools and hospitals (OEWS Designation)",1250
29-1216,2020-05-01,999300,"Local Government, excluding schools and hospitals (OEWS Designation)",140
29-1221,2020-05-01,999300,"Local Government, excluding schools and hospitals (OEWS Designation)",50
29-1223,2020-05-01,999300,"Local Government, excluding schools and hospitals (OEWS Designation)",1250
29-1248,2020-05-01,999300,"Local Government, excluding schools and hospitals (OEWS Designation)",0
31-1131,2020-05-01,999300,"Local Government, excluding schools and hospitals (OEWS Designation)",25730
29-1141,2020-05-01,3250A1,"Chemical Manufacturing (3251, 3252, 3253, and 3259 only)",100
29-1141,2020-05-01,3320A1,"Fabricated Metal Product Manufacturing (3321, 3322, 3325, 3326, and 3329 only)",30
29-1141,2020-05-01,3330A1,"Machinery Manufacturing (3331, 3332, 3334, and 3339 only)",60
29-1051,2020-05-01,4240A2,"Merchant Wholesalers, Nondurable Goods (4242 and 4246 only)",7470
29-1141,2020-05-01,4240A2,"Merchant Wholesalers, Nondurable Goods (4242 and 4246 only)",590
29-1051,2020-05-01,4450A1,Food and Beverage Stores (4451 and 4452 only),25490
31-1131,2020-05-01,4450A1,Food and Beverage Stores (4451 and 4452 only),0
29-1051,2020-05-01,5320A1,"Rental and Leasing Services (5322, 5323, and 5324 only)",90
29-1141,2020-05-01,5320A1,"Rental and Leasing Services (5322, 5323, and 5324 only)",300
29-1141,2021-05-01,221100,"Electric Power Generation, Transmission and Distribution",60
29-1141,2021-05-01,311400,Fruit and Vegetable Preserving and Specialty Food Manufacturing,40
29-1141,2021-05-01,311600,Animal Slaughtering and Processing,620
29-1141,2021-05-01,322100,"Pulp, Paper, and Paperboard Mills",50
29-1141,2021-05-01,324100,Petroleum and Coal Products Manufacturing,30
29-1051,2021-05-01,325400,Pharmaceutical and Medicine Manufacturing,620
29-1141,2021-05-01,325400,Pharmaceutical and Medicine Manufacturing,200
29-1141,2021-05-01,326100,Plastics Product Manufacturing,40
29-1141,2021-05-01,334400,Semiconductor and Other Electronic Component Manufacturing,30
29-1229,2021-05-01,334500,"Navigational, Measuring, Electromedical, and Control Instruments Manufacturing",40
29-1141,2021-05-01,336100,Motor Vehicle Manufacturing,130
29-1141,2021-05-01,336300,Motor Vehicle Parts Manufacturing,140
29-1141,2021-05-01,336400,Aerospace Product and Parts Manufacturing,80
29-1229,2021-05-01,336400,Aerospace Product and Parts Manufacturing,50
29-1021,2021-05-01,339100,Medical Equipment and Supplies Manufacturing,50
29-1141,2021-05-01,339100,Medical Equipment and Supplies Manufacturing,70
29-1051,2021-05-01,423400,Professional and Commercial Equipment and Supplies Merchant Wholesalers,290
29-1141,2021-05-01,423400,Professional and Commercial Equipment and Supplies Merchant Wholesalers,720
29-1229,2021-05-01,423400,Professional and Commercial Equipment and Supplies Merchant Wholesalers,110
29-1051,2021-05-01,425100,Wholesale Electronic Markets and Agents and Brokers,190
21-1022,2021-05-01,446100,Health and Personal Care Stores,140
29-1051,2021-05-01,446100,Health and Personal Care Stores,126060
29-1141,2021-05-01,446100,Health and Personal Care Stores,1780
29-1171,2021-05-01,446100,Health and Personal Care Stores,300
29-1051,2021-05-01,452000,General Merchandise Stores,19540
29-1051,2021-05-01,453900,Other Miscellaneous Store Retailers,250
29-1051,2021-05-01,454100,Electronic Shopping and Mail-Order Houses,5950
29-1141,2021-05-01,454100,Electronic Shopping and Mail-Order Houses,220
29-1141,2021-05-01,481200,Nonscheduled Air Transportation,100
29-1141,2021-05-01,491100,Postal Service (federal government),130
29-1051,2021-05-01,493100,Warehousing and Storage,70
29-1141,2021-05-01,493100,Warehousing and Storage,90
29-1141,2021-05-01,511100,"Newspaper, Periodical, Book, and Directory Publishers",60
29-1141,2021-05-01,511200,Software Publishers,210
29-1141,2021-05-01,518200,"Data Processing, Hosting, and Related Services",440
29-1141,2021-05-01,519100,Other Information Services,0
29-1141,2021-05-01,523000,"Securities, Commodity Contracts, and Other Financial Investments and Related Activities",0
21-1022,2021-05-01,524100,Insurance Carriers,5260
21-1023,2021-05-01,524100,Insurance Carriers,170
21-1029,2021-05-01,524100,Insurance Carriers,80
29-1051,2021-05-01,524100,Insurance Carriers,2500
29-1141,2021-05-01,524100,Insurance Carriers,31360
29-1171,2021-05-01,524100,Insurance Carriers,1370
29-1229,2021-05-01,524100,Insurance Carriers,260
31-1131,2021-05-01,524100,Insurance Carriers,30
21-1022,2021-05-01,524200,"Agencies, Brokerages, and Other Insurance Related Activities",2170
21-1023,2021-05-01,524200,"Agencies, Brokerages, and Other Insurance Related Activities",220
29-1021,2021-05-01,524200,"Agencies, Brokerages, and Other Insurance Related Activities",0
29-1051,2021-05-01,524200,"Agencies, Brokerages, and Other Insurance Related Activities",960
29-1141,2021-05-01,524200,"Agencies, Brokerages, and Other Insurance Related Activities",10780
29-1229,2021-05-01,524200,"Agencies, Brokerages, and Other Insurance Related Activities",0
29-1141,2021-05-01,525900,Other Investment Pools and Funds,0
21-1021,2021-05-01,531000,Real Estate,0
21-1029,2021-05-01,531000,Real Estate,250
21-1021,2021-05-01,541100,Legal Services,530
21-1029,2021-05-01,541100,Legal Services,410
29-1141,2021-05-01,541100,Legal Services,480
21-1022,2021-05-01,541200,"Accounting, Tax Preparation, Bookkeeping, and Payroll Services",30
29-1051,2021-05-01,541200,"Accounting, Tax Preparation, Bookkeeping, and Payroll Services",50
29-1141,2021-05-01,541200,"Accounting, Tax Preparation, Bookkeeping, and Payroll Services",710
29-1171,2021-05-01,541200,"Accounting, Tax Preparation, Bookkeeping, and Payroll Services",50
29-1141,2021-05-01,541300,"Architectural, Engineering, and Related Services",60
29-1051,2021-05-01,541500,Computer Systems Design and Related Services,0
29-1141,2021-05-01,541500,Computer Systems Design and Related Services,1270
29-1171,2021-05-01,541500,Computer Systems Design and Related Services,0
21-1021,2021-05-01,541600,"Management, Scientific, and Technical Consulting Services",230
21-1022,2021-05-01,541600,"Management, Scientific, and Technical Consulting Services",1310
21-1023,2021-05-01,541600,"Management, Scientific, and Technical Consulting Services",0
29-1051,2021-05-01,541600,"Management, Scientific, and Technical Consulting Services",870
29-1141,2021-05-01,541600,"Management, Scientific, and Technical Consulting Services",5900
29-1171,2021-05-01,541600,"Management, Scientific, and Technical Consulting Services",180
29-1229,2021-05-01,541600,"Management, Scientific, and Technical Consulting Services",0
31-1131,2021-05-01,541600,"Management, Scientific, and Technical Consulting Services",0
21-1021,2021-05-01,541700,Scientific Research and Development Services,40
21-1022,2021-05-01,541700,Scientific Research and Development Services,130
21-1023,2021-05-01,541700,Scientific Research and Development Services,80
21-1029,2021-05-01,541700,Scientific Research and Development Services,0
29-1051,2021-05-01,541700,Scientific Research and Development Services,310
29-1071,2021-05-01,541700,Scientific Research and Development Services,270
29-1141,2021-05-01,541700,Scientific Research and Development Services,2650
29-1171,2021-05-01,541700,Scientific Research and Development Services,490
29-1216,2021-05-01,541700,Scientific Research and Development Services,40
29-1222,2021-05-01,541700,Scientific Research and Development Services,120
29-1223,2021-05-01,541700,Scientific Research and Development Services,60
29-1224,2021-05-01,541700,Scientific Research and Development Services,50
29-1229,2021-05-01,541700,Scientific Research and Development Services,1150
29-1249,2021-05-01,541700,Scientific Research and Development Services,300
31-1131,2021-05-01,541700,Scientific Research and Development Services,220
21-1021,2021-05-01,541900,"Other Professional, Scientific, and Technical Services",0
21-1022,2021-05-01,541900,"Other Professional, Scientific, and Technical Services",50
29-1051,2021-05-01,541900,"Other Professional, Scientific, and Technical Services",180
29-1141,2021-05-01,541900,"Other Professional, Scientific, and Technical Services",0
29-1224,2021-05-01,541900,"Other Professional, Scientific, and Technical Services",30
29-1229,2021-05-01,541900,"Other Professional, Scientific, and Technical Services",0
29-1241,2021-05-01,541900,"Other Professional, Scientific, and Technical Services",0
21-1021,2021-05-01,551100,Management of Companies and Enterprises,3380
21-1022,2021-05-01,551100,Management of Companies and Enterprises,2170
21-1023,2021-05-01,551100,Management of Companies and Enterprises,1070
21-1029,2021-05-01,551100,Management of Companies and Enterprises,320
29-1021,2021-05-01,551100,Management of Companies and Enterprises,70
29-1051,2021-05-01,551100,Management of Companies and Enterprises,3050
29-1071,2021-05-01,551100,Management of Companies and Enterprises,330
29-1141,2021-05-01,551100,Management of Companies and Enterprises,18880
29-1171,2021-05-01,551100,Management of Companies and Enterprises,1210
29-1212,2021-05-01,551100,Management of Companies and Enterprises,40
29-1214,2021-05-01,551100,Management of Companies and Enterprises,50
29-1215,2021-05-01,551100,Management of Companies and Enterprises,370
29-1216,2021-05-01,551100,Management of Companies and Enterprises,440
29-1221,2021-05-01,551100,Management of Companies and Enterprises,90
29-1223,2021-05-01,551100,Management of Companies and Enterprises,100
29-1229,2021-05-01,551100,Management of Companies and Enterprises,680
29-1249,2021-05-01,551100,Management of Companies and Enterprises,70
31-1131,2021-05-01,551100,Management of Companies and Enterprises,1480
21-1021,2021-05-01,561100,Office Administrative Services,0
21-1022,2021-05-01,561100,Office Administrative Services,620
29-1051,2021-05-01,561100,Office Administrative Services,0
29-1071,2021-05-01,561100,Office Administrative Services,0
29-1141,2021-05-01,561100,Office Administrative Services,6650
29-1171,2021-05-01,561100,Office Administrative Services,410
29-1141,2021-05-01,561200,Facilities Support Services,970
31-1131,2021-05-01,561200,Facilities Support Services,90
21-1021,2021-05-01,561300,Employment Services,0
21-1022,2021-05-01,561300,Employment Services,1240
21-1023,2021-05-01,561300,Employment Services,890
21-1029,2021-05-01,561300,Employment Services,450
29-1021,2021-05-01,561300,Employment Services,0
29-1051,2021-05-01,561300,Employment Services,1500
29-1071,2021-05-01,561300,Employment Services,0
29-1141,2021-05-01,561300,Employment Services,77220
29-1171,2021-05-01,561300,Employment Services,0
29-1215,2021-05-01,561300,Employment Services,470
29-1216,2021-05-01,561300,Employment Services,80
29-1224,2021-05-01,561300,Employment Services,130
29-1229,2021-05-01,561300,Employment Services,1240
31-1131,2021-05-01,561300,Employment Services,38910
29-1141,2021-05-01,561400,Business Support Services,1500
21-1021,2021-05-01,611100,Elementary and Secondary Schools,45540
21-1022,2021-05-01,611100,Elementary and Secondary Schools,340
21-1023,2021-05-01,611100,Elementary and Secondary Schools,1000
21-1029,2021-05-01,611100,Elementary and Secondary Schools,0
29-1141,2021-05-01,611100,Elementary and Secondary Schools,57410
29-1171,2021-05-01,611100,Elementary and Secondary Schools,880
29-1223,2021-05-01,611100,Elementary and Secondary Schools,70
31-1131,2021-05-01,611100,Elementary and Secondary Schools,6580
21-1021,2021-05-01,611200,Junior Colleges,420
21-1022,2021-05-01,611200,Junior Colleges,40
21-1029,2021-05-01,611200,Junior Colleges,170
29-1021,2021-05-01,611200,Junior Colleges,80
29-1141,2021-05-01,611200,Junior Colleges,760
29-1171,2021-05-01,611200,Junior Colleges,50
31-1131,2021-05-01,611200,Junior Colleges,70
21-1021,2021-05-01,611300,"Colleges, Universities, and Professional Schools",2100
21-1022,2021-05-01,611300,"Colleges, Universities, and Professional Schools",1620
21-1023,2021-05-01,611300,"Colleges, Universities, and Professional Schools",390
21-1029,2021-05-01,611300,"Colleges, Universities, and Professional Schools",290
29-1021,2021-05-01,611300,"Colleges, Universities, and Professional Schools",330
29-1022,2021-05-01,611300,"Colleges, Universities, and Professional Schools",150
29-1051,2021-05-01,611300,"Colleges, Universities, and Professional Schools",2090
29-1071,2021-05-01,611300,"Colleges, Universities, and Professional Schools",4130
29-1141,2021-05-01,611300,"Colleges, Universities, and Professional Schools",25170
29-1151,2021-05-01,611300,"Colleges, Universities, and Professional Schools",960
29-1171,2021-05-01,611300,"Colleges, Universities, and Professional Schools",5930
29-1211,2021-05-01,611300,"Colleges, Universities, and Professional Schools",570
29-1212,2021-05-01,611300,"Colleges, Universities, and Professional Schools",80
29-1213,2021-05-01,611300,"Colleges, Universities, and Professional Schools",60
29-1214,2021-05-01,611300,"Colleges, Universities, and Professional Schools",390
29-1215,2021-05-01,611300,"Colleges, Universities, and Professional Schools",940
29-1216,2021-05-01,611300,"Colleges, Universities, and Professional Schools",1130
29-1217,2021-05-01,611300,"Colleges, Universities, and Professional Schools",100
29-1218,2021-05-01,611300,"Colleges, Universities, and Professional Schools",310
29-1221,2021-05-01,611300,"Colleges, Universities, and Professional Schools",550
29-1222,2021-05-01,611300,"Colleges, Universities, and Professional Schools",190
29-1223,2021-05-01,611300,"Colleges, Universities, and Professional Schools",600
29-1224,2021-05-01,611300,"Colleges, Universities, and Professional Schools",320
29-1229,2021-05-01,611300,"Colleges, Universities, and Professional Schools",8540
29-1241,2021-05-01,611300,"Colleges, Universities, and Professional Schools",60
29-1242,2021-05-01,611300,"Colleges, Universities, and Professional Schools",140
29-1249,2021-05-01,611300,"Colleges, Universities, and Professional Schools",590
31-1131,2021-05-01,611300,"Colleges, Universities, and Professional Schools",4470
21-1021,2021-05-01,611400,Business Schools and Computer and Management Training,110
29-1141,2021-05-01,611400,Business Schools and Computer and Management Training,150
29-1141,2021-05-01,611500,Technical and Trade Schools,130
31-1131,2021-05-01,611500,Technical and Trade Schools,0
21-1021,2021-05-01,611600,Other Schools and Instruction,160
21-1023,2021-05-01,611600,Other Schools and Instruction,40
21-1029,2021-05-01,611600,Other Schools and Instruction,90
29-1141,2021-05-01,611600,Other Schools and Instruction,80
21-1021,2021-05-01,611700,Educational Support Services,2410
21-1023,2021-05-01,611700,Educational Support Services,150
29-1141,2021-05-01,611700,Educational Support Services,470
21-1021,2021-05-01,621100,Offices of Physicians,1030
21-1022,2021-05-01,621100,Offices of Physicians,7920
21-1023,2021-05-01,621100,Offices of Physicians,2440
21-1029,2021-05-01,621100,Offices of Physicians,240
29-1021,2021-05-01,621100,Offices of Physicians,2890
29-1023,2021-05-01,621100,Offices of Physicians,0
29-1029,2021-05-01,621100,Offices of Physicians,40
29-1051,2021-05-01,621100,Offices of Physicians,6620
29-1071,2021-05-01,621100,Offices of Physicians,70000
29-1141,2021-05-01,621100,Offices of Physicians,199130
29-1151,2021-05-01,621100,Offices of Physicians,23270
29-1171,2021-05-01,621100,Offices of Physicians,110490
29-1211,2021-05-01,621100,Offices of Physicians,25120
29-1212,2021-05-01,621100,Offices of Physicians,14450
29-1213,2021-05-01,621100,Offices of Physicians,7970
29-1214,2021-05-01,621100,Offices of Physicians,22740
29-1215,2021-05-01,621100,Offices of Physicians,70790
29-1216,2021-05-01,621100,Offices of Physicians,34170
29-1217,2021-05-01,621100,Offices of Physicians,4230
29-1218,2021-05-01,621100,Offices of Physicians,15640
29-1221,2021-05-01,621100,Offices of Physicians,23540
29-1222,2021-05-01,621100,Offices of Physicians,4320
29-1223,2021-05-01,621100,Offices of Physicians,7980
29-1224,2021-05-01,621100,Offices of Physicians,19210
29-1229,2021-05-01,621100,Offices of Physicians,102660
29-1241,2021-05-01,621100,Offices of Physicians,9410
29-1242,2021-05-01,621100,Offices of Physicians,13160
29-1243,2021-05-01,621100,Offices of Physicians,330
29-1249,2021-05-01,621100,Offices of Physicians,19710
31-1131,2021-05-01,621100,Offices of Physicians,17450
21-1022,2021-05-01,621200,Offices of Dentists,0
29-1021,2021-05-01,621200,Offices of Dentists,96750
29-1022,2021-05-01,621200,Offices of Dentists,4770
29-1023,2021-05-01,621200,Offices of Dentists,4610
29-1024,2021-05-01,621200,Offices of Dentists,710
29-1029,2021-05-01,621200,Offices of Dentists,2220
29-1141,2021-05-01,621200,Offices of Dentists,1220
29-1171,2021-05-01,621200,Offices of Dentists,110
21-1021,2021-05-01,621300,Offices of Other Health Practitioners,3810
21-1022,2021-05-01,621300,Offices of Other Health Practitioners,2640
21-1023,2021-05-01,621300,Offices of Other Health Practitioners,8470
21-1029,2021-05-01,621300,Offices of Other Health Practitioners,200
29-1021,2021-05-01,621300,Offices of Other Health Practitioners,350
29-1051,2021-05-01,621300,Offices of Other Health Practitioners,900
29-1071,2021-05-01,621300,Offices of Other Health Practitioners,1610
29-1141,2021-05-01,621300,Offices of Other Health Practitioners,14430
29-1151,2021-05-01,621300,Offices of Other Health Practitioners,2670
29-1171,2021-05-01,621300,Offices of Other Health Practitioners,9360
29-1211,2021-05-01,621300,Offices of Other Health Practitioners,470
29-1213,2021-05-01,621300,Offices of Other Health Practitioners,0
29-1214,2021-05-01,621300,Offices of Other Health Practitioners,210
29-1215,2021-05-01,621300,Offices of Other Health Practitioners,810
29-1216,2021-05-01,621300,Offices of Other Health Practitioners,220
29-1217,2021-05-01,621300,Offices of Other Health Practitioners,0
29-1221,2021-05-01,621300,Offices of Other Health Practitioners,40
29-1223,2021-05-01,621300,Offices of Other Health Practitioners,910
29-1229,2021-05-01,621300,Offices of Other Health Practitioners,1980
29-1241,2021-05-01,621300,Offices of Other Health Practitioners,700
29-1249,2021-05-01,621300,Offices of Other Health Practitioners,120
31-1131,2021-05-01,621300,Offices of Other Health Practitioners,4410
21-1021,2021-05-01,621400,Outpatient Care Centers,8230
21-1022,2021-05-01,621400,Outpatient Care Centers,13480
21-1023,2021-05-01,621400,Outpatient Care Centers,24900
21-1029,2021-05-01,621400,Outpatient Care Centers,580
29-1021,2021-05-01,621400,Outpatient Care Centers,3250
29-1022,2021-05-01,621400,Outpatient Care Centers,60
29-1051,2021-05-01,621400,Outpatient Care Centers,7300
29-1071,2021-05-01,621400,Outpatient Care Centers,13450
29-1141,2021-05-01,621400,Outpatient Care Centers,147720
29-1151,2021-05-01,621400,Outpatient Care Centers,2260
29-1171,2021-05-01,621400,Outpatient Care Centers,22630
29-1211,2021-05-01,621400,Outpatient Care Centers,340
29-1212,2021-05-01,621400,Outpatient Care Centers,340
29-1213,2021-05-01,621400,Outpatient Care Centers,150
29-1214,2021-05-01,621400,Outpatient Care Centers,2680
29-1215,2021-05-01,621400,Outpatient Care Centers,6520
29-1216,2021-05-01,621400,Outpatient Care Centers,2910
29-1217,2021-05-01,621400,Outpatient Care Centers,120
29-1218,2021-05-01,621400,Outpatient Care Centers,1060
29-1221,2021-05-01,621400,Outpatient Care Centers,1850
29-1222,2021-05-01,621400,Outpatient Care Centers,100
29-1223,2021-05-01,621400,Outpatient Care Centers,3090
29-1224,2021-05-01,621400,Outpatient Care Centers,180
29-1229,2021-05-01,621400,Outpatient Care Centers,7120
29-1241,2021-05-01,621400,Outpatient Care Centers,210
29-1242,2021-05-01,621400,Outpatient Care Centers,150
29-1249,2021-05-01,621400,Outpatient Care Centers,840
31-1131,2021-05-01,621400,Outpatient Care Centers,11830
29-1051,2021-05-01,621500,Medical and Diagnostic Laboratories,130
29-1071,2021-05-01,621500,Medical and Diagnostic Laboratories,590
29-1141,2021-05-01,621500,Medical and Diagnostic Laboratories,4040
29-1171,2021-05-01,621500,Medical and Diagnostic Laboratories,250
29-1215,2021-05-01,621500,Medical and Diagnostic Laboratories,70
29-1216,2021-05-01,621500,Medical and Diagnostic Laboratories,110
29-1222,2021-05-01,621500,Medical and Diagnostic Laboratories,2790
29-1224,2021-05-01,621500,Medical and Diagnostic Laboratories,3740
29-1229,2021-05-01,621500,Medical and Diagnostic Laboratories,1080
29-1249,2021-05-01,621500,Medical and Diagnostic Laboratories,0
31-1131,2021-05-01,621500,Medical and Diagnostic Laboratories,180
21-1021,2021-05-01,621600,Home Health Care Services,610
21-1022,2021-05-01,621600,Home Health Care Services,21350
21-1023,2021-05-01,621600,Home Health Care Services,630
21-1029,2021-05-01,621600,Home Health Care Services,200
29-1021,2021-05-01,621600,Home Health Care Services,0
29-1051,2021-05-01,621600,Home Health Care Services,1860
29-1071,2021-05-01,621600,Home Health Care Services,280
29-1141,2021-05-01,621600,Home Health Care Services,173790
29-1171,2021-05-01,621600,Home Health Care Services,6630
29-1215,2021-05-01,621600,Home Health Care Services,300
29-1216,2021-05-01,621600,Home Health Care Services,110
29-1229,2021-05-01,621600,Home Health Care Services,1000
31-1131,2021-05-01,621600,Home Health Care Services,83560
21-1022,2021-05-01,621900,Other Ambulatory Health Care Services,1420
29-1021,2021-05-01,621900,Other Ambulatory Health Care Services,80
29-1051,2021-05-01,621900,Other Ambulatory Health Care Services,460
29-1071,2021-05-01,621900,Other Ambulatory Health Care Services,770
29-1141,2021-05-01,621900,Other Ambulatory Health Care Services,16600
29-1151,2021-05-01,621900,Other Ambulatory Health Care Services,60
29-1171,2021-05-01,621900,Other Ambulatory Health Care Services,1910
29-1214,2021-05-01,621900,Other Ambulatory Health Care Services,80
29-1215,2021-05-01,621900,Other Ambulatory Health Care Services,180
29-1216,2021-05-01,621900,Other Ambulatory Health Care Services,60
29-1221,2021-05-01,621900,Other Ambulatory Health Care Services,50
29-1223,2021-05-01,621900,Other Ambulatory Health Care Services,110
29-1224,2021-05-01,621900,Other Ambulatory Health Care Services,70
29-1229,2021-05-01,621900,Other Ambulatory Health Care Services,540
31-1131,2021-05-01,621900,Other Ambulatory Health Care Services,640
21-1021,2021-05-01,622100,General Medical and Surgical Hospitals,3020
21-1022,2021-05-01,622100,General Medical and Surgical Hospitals,43120
21-1023,2021-05-01,622100,General Medical and Surgical Hospitals,5980
21-1029,2021-05-01,622100,General Medical and Surgical Hospitals,550
29-1021,2021-05-01,622100,General Medical and Surgical Hospitals,1860
29-1022,2021-05-01,622100,General Medical and Surgical Hospitals,260
29-1023,2021-05-01,622100,General Medical and Surgical Hospitals,150
29-1029,2021-05-01,622100,General Medical and Surgical Hospitals,170
29-1051,2021-05-01,622100,General Medical and Surgical Hospitals,81500
29-1071,2021-05-01,622100,General Medical and Surgical Hospitals,30020
29-1141,2021-05-01,622100,General Medical and Surgical Hospitals,1752210
29-1151,2021-05-01,622100,General Medical and Surgical Hospitals,13990
29-1171,2021-05-01,622100,General Medical and Surgical Hospitals,52790
29-1211,2021-05-01,622100,General Medical and Surgical Hospitals,4280
29-1212,2021-05-01,622100,General Medical and Surgical Hospitals,3460
29-1213,2021-05-01,622100,General Medical and Surgical Hospitals,0
29-1214,2021-05-01,622100,General Medical and Surgical Hospitals,9650
29-1215,2021-05-01,622100,General Medical and Surgical Hospitals,19360
29-1216,2021-05-01,622100,General Medical and Surgical Hospitals,17450
29-1217,2021-05-01,622100,General Medical and Surgical Hospitals,2350
29-1218,2021-05-01,622100,General Medical and Surgical Hospitals,0
29-1221,2021-05-01,622100,General Medical and Surgical Hospitals,7060
29-1222,2021-05-01,622100,General Medical and Surgical Hospitals,2440
29-1223,2021-05-01,622100,General Medical and Surgical Hospitals,4580
29-1224,2021-05-01,622100,General Medical and Surgical Hospitals,4710
29-1229,2021-05-01,622100,General Medical and Surgical Hospitals,84910
29-1241,2021-05-01,622100,General Medical and Surgical Hospitals,820
29-1242,2021-05-01,622100,General Medical and Surgical Hospitals,2470
29-1243,2021-05-01,622100,General Medical and Surgical Hospitals,410
29-1249,2021-05-01,622100,General Medical and Surgical Hospitals,7500
31-1131,2021-05-01,622100,General Medical and Surgical Hospitals,386510
21-1021,2021-05-01,622200,Psychiatric and Substance Abuse Hospitals,840
21-1022,2021-05-01,622200,Psychiatric and Substance Abuse Hospitals,2420
21-1023,2021-05-01,622200,Psychiatric and Substance Abuse Hospitals,10370
21-1029,2021-05-01,622200,Psychiatric and Substance Abuse Hospitals,410
29-1021,2021-05-01,622200,Psychiatric and Substance Abuse Hospitals,90
29-1051,2021-05-01,622200,Psychiatric and Substance Abuse Hospitals,1390
29-1071,2021-05-01,622200,Psychiatric and Substance Abuse Hospitals,400
29-1141,2021-05-01,622200,Psychiatric and Substance Abuse Hospitals,41290
29-1171,2021-05-01,622200,Psychiatric and Substance Abuse Hospitals,2130
29-1215,2021-05-01,622200,Psychiatric and Substance Abuse Hospitals,210
29-1216,2021-05-01,622200,Psychiatric and Substance Abuse Hospitals,220
29-1223,2021-05-01,622200,Psychiatric and Substance Abuse Hospitals,3150
29-1229,2021-05-01,622200,Psychiatric and Substance Abuse Hospitals,710
31-1131,2021-05-01,622200,Psychiatric and Substance Abuse Hospitals,9110
21-1021,2021-05-01,622300,Specialty (except Psychiatric and Substance Abuse) Hospitals,220
21-1022,2021-05-01,622300,Specialty (except Psychiatric and Substance Abuse) Hospitals,2530
21-1023,2021-05-01,622300,Specialty (except Psychiatric and Substance Abuse) Hospitals,180
29-1021,2021-05-01,622300,Specialty (except Psychiatric and Substance Abuse) Hospitals,80
29-1051,2021-05-01,622300,Specialty (except Psychiatric and Substance Abuse) Hospitals,3850
29-1071,2021-05-01,622300,Specialty (except Psychiatric and Substance Abuse) Hospitals,1520
29-1141,2021-05-01,622300,Specialty (except Psychiatric and Substance Abuse) Hospitals,65070
29-1151,2021-05-01,622300,Specialty (except Psychiatric and Substance Abuse) Hospitals,440
29-1171,2021-05-01,622300,Specialty (except Psychiatric and Substance Abuse) Hospitals,1900
29-1211,2021-05-01,622300,Specialty (except Psychiatric and Substance Abuse) Hospitals,240
29-1212,2021-05-01,622300,Specialty (except Psychiatric and Substance Abuse) Hospitals,100
29-1214,2021-05-01,622300,Specialty (except Psychiatric and Substance Abuse) Hospitals,100
29-1215,2021-05-01,622300,Specialty (except Psychiatric and Substance Abuse) Hospitals,120
29-1216,2021-05-01,622300,Specialty (except Psychiatric and Substance Abuse) Hospitals,620
29-1217,2021-05-01,622300,Specialty (except Psychiatric and Substance Abuse) Hospitals,140
29-1221,2021-05-01,622300,Specialty (except Psychiatric and Substance Abuse) Hospitals,160
29-1223,2021-05-01,622300,Specialty (except Psychiatric and Substance Abuse) Hospitals,180
29-1224,2021-05-01,622300,Specialty (except Psychiatric and Substance Abuse) Hospitals,250
29-1229,2021-05-01,622300,Specialty (except Psychiatric and Substance Abuse) Hospitals,2490
29-1242,2021-05-01,622300,Specialty (except Psychiatric and Substance Abuse) Hospitals,90
29-1243,2021-05-01,622300,Specialty (except Psychiatric and Substance Abuse) Hospitals,60
29-1249,2021-05-01,622300,Specialty (except Psychiatric and Substance Abuse) Hospitals,240
31-1131,2021-05-01,622300,Specialty (except Psychiatric and Substance Abuse) Hospitals,26100
21-1021,2021-05-01,623100,Nursing Care Facilities (Skilled Nursing Facilities),600
21-1022,2021-05-01,623100,Nursing Care Facilities (Skilled Nursing Facilities),13510
21-1023,2021-05-01,623100,Nursing Care Facilities (Skilled Nursing Facilities),250
21-1029,2021-05-01,623100,Nursing Care Facilities (Skilled Nursing Facilities),90
29-1051,2021-05-01,623100,Nursing Care Facilities (Skilled Nursing Facilities),190
29-1071,2021-05-01,623100,Nursing Care Facilities (Skilled Nursing Facilities),40
29-1141,2021-05-01,623100,Nursing Care Facilities (Skilled Nursing Facilities),131320
29-1171,2021-05-01,623100,Nursing Care Facilities (Skilled Nursing Facilities),1710
29-1215,2021-05-01,623100,Nursing Care Facilities (Skilled Nursing Facilities),80
29-1216,2021-05-01,623100,Nursing Care Facilities (Skilled Nursing Facilities),80
29-1229,2021-05-01,623100,Nursing Care Facilities (Skilled Nursing Facilities),150
31-1131,2021-05-01,623100,Nursing Care Facilities (Skilled Nursing Facilities),471160
21-1021,2021-05-01,623200,"Residential Intellectual and Developmental Disability, Mental Health, and Substance Abuse Facilities",4210
21-1022,2021-05-01,623200,"Residential Intellectual and Developmental Disability, Mental Health, and Substance Abuse Facilities",3660
21-1023,2021-05-01,623200,"Residential Intellectual and Developmental Disability, Mental Health, and Substance Abuse Facilities",11960
21-1029,2021-05-01,623200,"Residential Intellectual and Developmental Disability, Mental Health, and Substance Abuse Facilities",510
29-1051,2021-05-01,623200,"Residential Intellectual and Developmental Disability, Mental Health, and Substance Abuse Facilities",80
29-1071,2021-05-01,623200,"Residential Intellectual and Developmental Disability, Mental Health, and Substance Abuse Facilities",180
29-1141,2021-05-01,623200,"Residential Intellectual and Developmental Disability, Mental Health, and Substance Abuse Facilities",17360
29-1171,2021-05-01,623200,"Residential Intellectual and Developmental Disability, Mental Health, and Substance Abuse Facilities",1380
29-1223,2021-05-01,623200,"Residential Intellectual and Developmental Disability, Mental Health, and Substance Abuse Facilities",680
29-1229,2021-05-01,623200,"Residential Intellectual and Developmental Disability, Mental Health, and Substance Abuse Facilities",260
31-1131,2021-05-01,623200,"Residential Intellectual and Developmental Disability, Mental Health, and Substance Abuse Facilities",11870
21-1021,2021-05-01,623300,Continuing Care Retirement Communities and Assisted Living Facilities for the Elderly,100
21-1022,2021-05-01,623300,Continuing Care Retirement Communities and Assisted Living Facilities for the Elderly,3330
21-1023,2021-05-01,623300,Continuing Care Retirement Communities and Assisted Living Facilities for the Elderly,60
21-1029,2021-05-01,623300,Continuing Care Retirement Communities and Assisted Living Facilities for the Elderly,100
29-1051,2021-05-01,623300,Continuing Care Retirement Communities and Assisted Living Facilities for the Elderly,70
29-1141,2021-05-01,623300,Continuing Care Retirement Communities and Assisted Living Facilities for the Elderly,32220
31-1131,2021-05-01,623300,Continuing Care Retirement Communities and Assisted Living Facilities for the Elderly,140850
21-1021,2021-05-01,623900,Other Residential Care Facilities,7020
21-1022,2021-05-01,623900,Other Residential Care Facilities,1320
21-1023,2021-05-01,623900,Other Residential Care Facilities,1820
21-1029,2021-05-01,623900,Other Residential Care Facilities,210
29-1141,2021-05-01,623900,Other Residential Care Facilities,2860
29-1171,2021-05-01,623900,Other Residential Care Facilities,80
29-1221,2021-05-01,623900,Other Residential Care Facilities,0
29-1223,2021-05-01,623900,Other Residential Care Facilities,70
31-1131,2021-05-01,623900,Other Residential Care Facilities,3170
21-1021,2021-05-01,624100,Individual and Family Services,83080
21-1022,2021-05-01,624100,Individual and Family Services,22040
21-1023,2021-05-01,624100,Individual and Family Services,14860
21-1029,2021-05-01,624100,Individual and Family Services,5200
29-1021,2021-05-01,624100,Individual and Family Services,70
29-1051,2021-05-01,624100,Individual and Family Services,180
29-1071,2021-05-01,624100,Individual and Family Services,190
29-1141,2021-05-01,624100,Individual and Family Services,24240
29-1171,2021-05-01,624100,Individual and Family Services,1560
29-1215,2021-05-01,624100,Individual and Family Services,0
29-1223,2021-05-01,624100,Individual and Family Services,960
29-1229,2021-05-01,624100,Individual and Family Services,0
31-1131,2021-05-01,624100,Individual and Family Services,36250
21-1021,2021-05-01,624200,"Community Food and Housing, and Emergency and Other Relief Services",9970
21-1022,2021-05-01,624200,"Community Food and Housing, and Emergency and Other Relief Services",2250
21-1023,2021-05-01,624200,"Community Food and Housing, and Emergency and Other Relief Services",2050
21-1029,2021-05-01,624200,"Community Food and Housing, and Emergency and Other Relief Services",2360
29-1141,2021-05-01,624200,"Community Food and Housing, and Emergency and Other Relief Services",580
29-1171,2021-05-01,624200,"Community Food and Housing, and Emergency and Other Relief Services",130
29-1215,2021-05-01,624200,"Community Food and Housing, and Emergency and Other Relief Services",30
31-1131,2021-05-01,624200,"Community Food and Housing, and Emergency and Other Relief Services",50
21-1021,2021-05-01,624300,Vocational Rehabilitation Services,1740
21-1022,2021-05-01,624300,Vocational Rehabilitation Services,1070
21-1023,2021-05-01,624300,Vocational Rehabilitation Services,860
21-1029,2021-05-01,624300,Vocational Rehabilitation Services,560
29-1141,2021-05-01,624300,Vocational Rehabilitation Services,1520
29-1171,2021-05-01,624300,Vocational Rehabilitation Services,100
29-1223,2021-05-01,624300,Vocational Rehabilitation Services,40
31-1131,2021-05-01,624300,Vocational Rehabilitation Services,820
21-1021,2021-05-01,624400,Child Day Care Services,6970
21-1022,2021-05-01,624400,Child Day Care Services,70
21-1023,2021-05-01,624400,Child Day Care Services,250
21-1029,2021-05-01,624400,Child Day Care Services,60
29-1141,2021-05-01,624400,Child Day Care Services,480
31-1131,2021-05-01,624400,Child Day Care Services,0
29-1229,2021-05-01,711200,Spectator Sports,60
29-1141,2021-05-01,713900,Other Amusement and Recreation Industries,70
21-1023,2021-05-01,812100,Personal Care Services,0
29-1071,2021-05-01,812100,Personal Care Services,200
29-1141,2021-05-01,812100,Personal Care Services,1470
29-1171,2021-05-01,812100,Personal Care Services,620
29-1229,2021-05-01,812100,Personal Care Services,100
31-1131,2021-05-01,812100,Personal Care Services,0
29-1141,2021-05-01,812900,Other Personal Services,0
21-1021,2021-05-01,813100,Religious Organizations,230
21-1022,2021-05-01,813100,Religious Organizations,50
21-1023,2021-05-01,813100,Religious Organizations,70
21-1029,2021-05-01,813100,Religious Organizations,120
29-1141,2021-05-01,813100,Religious Organizations,750
31-1131,2021-05-01,813100,Religious Organizations,510
21-1021,2021-05-01,813200,Grantmaking and Giving Services,580
21-1022,2021-05-01,813200,Grantmaking and Giving Services,790
21-1023,2021-05-01,813200,Grantmaking and Giving Services,50
21-1029,2021-05-01,813200,Grantmaking and Giving Services,140
29-1141,2021-05-01,813200,Grantmaking and Giving Services,410
29-1171,2021-05-01,813200,Grantmaking and Giving Services,150
29-1215,2021-05-01,813200,Grantmaking and Giving Services,80
29-1229,2021-05-01,813200,Grantmaking and Giving Services,30
31-1131,2021-05-01,813200,Grantmaking and Giving Services,140
21-1021,2021-05-01,813300,Social Advocacy Organizations,4310
21-1022,2021-05-01,813300,Social Advocacy Organizations,990
21-1023,2021-05-01,813300,Social Advocacy Organizations,900
21-1029,2021-05-01,813300,Social Advocacy Organizations,460
29-1141,2021-05-01,813300,Social Advocacy Organizations,570
29-1171,2021-05-01,813300,Social Advocacy Organizations,50
31-1131,2021-05-01,813300,Social Advocacy Organizations,0
21-1021,2021-05-01,813400,Civic and Social Organizations,840
21-1022,2021-05-01,813400,Civic and Social Organizations,0
21-1023,2021-05-01,813400,Civic and Social Organizations,160
21-1029,2021-05-01,813400,Civic and Social Organizations,0
29-1141,2021-05-01,813400,Civic and Social Organizations,80
31-1131,2021-05-01,813400,Civic and Social Organizations,40
21-1021,2021-05-01,813900,"Business, Professional, Labor, Political, and Similar Organizations",150
21-1022,2021-05-01,813900,"Business, Professional, Labor, Political, and Similar Organizations",240
29-1051,2021-05-01,813900,"Business, Professional, Labor, Political, and Similar Organizations",50
29-1141,2021-05-01,813900,"Business, Professional, Labor, Political, and Similar Organizations",570
29-1171,2021-05-01,813900,"Business, Professional, Labor, Political, and Similar Organizations",70
29-1229,2021-05-01,813900,"Business, Professional, Labor, Political, and Similar Organizations",40
21-1029,2021-05-01,999100,Federal Executive Branch (OES Designation),17230
29-1029,2021-05-01,999100,Federal Executive Branch (OES Designation),2210
29-1051,2021-05-01,999100,Federal Executive Branch (OES Designation),6560
29-1071,2021-05-01,999100,Federal Executive Branch (OES Designation),920
29-1141,2021-05-01,999100,Federal Executive Branch (OES Designation),90350
29-1229,2021-05-01,999100,Federal Executive Branch (OES Designation),35660
31-1131,2021-05-01,999100,Federal Executive Branch (OES Designation),16070
21-1021,2021-05-01,999200,"State Government, excluding schools and hospitals (OES Designation)",68330
21-1022,2021-05-01,999200,"State Government, excluding schools and hospitals (OES Designation)",6510
21-1023,2021-05-01,999200,"State Government, excluding schools and hospitals (OES Designation)",9700
21-1029,2021-05-01,999200,"State Government, excluding schools and hospitals (OES Designation)",8940
29-1021,2021-05-01,999200,"State Government, excluding schools and hospitals (OES Designation)",890
29-1051,2021-05-01,999200,"State Government, excluding schools and hospitals (OES Designation)",1670
29-1071,2021-05-01,999200,"State Government, excluding schools and hospitals (OES Designation)",380
29-1141,2021-05-01,999200,"State Government, excluding schools and hospitals (OES Designation)",34980
29-1171,2021-05-01,999200,"State Government, excluding schools and hospitals (OES Designation)",1230
29-1212,2021-05-01,999200,"State Government, excluding schools and hospitals (OES Designation)",70
29-1215,2021-05-01,999200,"State Government, excluding schools and hospitals (OES Designation)",1050
29-1216,2021-05-01,999200,"State Government, excluding schools and hospitals (OES Designation)",130
29-1223,2021-05-01,999200,"State Government, excluding schools and hospitals (OES Designation)",1450
29-1229,2021-05-01,999200,"State Government, excluding schools and hospitals (OES Designation)",1160
31-1131,2021-05-01,999200,"State Government, excluding schools and hospitals (OES Designation)",14180
21-1021,2021-05-01,999300,"Local Government, excluding schools and hospitals (OES Designation)",74830
21-1022,2021-05-01,999300,"Local Government, excluding schools and hospitals (OES Designation)",7450
21-1023,2021-05-01,999300,"Local Government, excluding schools and hospitals (OES Designation)",13450
21-1029,2021-05-01,999300,"Local Government, excluding schools and hospitals (OES Designation)",7900
29-1021,2021-05-01,999300,"Local Government, excluding schools and hospitals (OES Designation)",740
29-1051,2021-05-01,999300,"Local Government, excluding schools and hospitals (OES Designation)",1180
29-1071,2021-05-01,999300,"Local Government, excluding schools and hospitals (OES Designation)",870
29-1141,2021-05-01,999300,"Local Government, excluding schools and hospitals (OES Designation)",40810
29-1171,2021-05-01,999300,"Local Government, excluding schools and hospitals (OES Designation)",3160
29-1214,2021-05-01,999300,"Local Government, excluding schools and hospitals (OES Designation)",60
29-1215,2021-05-01,999300,"Local Government, excluding schools and hospitals (OES Designation)",1090
29-1216,2021-05-01,999300,"Local Government, excluding schools and hospitals (OES Designation)",280
29-1218,2021-05-01,999300,"Local Government, excluding schools and hospitals (OES Designation)",40
29-1221,2021-05-01,999300,"Local Government, excluding schools and hospitals (OES Designation)",140
29-1222,2021-05-01,999300,"Local Government, excluding schools and hospitals (OES Designation)",400
29-1223,2021-05-01,999300,"Local Government, excluding schools and hospitals (OES Designation)",1200
29-1229,2021-05-01,999300,"Local Government, excluding schools and hospitals (OES Designation)",970
29-1249,2021-05-01,999300,"Local Government, excluding schools and hospitals (OES Designation)",40
31-1131,2021-05-01,999300,"Local Government, excluding schools and hospitals (OES Designation)",25900
29-1141,2021-05-01,3250A1,"Chemical Manufacturing (3251, 3252, 3253, and 3259 only)",120
29-1141,2021-05-01,3330A1,"Machinery Manufacturing (3331, 3332, 3334, and 3339 only)",70
29-1051,2021-05-01,4240A2,"Merchant Wholesalers, Nondurable Goods (4242 and 4246 only)",7680
29-1141,2021-05-01,4240A2,"Merchant Wholesalers, Nondurable Goods (4242 and 4246 only)",750
29-1229,2021-05-01,4240A2,"Merchant Wholesalers, Nondurable Goods (4242 and 4246 only)",0
29-1241,2021-05-01,4240A2,"Merchant Wholesalers, Nondurable Goods (4242 and 4246 only)",210
29-1141,2021-05-01,4240A3,"Merchant Wholesalers, Nondurable Goods (4241, 4247, and 4249 only)",0
29-1051,2021-05-01,4450A1,Food and Beverage Stores (4451 and 4452 only),24220
29-1141,2021-05-01,5320A1,"Rental and Leasing Services (5322, 5323, and 5324 only)",170
29-1141,2022-05-01,221100,"Electric Power Generation, Transmission and Distribution",40
29-1141,2022-05-01,311400,Fruit and Vegetable Preserving and Specialty Food Manufacturing,30
29-1141,2022-05-01,311600,Animal Slaughtering and Processing,660
29-1141,2022-05-01,322100,"Pulp, Paper, and Paperboard Mills",40
29-1141,2022-05-01,324100,Petroleum and Coal Products Manufacturing,30
29-1051,2022-05-01,325400,Pharmaceutical and Medicine Manufacturing,1050
29-1141,2022-05-01,325400,Pharmaceutical and Medicine Manufacturing,160
29-1141,2022-05-01,326100,Plastics Product Manufacturing,30
29-1141,2022-05-01,327000,Nonmetallic Mineral Product Manufacturing,40
29-1141,2022-05-01,334500,"Navigational, Measuring, Electromedical, and Control Instruments Manufacturing",40
29-1141,2022-05-01,336100,Motor Vehicle Manufacturing,180
29-1141,2022-05-01,336300,Motor Vehicle Parts Manufacturing,130
29-1141,2022-05-01,336400,Aerospace Product and Parts Manufacturing,80
29-1141,2022-05-01,339100,Medical Equipment and Supplies Manufacturing,150
29-1151,2022-05-01,339100,Medical Equipment and Supplies Manufacturing,0
29-1171,2022-05-01,339100,Medical Equipment and Supplies Manufacturing,60
29-1051,2022-05-01,423400,Professional and Commercial Equipment and Supplies Merchant Wholesalers,500
29-1141,2022-05-01,423400,Professional and Commercial Equipment and Supplies Merchant Wholesalers,540
29-1224,2022-05-01,423400,Professional and Commercial Equipment and Supplies Merchant Wholesalers,80
29-1229,2022-05-01,423400,Professional and Commercial Equipment and Supplies Merchant Wholesalers,280
29-1051,2022-05-01,425100,Wholesale Trade Agents and Brokers,0
29-1141,2022-05-01,425100,Wholesale Trade Agents and Brokers,0
29-1051,2022-05-01,455000,General Merchandise Retailers,19950
21-1022,2022-05-01,456100,Health and Personal Care Retailers,60
29-1051,2022-05-01,456100,Health and Personal Care Retailers,139030
29-1141,2022-05-01,456100,Health and Personal Care Retailers,2570
29-1171,2022-05-01,456100,Health and Personal Care Retailers,1450
29-1051,2022-05-01,459100,"Sporting Goods, Hobby, and Musical Instrument Retailers",250
29-1051,2022-05-01,459200,Book Retailers and News Dealers,40
29-1051,2022-05-01,459900,Other Miscellaneous Retailers,890
29-1141,2022-05-01,459900,Other Miscellaneous Retailers,100
29-1141,2022-05-01,481200,Nonscheduled Air Transportation,40
29-1141,2022-05-01,491100,Postal Service (federal government),110
29-1051,2022-05-01,493100,Warehousing and Storage,90
29-1141,2022-05-01,493100,Warehousing and Storage,100
29-1141,2022-05-01,513200,Software Publishers,110
29-1141,2022-05-01,518200,"Computing Infrastructure Providers, Data Processing, Web Hosting, and Related Services",0
21-1021,2022-05-01,524100,Insurance Carriers,120
21-1022,2022-05-01,524100,Insurance Carriers,5870
21-1023,2022-05-01,524100,Insurance Carriers,50
21-1029,2022-05-01,524100,Insurance Carriers,70
29-1021,2022-05-01,524100,Insurance Carriers,40
29-1051,2022-05-01,524100,Insurance Carriers,2870
29-1141,2022-05-01,524100,Insurance Carriers,31580
29-1171,2022-05-01,524100,Insurance Carriers,1030
29-1229,2022-05-01,524100,Insurance Carriers,410
21-1022,2022-05-01,524200,"Agencies, Brokerages, and Other Insurance Related Activities",1490
21-1023,2022-05-01,524200,"Agencies, Brokerages, and Other Insurance Related Activities",100
29-1051,2022-05-01,524200,"Agencies, Brokerages, and Other Insurance Related Activities",1010
29-1141,2022-05-01,524200,"Agencies, Brokerages, and Other Insurance Related Activities",8740
29-1229,2022-05-01,524200,"Agencies, Brokerages, and Other Insurance Related Activities",150
29-1141,2022-05-01,525900,Other Investment Pools and Funds,0
21-1021,2022-05-01,531000,Real Estate,100
21-1029,2022-05-01,531000,Real Estate,180
21-1021,2022-05-01,541100,Legal Services,350
21-1022,2022-05-01,541100,Legal Services,130
21-1023,2022-05-01,541100,Legal Services,170
21-1029,2022-05-01,541100,Legal Services,0
29-1141,2022-05-01,541100,Legal Services,290
21-1022,2022-05-01,541200,"Accounting, Tax Preparation, Bookkeeping, and Payroll Services",0
29-1051,2022-05-01,541200,"Accounting, Tax Preparation, Bookkeeping, and Payroll Services",40
29-1141,2022-05-01,541200,"Accounting, Tax Preparation, Bookkeeping, and Payroll Services",950
29-1141,2022-05-01,541300,"Architectural, Engineering, and Related Services",90
29-1051,2022-05-01,541500,Computer Systems Design and Related Services,440
29-1141,2022-05-01,541500,Computer Systems Design and Related Services,1450
29-1171,2022-05-01,541500,Computer Systems Design and Related Services,0
29-1229,2022-05-01,541500,Computer Systems Design and Related Services,180
21-1022,2022-05-01,541600,"Management, Scientific, and Technical Consulting Services",1180
21-1023,2022-05-01,541600,"Management, Scientific, and Technical Consulting Services",0
29-1051,2022-05-01,541600,"Management, Scientific, and Technical Consulting Services",1460
29-1141,2022-05-01,541600,"Management, Scientific, and Technical Consulting Services",4890
29-1171,2022-05-01,541600,"Management, Scientific, and Technical Consulting Services",560
29-1222,2022-05-01,541600,"Management, Scientific, and Technical Consulting Services",40
29-1229,2022-05-01,541600,"Management, Scientific, and Technical Consulting Services",700
31-1131,2022-05-01,541600,"Management, Scientific, and Technical Consulting Services",340
21-1022,2022-05-01,541700,Scientific Research and Development Services,110
21-1023,2022-05-01,541700,Scientific Research and Development Services,90
21-1029,2022-05-01,541700,Scientific Research and Development Services,0
29-1051,2022-05-01,541700,Scientific Research and Development Services,420
29-1071,2022-05-01,541700,Scientific Research and Development Services,280
29-1141,2022-05-01,541700,Scientific Research and Development Services,3530
29-1171,2022-05-01,541700,Scientific Research and Development Services,550
29-1222,2022-05-01,541700,Scientific Research and Development Services,200
29-1223,2022-05-01,541700,Scientific Research and Development Services,100
29-1224,2022-05-01,541700,Scientific Research and Development Services,40
29-1229,2022-05-01,541700,Scientific Research and Development Services,1090
29-1249,2022-05-01,541700,Scientific Research and Development Services,130
31-1131,2022-05-01,541700,Scientific Research and Development Services,0
21-1022,2022-05-01,541900,"Other Professional, Scientific, and Technical Services",0
29-1051,2022-05-01,541900,"Other Professional, Scientific, and Technical Services",660
29-1141,2022-05-01,541900,"Other Professional, Scientific, and Technical Services",630
21-1021,2022-05-01,551100,Management of Companies and Enterprises,3700
21-1022,2022-05-01,551100,Management of Companies and Enterprises,3560
21-1023,2022-05-01,551100,Management of Companies and Enterprises,1130
21-1029,2022-05-01,551100,Management of Companies and Enterprises,480
29-1021,2022-05-01,551100,Management of Companies and Enterprises,0
29-1051,2022-05-01,551100,Management of Companies and Enterprises,2670
29-1071,2022-05-01,551100,Management of Companies and Enterprises,260
29-1141,2022-05-01,551100,Management of Companies and Enterprises,20840
29-1171,2022-05-01,551100,Management of Companies and Enterprises,960
29-1212,2022-05-01,551100,Management of Companies and Enterprises,40
29-1214,2022-05-01,551100,Management of Companies and Enterprises,220
29-1215,2022-05-01,551100,Management of Companies and Enterprises,680
29-1216,2022-05-01,551100,Management of Companies and Enterprises,410
29-1218,2022-05-01,551100,Management of Companies and Enterprises,0
29-1223,2022-05-01,551100,Management of Companies and Enterprises,220
29-1224,2022-05-01,551100,Management of Companies and Enterprises,330
29-1229,2022-05-01,551100,Management of Companies and Enterprises,1340
31-1131,2022-05-01,551100,Management of Companies and Enterprises,1450
21-1021,2022-05-01,561100,Office Administrative Services,0
21-1022,2022-05-01,561100,Office Administrative Services,920
21-1023,2022-05-01,561100,Office Administrative Services,0
21-1029,2022-05-01,561100,Office Administrative Services,60
29-1051,2022-05-01,561100,Office Administrative Services,1070
29-1141,2022-05-01,561100,Office Administrative Services,7450
29-1171,2022-05-01,561100,Office Administrative Services,0
29-1229,2022-05-01,561100,Office Administrative Services,240
21-1021,2022-05-01,561200,Facilities Support Services,30
29-1141,2022-05-01,561200,Facilities Support Services,700
31-1131,2022-05-01,561200,Facilities Support Services,150
21-1021,2022-05-01,561300,Employment Services,2380
21-1022,2022-05-01,561300,Employment Services,1220
21-1023,2022-05-01,561300,Employment Services,1110
21-1029,2022-05-01,561300,Employment Services,0
29-1021,2022-05-01,561300,Employment Services,0
29-1051,2022-05-01,561300,Employment Services,2150
29-1071,2022-05-01,561300,Employment Services,0
29-1141,2022-05-01,561300,Employment Services,118820
29-1171,2022-05-01,561300,Employment Services,3340
29-1214,2022-05-01,561300,Employment Services,0
29-1215,2022-05-01,561300,Employment Services,330
29-1224,2022-05-01,561300,Employment Services,80
29-1229,2022-05-01,561300,Employment Services,1090
31-1131,2022-05-01,561300,Employment Services,52310
29-1141,2022-05-01,561400,Business Support Services,1410
21-1021,2022-05-01,611100,Elementary and Secondary Schools,51550
21-1022,2022-05-01,611100,Elementary and Secondary Schools,470
21-1023,2022-05-01,611100,Elementary and Secondary Schools,1020
21-1029,2022-05-01,611100,Elementary and Secondary Schools,560
29-1141,2022-05-01,611100,Elementary and Secondary Schools,62760
29-1171,2022-05-01,611100,Elementary and Secondary Schools,680
29-1223,2022-05-01,611100,Elementary and Secondary Schools,70
31-1131,2022-05-01,611100,Elementary and Secondary Schools,7980
21-1021,2022-05-01,611200,Junior Colleges,540
21-1029,2022-05-01,611200,Junior Colleges,100
29-1021,2022-05-01,611200,Junior Colleges,70
29-1141,2022-05-01,611200,Junior Colleges,740
31-1131,2022-05-01,611200,Junior Colleges,80
21-1021,2022-05-01,611300,"Colleges, Universities, and Professional Schools",1870
21-1022,2022-05-01,611300,"Colleges, Universities, and Professional Schools",2940
21-1023,2022-05-01,611300,"Colleges, Universities, and Professional Schools",490
21-1029,2022-05-01,611300,"Colleges, Universities, and Professional Schools",450
29-1021,2022-05-01,611300,"Colleges, Universities, and Professional Schools",420
29-1051,2022-05-01,611300,"Colleges, Universities, and Professional Schools",1920
29-1071,2022-05-01,611300,"Colleges, Universities, and Professional Schools",4370
29-1141,2022-05-01,611300,"Colleges, Universities, and Professional Schools",24310
29-1151,2022-05-01,611300,"Colleges, Universities, and Professional Schools",1060
29-1171,2022-05-01,611300,"Colleges, Universities, and Professional Schools",6730
29-1211,2022-05-01,611300,"Colleges, Universities, and Professional Schools",590
29-1212,2022-05-01,611300,"Colleges, Universities, and Professional Schools",90
29-1213,2022-05-01,611300,"Colleges, Universities, and Professional Schools",60
29-1214,2022-05-01,611300,"Colleges, Universities, and Professional Schools",480
29-1215,2022-05-01,611300,"Colleges, Universities, and Professional Schools",1870
29-1216,2022-05-01,611300,"Colleges, Universities, and Professional Schools",3540
29-1217,2022-05-01,611300,"Colleges, Universities, and Professional Schools",200
29-1218,2022-05-01,611300,"Colleges, Universities, and Professional Schools",330
29-1221,2022-05-01,611300,"Colleges, Universities, and Professional Schools",820
29-1222,2022-05-01,611300,"Colleges, Universities, and Professional Schools",540
29-1223,2022-05-01,611300,"Colleges, Universities, and Professional Schools",910
29-1224,2022-05-01,611300,"Colleges, Universities, and Professional Schools",370
29-1229,2022-05-01,611300,"Colleges, Universities, and Professional Schools",14940
29-1241,2022-05-01,611300,"Colleges, Universities, and Professional Schools",90
29-1242,2022-05-01,611300,"Colleges, Universities, and Professional Schools",160
29-1249,2022-05-01,611300,"Colleges, Universities, and Professional Schools",780
31-1131,2022-05-01,611300,"Colleges, Universities, and Professional Schools",5010
21-1021,2022-05-01,611400,Business Schools and Computer and Management Training,50
29-1141,2022-05-01,611400,Business Schools and Computer and Management Training,170
29-1141,2022-05-01,611500,Technical and Trade Schools,110
31-1131,2022-05-01,611500,Technical and Trade Schools,110
21-1021,2022-05-01,611600,Other Schools and Instruction,310
21-1022,2022-05-01,611600,Other Schools and Instruction,0
21-1023,2022-05-01,611600,Other Schools and Instruction,30
21-1029,2022-05-01,611600,Other Schools and Instruction,50
29-1141,2022-05-01,611600,Other Schools and Instruction,130
21-1021,2022-05-01,611700,Educational Support Services,3090
21-1023,2022-05-01,611700,Educational Support Services,130
21-1029,2022-05-01,611700,Educational Support Services,60
29-1141,2022-05-01,611700,Educational Support Services,430
29-1229,2022-05-01,611700,Educational Support Services,80
21-1021,2022-05-01,621100,Offices of Physicians,1250
21-1022,2022-05-01,621100,Offices of Physicians,8250
21-1023,2022-05-01,621100,Offices of Physicians,2820
21-1029,2022-05-01,621100,Offices of Physicians,440
29-1021,2022-05-01,621100,Offices of Physicians,2700
29-1023,2022-05-01,621100,Offices of Physicians,0
29-1029,2022-05-01,621100,Offices of Physicians,0
29-1051,2022-05-01,621100,Offices of Physicians,6880
29-1071,2022-05-01,621100,Offices of Physicians,76270
29-1141,2022-05-01,621100,Offices of Physicians,208760
29-1151,2022-05-01,621100,Offices of Physicians,24340
29-1171,2022-05-01,621100,Offices of Physicians,122830
29-1211,2022-05-01,621100,Offices of Physicians,30430
29-1212,2022-05-01,621100,Offices of Physicians,11700
29-1213,2022-05-01,621100,Offices of Physicians,10100
29-1214,2022-05-01,621100,Offices of Physicians,13840
29-1215,2022-05-01,621100,Offices of Physicians,68760
29-1216,2022-05-01,621100,Offices of Physicians,37980
29-1217,2022-05-01,621100,Offices of Physicians,7760
29-1218,2022-05-01,621100,Offices of Physicians,14580
29-1221,2022-05-01,621100,Offices of Physicians,22780
29-1222,2022-05-01,621100,Offices of Physicians,4500
29-1223,2022-05-01,621100,Offices of Physicians,8770
29-1224,2022-05-01,621100,Offices of Physicians,18400
29-1229,2022-05-01,621100,Offices of Physicians,126580
29-1241,2022-05-01,621100,Offices of Physicians,10640
29-1242,2022-05-01,621100,Offices of Physicians,15830
29-1243,2022-05-01,621100,Offices of Physicians,270
29-1249,2022-05-01,621100,Offices of Physicians,16010
31-1131,2022-05-01,621100,Offices of Physicians,18310
29-1021,2022-05-01,621200,Offices of Dentists,107670
29-1022,2022-05-01,621200,Offices of Dentists,3660
29-1023,2022-05-01,621200,Offices of Dentists,5930
29-1029,2022-05-01,621200,Offices of Dentists,2530
29-1141,2022-05-01,621200,Offices of Dentists,2150
29-1151,2022-05-01,621200,Offices of Dentists,70
29-1171,2022-05-01,621200,Offices of Dentists,0
29-1229,2022-05-01,621200,Offices of Dentists,200
31-1131,2022-05-01,621200,Offices of Dentists,400
21-1021,2022-05-01,621300,Offices of Other Health Practitioners,4960
21-1022,2022-05-01,621300,Offices of Other Health Practitioners,1590
21-1023,2022-05-01,621300,Offices of Other Health Practitioners,9750
21-1029,2022-05-01,621300,Offices of Other Health Practitioners,200
29-1021,2022-05-01,621300,Offices of Other Health Practitioners,360
29-1051,2022-05-01,621300,Offices of Other Health Practitioners,930
29-1071,2022-05-01,621300,Offices of Other Health Practitioners,1900
29-1141,2022-05-01,621300,Offices of Other Health Practitioners,16830
29-1151,2022-05-01,621300,Offices of Other Health Practitioners,2380
29-1171,2022-05-01,621300,Offices of Other Health Practitioners,10950
29-1211,2022-05-01,621300,Offices of Other Health Practitioners,270
29-1213,2022-05-01,621300,Offices of Other Health Practitioners,210
29-1215,2022-05-01,621300,Offices of Other Health Practitioners,780
29-1216,2022-05-01,621300,Offices of Other Health Practitioners,180
29-1217,2022-05-01,621300,Offices of Other Health Practitioners,0
29-1221,2022-05-01,621300,Offices of Other Health Practitioners,40
29-1223,2022-05-01,621300,Offices of Other Health Practitioners,1080
29-1229,2022-05-01,621300,Offices of Other Health Practitioners,2160
29-1241,2022-05-01,621300,Offices of Other Health Practitioners,560
29-1242,2022-05-01,621300,Offices of Other Health Practitioners,0
29-1249,2022-05-01,621300,Offices of Other Health Practitioners,80
31-1131,2022-05-01,621300,Offices of Other Health Practitioners,5110
21-1021,2022-05-01,621400,Outpatient Care Centers,8140
21-1022,2022-05-01,621400,Outpatient Care Centers,13450
21-1023,2022-05-01,621400,Outpatient Care Centers,25740
21-1029,2022-05-01,621400,Outpatient Care Centers,730
29-1021,2022-05-01,621400,Outpatient Care Centers,3110
29-1022,2022-05-01,621400,Outpatient Care Centers,60
29-1029,2022-05-01,621400,Outpatient Care Centers,40
29-1051,2022-05-01,621400,Outpatient Care Centers,7570
29-1071,2022-05-01,621400,Outpatient Care Centers,13560
29-1141,2022-05-01,621400,Outpatient Care Centers,152120
29-1151,2022-05-01,621400,Outpatient Care Centers,2560
29-1171,2022-05-01,621400,Outpatient Care Centers,23760
29-1211,2022-05-01,621400,Outpatient Care Centers,590
29-1212,2022-05-01,621400,Outpatient Care Centers,530
29-1213,2022-05-01,621400,Outpatient Care Centers,240
29-1214,2022-05-01,621400,Outpatient Care Centers,3220
29-1215,2022-05-01,621400,Outpatient Care Centers,7300
29-1216,2022-05-01,621400,Outpatient Care Centers,3270
29-1217,2022-05-01,621400,Outpatient Care Centers,270
29-1218,2022-05-01,621400,Outpatient Care Centers,1260
29-1221,2022-05-01,621400,Outpatient Care Centers,1910
29-1222,2022-05-01,621400,Outpatient Care Centers,80
29-1223,2022-05-01,621400,Outpatient Care Centers,3280
29-1224,2022-05-01,621400,Outpatient Care Centers,420
29-1229,2022-05-01,621400,Outpatient Care Centers,8270
29-1241,2022-05-01,621400,Outpatient Care Centers,270
29-1242,2022-05-01,621400,Outpatient Care Centers,190
29-1249,2022-05-01,621400,Outpatient Care Centers,990
31-1131,2022-05-01,621400,Outpatient Care Centers,12460
29-1051,2022-05-01,621500,Medical and Diagnostic Laboratories,90
29-1071,2022-05-01,621500,Medical and Diagnostic Laboratories,520
29-1141,2022-05-01,621500,Medical and Diagnostic Laboratories,3980
29-1171,2022-05-01,621500,Medical and Diagnostic Laboratories,440
29-1213,2022-05-01,621500,Medical and Diagnostic Laboratories,200
29-1215,2022-05-01,621500,Medical and Diagnostic Laboratories,30
29-1216,2022-05-01,621500,Medical and Diagnostic Laboratories,100
29-1221,2022-05-01,621500,Medical and Diagnostic Laboratories,50
29-1222,2022-05-01,621500,Medical and Diagnostic Laboratories,3550
29-1224,2022-05-01,621500,Medical and Diagnostic Laboratories,3660
29-1229,2022-05-01,621500,Medical and Diagnostic Laboratories,530
31-1131,2022-05-01,621500,Medical and Diagnostic Laboratories,300
21-1021,2022-05-01,621600,Home Health Care Services,700
21-1022,2022-05-01,621600,Home Health Care Services,22890
21-1023,2022-05-01,621600,Home Health Care Services,620
21-1029,2022-05-01,621600,Home Health Care Services,250
29-1051,2022-05-01,621600,Home Health Care Services,3130
29-1071,2022-05-01,621600,Home Health Care Services,150
29-1141,2022-05-01,621600,Home Health Care Services,173640
29-1171,2022-05-01,621600,Home Health Care Services,7460
29-1215,2022-05-01,621600,Home Health Care Services,250
29-1216,2022-05-01,621600,Home Health Care Services,110
29-1229,2022-05-01,621600,Home Health Care Services,1250
31-1131,2022-05-01,621600,Home Health Care Services,81640
21-1021,2022-05-01,621900,Other Ambulatory Health Care Services,260
21-1022,2022-05-01,621900,Other Ambulatory Health Care Services,1760
21-1023,2022-05-01,621900,Other Ambulatory Health Care Services,30
21-1029,2022-05-01,621900,Other Ambulatory Health Care Services,160
29-1021,2022-05-01,621900,Other Ambulatory Health Care Services,110
29-1051,2022-05-01,621900,Other Ambulatory Health Care Services,380
29-1071,2022-05-01,621900,Other Ambulatory Health Care Services,680
29-1141,2022-05-01,621900,Other Ambulatory Health Care Services,18030
29-1151,2022-05-01,621900,Other Ambulatory Health Care Services,0
29-1171,2022-05-01,621900,Other Ambulatory Health Care Services,2010
29-1214,2022-05-01,621900,Other Ambulatory Health Care Services,110
29-1215,2022-05-01,621900,Other Ambulatory Health Care Services,150
29-1216,2022-05-01,621900,Other Ambulatory Health Care Services,180
29-1223,2022-05-01,621900,Other Ambulatory Health Care Services,140
29-1229,2022-05-01,621900,Other Ambulatory Health Care Services,910
31-1131,2022-05-01,621900,Other Ambulatory Health Care Services,1430
21-1021,2022-05-01,622100,General Medical and Surgical Hospitals,2910
21-1022,2022-05-01,622100,General Medical and Surgical Hospitals,45030
21-1023,2022-05-01,622100,General Medical and Surgical Hospitals,5880
21-1029,2022-05-01,622100,General Medical and Surgical Hospitals,540
29-1021,2022-05-01,622100,General Medical and Surgical Hospitals,2130
29-1022,2022-05-01,622100,General Medical and Surgical Hospitals,250
29-1023,2022-05-01,622100,General Medical and Surgical Hospitals,110
29-1029,2022-05-01,622100,General Medical and Surgical Hospitals,120
29-1051,2022-05-01,622100,General Medical and Surgical Hospitals,82970
29-1071,2022-05-01,622100,General Medical and Surgical Hospitals,33070
29-1141,2022-05-01,622100,General Medical and Surgical Hospitals,1724510
29-1151,2022-05-01,622100,General Medical and Surgical Hospitals,15290
29-1171,2022-05-01,622100,General Medical and Surgical Hospitals,58080
29-1211,2022-05-01,622100,General Medical and Surgical Hospitals,4740
29-1212,2022-05-01,622100,General Medical and Surgical Hospitals,4070
29-1213,2022-05-01,622100,General Medical and Surgical Hospitals,0
29-1214,2022-05-01,622100,General Medical and Surgical Hospitals,10660
29-1215,2022-05-01,622100,General Medical and Surgical Hospitals,17550
29-1216,2022-05-01,622100,General Medical and Surgical Hospitals,19600
29-1217,2022-05-01,622100,General Medical and Surgical Hospitals,2620
29-1218,2022-05-01,622100,General Medical and Surgical Hospitals,4980
29-1221,2022-05-01,622100,General Medical and Surgical Hospitals,7320
29-1223,2022-05-01,622100,General Medical and Surgical Hospitals,4550
29-1224,2022-05-01,622100,General Medical and Surgical Hospitals,5370
29-1241,2022-05-01,622100,General Medical and Surgical Hospitals,0
29-1242,2022-05-01,622100,General Medical and Surgical Hospitals,2540
29-1243,2022-05-01,622100,General Medical and Surgical Hospitals,0
29-1249,2022-05-01,622100,General Medical and Surgical Hospitals,7230
31-1131,2022-05-01,622100,General Medical and Surgical Hospitals,396060
21-1021,2022-05-01,622200,Psychiatric and Substance Abuse Hospitals,720
21-1022,2022-05-01,622200,Psychiatric and Substance Abuse Hospitals,2660
21-1023,2022-05-01,622200,Psychiatric and Substance Abuse Hospitals,8970
21-1029,2022-05-01,622200,Psychiatric and Substance Abuse Hospitals,490
29-1021,2022-05-01,622200,Psychiatric and Substance Abuse Hospitals,160
29-1051,2022-05-01,622200,Psychiatric and Substance Abuse Hospitals,1120
29-1071,2022-05-01,622200,Psychiatric and Substance Abuse Hospitals,310
29-1141,2022-05-01,622200,Psychiatric and Substance Abuse Hospitals,39080
29-1171,2022-05-01,622200,Psychiatric and Substance Abuse Hospitals,2100
29-1215,2022-05-01,622200,Psychiatric and Substance Abuse Hospitals,210
29-1216,2022-05-01,622200,Psychiatric and Substance Abuse Hospitals,230
29-1223,2022-05-01,622200,Psychiatric and Substance Abuse Hospitals,2930
29-1229,2022-05-01,622200,Psychiatric and Substance Abuse Hospitals,730
31-1131,2022-05-01,622200,Psychiatric and Substance Abuse Hospitals,9850
21-1021,2022-05-01,622300,Specialty (except Psychiatric and Substance Abuse) Hospitals,200
21-1022,2022-05-01,622300,Specialty (except Psychiatric and Substance Abuse) Hospitals,2760
21-1023,2022-05-01,622300,Specialty (except Psychiatric and Substance Abuse) Hospitals,570
29-1021,2022-05-01,622300,Specialty (except Psychiatric and Substance Abuse) Hospitals,90
29-1051,2022-05-01,622300,Specialty (except Psychiatric and Substance Abuse) Hospitals,4270
29-1071,2022-05-01,622300,Specialty (except Psychiatric and Substance Abuse) Hospitals,1400
29-1141,2022-05-01,622300,Specialty (except Psychiatric and Substance Abuse) Hospitals,63460
29-1151,2022-05-01,622300,Specialty (except Psychiatric and Substance Abuse) Hospitals,470
29-1171,2022-05-01,622300,Specialty (except Psychiatric and Substance Abuse) Hospitals,2170
29-1211,2022-05-01,622300,Specialty (except Psychiatric and Substance Abuse) Hospitals,260
29-1212,2022-05-01,622300,Specialty (except Psychiatric and Substance Abuse) Hospitals,70
29-1214,2022-05-01,622300,Specialty (except Psychiatric and Substance Abuse) Hospitals,110
29-1215,2022-05-01,622300,Specialty (except Psychiatric and Substance Abuse) Hospitals,90
29-1216,2022-05-01,622300,Specialty (except Psychiatric and Substance Abuse) Hospitals,610
29-1217,2022-05-01,622300,Specialty (except Psychiatric and Substance Abuse) Hospitals,200
29-1218,2022-05-01,622300,Specialty (except Psychiatric and Substance Abuse) Hospitals,60
29-1221,2022-05-01,622300,Specialty (except Psychiatric and Substance Abuse) Hospitals,180
29-1223,2022-05-01,622300,Specialty (except Psychiatric and Substance Abuse) Hospitals,230
29-1224,2022-05-01,622300,Specialty (except Psychiatric and Substance Abuse) Hospitals,250
29-1229,2022-05-01,622300,Specialty (except Psychiatric and Substance Abuse) Hospitals,2290
29-1242,2022-05-01,622300,Specialty (except Psychiatric and Substance Abuse) Hospitals,90
29-1249,2022-05-01,622300,Specialty (except Psychiatric and Substance Abuse) Hospitals,220
31-1131,2022-05-01,622300,Specialty (except Psychiatric and Substance Abuse) Hospitals,27270
21-1021,2022-05-01,623100,Nursing Care Facilities (Skilled Nursing Facilities),640
21-1022,2022-05-01,623100,Nursing Care Facilities (Skilled Nursing Facilities),14370
21-1023,2022-05-01,623100,Nursing Care Facilities (Skilled Nursing Facilities),240
21-1029,2022-05-01,623100,Nursing Care Facilities (Skilled Nursing Facilities),110
29-1051,2022-05-01,623100,Nursing Care Facilities (Skilled Nursing Facilities),150
29-1071,2022-05-01,623100,Nursing Care Facilities (Skilled Nursing Facilities),80
29-1141,2022-05-01,623100,Nursing Care Facilities (Skilled Nursing Facilities),124690
29-1215,2022-05-01,623100,Nursing Care Facilities (Skilled Nursing Facilities),0
29-1216,2022-05-01,623100,Nursing Care Facilities (Skilled Nursing Facilities),110
29-1229,2022-05-01,623100,Nursing Care Facilities (Skilled Nursing Facilities),200
31-1131,2022-05-01,623100,Nursing Care Facilities (Skilled Nursing Facilities),447940
21-1021,2022-05-01,623200,"Residential Intellectual and Developmental Disability, Mental Health, and Substance Abuse Facilities",4720
21-1022,2022-05-01,623200,"Residential Intellectual and Developmental Disability, Mental Health, and Substance Abuse Facilities",4100
21-1023,2022-05-01,623200,"Residential Intellectual and Developmental Disability, Mental Health, and Substance Abuse Facilities",10780
21-1029,2022-05-01,623200,"Residential Intellectual and Developmental Disability, Mental Health, and Substance Abuse Facilities",520
29-1051,2022-05-01,623200,"Residential Intellectual and Developmental Disability, Mental Health, and Substance Abuse Facilities",120
29-1071,2022-05-01,623200,"Residential Intellectual and Developmental Disability, Mental Health, and Substance Abuse Facilities",180
29-1141,2022-05-01,623200,"Residential Intellectual and Developmental Disability, Mental Health, and Substance Abuse Facilities",16280
29-1171,2022-05-01,623200,"Residential Intellectual and Developmental Disability, Mental Health, and Substance Abuse Facilities",1490
29-1216,2022-05-01,623200,"Residential Intellectual and Developmental Disability, Mental Health, and Substance Abuse Facilities",30
29-1223,2022-05-01,623200,"Residential Intellectual and Developmental Disability, Mental Health, and Substance Abuse Facilities",660
29-1229,2022-05-01,623200,"Residential Intellectual and Developmental Disability, Mental Health, and Substance Abuse Facilities",200
31-1131,2022-05-01,623200,"Residential Intellectual and Developmental Disability, Mental Health, and Substance Abuse Facilities",9550
21-1021,2022-05-01,623300,Continuing Care Retirement Communities and Assisted Living Facilities for the Elderly,130
21-1022,2022-05-01,623300,Continuing Care Retirement Communities and Assisted Living Facilities for the Elderly,3760
21-1023,2022-05-01,623300,Continuing Care Retirement Communities and Assisted Living Facilities for the Elderly,50
21-1029,2022-05-01,623300,Continuing Care Retirement Communities and Assisted Living Facilities for the Elderly,90
29-1051,2022-05-01,623300,Continuing Care Retirement Communities and Assisted Living Facilities for the Elderly,40
29-1141,2022-05-01,623300,Continuing Care Retirement Communities and Assisted Living Facilities for the Elderly,31230
29-1215,2022-05-01,623300,Continuing Care Retirement Communities and Assisted Living Facilities for the Elderly,40
29-1216,2022-05-01,623300,Continuing Care Retirement Communities and Assisted Living Facilities for the Elderly,30
31-1131,2022-05-01,623300,Continuing Care Retirement Communities and Assisted Living Facilities for the Elderly,140910
21-1021,2022-05-01,623900,Other Residential Care Facilities,8440
21-1022,2022-05-01,623900,Other Residential Care Facilities,1410
21-1023,2022-05-01,623900,Other Residential Care Facilities,1170
21-1029,2022-05-01,623900,Other Residential Care Facilities,280
29-1141,2022-05-01,623900,Other Residential Care Facilities,2750
29-1171,2022-05-01,623900,Other Residential Care Facilities,150
29-1223,2022-05-01,623900,Other Residential Care Facilities,40
31-1131,2022-05-01,623900,Other Residential Care Facilities,3420
21-1021,2022-05-01,624100,Individual and Family Services,81060
21-1022,2022-05-01,624100,Individual and Family Services,22450
21-1023,2022-05-01,624100,Individual and Family Services,15870
21-1029,2022-05-01,624100,Individual and Family Services,6710
29-1021,2022-05-01,624100,Individual and Family Services,60
29-1051,2022-05-01,624100,Individual and Family Services,220
29-1071,2022-05-01,624100,Individual and Family Services,270
29-1141,2022-05-01,624100,Individual and Family Services,26390
29-1171,2022-05-01,624100,Individual and Family Services,1840
29-1215,2022-05-01,624100,Individual and Family Services,130
29-1223,2022-05-01,624100,Individual and Family Services,740
29-1229,2022-05-01,624100,Individual and Family Services,230
31-1131,2022-05-01,624100,Individual and Family Services,35260
21-1021,2022-05-01,624200,"Community Food and Housing, and Emergency and Other Relief Services",9920
21-1022,2022-05-01,624200,"Community Food and Housing, and Emergency and Other Relief Services",2660
21-1023,2022-05-01,624200,"Community Food and Housing, and Emergency and Other Relief Services",1980
21-1029,2022-05-01,624200,"Community Food and Housing, and Emergency and Other Relief Services",2290
29-1141,2022-05-01,624200,"Community Food and Housing, and Emergency and Other Relief Services",610
29-1171,2022-05-01,624200,"Community Food and Housing, and Emergency and Other Relief Services",110
29-1215,2022-05-01,624200,"Community Food and Housing, and Emergency and Other Relief Services",50
29-1229,2022-05-01,624200,"Community Food and Housing, and Emergency and Other Relief Services",70
31-1131,2022-05-01,624200,"Community Food and Housing, and Emergency and Other Relief Services",60
21-1021,2022-05-01,624300,Vocational Rehabilitation Services,1430
21-1022,2022-05-01,624300,Vocational Rehabilitation Services,1040
21-1023,2022-05-01,624300,Vocational Rehabilitation Services,640
21-1029,2022-05-01,624300,Vocational Rehabilitation Services,960
29-1141,2022-05-01,624300,Vocational Rehabilitation Services,1520
29-1171,2022-05-01,624300,Vocational Rehabilitation Services,60
31-1131,2022-05-01,624300,Vocational Rehabilitation Services,560
21-1021,2022-05-01,624400,Child Care Services,6380
21-1022,2022-05-01,624400,Child Care Services,150
21-1023,2022-05-01,624400,Child Care Services,160
21-1029,2022-05-01,624400,Child Care Services,120
29-1141,2022-05-01,624400,Child Care Services,660
31-1131,2022-05-01,624400,Child Care Services,0
29-1229,2022-05-01,711200,Spectator Sports,80
29-1141,2022-05-01,713900,Other Amusement and Recreation Industries,100
29-1141,2022-05-01,721200,RV (Recreational Vehicle) Parks and Recreational Camps,30
21-1023,2022-05-01,812100,Personal Care Services,0
29-1071,2022-05-01,812100,Personal Care Services,280
29-1141,2022-05-01,812100,Personal Care Services,1470
29-1171,2022-05-01,812100,Personal Care Services,660
29-1213,2022-05-01,812100,Personal Care Services,90
29-1229,2022-05-01,812100,Personal Care Services,100
29-1141,2022-05-01,812900,Other Personal Services,250
21-1021,2022-05-01,813100,Religious Organizations,140
21-1022,2022-05-01,813100,Religious Organizations,50
21-1029,2022-05-01,813100,Religious Organizations,90
29-1141,2022-05-01,813100,Religious Organizations,590
31-1131,2022-05-01,813100,Religious Organizations,670
21-1021,2022-05-01,813200,Grantmaking and Giving Services,590
21-1022,2022-05-01,813200,Grantmaking and Giving Services,890
21-1023,2022-05-01,813200,Grantmaking and Giving Services,140
21-1029,2022-05-01,813200,Grantmaking and Giving Services,130
29-1141,2022-05-01,813200,Grantmaking and Giving Services,310
29-1171,2022-05-01,813200,Grantmaking and Giving Services,150
29-1215,2022-05-01,813200,Grantmaking and Giving Services,80
31-1131,2022-05-01,813200,Grantmaking and Giving Services,240
21-1021,2022-05-01,813300,Social Advocacy Organizations,4900
21-1022,2022-05-01,813300,Social Advocacy Organizations,940
21-1023,2022-05-01,813300,Social Advocacy Organizations,570
21-1029,2022-05-01,813300,Social Advocacy Organizations,620
29-1021,2022-05-01,813300,Social Advocacy Organizations,0
29-1141,2022-05-01,813300,Social Advocacy Organizations,580
29-1171,2022-05-01,813300,Social Advocacy Organizations,40
31-1131,2022-05-01,813300,Social Advocacy Organizations,840
21-1021,2022-05-01,813400,Civic and Social Organizations,1190
21-1022,2022-05-01,813400,Civic and Social Organizations,70
21-1023,2022-05-01,813400,Civic and Social Organizations,90
21-1029,2022-05-01,813400,Civic and Social Organizations,410
29-1141,2022-05-01,813400,Civic and Social Organizations,70
21-1022,2022-05-01,813900,"Business, Professional, Labor, Political, and Similar Organizations",150
21-1023,2022-05-01,813900,"Business, Professional, Labor, Political, and Similar Organizations",0
29-1051,2022-05-01,813900,"Business, Professional, Labor, Political, and Similar Organizations",90
29-1141,2022-05-01,813900,"Business, Professional, Labor, Political, and Similar Organizations",700
29-1171,2022-05-01,813900,"Business, Professional, Labor, Political, and Similar Organizations",70
29-1229,2022-05-01,813900,"Business, Professional, Labor, Political, and Similar Organizations",0
21-1029,2022-05-01,999100,Federal Executive Branch (OES Designation),17810
29-1029,2022-05-01,999100,Federal Executive Branch (OES Designation),2210
29-1051,2022-05-01,999100,Federal Executive Branch (OES Designation),6570
29-1071,2022-05-01,999100,Federal Executive Branch (OES Designation),880
29-1141,2022-05-01,999100,Federal Executive Branch (OES Designation),90490
29-1229,2022-05-01,999100,Federal Executive Branch (OES Designation),35720
31-1131,2022-05-01,999100,Federal Executive Branch (OES Designation),15090
21-1021,2022-05-01,999200,"State Government, excluding schools and hospitals (OES Designation)",67440
21-1022,2022-05-01,999200,"State Government, excluding schools and hospitals (OES Designation)",6620
21-1023,2022-05-01,999200,"State Government, excluding schools and hospitals (OES Designation)",5580
21-1029,2022-05-01,999200,"State Government, excluding schools and hospitals (OES Designation)",8280
29-1021,2022-05-01,999200,"State Government, excluding schools and hospitals (OES Designation)",820
29-1051,2022-05-01,999200,"State Government, excluding schools and hospitals (OES Designation)",1620
29-1071,2022-05-01,999200,"State Government, excluding schools and hospitals (OES Designation)",370
29-1141,2022-05-01,999200,"State Government, excluding schools and hospitals (OES Designation)",32560
29-1171,2022-05-01,999200,"State Government, excluding schools and hospitals (OES Designation)",1150
29-1215,2022-05-01,999200,"State Government, excluding schools and hospitals (OES Designation)",1080
29-1216,2022-05-01,999200,"State Government, excluding schools and hospitals (OES Designation)",150
29-1222,2022-05-01,999200,"State Government, excluding schools and hospitals (OES Designation)",70
29-1223,2022-05-01,999200,"State Government, excluding schools and hospitals (OES Designation)",1400
29-1229,2022-05-01,999200,"State Government, excluding schools and hospitals (OES Designation)",1170
31-1131,2022-05-01,999200,"State Government, excluding schools and hospitals (OES Designation)",12370
21-1021,2022-05-01,999300,"Local Government, excluding schools and hospitals (OES Designation)",73540
21-1022,2022-05-01,999300,"Local Government, excluding schools and hospitals (OES Designation)",6510
21-1023,2022-05-01,999300,"Local Government, excluding schools and hospitals (OES Designation)",11520
21-1029,2022-05-01,999300,"Local Government, excluding schools and hospitals (OES Designation)",9010
29-1021,2022-05-01,999300,"Local Government, excluding schools and hospitals (OES Designation)",730
29-1051,2022-05-01,999300,"Local Government, excluding schools and hospitals (OES Designation)",1210
29-1071,2022-05-01,999300,"Local Government, excluding schools and hospitals (OES Designation)",860
29-1141,2022-05-01,999300,"Local Government, excluding schools and hospitals (OES Designation)",40150
29-1171,2022-05-01,999300,"Local Government, excluding schools and hospitals (OES Designation)",3100
29-1214,2022-05-01,999300,"Local Government, excluding schools and hospitals (OES Designation)",60
29-1215,2022-05-01,999300,"Local Government, excluding schools and hospitals (OES Designation)",1070
29-1216,2022-05-01,999300,"Local Government, excluding schools and hospitals (OES Designation)",470
29-1221,2022-05-01,999300,"Local Government, excluding schools and hospitals (OES Designation)",110
29-1222,2022-05-01,999300,"Local Government, excluding schools and hospitals (OES Designation)",410
29-1223,2022-05-01,999300,"Local Government, excluding schools and hospitals (OES Designation)",1140
29-1229,2022-05-01,999300,"Local Government, excluding schools and hospitals (OES Designation)",1000
29-1249,2022-05-01,999300,"Local Government, excluding schools and hospitals (OES Designation)",40
31-1131,2022-05-01,999300,"Local Government, excluding schools and hospitals (OES Designation)",21820
29-1141,2022-05-01,3250A1,"Chemical Manufacturing (3251, 3252, 3253, and 3259 only)",90
29-1141,2022-05-01,3320A1,"Fabricated Metal Product Manufacturing (3321, 3322, 3325, 3326, and 3329 only)",30
29-1141,2022-05-01,3330A1,"Machinery Manufacturing (3331, 3332, 3334, and 3339 only)",80
29-1051,2022-05-01,4240A2,"Merchant Wholesalers, Nondurable Goods (4242 and 4246 only)",6950
29-1141,2022-05-01,4240A2,"Merchant Wholesalers, Nondurable Goods (4242 and 4246 only)",1410
29-1213,2022-05-01,4240A2,"Merchant Wholesalers, Nondurable Goods (4242 and 4246 only)",50
29-1229,2022-05-01,4240A2,"Merchant Wholesalers, Nondurable Goods (4242 and 4246 only)",110
29-1051,2022-05-01,4450A1,Food and Beverage Retailers (4451 and 4452 only),23600
29-1141,2022-05-01,4450A1,Food and Beverage Retailers (4451 and 4452 only),240
21-1021,2022-05-01,4590A1,Miscellaneous Store Retailers (4594 and 4595 only),110
29-1051,2022-05-01,5320A1,"Rental and Leasing Services (5322, 5323, and 5324 only)",0
29-1141,2022-05-01,5320A1,"Rental and Leasing Services (5322, 5323, and 5324 only)",130
29-1141,2023-05-01,221100,"Electric Power Generation, Transmission and Distribution",30
29-1141,2023-05-01,311400,Fruit and Vegetable Preserving and Specialty Food Manufacturing,40
29-1141,2023-05-01,311600,Animal Slaughtering and Processing,680
29-1141,2023-05-01,322100,"Pulp, Paper, and Paperboard Mills",30
29-1141,2023-05-01,324100,Petroleum and Coal Products Manufacturing,40
29-1051,2023-05-01,325400,Pharmaceutical and Medicine Manufacturing,1190
29-1141,2023-05-01,325400,Pharmaceutical and Medicine Manufacturing,80
29-1229,2023-05-01,325400,Pharmaceutical and Medicine Manufacturing,50
29-1141,2023-05-01,3250A1,"Chemical Manufacturing (3251, 3252, 3253, and 3259 only)",80
29-1141,2023-05-01,326100,Plastics Product Manufacturing,40
29-1141,2023-05-01,327000,Nonmetallic Mineral Product Manufacturing,30
29-1141,2023-05-01,331300,Alumina and Aluminum Production and Processing,30
29-1141,2023-05-01,3330A1,"Machinery Manufacturing (3331, 3332, 3334, and 3339 only)",90
29-1141,2023-05-01,334500,"Navigational, Measuring, Electromedical, and Control Instruments Manufacturing",200
29-1141,2023-05-01,336100,Motor Vehicle Manufacturing,200
29-1141,2023-05-01,336300,Motor Vehicle Parts Manufacturing,120
29-1141,2023-05-01,336400,Aerospace Product and Parts Manufacturing,80
29-1141,2023-05-01,339100,Medical Equipment and Supplies Manufacturing,60
29-1151,2023-05-01,339100,Medical Equipment and Supplies Manufacturing,150
29-1171,2023-05-01,339100,Medical Equipment and Supplies Manufacturing,60
29-1051,2023-05-01,423400,Professional and Commercial Equipment and Supplies Merchant Wholesalers,330
29-1141,2023-05-01,423400,Professional and Commercial Equipment and Supplies Merchant Wholesalers,310
29-1171,2023-05-01,423400,Professional and Commercial Equipment and Supplies Merchant Wholesalers,0
29-1222,2023-05-01,423400,Professional and Commercial Equipment and Supplies Merchant Wholesalers,60
29-1224,2023-05-01,423400,Professional and Commercial Equipment and Supplies Merchant Wholesalers,70
29-1229,2023-05-01,423400,Professional and Commercial Equipment and Supplies Merchant Wholesalers,80
29-1051,2023-05-01,4240A2,"Merchant Wholesalers, Nondurable Goods (4242 and 4246 only)",7690
29-1141,2023-05-01,4240A2,"Merchant Wholesalers, Nondurable Goods (4242 and 4246 only)",1280
29-1213,2023-05-01,4240A2,"Merchant Wholesalers, Nondurable Goods (4242 and 4246 only)",100
29-1229,2023-05-01,4240A2,"Merchant Wholesalers, Nondurable Goods (4242 and 4246 only)",160
29-1051,2023-05-01,425100,Wholesale Trade Agents and Brokers,350
29-1141,2023-05-01,425100,Wholesale Trade Agents and Brokers,40
29-1051,2023-05-01,4450A1,Food and Beverage Retailers (4451 and 4452 only),23750
29-1141,2023-05-01,4450A1,Food and Beverage Retailers (4451 and 4452 only),310
29-1051,2023-05-01,455000,General Merchandise Retailers,20740
21-1022,2023-05-01,456100,Health and Personal Care Retailers,60
29-1051,2023-05-01,456100,Health and Personal Care Retailers,134050
29-1071,2023-05-01,456100,Health and Personal Care Retailers,40
29-1141,2023-05-01,456100,Health and Personal Care Retailers,3570
29-1171,2023-05-01,456100,Health and Personal Care Retailers,760
29-1215,2023-05-01,456100,Health and Personal Care Retailers,0
29-1051,2023-05-01,459900,Other Miscellaneous Retailers,510
21-1021,2023-05-01,4590A1,Miscellaneous Store Retailers (4594 and 4595 only),50
29-1141,2023-05-01,491100,Postal Service (Federal Government),100
29-1051,2023-05-01,493100,Warehousing and Storage,240
29-1141,2023-05-01,493100,Warehousing and Storage,130
29-1141,2023-05-01,513100,"Newspaper, Periodical, Book, and Directory Publishers",30
29-1141,2023-05-01,513200,Software Publishers,140
29-1051,2023-05-01,518200,"Computing Infrastructure Providers, Data Processing, Web Hosting, and Related Services",0
29-1141,2023-05-01,518200,"Computing Infrastructure Providers, Data Processing, Web Hosting, and Related Services",290
21-1021,2023-05-01,524100,Insurance Carriers,110
21-1022,2023-05-01,524100,Insurance Carriers,4670
21-1029,2023-05-01,524100,Insurance Carriers,40
29-1021,2023-05-01,524100,Insurance Carriers,130
29-1051,2023-05-01,524100,Insurance Carriers,3340
29-1071,2023-05-01,524100,Insurance Carriers,30
29-1141,2023-05-01,524100,Insurance Carriers,34200
29-1171,2023-05-01,524100,Insurance Carriers,940
29-1215,2023-05-01,524100,Insurance Carriers,40
29-1229,2023-05-01,524100,Insurance Carriers,770
21-1022,2023-05-01,524200,"Agencies, Brokerages, and Other Insurance Related Activities",630
29-1051,2023-05-01,524200,"Agencies, Brokerages, and Other Insurance Related Activities",880
29-1141,2023-05-01,524200,"Agencies, Brokerages, and Other Insurance Related Activities",11670
29-1229,2023-05-01,524200,"Agencies, Brokerages, and Other Insurance Related Activities",340
29-1141,2023-05-01,525100,Insurance and Employee Benefit Funds,60
21-1021,2023-05-01,531000,Real Estate,0
21-1029,2023-05-01,531000,Real Estate,90
29-1051,2023-05-01,5320A1,"Rental and Leasing Services (5322, 5323, and 5324 only)",160
29-1141,2023-05-01,5320A1,"Rental and Leasing Services (5322, 5323, and 5324 only)",100
21-1021,2023-05-01,541100,Legal Services,630
21-1022,2023-05-01,541100,Legal Services,0
21-1023,2023-05-01,541100,Legal Services,470
21-1029,2023-05-01,541100,Legal Services,430
29-1141,2023-05-01,541100,Legal Services,400
21-1022,2023-05-01,541200,"Accounting, Tax Preparation, Bookkeeping, and Payroll Services",150
29-1141,2023-05-01,541200,"Accounting, Tax Preparation, Bookkeeping, and Payroll Services",680
29-1229,2023-05-01,541200,"Accounting, Tax Preparation, Bookkeeping, and Payroll Services",0
29-1141,2023-05-01,541300,"Architectural, Engineering, and Related Services",100
21-1022,2023-05-01,541500,Computer Systems Design and Related Services,60
29-1051,2023-05-01,541500,Computer Systems Design and Related Services,1050
29-1141,2023-05-01,541500,Computer Systems Design and Related Services,0
29-1171,2023-05-01,541500,Computer Systems Design and Related Services,0
29-1229,2023-05-01,541500,Computer Systems Design and Related Services,120
21-1022,2023-05-01,541600,"Management, Scientific, and Technical Consulting Services",1720
21-1023,2023-05-01,541600,"Management, Scientific, and Technical Consulting Services",230
21-1029,2023-05-01,541600,"Management, Scientific, and Technical Consulting Services",0
29-1051,2023-05-01,541600,"Management, Scientific, and Technical Consulting Services",1630
29-1071,2023-05-01,541600,"Management, Scientific, and Technical Consulting Services",0
29-1141,2023-05-01,541600,"Management, Scientific, and Technical Consulting Services",5590
29-1171,2023-05-01,541600,"Management, Scientific, and Technical Consulting Services",850
31-1131,2023-05-01,541600,"Management, Scientific, and Technical Consulting Services",290
21-1021,2023-05-01,541700,Scientific Research and Development Services,50
21-1022,2023-05-01,541700,Scientific Research and Development Services,180
21-1023,2023-05-01,541700,Scientific Research and Development Services,270
21-1029,2023-05-01,541700,Scientific Research and Development Services,0
29-1051,2023-05-01,541700,Scientific Research and Development Services,730
29-1071,2023-05-01,541700,Scientific Research and Development Services,390
29-1141,2023-05-01,541700,Scientific Research and Development Services,3580
29-1171,2023-05-01,541700,Scientific Research and Development Services,570
29-1215,2023-05-01,541700,Scientific Research and Development Services,40
29-1216,2023-05-01,541700,Scientific Research and Development Services,0
29-1217,2023-05-01,541700,Scientific Research and Development Services,0
29-1222,2023-05-01,541700,Scientific Research and Development Services,270
29-1223,2023-05-01,541700,Scientific Research and Development Services,180
29-1229,2023-05-01,541700,Scientific Research and Development Services,920
29-1241,2023-05-01,541700,Scientific Research and Development Services,50
29-1249,2023-05-01,541700,Scientific Research and Development Services,50
31-1131,2023-05-01,541700,Scientific Research and Development Services,210
29-1051,2023-05-01,541900,"Other Professional, Scientific, and Technical Services",400
29-1141,2023-05-01,541900,"Other Professional, Scientific, and Technical Services",970
29-1229,2023-05-01,541900,"Other Professional, Scientific, and Technical Services",0
21-1021,2023-05-01,551100,Management of Companies and Enterprises,3670
21-1022,2023-05-01,551100,Management of Companies and Enterprises,3170
21-1023,2023-05-01,551100,Management of Companies and Enterprises,1730
21-1029,2023-05-01,551100,Management of Companies and Enterprises,690
29-1021,2023-05-01,551100,Management of Companies and Enterprises,40
29-1051,2023-05-01,551100,Management of Companies and Enterprises,6460
29-1071,2023-05-01,551100,Management of Companies and Enterprises,310
29-1141,2023-05-01,551100,Management of Companies and Enterprises,22760
29-1171,2023-05-01,551100,Management of Companies and Enterprises,1300
29-1214,2023-05-01,551100,Management of Companies and Enterprises,220
29-1215,2023-05-01,551100,Management of Companies and Enterprises,540
29-1216,2023-05-01,551100,Management of Companies and Enterprises,430
29-1218,2023-05-01,551100,Management of Companies and Enterprises,70
29-1221,2023-05-01,551100,Management of Companies and Enterprises,90
29-1223,2023-05-01,551100,Management of Companies and Enterprises,200
29-1224,2023-05-01,551100,Management of Companies and Enterprises,260
29-1229,2023-05-01,551100,Management of Companies and Enterprises,1630
31-1131,2023-05-01,551100,Management of Companies and Enterprises,1670
21-1022,2023-05-01,561100,Office Administrative Services,990
21-1023,2023-05-01,561100,Office Administrative Services,0
21-1029,2023-05-01,561100,Office Administrative Services,0
29-1051,2023-05-01,561100,Office Administrative Services,680
29-1141,2023-05-01,561100,Office Administrative Services,8280
29-1171,2023-05-01,561100,Office Administrative Services,890
31-1131,2023-05-01,561100,Office Administrative Services,250
21-1021,2023-05-01,561200,Facilities Support Services,30
29-1141,2023-05-01,561200,Facilities Support Services,760
31-1131,2023-05-01,561200,Facilities Support Services,90
21-1021,2023-05-01,561300,Employment Services,1780
21-1022,2023-05-01,561300,Employment Services,1260
21-1023,2023-05-01,561300,Employment Services,790
21-1029,2023-05-01,561300,Employment Services,800
29-1021,2023-05-01,561300,Employment Services,760
29-1051,2023-05-01,561300,Employment Services,3120
29-1071,2023-05-01,561300,Employment Services,1550
29-1141,2023-05-01,561300,Employment Services,130890
29-1171,2023-05-01,561300,Employment Services,3700
29-1212,2023-05-01,561300,Employment Services,0
29-1214,2023-05-01,561300,Employment Services,0
29-1215,2023-05-01,561300,Employment Services,320
29-1216,2023-05-01,561300,Employment Services,160
29-1224,2023-05-01,561300,Employment Services,0
29-1229,2023-05-01,561300,Employment Services,1600
31-1131,2023-05-01,561300,Employment Services,59480
29-1051,2023-05-01,561400,Business Support Services,40
29-1141,2023-05-01,561400,Business Support Services,1310
29-1171,2023-05-01,561400,Business Support Services,80
29-1051,2023-05-01,561900,Other Support Services,50
21-1021,2023-05-01,611100,Elementary and Secondary Schools,57700
21-1022,2023-05-01,611100,Elementary and Secondary Schools,440
21-1023,2023-05-01,611100,Elementary and Secondary Schools,1120
21-1029,2023-05-01,611100,Elementary and Secondary Schools,490
29-1141,2023-05-01,611100,Elementary and Secondary Schools,64240
29-1171,2023-05-01,611100,Elementary and Secondary Schools,750
29-1229,2023-05-01,611100,Elementary and Secondary Schools,80
31-1131,2023-05-01,611100,Elementary and Secondary Schools,7630
21-1021,2023-05-01,611200,Junior Colleges,430
21-1029,2023-05-01,611200,Junior Colleges,130
29-1021,2023-05-01,611200,Junior Colleges,60
29-1141,2023-05-01,611200,Junior Colleges,750
31-1131,2023-05-01,611200,Junior Colleges,40
21-1021,2023-05-01,611300,"Colleges, Universities, and Professional Schools",2060
21-1022,2023-05-01,611300,"Colleges, Universities, and Professional Schools",2010
21-1023,2023-05-01,611300,"Colleges, Universities, and Professional Schools",640
21-1029,2023-05-01,611300,"Colleges, Universities, and Professional Schools",670
29-1021,2023-05-01,611300,"Colleges, Universities, and Professional Schools",360
29-1051,2023-05-01,611300,"Colleges, Universities, and Professional Schools",2180
29-1071,2023-05-01,611300,"Colleges, Universities, and Professional Schools",3520
29-1141,2023-05-01,611300,"Colleges, Universities, and Professional Schools",27860
29-1151,2023-05-01,611300,"Colleges, Universities, and Professional Schools",900
29-1171,2023-05-01,611300,"Colleges, Universities, and Professional Schools",6990
29-1211,2023-05-01,611300,"Colleges, Universities, and Professional Schools",610
29-1212,2023-05-01,611300,"Colleges, Universities, and Professional Schools",260
29-1213,2023-05-01,611300,"Colleges, Universities, and Professional Schools",70
29-1214,2023-05-01,611300,"Colleges, Universities, and Professional Schools",640
29-1215,2023-05-01,611300,"Colleges, Universities, and Professional Schools",1920
29-1216,2023-05-01,611300,"Colleges, Universities, and Professional Schools",0
29-1217,2023-05-01,611300,"Colleges, Universities, and Professional Schools",270
29-1218,2023-05-01,611300,"Colleges, Universities, and Professional Schools",0
29-1221,2023-05-01,611300,"Colleges, Universities, and Professional Schools",1160
29-1222,2023-05-01,611300,"Colleges, Universities, and Professional Schools",470
29-1223,2023-05-01,611300,"Colleges, Universities, and Professional Schools",1020
29-1224,2023-05-01,611300,"Colleges, Universities, and Professional Schools",560
29-1229,2023-05-01,611300,"Colleges, Universities, and Professional Schools",15540
29-1241,2023-05-01,611300,"Colleges, Universities, and Professional Schools",110
29-1242,2023-05-01,611300,"Colleges, Universities, and Professional Schools",230
29-1249,2023-05-01,611300,"Colleges, Universities, and Professional Schools",980
31-1131,2023-05-01,611300,"Colleges, Universities, and Professional Schools",4030
21-1021,2023-05-01,611400,Business Schools and Computer and Management Training,150
29-1141,2023-05-01,611400,Business Schools and Computer and Management Training,150
21-1021,2023-05-01,611500,Technical and Trade Schools,50
29-1021,2023-05-01,611500,Technical and Trade Schools,50
29-1141,2023-05-01,611500,Technical and Trade Schools,120
31-1131,2023-05-01,611500,Technical and Trade Schools,70
21-1021,2023-05-01,611600,Other Schools and Instruction,900
21-1029,2023-05-01,611600,Other Schools and Instruction,70
29-1141,2023-05-01,611600,Other Schools and Instruction,140
21-1021,2023-05-01,611700,Educational Support Services,3870
21-1023,2023-05-01,611700,Educational Support Services,120
21-1029,2023-05-01,611700,Educational Support Services,0
29-1141,2023-05-01,611700,Educational Support Services,690
31-1131,2023-05-01,611700,Educational Support Services,70
21-1021,2023-05-01,621100,Offices of Physicians,1030
21-1022,2023-05-01,621100,Offices of Physicians,12110
21-1023,2023-05-01,621100,Offices of Physicians,3430
21-1029,2023-05-01,621100,Offices of Physicians,270
29-1021,2023-05-01,621100,Offices of Physicians,3360
29-1022,2023-05-01,621100,Offices of Physicians,0
29-1051,2023-05-01,621100,Offices of Physicians,7150
29-1071,2023-05-01,621100,Offices of Physicians,80610
29-1141,2023-05-01,621100,Offices of Physicians,220070
29-1151,2023-05-01,621100,Offices of Physicians,24830
29-1171,2023-05-01,621100,Offices of Physicians,137030
29-1211,2023-05-01,621100,Offices of Physicians,26460
29-1212,2023-05-01,621100,Offices of Physicians,10110
29-1213,2023-05-01,621100,Offices of Physicians,11020
29-1214,2023-05-01,621100,Offices of Physicians,19690
29-1215,2023-05-01,621100,Offices of Physicians,75020
29-1216,2023-05-01,621100,Offices of Physicians,34610
29-1217,2023-05-01,621100,Offices of Physicians,5980
29-1218,2023-05-01,621100,Offices of Physicians,13530
29-1221,2023-05-01,621100,Offices of Physicians,22960
29-1222,2023-05-01,621100,Offices of Physicians,3450
29-1223,2023-05-01,621100,Offices of Physicians,6780
29-1224,2023-05-01,621100,Offices of Physicians,20000
29-1229,2023-05-01,621100,Offices of Physicians,131460
29-1241,2023-05-01,621100,Offices of Physicians,9460
29-1242,2023-05-01,621100,Offices of Physicians,11710
29-1243,2023-05-01,621100,Offices of Physicians,770
29-1249,2023-05-01,621100,Offices of Physicians,16250
31-1131,2023-05-01,621100,Offices of Physicians,20370
29-1021,2023-05-01,621200,Offices of Dentists,109280
29-1022,2023-05-01,621200,Offices of Dentists,3540
29-1023,2023-05-01,621200,Offices of Dentists,6180
29-1024,2023-05-01,621200,Offices of Dentists,520
29-1029,2023-05-01,621200,Offices of Dentists,3240
29-1141,2023-05-01,621200,Offices of Dentists,1190
29-1229,2023-05-01,621200,Offices of Dentists,0
31-1131,2023-05-01,621200,Offices of Dentists,0
21-1021,2023-05-01,621300,Offices of Other Health Practitioners,5000
21-1022,2023-05-01,621300,Offices of Other Health Practitioners,2220
21-1023,2023-05-01,621300,Offices of Other Health Practitioners,14000
21-1029,2023-05-01,621300,Offices of Other Health Practitioners,140
29-1021,2023-05-01,621300,Offices of Other Health Practitioners,150
29-1051,2023-05-01,621300,Offices of Other Health Practitioners,450
29-1071,2023-05-01,621300,Offices of Other Health Practitioners,2880
29-1141,2023-05-01,621300,Offices of Other Health Practitioners,19580
29-1151,2023-05-01,621300,Offices of Other Health Practitioners,2690
29-1171,2023-05-01,621300,Offices of Other Health Practitioners,11400
29-1215,2023-05-01,621300,Offices of Other Health Practitioners,660
29-1216,2023-05-01,621300,Offices of Other Health Practitioners,320
29-1218,2023-05-01,621300,Offices of Other Health Practitioners,110
29-1221,2023-05-01,621300,Offices of Other Health Practitioners,50
29-1223,2023-05-01,621300,Offices of Other Health Practitioners,1410
29-1229,2023-05-01,621300,Offices of Other Health Practitioners,2050
29-1241,2023-05-01,621300,Offices of Other Health Practitioners,790
29-1249,2023-05-01,621300,Offices of Other Health Practitioners,30
31-1131,2023-05-01,621300,Offices of Other Health Practitioners,5100
21-1021,2023-05-01,621400,Outpatient Care Centers,6810
21-1022,2023-05-01,621400,Outpatient Care Centers,12250
21-1023,2023-05-01,621400,Outpatient Care Centers,23620
21-1029,2023-05-01,621400,Outpatient Care Centers,600
29-1021,2023-05-01,621400,Outpatient Care Centers,3240
29-1022,2023-05-01,621400,Outpatient Care Centers,30
29-1029,2023-05-01,621400,Outpatient Care Centers,50
29-1051,2023-05-01,621400,Outpatient Care Centers,7620
29-1071,2023-05-01,621400,Outpatient Care Centers,14060
29-1141,2023-05-01,621400,Outpatient Care Centers,163630
29-1151,2023-05-01,621400,Outpatient Care Centers,2380
29-1171,2023-05-01,621400,Outpatient Care Centers,25440
29-1211,2023-05-01,621400,Outpatient Care Centers,430
29-1212,2023-05-01,621400,Outpatient Care Centers,360
29-1213,2023-05-01,621400,Outpatient Care Centers,200
29-1214,2023-05-01,621400,Outpatient Care Centers,2970
29-1215,2023-05-01,621400,Outpatient Care Centers,7310
29-1216,2023-05-01,621400,Outpatient Care Centers,3220
29-1217,2023-05-01,621400,Outpatient Care Centers,230
29-1218,2023-05-01,621400,Outpatient Care Centers,1230
29-1221,2023-05-01,621400,Outpatient Care Centers,2030
29-1223,2023-05-01,621400,Outpatient Care Centers,2840
29-1224,2023-05-01,621400,Outpatient Care Centers,290
29-1229,2023-05-01,621400,Outpatient Care Centers,8590
29-1241,2023-05-01,621400,Outpatient Care Centers,240
29-1242,2023-05-01,621400,Outpatient Care Centers,250
29-1249,2023-05-01,621400,Outpatient Care Centers,810
31-1131,2023-05-01,621400,Outpatient Care Centers,13110
21-1022,2023-05-01,621500,Medical and Diagnostic Laboratories,80
29-1051,2023-05-01,621500,Medical and Diagnostic Laboratories,80
29-1071,2023-05-01,621500,Medical and Diagnostic Laboratories,630
29-1141,2023-05-01,621500,Medical and Diagnostic Laboratories,2770
29-1171,2023-05-01,621500,Medical and Diagnostic Laboratories,340
29-1215,2023-05-01,621500,Medical and Diagnostic Laboratories,80
29-1216,2023-05-01,621500,Medical and Diagnostic Laboratories,80
29-1221,2023-05-01,621500,Medical and Diagnostic Laboratories,60
29-1222,2023-05-01,621500,Medical and Diagnostic Laboratories,3950
29-1224,2023-05-01,621500,Medical and Diagnostic Laboratories,4110
29-1229,2023-05-01,621500,Medical and Diagnostic Laboratories,190
31-1131,2023-05-01,621500,Medical and Diagnostic Laboratories,190
21-1021,2023-05-01,621600,Home Health Care Services,930
21-1022,2023-05-01,621600,Home Health Care Services,24740
21-1023,2023-05-01,621600,Home Health Care Services,410
21-1029,2023-05-01,621600,Home Health Care Services,260
29-1051,2023-05-01,621600,Home Health Care Services,2660
29-1071,2023-05-01,621600,Home Health Care Services,220
29-1141,2023-05-01,621600,Home Health Care Services,179530
29-1151,2023-05-01,621600,Home Health Care Services,0
29-1171,2023-05-01,621600,Home Health Care Services,7410
29-1215,2023-05-01,621600,Home Health Care Services,220
29-1216,2023-05-01,621600,Home Health Care Services,80
29-1221,2023-05-01,621600,Home Health Care Services,60
29-1229,2023-05-01,621600,Home Health Care Services,1470
31-1131,2023-05-01,621600,Home Health Care Services,81370
21-1021,2023-05-01,621900,Other Ambulatory Health Care Services,410
21-1022,2023-05-01,621900,Other Ambulatory Health Care Services,1940
21-1023,2023-05-01,621900,Other Ambulatory Health Care Services,120
21-1029,2023-05-01,621900,Other Ambulatory Health Care Services,180
29-1021,2023-05-01,621900,Other Ambulatory Health Care Services,170
29-1051,2023-05-01,621900,Other Ambulatory Health Care Services,510
29-1071,2023-05-01,621900,Other Ambulatory Health Care Services,830
29-1141,2023-05-01,621900,Other Ambulatory Health Care Services,18430
29-1151,2023-05-01,621900,Other Ambulatory Health Care Services,260
29-1171,2023-05-01,621900,Other Ambulatory Health Care Services,2710
29-1215,2023-05-01,621900,Other Ambulatory Health Care Services,160
29-1216,2023-05-01,621900,Other Ambulatory Health Care Services,0
29-1223,2023-05-01,621900,Other Ambulatory Health Care Services,130
29-1229,2023-05-01,621900,Other Ambulatory Health Care Services,690
31-1131,2023-05-01,621900,Other Ambulatory Health Care Services,1170
21-1021,2023-05-01,622100,General Medical and Surgical Hospitals,3500
21-1022,2023-05-01,622100,General Medical and Surgical Hospitals,45010
21-1023,2023-05-01,622100,General Medical and Surgical Hospitals,6810
21-1029,2023-05-01,622100,General Medical and Surgical Hospitals,580
29-1021,2023-05-01,622100,General Medical and Surgical Hospitals,2080
29-1022,2023-05-01,622100,General Medical and Surgical Hospitals,260
29-1023,2023-05-01,622100,General Medical and Surgical Hospitals,90
29-1051,2023-05-01,622100,General Medical and Surgical Hospitals,86810
29-1071,2023-05-01,622100,General Medical and Surgical Hospitals,34890
29-1141,2023-05-01,622100,General Medical and Surgical Hospitals,1749320
29-1151,2023-05-01,622100,General Medical and Surgical Hospitals,14410
29-1171,2023-05-01,622100,General Medical and Surgical Hospitals,61740
29-1211,2023-05-01,622100,General Medical and Surgical Hospitals,4820
29-1212,2023-05-01,622100,General Medical and Surgical Hospitals,4060
29-1213,2023-05-01,622100,General Medical and Surgical Hospitals,0
29-1214,2023-05-01,622100,General Medical and Surgical Hospitals,10590
29-1215,2023-05-01,622100,General Medical and Surgical Hospitals,0
29-1216,2023-05-01,622100,General Medical and Surgical Hospitals,19830
29-1217,2023-05-01,622100,General Medical and Surgical Hospitals,2280
29-1218,2023-05-01,622100,General Medical and Surgical Hospitals,4290
29-1221,2023-05-01,622100,General Medical and Surgical Hospitals,8000
29-1222,2023-05-01,622100,General Medical and Surgical Hospitals,0
29-1223,2023-05-01,622100,General Medical and Surgical Hospitals,4890
29-1224,2023-05-01,622100,General Medical and Surgical Hospitals,5730
29-1241,2023-05-01,622100,General Medical and Surgical Hospitals,0
29-1242,2023-05-01,622100,General Medical and Surgical Hospitals,0
29-1243,2023-05-01,622100,General Medical and Surgical Hospitals,350
29-1249,2023-05-01,622100,General Medical and Surgical Hospitals,7360
31-1131,2023-05-01,622100,General Medical and Surgical Hospitals,410930
21-1021,2023-05-01,622200,Psychiatric and Substance Abuse Hospitals,660
21-1022,2023-05-01,622200,Psychiatric and Substance Abuse Hospitals,3280
21-1023,2023-05-01,622200,Psychiatric and Substance Abuse Hospitals,8150
21-1029,2023-05-01,622200,Psychiatric and Substance Abuse Hospitals,450
29-1021,2023-05-01,622200,Psychiatric and Substance Abuse Hospitals,140
29-1051,2023-05-01,622200,Psychiatric and Substance Abuse Hospitals,1470
29-1071,2023-05-01,622200,Psychiatric and Substance Abuse Hospitals,320
29-1141,2023-05-01,622200,Psychiatric and Substance Abuse Hospitals,40830
29-1171,2023-05-01,622200,Psychiatric and Substance Abuse Hospitals,2250
29-1215,2023-05-01,622200,Psychiatric and Substance Abuse Hospitals,180
29-1216,2023-05-01,622200,Psychiatric and Substance Abuse Hospitals,100
29-1223,2023-05-01,622200,Psychiatric and Substance Abuse Hospitals,2850
29-1229,2023-05-01,622200,Psychiatric and Substance Abuse Hospitals,720
31-1131,2023-05-01,622200,Psychiatric and Substance Abuse Hospitals,8250
21-1021,2023-05-01,622300,Specialty (except Psychiatric and Substance Abuse) Hospitals,160
21-1022,2023-05-01,622300,Specialty (except Psychiatric and Substance Abuse) Hospitals,2770
21-1023,2023-05-01,622300,Specialty (except Psychiatric and Substance Abuse) Hospitals,480
21-1029,2023-05-01,622300,Specialty (except Psychiatric and Substance Abuse) Hospitals,130
29-1021,2023-05-01,622300,Specialty (except Psychiatric and Substance Abuse) Hospitals,60
29-1051,2023-05-01,622300,Specialty (except Psychiatric and Substance Abuse) Hospitals,4470
29-1071,2023-05-01,622300,Specialty (except Psychiatric and Substance Abuse) Hospitals,1680
29-1141,2023-05-01,622300,Specialty (except Psychiatric and Substance Abuse) Hospitals,64060
29-1151,2023-05-01,622300,Specialty (except Psychiatric and Substance Abuse) Hospitals,530
29-1171,2023-05-01,622300,Specialty (except Psychiatric and Substance Abuse) Hospitals,2450
29-1211,2023-05-01,622300,Specialty (except Psychiatric and Substance Abuse) Hospitals,210
29-1212,2023-05-01,622300,Specialty (except Psychiatric and Substance Abuse) Hospitals,40
29-1216,2023-05-01,622300,Specialty (except Psychiatric and Substance Abuse) Hospitals,820
29-1217,2023-05-01,622300,Specialty (except Psychiatric and Substance Abuse) Hospitals,150
29-1221,2023-05-01,622300,Specialty (except Psychiatric and Substance Abuse) Hospitals,170
29-1223,2023-05-01,622300,Specialty (except Psychiatric and Substance Abuse) Hospitals,380
29-1224,2023-05-01,622300,Specialty (except Psychiatric and Substance Abuse) Hospitals,330
29-1229,2023-05-01,622300,Specialty (except Psychiatric and Substance Abuse) Hospitals,2080
29-1249,2023-05-01,622300,Specialty (except Psychiatric and Substance Abuse) Hospitals,0
31-1131,2023-05-01,622300,Specialty (except Psychiatric and Substance Abuse) Hospitals,28410
21-1021,2023-05-01,623100,Nursing Care Facilities (Skilled Nursing Facilities),810
21-1022,2023-05-01,623100,Nursing Care Facilities (Skilled Nursing Facilities),14950
21-1023,2023-05-01,623100,Nursing Care Facilities (Skilled Nursing Facilities),330
21-1029,2023-05-01,623100,Nursing Care Facilities (Skilled Nursing Facilities),50
29-1051,2023-05-01,623100,Nursing Care Facilities (Skilled Nursing Facilities),190
29-1141,2023-05-01,623100,Nursing Care Facilities (Skilled Nursing Facilities),124340
29-1216,2023-05-01,623100,Nursing Care Facilities (Skilled Nursing Facilities),90
29-1229,2023-05-01,623100,Nursing Care Facilities (Skilled Nursing Facilities),150
31-1131,2023-05-01,623100,Nursing Care Facilities (Skilled Nursing Facilities),458590
21-1021,2023-05-01,623200,"Residential Intellectual and Developmental Disability, Mental Health, and Substance Abuse Facilities",4060
21-1022,2023-05-01,623200,"Residential Intellectual and Developmental Disability, Mental Health, and Substance Abuse Facilities",4460
21-1023,2023-05-01,623200,"Residential Intellectual and Developmental Disability, Mental Health, and Substance Abuse Facilities",11430
21-1029,2023-05-01,623200,"Residential Intellectual and Developmental Disability, Mental Health, and Substance Abuse Facilities",560
29-1051,2023-05-01,623200,"Residential Intellectual and Developmental Disability, Mental Health, and Substance Abuse Facilities",80
29-1071,2023-05-01,623200,"Residential Intellectual and Developmental Disability, Mental Health, and Substance Abuse Facilities",240
29-1141,2023-05-01,623200,"Residential Intellectual and Developmental Disability, Mental Health, and Substance Abuse Facilities",17020
29-1171,2023-05-01,623200,"Residential Intellectual and Developmental Disability, Mental Health, and Substance Abuse Facilities",1520
29-1216,2023-05-01,623200,"Residential Intellectual and Developmental Disability, Mental Health, and Substance Abuse Facilities",30
29-1223,2023-05-01,623200,"Residential Intellectual and Developmental Disability, Mental Health, and Substance Abuse Facilities",610
29-1229,2023-05-01,623200,"Residential Intellectual and Developmental Disability, Mental Health, and Substance Abuse Facilities",220
31-1131,2023-05-01,623200,"Residential Intellectual and Developmental Disability, Mental Health, and Substance Abuse Facilities",11510
21-1021,2023-05-01,623300,Continuing Care Retirement Communities and Assisted Living Facilities for the Elderly,260
21-1022,2023-05-01,623300,Continuing Care Retirement Communities and Assisted Living Facilities for the Elderly,3880
21-1023,2023-05-01,623300,Continuing Care Retirement Communities and Assisted Living Facilities for the Elderly,50
21-1029,2023-05-01,623300,Continuing Care Retirement Communities and Assisted Living Facilities for the Elderly,160
29-1051,2023-05-01,623300,Continuing Care Retirement Communities and Assisted Living Facilities for the Elderly,0
29-1141,2023-05-01,623300,Continuing Care Retirement Communities and Assisted Living Facilities for the Elderly,30300
31-1131,2023-05-01,623300,Continuing Care Retirement Communities and Assisted Living Facilities for the Elderly,146190
21-1021,2023-05-01,623900,Other Residential Care Facilities,8680
21-1022,2023-05-01,623900,Other Residential Care Facilities,1090
21-1023,2023-05-01,623900,Other Residential Care Facilities,1390
21-1029,2023-05-01,623900,Other Residential Care Facilities,420
29-1141,2023-05-01,623900,Other Residential Care Facilities,2910
29-1171,2023-05-01,623900,Other Residential Care Facilities,140
29-1223,2023-05-01,623900,Other Residential Care Facilities,70
31-1131,2023-05-01,623900,Other Residential Care Facilities,2490
21-1021,2023-05-01,624100,Individual and Family Services,83280
21-1022,2023-05-01,624100,Individual and Family Services,23700
21-1023,2023-05-01,624100,Individual and Family Services,15780
21-1029,2023-05-01,624100,Individual and Family Services,7480
29-1021,2023-05-01,624100,Individual and Family Services,0
29-1051,2023-05-01,624100,Individual and Family Services,170
29-1071,2023-05-01,624100,Individual and Family Services,170
29-1141,2023-05-01,624100,Individual and Family Services,37990
29-1171,2023-05-01,624100,Individual and Family Services,2200
29-1215,2023-05-01,624100,Individual and Family Services,120
29-1223,2023-05-01,624100,Individual and Family Services,580
29-1229,2023-05-01,624100,Individual and Family Services,280
31-1131,2023-05-01,624100,Individual and Family Services,43060
21-1021,2023-05-01,624200,"Community Food and Housing, and Emergency and Other Relief Services",10300
21-1022,2023-05-01,624200,"Community Food and Housing, and Emergency and Other Relief Services",2240
21-1023,2023-05-01,624200,"Community Food and Housing, and Emergency and Other Relief Services",2500
21-1029,2023-05-01,624200,"Community Food and Housing, and Emergency and Other Relief Services",2470
29-1051,2023-05-01,624200,"Community Food and Housing, and Emergency and Other Relief Services",30
29-1141,2023-05-01,624200,"Community Food and Housing, and Emergency and Other Relief Services",750
29-1171,2023-05-01,624200,"Community Food and Housing, and Emergency and Other Relief Services",100
29-1215,2023-05-01,624200,"Community Food and Housing, and Emergency and Other Relief Services",40
21-1021,2023-05-01,624300,Vocational Rehabilitation Services,1370
21-1022,2023-05-01,624300,Vocational Rehabilitation Services,1010
21-1023,2023-05-01,624300,Vocational Rehabilitation Services,630
21-1029,2023-05-01,624300,Vocational Rehabilitation Services,1420
29-1141,2023-05-01,624300,Vocational Rehabilitation Services,1660
29-1171,2023-05-01,624300,Vocational Rehabilitation Services,110
31-1131,2023-05-01,624300,Vocational Rehabilitation Services,420
21-1021,2023-05-01,624400,Child Care Services,8250
21-1022,2023-05-01,624400,Child Care Services,190
21-1023,2023-05-01,624400,Child Care Services,0
21-1029,2023-05-01,624400,Child Care Services,0
29-1141,2023-05-01,624400,Child Care Services,940
31-1131,2023-05-01,624400,Child Care Services,110
29-1229,2023-05-01,711200,Spectator Sports,90
29-1141,2023-05-01,713900,Other Amusement and Recreation Industries,70
29-1141,2023-05-01,721200,RV (Recreational Vehicle) Parks and Recreational Camps,70
29-1071,2023-05-01,812100,Personal Care Services,190
29-1141,2023-05-01,812100,Personal Care Services,2480
29-1171,2023-05-01,812100,Personal Care Services,860
29-1213,2023-05-01,812100,Personal Care Services,70
29-1229,2023-05-01,812100,Personal Care Services,110
21-1022,2023-05-01,812200,Death Care Services,0
29-1141,2023-05-01,812900,Other Personal Services,0
21-1021,2023-05-01,813100,Religious Organizations,190
21-1022,2023-05-01,813100,Religious Organizations,60
29-1141,2023-05-01,813100,Religious Organizations,430
31-1131,2023-05-01,813100,Religious Organizations,980
21-1021,2023-05-01,813200,Grantmaking and Giving Services,880
21-1022,2023-05-01,813200,Grantmaking and Giving Services,980
21-1023,2023-05-01,813200,Grantmaking and Giving Services,210
21-1029,2023-05-01,813200,Grantmaking and Giving Services,0
29-1051,2023-05-01,813200,Grantmaking and Giving Services,40
29-1141,2023-05-01,813200,Grantmaking and Giving Services,390
29-1171,2023-05-01,813200,Grantmaking and Giving Services,130
29-1216,2023-05-01,813200,Grantmaking and Giving Services,50
31-1131,2023-05-01,813200,Grantmaking and Giving Services,160
21-1021,2023-05-01,813300,Social Advocacy Organizations,4820
21-1022,2023-05-01,813300,Social Advocacy Organizations,1170
21-1023,2023-05-01,813300,Social Advocacy Organizations,950
21-1029,2023-05-01,813300,Social Advocacy Organizations,1780
29-1141,2023-05-01,813300,Social Advocacy Organizations,400
29-1171,2023-05-01,813300,Social Advocacy Organizations,50
31-1131,2023-05-01,813300,Social Advocacy Organizations,690
21-1021,2023-05-01,813400,Civic and Social Organizations,1600
21-1022,2023-05-01,813400,Civic and Social Organizations,60
21-1023,2023-05-01,813400,Civic and Social Organizations,80
21-1029,2023-05-01,813400,Civic and Social Organizations,420
29-1141,2023-05-01,813400,Civic and Social Organizations,80
21-1022,2023-05-01,813900,"Business, Professional, Labor, Political, and Similar Organizations",50
21-1023,2023-05-01,813900,"Business, Professional, Labor, Political, and Similar Organizations",0
29-1051,2023-05-01,813900,"Business, Professional, Labor, Political, and Similar Organizations",50
29-1141,2023-05-01,813900,"Business, Professional, Labor, Political, and Similar Organizations",730
29-1171,2023-05-01,813900,"Business, Professional, Labor, Political, and Similar Organizations",0
21-1029,2023-05-01,999100,Federal Executive Branch (OEWS Designation),19200
29-1029,2023-05-01,999100,Federal Executive Branch (OEWS Designation),2230
29-1051,2023-05-01,999100,Federal Executive Branch (OEWS Designation),6650
29-1071,2023-05-01,999100,Federal Executive Branch (OEWS Designation),830
29-1141,2023-05-01,999100,Federal Executive Branch (OEWS Designation),97940
29-1229,2023-05-01,999100,Federal Executive Branch (OEWS Designation),36190
31-1131,2023-05-01,999100,Federal Executive Branch (OEWS Designation),15200
21-1021,2023-05-01,999200,"State Government, excluding Schools and Hospitals (OEWS Designation)",67790
21-1022,2023-05-01,999200,"State Government, excluding Schools and Hospitals (OEWS Designation)",3830
21-1023,2023-05-01,999200,"State Government, excluding Schools and Hospitals (OEWS Designation)",5440
21-1029,2023-05-01,999200,"State Government, excluding Schools and Hospitals (OEWS Designation)",8150
29-1021,2023-05-01,999200,"State Government, excluding Schools and Hospitals (OEWS Designation)",750
29-1051,2023-05-01,999200,"State Government, excluding Schools and Hospitals (OEWS Designation)",1620
29-1071,2023-05-01,999200,"State Government, excluding Schools and Hospitals (OEWS Designation)",460
29-1141,2023-05-01,999200,"State Government, excluding Schools and Hospitals (OEWS Designation)",32430
29-1171,2023-05-01,999200,"State Government, excluding Schools and Hospitals (OEWS Designation)",1120
29-1215,2023-05-01,999200,"State Government, excluding Schools and Hospitals (OEWS Designation)",1080
29-1216,2023-05-01,999200,"State Government, excluding Schools and Hospitals (OEWS Designation)",110
29-1222,2023-05-01,999200,"State Government, excluding Schools and Hospitals (OEWS Designation)",60
29-1223,2023-05-01,999200,"State Government, excluding Schools and Hospitals (OEWS Designation)",1400
29-1229,2023-05-01,999200,"State Government, excluding Schools and Hospitals (OEWS Designation)",1290
31-1131,2023-05-01,999200,"State Government, excluding Schools and Hospitals (OEWS Designation)",11030
21-1021,2023-05-01,999300,"Local Government, excluding Schools and Hospitals (OEWS Designation)",69170
21-1022,2023-05-01,999300,"Local Government, excluding Schools and Hospitals (OEWS Designation)",6770
21-1023,2023-05-01,999300,"Local Government, excluding Schools and Hospitals (OEWS Designation)",13070
21-1029,2023-05-01,999300,"Local Government, excluding Schools and Hospitals (OEWS Designation)",9550
29-1021,2023-05-01,999300,"Local Government, excluding Schools and Hospitals (OEWS Designation)",620
29-1051,2023-05-01,999300,"Local Government, excluding Schools and Hospitals (OEWS Designation)",1370
29-1071,2023-05-01,999300,"Local Government, excluding Schools and Hospitals (OEWS Designation)",760
29-1141,2023-05-01,999300,"Local Government, excluding Schools and Hospitals (OEWS Designation)",39200
29-1171,2023-05-01,999300,"Local Government, excluding Schools and Hospitals (OEWS Designation)",2750
29-1214,2023-05-01,999300,"Local Government, excluding Schools and Hospitals (OEWS Designation)",100
29-1215,2023-05-01,999300,"Local Government, excluding Schools and Hospitals (OEWS Designation)",920
29-1216,2023-05-01,999300,"Local Government, excluding Schools and Hospitals (OEWS Designation)",390
29-1221,2023-05-01,999300,"Local Government, excluding Schools and Hospitals (OEWS Designation)",70
29-1222,2023-05-01,999300,"Local Government, excluding Schools and Hospitals (OEWS Designation)",350
29-1223,2023-05-01,999300,"Local Government, excluding Schools and Hospitals (OEWS Designation)",1070
29-1229,2023-05-01,999300,"Local Government, excluding Schools and Hospitals (OEWS Designation)",1000
31-1131,2023-05-01,999300,"Local Government, excluding Schools and Hospitals (OEWS Designation)",18160
