OCC_CODE,REPORT_DATE,NAICS,VALUE
29-1111,2002-05-01,211100,49610
29-1111,2002-05-01,221100,54960
29-1111,2002-05-01,311600,36760
29-1111,2002-05-01,313200,42230
29-1111,2002-05-01,322100,47880
29-1111,2002-05-01,322200,47750
29-1111,2002-05-01,324100,55710
29-1111,2002-05-01,325100,54080
29-1111,2002-05-01,325200,50840
29-1111,2002-05-01,325300,50680
21-1022,2002-05-01,325400,48590
29-1051,2002-05-01,325400,70180
29-1111,2002-05-01,325400,50810
29-1111,2002-05-01,326100,47540
29-1111,2002-05-01,331500,44150
29-1111,2002-05-01,332900,48690
29-1111,2002-05-01,333100,35940
29-1111,2002-05-01,333300,48410
29-1111,2002-05-01,334400,47260
29-1111,2002-05-01,334500,51380
29-1111,2002-05-01,336400,48640
29-1111,2002-05-01,337100,44360
29-1111,2002-05-01,339100,49480
29-1051,2002-05-01,423400,69770
29-1111,2002-05-01,423400,47490
29-1051,2002-05-01,424200,73530
29-1111,2002-05-01,424200,48040
29-1051,2002-05-01,425100,72480
29-1111,2002-05-01,425100,53540
29-1051,2002-05-01,445100,78270
29-1051,2002-05-01,446100,76800
29-1111,2002-05-01,446100,46500
29-1051,2002-05-01,447100,81620
29-1051,2002-05-01,454100,76420
29-1051,2002-05-01,454300,78050
29-1051,2002-05-01,484100,76140
29-1111,2002-05-01,485900,42300
29-1051,2002-05-01,493100,85610
29-1111,2002-05-01,493100,44530
29-1111,2002-05-01,511100,49820
29-1111,2002-05-01,522200,50310
29-1111,2002-05-01,522300,53110
29-1111,2002-05-01,523900,48440
21-1022,2002-05-01,524100,48430
29-1051,2002-05-01,524100,78460
29-1062,2002-05-01,524100,0
29-1063,2002-05-01,524100,133960
29-1111,2002-05-01,524100,49090
21-1022,2002-05-01,524200,57450
21-1023,2002-05-01,524200,46690
29-1051,2002-05-01,524200,83180
29-1063,2002-05-01,524200,118870
29-1111,2002-05-01,524200,47870
29-1111,2002-05-01,525100,49660
21-1021,2002-05-01,531100,27130
21-1022,2002-05-01,531100,31430
29-1111,2002-05-01,531100,43370
29-1111,2002-05-01,531200,39320
21-1021,2002-05-01,531300,29140
29-1111,2002-05-01,531300,39300
29-1051,2002-05-01,532200,65190
29-1111,2002-05-01,532200,38390
21-1021,2002-05-01,541100,40330
29-1111,2002-05-01,541100,45570
21-1021,2002-05-01,541200,30850
21-1022,2002-05-01,541200,39800
29-1051,2002-05-01,541200,73400
29-1111,2002-05-01,541200,53140
29-1111,2002-05-01,541300,53210
29-1111,2002-05-01,541500,50530
21-1021,2002-05-01,541600,35650
21-1022,2002-05-01,541600,35180
21-1023,2002-05-01,541600,39310
29-1051,2002-05-01,541600,78260
29-1062,2002-05-01,541600,124750
29-1071,2002-05-01,541600,69350
29-1111,2002-05-01,541600,51340
21-1022,2002-05-01,541700,34380
29-1051,2002-05-01,541700,73310
29-1062,2002-05-01,541700,115440
29-1066,2002-05-01,541700,97450
29-1071,2002-05-01,541700,69510
29-1111,2002-05-01,541700,51990
21-1021,2002-05-01,541900,28340
29-1111,2002-05-01,541900,49960
21-1021,2002-05-01,551100,30060
21-1022,2002-05-01,551100,32740
21-1023,2002-05-01,551100,32220
29-1051,2002-05-01,551100,79260
29-1062,2002-05-01,551100,110760
29-1063,2002-05-01,551100,104880
29-1065,2002-05-01,551100,115360
29-1066,2002-05-01,551100,127710
29-1067,2002-05-01,551100,0
29-1071,2002-05-01,551100,61270
29-1111,2002-05-01,551100,48810
21-1022,2002-05-01,561100,33780
21-1023,2002-05-01,561100,40150
29-1051,2002-05-01,561100,72790
29-1062,2002-05-01,561100,120000
29-1071,2002-05-01,561100,72260
29-1111,2002-05-01,561100,52040
21-1021,2002-05-01,561200,29830
21-1023,2002-05-01,561200,27130
29-1111,2002-05-01,561200,40380
21-1021,2002-05-01,561300,31250
21-1022,2002-05-01,561300,34140
21-1023,2002-05-01,561300,46910
29-1051,2002-05-01,561300,72140
29-1062,2002-05-01,561300,92060
29-1071,2002-05-01,561300,68520
29-1111,2002-05-01,561300,55980
29-1111,2002-05-01,561400,58760
29-1111,2002-05-01,561700,40500
29-1111,2002-05-01,561900,61130
21-1021,2002-05-01,611100,44100
21-1022,2002-05-01,611100,38130
21-1023,2002-05-01,611100,36660
29-1062,2002-05-01,611100,59410
29-1066,2002-05-01,611100,86370
29-1111,2002-05-01,611100,38680
21-1021,2002-05-01,611200,36200
29-1111,2002-05-01,611200,45980
21-1021,2002-05-01,611300,38990
21-1022,2002-05-01,611300,42570
21-1023,2002-05-01,611300,32270
29-1051,2002-05-01,611300,67640
29-1061,2002-05-01,611300,62220
29-1062,2002-05-01,611300,65510
29-1063,2002-05-01,611300,63750
29-1064,2002-05-01,611300,91120
29-1065,2002-05-01,611300,67420
29-1066,2002-05-01,611300,56700
29-1067,2002-05-01,611300,84640
29-1071,2002-05-01,611300,63850
29-1111,2002-05-01,611300,45420
21-1021,2002-05-01,611400,35180
29-1111,2002-05-01,611400,37370
21-1021,2002-05-01,611500,34060
29-1111,2002-05-01,611500,49350
21-1021,2002-05-01,611600,38950
21-1022,2002-05-01,611600,38800
29-1111,2002-05-01,611600,42630
21-1021,2002-05-01,611700,39000
21-1023,2002-05-01,611700,25110
29-1111,2002-05-01,611700,48130
21-1021,2002-05-01,621100,30620
21-1022,2002-05-01,621100,34350
21-1023,2002-05-01,621100,35280
29-1051,2002-05-01,621100,79760
29-1061,2002-05-01,621100,0
29-1062,2002-05-01,621100,141620
29-1063,2002-05-01,621100,0
29-1064,2002-05-01,621100,0
29-1065,2002-05-01,621100,137240
29-1066,2002-05-01,621100,139960
29-1067,2002-05-01,621100,0
29-1071,2002-05-01,621100,64170
29-1111,2002-05-01,621100,44870
29-1061,2002-05-01,621200,136440
29-1062,2002-05-01,621200,109340
29-1067,2002-05-01,621200,0
29-1071,2002-05-01,621200,48740
29-1111,2002-05-01,621200,42540
21-1021,2002-05-01,621300,36270
21-1022,2002-05-01,621300,34900
21-1023,2002-05-01,621300,36280
29-1051,2002-05-01,621300,78450
29-1061,2002-05-01,621300,138390
29-1062,2002-05-01,621300,132820
29-1063,2002-05-01,621300,0
29-1065,2002-05-01,621300,121270
29-1066,2002-05-01,621300,95450
29-1067,2002-05-01,621300,0
29-1071,2002-05-01,621300,40470
29-1111,2002-05-01,621300,49850
21-1021,2002-05-01,621400,31550
21-1022,2002-05-01,621400,37260
21-1023,2002-05-01,621400,31370
29-1051,2002-05-01,621400,75280
29-1061,2002-05-01,621400,112780
29-1062,2002-05-01,621400,142010
29-1063,2002-05-01,621400,0
29-1064,2002-05-01,621400,0
29-1065,2002-05-01,621400,128040
29-1066,2002-05-01,621400,141820
29-1067,2002-05-01,621400,0
29-1071,2002-05-01,621400,69340
29-1111,2002-05-01,621400,47310
21-1022,2002-05-01,621500,44830
29-1062,2002-05-01,621500,0
29-1063,2002-05-01,621500,0
29-1067,2002-05-01,621500,117870
29-1071,2002-05-01,621500,60500
29-1111,2002-05-01,621500,46160
21-1021,2002-05-01,621600,28300
21-1022,2002-05-01,621600,40790
21-1023,2002-05-01,621600,37090
29-1051,2002-05-01,621600,74270
29-1063,2002-05-01,621600,120890
29-1067,2002-05-01,621600,0
29-1071,2002-05-01,621600,60520
29-1111,2002-05-01,621600,45890
21-1021,2002-05-01,621900,32080
21-1022,2002-05-01,621900,41140
21-1023,2002-05-01,621900,40090
29-1062,2002-05-01,621900,123450
29-1063,2002-05-01,621900,135840
29-1067,2002-05-01,621900,91840
29-1071,2002-05-01,621900,30640
29-1111,2002-05-01,621900,45750
21-1021,2002-05-01,622100,38020
21-1022,2002-05-01,622100,42730
21-1023,2002-05-01,622100,35560
29-1051,2002-05-01,622100,76620
29-1061,2002-05-01,622100,115120
29-1062,2002-05-01,622100,124700
29-1063,2002-05-01,622100,126810
29-1064,2002-05-01,622100,0
29-1065,2002-05-01,622100,130870
29-1066,2002-05-01,622100,119050
29-1067,2002-05-01,622100,0
29-1071,2002-05-01,622100,65910
29-1111,2002-05-01,622100,49190
21-1021,2002-05-01,622200,35800
21-1022,2002-05-01,622200,43710
21-1023,2002-05-01,622200,34610
29-1051,2002-05-01,622200,67040
29-1062,2002-05-01,622200,123130
29-1063,2002-05-01,622200,139980
29-1066,2002-05-01,622200,127740
29-1071,2002-05-01,622200,67370
29-1111,2002-05-01,622200,47030
21-1021,2002-05-01,622300,34980
21-1022,2002-05-01,622300,43180
21-1023,2002-05-01,622300,27550
29-1051,2002-05-01,622300,76620
29-1061,2002-05-01,622300,123520
29-1062,2002-05-01,622300,127130
29-1063,2002-05-01,622300,0
29-1066,2002-05-01,622300,136240
29-1067,2002-05-01,622300,137920
29-1071,2002-05-01,622300,69000
29-1111,2002-05-01,622300,50340
21-1021,2002-05-01,623100,31890
21-1022,2002-05-01,623100,33330
21-1023,2002-05-01,623100,25520
29-1051,2002-05-01,623100,70030
29-1062,2002-05-01,623100,125180
29-1063,2002-05-01,623100,132280
29-1066,2002-05-01,623100,137170
29-1071,2002-05-01,623100,65210
29-1111,2002-05-01,623100,43850
21-1021,2002-05-01,623200,27860
21-1022,2002-05-01,623200,29870
21-1023,2002-05-01,623200,29440
29-1051,2002-05-01,623200,59730
29-1062,2002-05-01,623200,112560
29-1065,2002-05-01,623200,112760
29-1066,2002-05-01,623200,138880
29-1071,2002-05-01,623200,51900
29-1111,2002-05-01,623200,42690
21-1021,2002-05-01,623300,29560
21-1022,2002-05-01,623300,33140
21-1023,2002-05-01,623300,31260
29-1051,2002-05-01,623300,73240
29-1063,2002-05-01,623300,138360
29-1066,2002-05-01,623300,101070
29-1111,2002-05-01,623300,42530
21-1021,2002-05-01,623900,28470
21-1022,2002-05-01,623900,31120
21-1023,2002-05-01,623900,28630
29-1066,2002-05-01,623900,0
29-1111,2002-05-01,623900,42150
21-1021,2002-05-01,624100,29150
21-1022,2002-05-01,624100,31000
21-1023,2002-05-01,624100,31300
29-1062,2002-05-01,624100,138840
29-1066,2002-05-01,624100,141580
29-1071,2002-05-01,624100,64860
29-1111,2002-05-01,624100,42710
21-1021,2002-05-01,624200,26810
21-1022,2002-05-01,624200,28010
21-1023,2002-05-01,624200,27650
29-1111,2002-05-01,624200,41740
21-1021,2002-05-01,624300,28340
21-1022,2002-05-01,624300,26410
21-1023,2002-05-01,624300,28290
29-1066,2002-05-01,624300,142950
29-1111,2002-05-01,624300,45520
21-1021,2002-05-01,624400,26200
21-1022,2002-05-01,624400,27270
21-1023,2002-05-01,624400,27780
29-1111,2002-05-01,624400,38030
29-1111,2002-05-01,711200,41460
29-1111,2002-05-01,711300,42070
29-1111,2002-05-01,713100,35100
21-1021,2002-05-01,713900,27010
29-1111,2002-05-01,721200,31240
29-1111,2002-05-01,721300,37630
29-1111,2002-05-01,812100,33910
29-1111,2002-05-01,812900,44820
21-1021,2002-05-01,813100,25070
21-1022,2002-05-01,813100,28220
21-1023,2002-05-01,813100,26750
29-1111,2002-05-01,813100,38010
21-1021,2002-05-01,813200,26790
21-1022,2002-05-01,813200,32090
21-1023,2002-05-01,813200,30370
29-1111,2002-05-01,813200,46380
21-1021,2002-05-01,813300,26110
21-1022,2002-05-01,813300,30290
21-1023,2002-05-01,813300,27990
29-1111,2002-05-01,813300,41640
21-1021,2002-05-01,813400,20930
21-1022,2002-05-01,813400,31380
21-1023,2002-05-01,813400,25850
29-1111,2002-05-01,813400,48310
21-1021,2002-05-01,813900,31490
21-1022,2002-05-01,813900,44930
21-1023,2002-05-01,813900,39880
29-1062,2002-05-01,813900,136880
29-1111,2002-05-01,813900,43330
29-1051,2002-05-01,999100,78970
29-1071,2002-05-01,999100,66980
29-1111,2002-05-01,999100,58320
21-1021,2002-05-01,999200,34000
21-1022,2002-05-01,999200,35250
21-1023,2002-05-01,999200,38430
29-1051,2002-05-01,999200,66200
29-1061,2002-05-01,999200,103220
29-1062,2002-05-01,999200,111590
29-1063,2002-05-01,999200,130520
29-1066,2002-05-01,999200,132270
29-1071,2002-05-01,999200,60420
29-1111,2002-05-01,999200,47070
21-1021,2002-05-01,999300,38140
21-1022,2002-05-01,999300,37620
21-1023,2002-05-01,999300,35700
29-1051,2002-05-01,999300,71260
29-1062,2002-05-01,999300,38530
29-1063,2002-05-01,999300,130090
29-1065,2002-05-01,999300,135850
29-1066,2002-05-01,999300,126550
29-1067,2002-05-01,999300,0
29-1071,2002-05-01,999300,64200
29-1111,2002-05-01,999300,46980
29-1111,2003-05-01,221100,55840
29-1111,2003-05-01,311600,38610
29-1111,2003-05-01,313200,42750
29-1111,2003-05-01,322100,48020
29-1111,2003-05-01,322200,47700
29-1111,2003-05-01,324100,56120
29-1111,2003-05-01,325100,55940
29-1111,2003-05-01,325200,51750
29-1111,2003-05-01,325300,50810
29-1051,2003-05-01,325400,69810
29-1111,2003-05-01,325400,54710
29-1111,2003-05-01,325900,47200
29-1111,2003-05-01,326100,50120
29-1111,2003-05-01,331100,40130
29-1111,2003-05-01,331500,44900
29-1111,2003-05-01,332900,49850
29-1111,2003-05-01,333100,38960
29-1111,2003-05-01,333300,49660
29-1111,2003-05-01,334400,47740
29-1111,2003-05-01,334500,52250
29-1111,2003-05-01,336400,49160
29-1111,2003-05-01,337100,44720
29-1111,2003-05-01,339100,47700
29-1051,2003-05-01,423400,72510
29-1111,2003-05-01,423400,48660
29-1051,2003-05-01,424200,76250
29-1111,2003-05-01,424200,46280
29-1051,2003-05-01,425100,78210
29-1111,2003-05-01,425100,52440
29-1051,2003-05-01,445100,82300
29-1051,2003-05-01,446100,80730
29-1111,2003-05-01,446100,47180
29-1051,2003-05-01,452100,83640
29-1051,2003-05-01,452900,80660
29-1051,2003-05-01,454100,80500
29-1051,2003-05-01,484100,79150
29-1111,2003-05-01,485900,43250
29-1051,2003-05-01,493100,86730
29-1111,2003-05-01,493100,47090
29-1111,2003-05-01,511100,47460
29-1111,2003-05-01,518200,37280
29-1111,2003-05-01,522200,53150
29-1111,2003-05-01,522300,55350
29-1111,2003-05-01,523900,51870
21-1022,2003-05-01,524100,49550
29-1051,2003-05-01,524100,85460
29-1062,2003-05-01,524100,125510
29-1063,2003-05-01,524100,144270
29-1111,2003-05-01,524100,50120
21-1022,2003-05-01,524200,51440
29-1051,2003-05-01,524200,84330
29-1063,2003-05-01,524200,122590
29-1111,2003-05-01,524200,50520
29-1111,2003-05-01,525100,49200
21-1021,2003-05-01,531100,32340
21-1022,2003-05-01,531100,32780
29-1111,2003-05-01,531100,44620
29-1111,2003-05-01,531200,41460
21-1021,2003-05-01,531300,30430
29-1111,2003-05-01,531300,40740
29-1051,2003-05-01,532200,64470
29-1111,2003-05-01,532200,48080
21-1021,2003-05-01,541100,40220
29-1111,2003-05-01,541100,45670
29-1111,2003-05-01,541300,54200
29-1111,2003-05-01,541500,54800
21-1021,2003-05-01,541600,35570
21-1022,2003-05-01,541600,29860
21-1023,2003-05-01,541600,40190
29-1051,2003-05-01,541600,82060
29-1062,2003-05-01,541600,135980
29-1111,2003-05-01,541600,50490
21-1022,2003-05-01,541700,34720
29-1062,2003-05-01,541700,111570
29-1066,2003-05-01,541700,106400
29-1071,2003-05-01,541700,71140
29-1111,2003-05-01,541700,52460
21-1021,2003-05-01,541900,28510
29-1111,2003-05-01,541900,51880
21-1021,2003-05-01,551100,30840
21-1022,2003-05-01,551100,34640
21-1023,2003-05-01,551100,33170
29-1051,2003-05-01,551100,82360
29-1062,2003-05-01,551100,110600
29-1063,2003-05-01,551100,107470
29-1065,2003-05-01,551100,115550
29-1066,2003-05-01,551100,141390
29-1067,2003-05-01,551100,0
29-1071,2003-05-01,551100,61870
29-1111,2003-05-01,551100,49350
21-1022,2003-05-01,561100,33300
21-1023,2003-05-01,561100,39060
29-1051,2003-05-01,561100,80890
29-1062,2003-05-01,561100,113130
29-1071,2003-05-01,561100,77220
29-1111,2003-05-01,561100,51940
21-1021,2003-05-01,561200,32100
21-1023,2003-05-01,561200,27280
29-1111,2003-05-01,561200,41550
21-1021,2003-05-01,561300,31710
21-1022,2003-05-01,561300,40780
21-1023,2003-05-01,561300,22640
29-1051,2003-05-01,561300,73060
29-1062,2003-05-01,561300,119240
29-1071,2003-05-01,561300,65760
29-1111,2003-05-01,561300,57200
29-1111,2003-05-01,561400,58540
29-1111,2003-05-01,561900,51820
21-1021,2003-05-01,611100,44380
21-1022,2003-05-01,611100,42060
21-1023,2003-05-01,611100,38140
29-1062,2003-05-01,611100,61410
29-1066,2003-05-01,611100,91900
29-1111,2003-05-01,611100,39280
21-1021,2003-05-01,611200,38520
29-1111,2003-05-01,611200,48550
21-1021,2003-05-01,611300,39930
21-1022,2003-05-01,611300,42750
21-1023,2003-05-01,611300,34340
29-1051,2003-05-01,611300,69060
29-1061,2003-05-01,611300,68130
29-1062,2003-05-01,611300,66140
29-1063,2003-05-01,611300,64550
29-1064,2003-05-01,611300,109670
29-1065,2003-05-01,611300,73910
29-1066,2003-05-01,611300,65920
29-1067,2003-05-01,611300,92000
29-1071,2003-05-01,611300,65060
29-1111,2003-05-01,611300,46600
21-1021,2003-05-01,611400,34050
29-1111,2003-05-01,611400,40700
21-1021,2003-05-01,611500,36960
29-1111,2003-05-01,611500,48530
21-1021,2003-05-01,611600,38160
21-1022,2003-05-01,611600,38220
29-1111,2003-05-01,611600,39880
21-1021,2003-05-01,611700,41540
21-1023,2003-05-01,611700,25910
29-1111,2003-05-01,611700,47160
21-1021,2003-05-01,621100,32450
21-1022,2003-05-01,621100,33790
21-1023,2003-05-01,621100,37840
29-1051,2003-05-01,621100,80460
29-1061,2003-05-01,621100,0
29-1062,2003-05-01,621100,144850
29-1063,2003-05-01,621100,0
29-1064,2003-05-01,621100,0
29-1065,2003-05-01,621100,136710
29-1066,2003-05-01,621100,141160
29-1067,2003-05-01,621100,0
29-1071,2003-05-01,621100,65070
29-1111,2003-05-01,621100,45310
29-1061,2003-05-01,621200,144000
29-1062,2003-05-01,621200,111250
29-1067,2003-05-01,621200,0
29-1071,2003-05-01,621200,50180
29-1111,2003-05-01,621200,44370
21-1021,2003-05-01,621300,35690
21-1022,2003-05-01,621300,36200
21-1023,2003-05-01,621300,36160
29-1051,2003-05-01,621300,77120
29-1061,2003-05-01,621300,0
29-1062,2003-05-01,621300,139430
29-1063,2003-05-01,621300,0
29-1065,2003-05-01,621300,119470
29-1066,2003-05-01,621300,116450
29-1067,2003-05-01,621300,0
29-1071,2003-05-01,621300,36510
29-1111,2003-05-01,621300,50720
21-1021,2003-05-01,621400,31930
21-1022,2003-05-01,621400,38880
21-1023,2003-05-01,621400,31680
29-1051,2003-05-01,621400,76860
29-1061,2003-05-01,621400,0
29-1062,2003-05-01,621400,142340
29-1063,2003-05-01,621400,0
29-1064,2003-05-01,621400,0
29-1065,2003-05-01,621400,129180
29-1066,2003-05-01,621400,145240
29-1067,2003-05-01,621400,0
29-1071,2003-05-01,621400,72280
29-1111,2003-05-01,621400,48670
21-1022,2003-05-01,621500,47240
29-1062,2003-05-01,621500,0
29-1063,2003-05-01,621500,0
29-1067,2003-05-01,621500,122370
29-1071,2003-05-01,621500,62180
29-1111,2003-05-01,621500,47330
21-1021,2003-05-01,621600,31050
21-1022,2003-05-01,621600,40940
21-1023,2003-05-01,621600,35780
29-1051,2003-05-01,621600,78160
29-1062,2003-05-01,621600,134040
29-1063,2003-05-01,621600,129260
29-1071,2003-05-01,621600,64650
29-1111,2003-05-01,621600,46660
21-1022,2003-05-01,621900,39110
21-1023,2003-05-01,621900,40600
29-1051,2003-05-01,621900,88900
29-1061,2003-05-01,621900,0
29-1062,2003-05-01,621900,131960
29-1063,2003-05-01,621900,0
29-1067,2003-05-01,621900,0
29-1071,2003-05-01,621900,49740
29-1111,2003-05-01,621900,46220
21-1021,2003-05-01,622100,39630
21-1022,2003-05-01,622100,43440
21-1023,2003-05-01,622100,37050
29-1051,2003-05-01,622100,79930
29-1061,2003-05-01,622100,121630
29-1062,2003-05-01,622100,124100
29-1063,2003-05-01,622100,126170
29-1064,2003-05-01,622100,0
29-1065,2003-05-01,622100,136510
29-1066,2003-05-01,622100,120420
29-1067,2003-05-01,622100,144080
29-1071,2003-05-01,622100,66450
29-1111,2003-05-01,622100,50700
21-1021,2003-05-01,622200,34520
21-1022,2003-05-01,622200,44990
21-1023,2003-05-01,622200,35170
29-1051,2003-05-01,622200,69110
29-1062,2003-05-01,622200,125330
29-1066,2003-05-01,622200,129500
29-1071,2003-05-01,622200,67990
29-1111,2003-05-01,622200,48120
21-1021,2003-05-01,622300,35020
21-1022,2003-05-01,622300,43580
21-1023,2003-05-01,622300,27940
29-1051,2003-05-01,622300,79500
29-1061,2003-05-01,622300,139360
29-1062,2003-05-01,622300,128840
29-1063,2003-05-01,622300,0
29-1066,2003-05-01,622300,137480
29-1067,2003-05-01,622300,139020
29-1071,2003-05-01,622300,70070
29-1111,2003-05-01,622300,51580
21-1021,2003-05-01,623100,32070
21-1022,2003-05-01,623100,34440
21-1023,2003-05-01,623100,33810
29-1051,2003-05-01,623100,72720
29-1062,2003-05-01,623100,69810
29-1063,2003-05-01,623100,127000
29-1066,2003-05-01,623100,140390
29-1071,2003-05-01,623100,64510
29-1111,2003-05-01,623100,45550
21-1021,2003-05-01,623200,29140
21-1022,2003-05-01,623200,31050
21-1023,2003-05-01,623200,29640
29-1051,2003-05-01,623200,78070
29-1062,2003-05-01,623200,121030
29-1065,2003-05-01,623200,113740
29-1066,2003-05-01,623200,141120
29-1071,2003-05-01,623200,50400
29-1111,2003-05-01,623200,43670
21-1021,2003-05-01,623300,28120
21-1022,2003-05-01,623300,34430
21-1023,2003-05-01,623300,35640
29-1051,2003-05-01,623300,76550
29-1066,2003-05-01,623300,111580
29-1111,2003-05-01,623300,44130
21-1021,2003-05-01,623900,29510
21-1022,2003-05-01,623900,30080
21-1023,2003-05-01,623900,28010
29-1066,2003-05-01,623900,0
29-1111,2003-05-01,623900,42670
21-1021,2003-05-01,624100,29540
21-1022,2003-05-01,624100,31400
21-1023,2003-05-01,624100,31340
29-1062,2003-05-01,624100,118070
29-1066,2003-05-01,624100,138050
29-1071,2003-05-01,624100,72020
29-1111,2003-05-01,624100,43430
21-1021,2003-05-01,624200,27410
21-1022,2003-05-01,624200,28050
21-1023,2003-05-01,624200,27380
29-1111,2003-05-01,624200,42580
21-1021,2003-05-01,624300,27370
21-1022,2003-05-01,624300,32680
21-1023,2003-05-01,624300,29070
29-1066,2003-05-01,624300,0
29-1111,2003-05-01,624300,45040
21-1021,2003-05-01,624400,26800
21-1022,2003-05-01,624400,27310
21-1023,2003-05-01,624400,27840
29-1111,2003-05-01,624400,39130
29-1111,2003-05-01,711200,43230
29-1111,2003-05-01,713100,36150
29-1111,2003-05-01,713900,48050
29-1111,2003-05-01,721100,53450
29-1111,2003-05-01,721200,31930
29-1111,2003-05-01,721300,41540
29-1111,2003-05-01,812100,34000
21-1022,2003-05-01,812200,27570
29-1111,2003-05-01,812900,46950
21-1021,2003-05-01,813100,26160
21-1022,2003-05-01,813100,30420
21-1023,2003-05-01,813100,26800
29-1111,2003-05-01,813100,39930
21-1021,2003-05-01,813200,26210
21-1022,2003-05-01,813200,33370
21-1023,2003-05-01,813200,31480
29-1111,2003-05-01,813200,47590
21-1021,2003-05-01,813300,26520
21-1022,2003-05-01,813300,30210
21-1023,2003-05-01,813300,28600
29-1111,2003-05-01,813300,42300
21-1021,2003-05-01,813400,21870
21-1022,2003-05-01,813400,30710
21-1023,2003-05-01,813400,23950
29-1111,2003-05-01,813400,47280
21-1021,2003-05-01,813900,32730
21-1022,2003-05-01,813900,39610
21-1023,2003-05-01,813900,39230
29-1051,2003-05-01,813900,78430
29-1111,2003-05-01,813900,44810
29-1051,2003-05-01,999100,81020
29-1071,2003-05-01,999100,70690
29-1111,2003-05-01,999100,61230
21-1021,2003-05-01,999200,34430
21-1022,2003-05-01,999200,35700
21-1023,2003-05-01,999200,38920
29-1051,2003-05-01,999200,67030
29-1061,2003-05-01,999200,104520
29-1062,2003-05-01,999200,112990
29-1063,2003-05-01,999200,132160
29-1066,2003-05-01,999200,133940
29-1071,2003-05-01,999200,61180
29-1111,2003-05-01,999200,47660
21-1021,2003-05-01,999300,39220
21-1022,2003-05-01,999300,38610
21-1023,2003-05-01,999300,35300
29-1051,2003-05-01,999300,77830
29-1063,2003-05-01,999300,128540
29-1065,2003-05-01,999300,126330
29-1066,2003-05-01,999300,134970
29-1067,2003-05-01,999300,144190
29-1071,2003-05-01,999300,69350
29-1111,2003-05-01,999300,48330
29-1111,2003-11-01,221100,56810
29-1111,2003-11-01,311400,43950
29-1111,2003-11-01,311600,39110
29-1111,2003-11-01,312200,47500
29-1111,2003-11-01,313200,44070
29-1111,2003-11-01,322100,47480
29-1111,2003-11-01,322200,49860
29-1111,2003-11-01,324100,59470
29-1111,2003-11-01,325100,57100
29-1111,2003-11-01,325200,51900
29-1051,2003-11-01,325400,73970
29-1111,2003-11-01,325400,55820
29-1111,2003-11-01,325900,49050
29-1111,2003-11-01,326100,51230
29-1111,2003-11-01,326200,42300
29-1111,2003-11-01,331100,41220
29-1111,2003-11-01,331500,49450
29-1111,2003-11-01,332900,50400
29-1111,2003-11-01,333100,42080
29-1111,2003-11-01,333300,49950
29-1111,2003-11-01,334500,52800
29-1111,2003-11-01,336300,52180
29-1111,2003-11-01,336400,52180
29-1111,2003-11-01,337100,44250
29-1111,2003-11-01,339100,49770
29-1051,2003-11-01,423400,77580
29-1111,2003-11-01,423400,51200
29-1051,2003-11-01,424200,78430
29-1111,2003-11-01,424200,48510
29-1051,2003-11-01,425100,81510
29-1111,2003-11-01,425100,53550
29-1051,2003-11-01,445100,84270
29-1051,2003-11-01,446100,82630
29-1111,2003-11-01,446100,45820
29-1051,2003-11-01,447100,0
29-1051,2003-11-01,452100,84570
29-1051,2003-11-01,452900,81880
29-1051,2003-11-01,454100,82010
29-1111,2003-11-01,454100,55540
29-1111,2003-11-01,481100,44830
29-1111,2003-11-01,481200,37910
29-1051,2003-11-01,484100,80080
29-1111,2003-11-01,485900,44560
29-1111,2003-11-01,491100,50810
29-1051,2003-11-01,493100,88790
29-1111,2003-11-01,493100,47460
29-1111,2003-11-01,511100,50080
29-1051,2003-11-01,518200,98320
29-1111,2003-11-01,522200,51310
29-1111,2003-11-01,523900,52320
21-1022,2003-11-01,524100,50040
21-1023,2003-11-01,524100,39160
29-1051,2003-11-01,524100,84410
29-1062,2003-11-01,524100,130120
29-1063,2003-11-01,524100,0
29-1111,2003-11-01,524100,51160
21-1022,2003-11-01,524200,51850
29-1051,2003-11-01,524200,84420
29-1111,2003-11-01,524200,50430
21-1022,2003-11-01,525100,47980
29-1111,2003-11-01,525100,54740
21-1021,2003-11-01,531100,28680
29-1111,2003-11-01,531100,45450
29-1111,2003-11-01,531200,43240
21-1021,2003-11-01,531300,30790
29-1111,2003-11-01,531300,43220
29-1051,2003-11-01,532200,66060
29-1111,2003-11-01,532200,49270
29-1111,2003-11-01,532400,56230
21-1021,2003-11-01,541100,41080
29-1111,2003-11-01,541100,46130
29-1111,2003-11-01,541300,55060
29-1111,2003-11-01,541500,56600
21-1021,2003-11-01,541600,36440
21-1022,2003-11-01,541600,30180
29-1051,2003-11-01,541600,83340
29-1062,2003-11-01,541600,140420
29-1111,2003-11-01,541600,52420
21-1022,2003-11-01,541700,34750
29-1051,2003-11-01,541700,79530
29-1062,2003-11-01,541700,112480
29-1066,2003-11-01,541700,87060
29-1071,2003-11-01,541700,72970
29-1111,2003-11-01,541700,52080
29-1111,2003-11-01,541900,63460
21-1021,2003-11-01,551100,31130
21-1022,2003-11-01,551100,34180
21-1023,2003-11-01,551100,34040
29-1051,2003-11-01,551100,86950
29-1062,2003-11-01,551100,115170
29-1063,2003-11-01,551100,110080
29-1065,2003-11-01,551100,114780
29-1066,2003-11-01,551100,141900
29-1067,2003-11-01,551100,0
29-1071,2003-11-01,551100,63110
29-1111,2003-11-01,551100,50200
21-1022,2003-11-01,561100,40680
21-1023,2003-11-01,561100,39950
29-1051,2003-11-01,561100,83560
29-1062,2003-11-01,561100,116400
29-1071,2003-11-01,561100,78830
29-1111,2003-11-01,561100,53420
21-1021,2003-11-01,561200,32730
21-1023,2003-11-01,561200,27650
29-1111,2003-11-01,561200,44620
21-1021,2003-11-01,561300,32310
21-1022,2003-11-01,561300,43250
21-1023,2003-11-01,561300,17980
29-1051,2003-11-01,561300,74270
29-1062,2003-11-01,561300,127220
29-1071,2003-11-01,561300,66590
29-1111,2003-11-01,561300,58860
29-1051,2003-11-01,561400,71090
29-1111,2003-11-01,561400,60240
29-1111,2003-11-01,561700,35690
29-1051,2003-11-01,561900,89880
21-1021,2003-11-01,611100,44030
21-1022,2003-11-01,611100,49140
21-1023,2003-11-01,611100,38780
29-1062,2003-11-01,611100,68960
29-1066,2003-11-01,611100,0
29-1111,2003-11-01,611100,40200
21-1021,2003-11-01,611200,44460
29-1111,2003-11-01,611200,48790
21-1021,2003-11-01,611300,41780
21-1022,2003-11-01,611300,42830
21-1023,2003-11-01,611300,38390
29-1051,2003-11-01,611300,74620
29-1061,2003-11-01,611300,83100
29-1062,2003-11-01,611300,56940
29-1063,2003-11-01,611300,50370
29-1064,2003-11-01,611300,111310
29-1065,2003-11-01,611300,79990
29-1066,2003-11-01,611300,97250
29-1067,2003-11-01,611300,108200
29-1071,2003-11-01,611300,67130
29-1111,2003-11-01,611300,48240
21-1021,2003-11-01,611400,30560
29-1111,2003-11-01,611400,38690
21-1021,2003-11-01,611500,38790
29-1111,2003-11-01,611500,46840
21-1021,2003-11-01,611600,38280
21-1022,2003-11-01,611600,38110
29-1111,2003-11-01,611600,43110
21-1021,2003-11-01,611700,42410
21-1022,2003-11-01,611700,40320
21-1023,2003-11-01,611700,26140
29-1111,2003-11-01,611700,43380
21-1021,2003-11-01,621100,34240
21-1022,2003-11-01,621100,36460
21-1023,2003-11-01,621100,35130
29-1051,2003-11-01,621100,82430
29-1061,2003-11-01,621100,0
29-1062,2003-11-01,621100,0
29-1063,2003-11-01,621100,0
29-1064,2003-11-01,621100,0
29-1065,2003-11-01,621100,140000
29-1066,2003-11-01,621100,140540
29-1067,2003-11-01,621100,0
29-1071,2003-11-01,621100,68350
29-1111,2003-11-01,621100,46740
29-1061,2003-11-01,621200,0
29-1062,2003-11-01,621200,138870
29-1067,2003-11-01,621200,0
29-1071,2003-11-01,621200,48330
29-1111,2003-11-01,621200,60700
21-1021,2003-11-01,621300,33880
21-1022,2003-11-01,621300,42270
21-1023,2003-11-01,621300,38800
29-1051,2003-11-01,621300,79160
29-1061,2003-11-01,621300,137180
29-1062,2003-11-01,621300,131690
29-1063,2003-11-01,621300,0
29-1065,2003-11-01,621300,115140
29-1066,2003-11-01,621300,107050
29-1067,2003-11-01,621300,0
29-1071,2003-11-01,621300,36190
29-1111,2003-11-01,621300,52630
21-1021,2003-11-01,621400,32340
21-1022,2003-11-01,621400,38990
21-1023,2003-11-01,621400,32600
29-1051,2003-11-01,621400,82210
29-1061,2003-11-01,621400,0
29-1062,2003-11-01,621400,140360
29-1063,2003-11-01,621400,0
29-1064,2003-11-01,621400,0
29-1065,2003-11-01,621400,125450
29-1066,2003-11-01,621400,0
29-1067,2003-11-01,621400,0
29-1071,2003-11-01,621400,74130
29-1111,2003-11-01,621400,50230
29-1051,2003-11-01,621500,86010
29-1062,2003-11-01,621500,123560
29-1063,2003-11-01,621500,0
29-1067,2003-11-01,621500,122760
29-1071,2003-11-01,621500,64130
29-1111,2003-11-01,621500,48430
21-1021,2003-11-01,621600,34490
21-1022,2003-11-01,621600,41750
21-1023,2003-11-01,621600,35490
29-1051,2003-11-01,621600,81140
29-1062,2003-11-01,621600,136580
29-1063,2003-11-01,621600,114660
29-1071,2003-11-01,621600,64710
29-1111,2003-11-01,621600,47610
21-1021,2003-11-01,621900,30440
21-1022,2003-11-01,621900,40940
21-1023,2003-11-01,621900,39910
29-1051,2003-11-01,621900,92340
29-1062,2003-11-01,621900,138430
29-1063,2003-11-01,621900,144530
29-1064,2003-11-01,621900,127850
29-1067,2003-11-01,621900,0
29-1071,2003-11-01,621900,52260
29-1111,2003-11-01,621900,47370
21-1021,2003-11-01,622100,40740
21-1022,2003-11-01,622100,44270
21-1023,2003-11-01,622100,38180
29-1051,2003-11-01,622100,82540
29-1061,2003-11-01,622100,130680
29-1062,2003-11-01,622100,127690
29-1063,2003-11-01,622100,129880
29-1064,2003-11-01,622100,0
29-1065,2003-11-01,622100,137830
29-1066,2003-11-01,622100,122420
29-1067,2003-11-01,622100,0
29-1071,2003-11-01,622100,68900
29-1111,2003-11-01,622100,52200
21-1021,2003-11-01,622200,30460
21-1022,2003-11-01,622200,45150
21-1023,2003-11-01,622200,35590
29-1051,2003-11-01,622200,72450
29-1062,2003-11-01,622200,127290
29-1063,2003-11-01,622200,122910
29-1066,2003-11-01,622200,130290
29-1071,2003-11-01,622200,66430
29-1111,2003-11-01,622200,49360
21-1021,2003-11-01,622300,35680
21-1022,2003-11-01,622300,44530
21-1023,2003-11-01,622300,29360
29-1051,2003-11-01,622300,81540
29-1061,2003-11-01,622300,0
29-1062,2003-11-01,622300,123170
29-1063,2003-11-01,622300,0
29-1065,2003-11-01,622300,120990
29-1066,2003-11-01,622300,137660
29-1067,2003-11-01,622300,140150
29-1071,2003-11-01,622300,70860
29-1111,2003-11-01,622300,52700
21-1021,2003-11-01,623100,33000
21-1022,2003-11-01,623100,34940
21-1023,2003-11-01,623100,34850
29-1051,2003-11-01,623100,77300
29-1062,2003-11-01,623100,105040
29-1063,2003-11-01,623100,129680
29-1066,2003-11-01,623100,0
29-1071,2003-11-01,623100,65030
29-1111,2003-11-01,623100,46650
21-1021,2003-11-01,623200,29030
21-1022,2003-11-01,623200,31260
21-1023,2003-11-01,623200,30030
29-1051,2003-11-01,623200,83450
29-1062,2003-11-01,623200,128580
29-1065,2003-11-01,623200,96390
29-1066,2003-11-01,623200,143500
29-1111,2003-11-01,623200,44910
21-1021,2003-11-01,623300,28520
21-1022,2003-11-01,623300,35890
21-1023,2003-11-01,623300,33880
29-1051,2003-11-01,623300,74330
29-1066,2003-11-01,623300,121320
29-1111,2003-11-01,623300,45030
21-1021,2003-11-01,623900,30550
21-1022,2003-11-01,623900,31740
21-1023,2003-11-01,623900,29440
29-1066,2003-11-01,623900,0
29-1111,2003-11-01,623900,44900
21-1021,2003-11-01,624100,30060
21-1022,2003-11-01,624100,31610
21-1023,2003-11-01,624100,32680
29-1062,2003-11-01,624100,122300
29-1066,2003-11-01,624100,139320
29-1071,2003-11-01,624100,66410
29-1111,2003-11-01,624100,44680
21-1021,2003-11-01,624200,28010
21-1022,2003-11-01,624200,29170
21-1023,2003-11-01,624200,27700
29-1111,2003-11-01,624200,43910
21-1021,2003-11-01,624300,26570
21-1022,2003-11-01,624300,33080
21-1023,2003-11-01,624300,28900
29-1066,2003-11-01,624300,0
29-1111,2003-11-01,624300,46640
21-1021,2003-11-01,624400,28150
21-1022,2003-11-01,624400,28390
21-1023,2003-11-01,624400,28990
29-1111,2003-11-01,624400,40160
29-1111,2003-11-01,711200,25140
29-1111,2003-11-01,713100,42510
29-1111,2003-11-01,721200,32470
29-1111,2003-11-01,721300,45730
29-1111,2003-11-01,812100,35590
29-1111,2003-11-01,812900,54520
21-1021,2003-11-01,813100,26280
21-1022,2003-11-01,813100,34020
21-1023,2003-11-01,813100,30360
29-1111,2003-11-01,813100,43000
21-1021,2003-11-01,813200,28480
21-1022,2003-11-01,813200,33950
21-1023,2003-11-01,813200,32060
29-1111,2003-11-01,813200,46260
21-1021,2003-11-01,813300,28150
21-1022,2003-11-01,813300,30200
21-1023,2003-11-01,813300,30350
29-1111,2003-11-01,813300,41820
21-1021,2003-11-01,813400,24280
21-1022,2003-11-01,813400,28060
21-1023,2003-11-01,813400,27320
29-1111,2003-11-01,813400,49290
21-1021,2003-11-01,813900,31440
21-1022,2003-11-01,813900,39710
21-1023,2003-11-01,813900,33670
29-1051,2003-11-01,813900,80800
29-1111,2003-11-01,813900,42830
29-1051,2003-11-01,999100,81640
29-1071,2003-11-01,999100,71050
29-1111,2003-11-01,999100,61670
21-1021,2003-11-01,999200,34550
21-1022,2003-11-01,999200,34330
21-1023,2003-11-01,999200,39120
29-1051,2003-11-01,999200,70070
29-1061,2003-11-01,999200,103220
29-1062,2003-11-01,999200,113040
29-1063,2003-11-01,999200,129360
29-1066,2003-11-01,999200,140890
29-1071,2003-11-01,999200,61600
29-1111,2003-11-01,999200,49390
21-1021,2003-11-01,999300,39740
21-1022,2003-11-01,999300,38110
21-1023,2003-11-01,999300,35790
29-1051,2003-11-01,999300,80240
29-1062,2003-11-01,999300,63830
29-1063,2003-11-01,999300,122210
29-1065,2003-11-01,999300,119290
29-1066,2003-11-01,999300,137130
29-1067,2003-11-01,999300,144200
29-1071,2003-11-01,999300,70070
29-1111,2003-11-01,999300,49850
29-1111,2004-11-01,221100,57650
29-1111,2004-11-01,311400,46390
29-1111,2004-11-01,311600,40880
29-1111,2004-11-01,313200,44570
29-1111,2004-11-01,322100,48120
29-1111,2004-11-01,322200,55360
29-1111,2004-11-01,324100,62140
29-1111,2004-11-01,325100,55990
29-1111,2004-11-01,325200,55110
29-1051,2004-11-01,325400,85660
29-1111,2004-11-01,325400,57310
29-1111,2004-11-01,325900,50600
29-1111,2004-11-01,326100,54210
29-1111,2004-11-01,326200,43900
29-1111,2004-11-01,331100,46880
29-1111,2004-11-01,331500,51870
29-1111,2004-11-01,332900,54000
29-1111,2004-11-01,333100,43970
29-1111,2004-11-01,334400,58860
29-1111,2004-11-01,334500,55340
29-1111,2004-11-01,335900,49610
29-1111,2004-11-01,336300,53050
29-1111,2004-11-01,336400,57240
29-1111,2004-11-01,337100,45850
29-1021,2004-11-01,339100,78650
29-1024,2004-11-01,339100,63740
29-1111,2004-11-01,339100,51910
29-1051,2004-11-01,423400,92820
29-1111,2004-11-01,423400,57900
29-1051,2004-11-01,424200,85930
29-1069,2004-11-01,424200,108920
29-1111,2004-11-01,424200,57450
29-1051,2004-11-01,425100,84260
29-1111,2004-11-01,425100,54120
29-1051,2004-11-01,444100,77730
29-1051,2004-11-01,445100,88240
29-1051,2004-11-01,446100,87370
29-1069,2004-11-01,446100,0
29-1111,2004-11-01,446100,49170
29-1051,2004-11-01,447100,59250
29-1051,2004-11-01,452100,90320
29-1051,2004-11-01,452900,91840
29-1051,2004-11-01,454100,83450
29-1111,2004-11-01,454100,66000
29-1111,2004-11-01,481200,48050
29-1111,2004-11-01,491100,51500
29-1051,2004-11-01,493100,98750
29-1111,2004-11-01,493100,53140
29-1111,2004-11-01,511100,55180
29-1051,2004-11-01,518200,100180
29-1111,2004-11-01,518200,44500
29-1111,2004-11-01,522200,53140
29-1111,2004-11-01,523100,68050
29-1111,2004-11-01,523900,53860
21-1022,2004-11-01,524100,51210
21-1023,2004-11-01,524100,35520
21-1029,2004-11-01,524100,0
29-1021,2004-11-01,524100,104190
29-1051,2004-11-01,524100,91560
29-1062,2004-11-01,524100,133180
29-1064,2004-11-01,524100,0
29-1069,2004-11-01,524100,129680
29-1111,2004-11-01,524100,54250
29-1051,2004-11-01,524200,85170
29-1111,2004-11-01,524200,51290
21-1022,2004-11-01,525100,49280
29-1051,2004-11-01,525100,92860
29-1111,2004-11-01,525100,56320
21-1022,2004-11-01,531100,38960
21-1029,2004-11-01,531100,29340
29-1111,2004-11-01,531100,44330
29-1111,2004-11-01,531200,47080
21-1029,2004-11-01,531300,28450
29-1111,2004-11-01,532200,51490
29-1051,2004-11-01,532400,88480
29-1111,2004-11-01,532400,54060
21-1021,2004-11-01,541100,41820
21-1029,2004-11-01,541100,39650
29-1111,2004-11-01,541100,53030
29-1111,2004-11-01,541200,57780
29-1111,2004-11-01,541300,52870
29-1069,2004-11-01,541500,90850
29-1111,2004-11-01,541500,57410
21-1021,2004-11-01,541600,41790
21-1022,2004-11-01,541600,52200
21-1023,2004-11-01,541600,36020
21-1029,2004-11-01,541600,37480
29-1051,2004-11-01,541600,86370
29-1062,2004-11-01,541600,115460
29-1069,2004-11-01,541600,0
29-1111,2004-11-01,541600,52320
21-1021,2004-11-01,541700,33940
21-1022,2004-11-01,541700,38800
21-1029,2004-11-01,541700,45890
29-1051,2004-11-01,541700,79890
29-1062,2004-11-01,541700,119870
29-1066,2004-11-01,541700,0
29-1069,2004-11-01,541700,101020
29-1071,2004-11-01,541700,74680
29-1111,2004-11-01,541700,54270
29-1111,2004-11-01,541900,82170
21-1021,2004-11-01,551100,30960
21-1022,2004-11-01,551100,38590
21-1023,2004-11-01,551100,34770
21-1029,2004-11-01,551100,31970
29-1021,2004-11-01,551100,86760
29-1051,2004-11-01,551100,89900
29-1062,2004-11-01,551100,124560
29-1063,2004-11-01,551100,113100
29-1065,2004-11-01,551100,120850
29-1066,2004-11-01,551100,0
29-1069,2004-11-01,551100,0
29-1071,2004-11-01,551100,65700
29-1111,2004-11-01,551100,53350
21-1021,2004-11-01,561100,33500
21-1022,2004-11-01,561100,41940
21-1023,2004-11-01,561100,34930
21-1029,2004-11-01,561100,53380
29-1051,2004-11-01,561100,86080
29-1062,2004-11-01,561100,127870
29-1069,2004-11-01,561100,137880
29-1071,2004-11-01,561100,79170
29-1111,2004-11-01,561100,57060
21-1023,2004-11-01,561200,28970
29-1111,2004-11-01,561200,48720
21-1021,2004-11-01,561300,32250
21-1022,2004-11-01,561300,39840
21-1023,2004-11-01,561300,31340
21-1029,2004-11-01,561300,39480
29-1021,2004-11-01,561300,114190
29-1051,2004-11-01,561300,94980
29-1062,2004-11-01,561300,134770
29-1069,2004-11-01,561300,116870
29-1071,2004-11-01,561300,73300
29-1111,2004-11-01,561300,64160
29-1051,2004-11-01,561400,88670
29-1111,2004-11-01,561400,63350
21-1021,2004-11-01,611100,45030
21-1022,2004-11-01,611100,51720
21-1023,2004-11-01,611100,40250
21-1029,2004-11-01,611100,37580
29-1062,2004-11-01,611100,108620
29-1065,2004-11-01,611100,140020
29-1066,2004-11-01,611100,0
29-1069,2004-11-01,611100,134670
29-1111,2004-11-01,611100,41780
21-1021,2004-11-01,611200,45950
21-1029,2004-11-01,611200,34710
29-1021,2004-11-01,611200,87070
29-1111,2004-11-01,611200,50750
21-1021,2004-11-01,611300,43550
21-1022,2004-11-01,611300,43580
21-1023,2004-11-01,611300,45510
21-1029,2004-11-01,611300,40170
29-1021,2004-11-01,611300,77680
29-1051,2004-11-01,611300,78960
29-1061,2004-11-01,611300,75420
29-1062,2004-11-01,611300,44260
29-1063,2004-11-01,611300,44260
29-1064,2004-11-01,611300,109350
29-1065,2004-11-01,611300,77350
29-1066,2004-11-01,611300,65420
29-1067,2004-11-01,611300,97540
29-1069,2004-11-01,611300,44180
29-1071,2004-11-01,611300,68480
29-1111,2004-11-01,611300,51320
21-1021,2004-11-01,611400,34320
21-1021,2004-11-01,611500,38470
29-1111,2004-11-01,611500,51770
21-1021,2004-11-01,611600,38090
21-1022,2004-11-01,611600,29620
29-1111,2004-11-01,611600,52700
21-1021,2004-11-01,611700,38940
21-1022,2004-11-01,611700,39700
21-1029,2004-11-01,611700,31300
29-1111,2004-11-01,611700,46920
21-1021,2004-11-01,621100,33430
21-1022,2004-11-01,621100,39420
21-1023,2004-11-01,621100,36630
21-1029,2004-11-01,621100,41910
29-1021,2004-11-01,621100,101460
29-1022,2004-11-01,621100,0
29-1023,2004-11-01,621100,110500
29-1051,2004-11-01,621100,87250
29-1061,2004-11-01,621100,0
29-1062,2004-11-01,621100,143640
29-1063,2004-11-01,621100,0
29-1064,2004-11-01,621100,0
29-1065,2004-11-01,621100,139570
29-1066,2004-11-01,621100,0
29-1067,2004-11-01,621100,0
29-1069,2004-11-01,621100,0
29-1071,2004-11-01,621100,68450
29-1111,2004-11-01,621100,50180
29-1021,2004-11-01,621200,127960
29-1022,2004-11-01,621200,0
29-1023,2004-11-01,621200,0
29-1024,2004-11-01,621200,0
29-1029,2004-11-01,621200,0
29-1061,2004-11-01,621200,0
29-1062,2004-11-01,621200,139300
29-1071,2004-11-01,621200,36870
29-1111,2004-11-01,621200,48990
21-1021,2004-11-01,621300,33260
21-1022,2004-11-01,621300,41590
21-1023,2004-11-01,621300,39720
21-1029,2004-11-01,621300,34770
29-1021,2004-11-01,621300,105220
29-1051,2004-11-01,621300,82780
29-1061,2004-11-01,621300,0
29-1062,2004-11-01,621300,144320
29-1063,2004-11-01,621300,125250
29-1066,2004-11-01,621300,133530
29-1067,2004-11-01,621300,0
29-1069,2004-11-01,621300,0
29-1071,2004-11-01,621300,42630
29-1111,2004-11-01,621300,53510
21-1021,2004-11-01,621400,32360
21-1022,2004-11-01,621400,42250
21-1023,2004-11-01,621400,33840
21-1029,2004-11-01,621400,32070
29-1021,2004-11-01,621400,109000
29-1051,2004-11-01,621400,88030
29-1061,2004-11-01,621400,0
29-1062,2004-11-01,621400,144430
29-1063,2004-11-01,621400,0
29-1064,2004-11-01,621400,0
29-1065,2004-11-01,621400,129700
29-1066,2004-11-01,621400,0
29-1067,2004-11-01,621400,0
29-1069,2004-11-01,621400,0
29-1071,2004-11-01,621400,79100
29-1111,2004-11-01,621400,52900
29-1051,2004-11-01,621500,86410
29-1062,2004-11-01,621500,0
29-1063,2004-11-01,621500,0
29-1067,2004-11-01,621500,0
29-1069,2004-11-01,621500,0
29-1071,2004-11-01,621500,66330
29-1111,2004-11-01,621500,52430
21-1021,2004-11-01,621600,35110
21-1022,2004-11-01,621600,42980
21-1023,2004-11-01,621600,32990
21-1029,2004-11-01,621600,50320
29-1051,2004-11-01,621600,85830
29-1062,2004-11-01,621600,139730
29-1063,2004-11-01,621600,133750
29-1069,2004-11-01,621600,140280
29-1071,2004-11-01,621600,68780
29-1111,2004-11-01,621600,50880
21-1021,2004-11-01,621900,36480
21-1022,2004-11-01,621900,41610
21-1023,2004-11-01,621900,30030
29-1021,2004-11-01,621900,99710
29-1051,2004-11-01,621900,100820
29-1062,2004-11-01,621900,137210
29-1063,2004-11-01,621900,0
29-1064,2004-11-01,621900,0
29-1067,2004-11-01,621900,0
29-1069,2004-11-01,621900,124490
29-1071,2004-11-01,621900,61140
29-1111,2004-11-01,621900,50940
21-1021,2004-11-01,622100,40340
21-1022,2004-11-01,622100,45670
21-1023,2004-11-01,622100,39840
21-1029,2004-11-01,622100,47610
29-1021,2004-11-01,622100,97970
29-1022,2004-11-01,622100,56440
29-1051,2004-11-01,622100,86570
29-1061,2004-11-01,622100,142920
29-1062,2004-11-01,622100,131940
29-1063,2004-11-01,622100,133560
29-1064,2004-11-01,622100,0
29-1065,2004-11-01,622100,136290
29-1066,2004-11-01,622100,131080
29-1067,2004-11-01,622100,0
29-1069,2004-11-01,622100,99520
29-1071,2004-11-01,622100,69200
29-1111,2004-11-01,622100,54750
21-1021,2004-11-01,622200,31180
21-1022,2004-11-01,622200,46460
21-1023,2004-11-01,622200,38650
21-1029,2004-11-01,622200,50940
29-1021,2004-11-01,622200,100830
29-1051,2004-11-01,622200,77470
29-1062,2004-11-01,622200,130540
29-1063,2004-11-01,622200,127010
29-1066,2004-11-01,622200,133840
29-1067,2004-11-01,622200,134550
29-1069,2004-11-01,622200,103750
29-1071,2004-11-01,622200,66710
29-1111,2004-11-01,622200,52260
21-1021,2004-11-01,622300,37970
21-1022,2004-11-01,622300,46860
21-1023,2004-11-01,622300,30220
21-1029,2004-11-01,622300,44100
29-1021,2004-11-01,622300,60250
29-1051,2004-11-01,622300,84580
29-1061,2004-11-01,622300,0
29-1062,2004-11-01,622300,133090
29-1063,2004-11-01,622300,0
29-1065,2004-11-01,622300,140830
29-1066,2004-11-01,622300,145100
29-1067,2004-11-01,622300,142870
29-1069,2004-11-01,622300,120890
29-1071,2004-11-01,622300,75040
29-1111,2004-11-01,622300,54800
21-1021,2004-11-01,623100,35930
21-1022,2004-11-01,623100,36570
21-1023,2004-11-01,623100,34400
21-1029,2004-11-01,623100,36110
29-1051,2004-11-01,623100,83570
29-1062,2004-11-01,623100,121700
29-1063,2004-11-01,623100,129040
29-1066,2004-11-01,623100,0
29-1069,2004-11-01,623100,121980
29-1071,2004-11-01,623100,73810
29-1111,2004-11-01,623100,49470
21-1021,2004-11-01,623200,29980
21-1022,2004-11-01,623200,32570
21-1023,2004-11-01,623200,29740
21-1029,2004-11-01,623200,28180
29-1051,2004-11-01,623200,85140
29-1062,2004-11-01,623200,93520
29-1065,2004-11-01,623200,87900
29-1066,2004-11-01,623200,0
29-1069,2004-11-01,623200,96390
29-1111,2004-11-01,623200,47810
21-1021,2004-11-01,623300,32510
21-1022,2004-11-01,623300,36670
21-1023,2004-11-01,623300,38010
21-1029,2004-11-01,623300,31750
29-1051,2004-11-01,623300,80750
29-1111,2004-11-01,623300,47460
21-1021,2004-11-01,623900,31440
21-1022,2004-11-01,623900,32750
21-1023,2004-11-01,623900,28520
21-1029,2004-11-01,623900,30940
29-1066,2004-11-01,623900,0
29-1111,2004-11-01,623900,47180
21-1021,2004-11-01,624100,31210
21-1022,2004-11-01,624100,32680
21-1023,2004-11-01,624100,33370
21-1029,2004-11-01,624100,32210
29-1021,2004-11-01,624100,93610
29-1062,2004-11-01,624100,123380
29-1066,2004-11-01,624100,143710
29-1069,2004-11-01,624100,0
29-1071,2004-11-01,624100,68850
29-1111,2004-11-01,624100,46520
21-1021,2004-11-01,624200,28680
21-1022,2004-11-01,624200,31540
21-1023,2004-11-01,624200,28590
21-1029,2004-11-01,624200,29670
29-1111,2004-11-01,624200,47800
21-1021,2004-11-01,624300,30310
21-1022,2004-11-01,624300,33400
21-1023,2004-11-01,624300,29220
21-1029,2004-11-01,624300,28580
29-1066,2004-11-01,624300,0
29-1111,2004-11-01,624300,48510
21-1021,2004-11-01,624400,29000
21-1022,2004-11-01,624400,27720
21-1023,2004-11-01,624400,29600
21-1029,2004-11-01,624400,32590
29-1111,2004-11-01,624400,40920
29-1111,2004-11-01,711200,35500
29-1111,2004-11-01,713100,48790
29-1111,2004-11-01,713900,52630
29-1111,2004-11-01,721100,57960
21-1021,2004-11-01,721200,36280
29-1111,2004-11-01,721300,55150
29-1111,2004-11-01,812100,45150
21-1022,2004-11-01,812200,33610
29-1111,2004-11-01,812900,57700
21-1021,2004-11-01,813100,30380
21-1022,2004-11-01,813100,39750
21-1023,2004-11-01,813100,31260
21-1029,2004-11-01,813100,27260
29-1111,2004-11-01,813100,45550
21-1021,2004-11-01,813200,30740
21-1022,2004-11-01,813200,35060
21-1023,2004-11-01,813200,33690
21-1029,2004-11-01,813200,36090
29-1111,2004-11-01,813200,51210
21-1021,2004-11-01,813300,28550
21-1022,2004-11-01,813300,33010
21-1023,2004-11-01,813300,30200
21-1029,2004-11-01,813300,36140
29-1066,2004-11-01,813300,0
29-1111,2004-11-01,813300,41990
21-1021,2004-11-01,813400,25820
21-1022,2004-11-01,813400,27190
21-1023,2004-11-01,813400,30030
21-1029,2004-11-01,813400,31670
29-1111,2004-11-01,813400,51350
21-1021,2004-11-01,813900,33720
21-1022,2004-11-01,813900,41880
21-1023,2004-11-01,813900,41630
21-1029,2004-11-01,813900,57540
29-1051,2004-11-01,813900,83230
29-1111,2004-11-01,813900,44180
21-1029,2004-11-01,999100,59100
29-1021,2004-11-01,999100,90730
29-1051,2004-11-01,999100,84580
29-1069,2004-11-01,999100,103500
29-1071,2004-11-01,999100,73370
29-1111,2004-11-01,999100,64000
21-1021,2004-11-01,999200,34640
21-1022,2004-11-01,999200,37400
21-1023,2004-11-01,999200,40440
21-1029,2004-11-01,999200,42310
29-1021,2004-11-01,999200,102210
29-1051,2004-11-01,999200,73630
29-1062,2004-11-01,999200,119250
29-1063,2004-11-01,999200,138550
29-1066,2004-11-01,999200,140220
29-1069,2004-11-01,999200,127940
29-1071,2004-11-01,999200,62130
29-1111,2004-11-01,999200,50030
21-1021,2004-11-01,999300,41320
21-1022,2004-11-01,999300,39970
21-1023,2004-11-01,999300,36490
21-1029,2004-11-01,999300,43390
29-1021,2004-11-01,999300,96830
29-1051,2004-11-01,999300,83060
29-1062,2004-11-01,999300,62430
29-1063,2004-11-01,999300,125610
29-1065,2004-11-01,999300,126520
29-1066,2004-11-01,999300,141280
29-1067,2004-11-01,999300,0
29-1069,2004-11-01,999300,114700
29-1071,2004-11-01,999300,72170
29-1111,2004-11-01,999300,51960
29-1111,2004-05-01,221100,56890
29-1111,2004-05-01,311400,45730
29-1111,2004-05-01,311600,39830
29-1111,2004-05-01,313200,44600
29-1111,2004-05-01,322100,46480
29-1111,2004-05-01,322200,51720
29-1111,2004-05-01,324100,62330
29-1111,2004-05-01,325100,58680
29-1111,2004-05-01,325200,53370
29-1051,2004-05-01,325400,81380
29-1069,2004-05-01,325400,114930
29-1111,2004-05-01,325400,56550
29-1111,2004-05-01,325900,48750
29-1111,2004-05-01,326100,52260
29-1111,2004-05-01,326200,42940
29-1111,2004-05-01,331100,42920
29-1111,2004-05-01,331500,50650
29-1111,2004-05-01,332900,51610
29-1111,2004-05-01,333100,43740
29-1111,2004-05-01,334400,55130
29-1111,2004-05-01,334500,54200
29-1111,2004-05-01,335200,42610
29-1111,2004-05-01,336300,52840
29-1111,2004-05-01,336400,51300
29-1111,2004-05-01,337100,44430
29-1021,2004-05-01,339100,81030
29-1111,2004-05-01,339100,50660
29-1051,2004-05-01,423400,94260
29-1051,2004-05-01,424200,83060
29-1069,2004-05-01,424200,114120
29-1111,2004-05-01,424200,54860
29-1051,2004-05-01,425100,82560
29-1111,2004-05-01,425100,52880
29-1051,2004-05-01,445100,85680
29-1051,2004-05-01,446100,85380
29-1111,2004-05-01,446100,48300
29-1051,2004-05-01,447100,52630
29-1051,2004-05-01,452100,86720
29-1051,2004-05-01,452900,84170
29-1051,2004-05-01,454100,83130
29-1111,2004-05-01,454100,58830
29-1111,2004-05-01,481100,48000
29-1111,2004-05-01,481200,47440
29-1111,2004-05-01,485900,44350
29-1111,2004-05-01,491100,50880
29-1051,2004-05-01,493100,90930
29-1111,2004-05-01,493100,48950
29-1111,2004-05-01,511100,53100
29-1051,2004-05-01,518200,98420
29-1111,2004-05-01,518200,45320
29-1111,2004-05-01,522200,52280
29-1111,2004-05-01,523900,54870
21-1022,2004-05-01,524100,51080
21-1023,2004-05-01,524100,35120
21-1029,2004-05-01,524100,44700
29-1021,2004-05-01,524100,117590
29-1029,2004-05-01,524100,83740
29-1051,2004-05-01,524100,87650
29-1062,2004-05-01,524100,135480
29-1063,2004-05-01,524100,0
29-1069,2004-05-01,524100,135490
29-1111,2004-05-01,524100,52480
29-1051,2004-05-01,524200,85660
29-1111,2004-05-01,524200,51300
21-1022,2004-05-01,525100,48700
29-1051,2004-05-01,525100,84250
29-1111,2004-05-01,525100,55820
21-1029,2004-05-01,531100,34740
29-1111,2004-05-01,531100,44870
29-1111,2004-05-01,531200,44590
21-1021,2004-05-01,531300,31200
21-1029,2004-05-01,531300,28320
29-1111,2004-05-01,531300,43270
29-1051,2004-05-01,532200,73200
29-1111,2004-05-01,532200,48190
29-1051,2004-05-01,532400,86700
29-1111,2004-05-01,532400,53130
21-1021,2004-05-01,541100,40670
21-1029,2004-05-01,541100,38780
29-1111,2004-05-01,541100,49940
29-1111,2004-05-01,541300,54410
29-1069,2004-05-01,541500,85340
29-1111,2004-05-01,541500,55920
21-1022,2004-05-01,541600,43550
21-1029,2004-05-01,541600,37090
29-1051,2004-05-01,541600,85010
29-1062,2004-05-01,541600,116570
29-1069,2004-05-01,541600,0
29-1111,2004-05-01,541600,50760
21-1021,2004-05-01,541700,30430
21-1022,2004-05-01,541700,38110
21-1029,2004-05-01,541700,45550
29-1051,2004-05-01,541700,80720
29-1062,2004-05-01,541700,114170
29-1066,2004-05-01,541700,81320
29-1069,2004-05-01,541700,130630
29-1071,2004-05-01,541700,73730
29-1111,2004-05-01,541700,51440
29-1111,2004-05-01,541900,61500
21-1021,2004-05-01,551100,29550
21-1022,2004-05-01,551100,36740
21-1023,2004-05-01,551100,33820
21-1029,2004-05-01,551100,31410
29-1021,2004-05-01,551100,85580
29-1051,2004-05-01,551100,87300
29-1062,2004-05-01,551100,124190
29-1063,2004-05-01,551100,109930
29-1065,2004-05-01,551100,119890
29-1066,2004-05-01,551100,0
29-1067,2004-05-01,551100,0
29-1069,2004-05-01,551100,0
29-1071,2004-05-01,551100,64910
29-1111,2004-05-01,551100,51880
21-1021,2004-05-01,561100,34820
21-1022,2004-05-01,561100,40860
21-1023,2004-05-01,561100,34880
21-1029,2004-05-01,561100,51980
29-1051,2004-05-01,561100,84040
29-1062,2004-05-01,561100,126900
29-1069,2004-05-01,561100,140420
29-1071,2004-05-01,561100,77200
29-1111,2004-05-01,561100,56800
21-1021,2004-05-01,561200,32630
21-1023,2004-05-01,561200,27870
29-1111,2004-05-01,561200,47340
21-1021,2004-05-01,561300,29960
21-1022,2004-05-01,561300,42120
21-1023,2004-05-01,561300,27820
21-1029,2004-05-01,561300,37720
29-1021,2004-05-01,561300,122700
29-1051,2004-05-01,561300,85280
29-1062,2004-05-01,561300,131330
29-1066,2004-05-01,561300,0
29-1069,2004-05-01,561300,116340
29-1071,2004-05-01,561300,70940
29-1111,2004-05-01,561300,63170
29-1051,2004-05-01,561400,87280
29-1111,2004-05-01,561400,62850
29-1051,2004-05-01,561900,88880
21-1021,2004-05-01,611100,44300
21-1022,2004-05-01,611100,49770
21-1023,2004-05-01,611100,38890
21-1029,2004-05-01,611100,37990
29-1062,2004-05-01,611100,101810
29-1065,2004-05-01,611100,0
29-1066,2004-05-01,611100,0
29-1069,2004-05-01,611100,125750
29-1111,2004-05-01,611100,41140
21-1021,2004-05-01,611200,47570
21-1029,2004-05-01,611200,35280
29-1111,2004-05-01,611200,49950
21-1021,2004-05-01,611300,42530
21-1022,2004-05-01,611300,43550
21-1023,2004-05-01,611300,39250
21-1029,2004-05-01,611300,44740
29-1021,2004-05-01,611300,62440
29-1051,2004-05-01,611300,75550
29-1061,2004-05-01,611300,84140
29-1062,2004-05-01,611300,51380
29-1063,2004-05-01,611300,47770
29-1064,2004-05-01,611300,113820
29-1065,2004-05-01,611300,81080
29-1066,2004-05-01,611300,99710
29-1067,2004-05-01,611300,109300
29-1069,2004-05-01,611300,45080
29-1071,2004-05-01,611300,68220
29-1111,2004-05-01,611300,49080
21-1021,2004-05-01,611400,35830
21-1029,2004-05-01,611400,34400
21-1021,2004-05-01,611500,38300
29-1111,2004-05-01,611500,49920
21-1021,2004-05-01,611600,38640
21-1022,2004-05-01,611600,38520
29-1111,2004-05-01,611600,46820
21-1021,2004-05-01,611700,38610
21-1022,2004-05-01,611700,39760
21-1023,2004-05-01,611700,26480
21-1029,2004-05-01,611700,33520
29-1111,2004-05-01,611700,45530
21-1021,2004-05-01,621100,34700
21-1022,2004-05-01,621100,37330
21-1023,2004-05-01,621100,38830
21-1029,2004-05-01,621100,43240
29-1021,2004-05-01,621100,101550
29-1022,2004-05-01,621100,0
29-1023,2004-05-01,621100,110010
29-1051,2004-05-01,621100,84970
29-1061,2004-05-01,621100,0
29-1062,2004-05-01,621100,0
29-1063,2004-05-01,621100,0
29-1064,2004-05-01,621100,0
29-1065,2004-05-01,621100,138340
29-1066,2004-05-01,621100,0
29-1067,2004-05-01,621100,0
29-1069,2004-05-01,621100,0
29-1071,2004-05-01,621100,69210
29-1111,2004-05-01,621100,48250
29-1021,2004-05-01,621200,130160
29-1022,2004-05-01,621200,0
29-1023,2004-05-01,621200,0
29-1024,2004-05-01,621200,0
29-1029,2004-05-01,621200,0
29-1061,2004-05-01,621200,0
29-1062,2004-05-01,621200,139140
29-1067,2004-05-01,621200,0
29-1071,2004-05-01,621200,50310
29-1111,2004-05-01,621200,49080
21-1021,2004-05-01,621300,33550
21-1022,2004-05-01,621300,39780
21-1023,2004-05-01,621300,38760
21-1029,2004-05-01,621300,31400
29-1021,2004-05-01,621300,98750
29-1051,2004-05-01,621300,83820
29-1061,2004-05-01,621300,0
29-1062,2004-05-01,621300,145500
29-1063,2004-05-01,621300,136960
29-1065,2004-05-01,621300,130570
29-1066,2004-05-01,621300,132490
29-1067,2004-05-01,621300,0
29-1069,2004-05-01,621300,0
29-1071,2004-05-01,621300,38850
29-1111,2004-05-01,621300,52690
21-1021,2004-05-01,621400,31610
21-1022,2004-05-01,621400,41060
21-1023,2004-05-01,621400,33220
21-1029,2004-05-01,621400,37770
29-1021,2004-05-01,621400,100550
29-1051,2004-05-01,621400,84290
29-1061,2004-05-01,621400,0
29-1062,2004-05-01,621400,144190
29-1063,2004-05-01,621400,0
29-1064,2004-05-01,621400,0
29-1065,2004-05-01,621400,133280
29-1066,2004-05-01,621400,0
29-1067,2004-05-01,621400,0
29-1069,2004-05-01,621400,0
29-1071,2004-05-01,621400,75400
29-1111,2004-05-01,621400,51490
21-1022,2004-05-01,621500,49850
29-1051,2004-05-01,621500,84240
29-1062,2004-05-01,621500,0
29-1063,2004-05-01,621500,0
29-1067,2004-05-01,621500,0
29-1069,2004-05-01,621500,0
29-1071,2004-05-01,621500,64250
29-1111,2004-05-01,621500,51570
21-1021,2004-05-01,621600,35360
21-1022,2004-05-01,621600,42710
21-1023,2004-05-01,621600,36060
21-1029,2004-05-01,621600,54360
29-1051,2004-05-01,621600,83020
29-1062,2004-05-01,621600,139350
29-1063,2004-05-01,621600,110950
29-1069,2004-05-01,621600,0
29-1071,2004-05-01,621600,69100
29-1111,2004-05-01,621600,48990
21-1021,2004-05-01,621900,31350
21-1022,2004-05-01,621900,40700
21-1023,2004-05-01,621900,38190
29-1051,2004-05-01,621900,94620
29-1061,2004-05-01,621900,0
29-1062,2004-05-01,621900,139770
29-1063,2004-05-01,621900,0
29-1064,2004-05-01,621900,133380
29-1067,2004-05-01,621900,0
29-1069,2004-05-01,621900,104440
29-1071,2004-05-01,621900,58250
29-1111,2004-05-01,621900,49350
21-1021,2004-05-01,622100,40530
21-1022,2004-05-01,622100,44920
21-1023,2004-05-01,622100,38690
21-1029,2004-05-01,622100,45680
29-1021,2004-05-01,622100,94840
29-1022,2004-05-01,622100,55600
29-1023,2004-05-01,622100,67430
29-1029,2004-05-01,622100,53300
29-1051,2004-05-01,622100,84560
29-1061,2004-05-01,622100,136650
29-1062,2004-05-01,622100,128980
29-1063,2004-05-01,622100,136830
29-1064,2004-05-01,622100,0
29-1065,2004-05-01,622100,141650
29-1066,2004-05-01,622100,128070
29-1067,2004-05-01,622100,0
29-1069,2004-05-01,622100,95060
29-1071,2004-05-01,622100,70310
29-1111,2004-05-01,622100,53450
21-1021,2004-05-01,622200,30440
21-1022,2004-05-01,622200,47790
21-1023,2004-05-01,622200,36170
21-1029,2004-05-01,622200,48240
29-1021,2004-05-01,622200,99010
29-1051,2004-05-01,622200,75530
29-1062,2004-05-01,622200,128730
29-1063,2004-05-01,622200,124930
29-1066,2004-05-01,622200,131600
29-1069,2004-05-01,622200,129990
29-1071,2004-05-01,622200,67780
29-1111,2004-05-01,622200,50330
21-1021,2004-05-01,622300,35190
21-1022,2004-05-01,622300,45380
21-1023,2004-05-01,622300,29220
21-1029,2004-05-01,622300,43550
29-1021,2004-05-01,622300,59870
29-1051,2004-05-01,622300,83260
29-1061,2004-05-01,622300,0
29-1062,2004-05-01,622300,128360
29-1063,2004-05-01,622300,0
29-1065,2004-05-01,622300,123260
29-1066,2004-05-01,622300,138130
29-1067,2004-05-01,622300,139720
29-1069,2004-05-01,622300,119580
29-1071,2004-05-01,622300,73530
29-1111,2004-05-01,622300,53760
21-1021,2004-05-01,623100,34670
21-1022,2004-05-01,623100,35680
21-1023,2004-05-01,623100,36970
21-1029,2004-05-01,623100,34510
29-1051,2004-05-01,623100,82120
29-1062,2004-05-01,623100,80720
29-1063,2004-05-01,623100,117850
29-1066,2004-05-01,623100,0
29-1069,2004-05-01,623100,129520
29-1071,2004-05-01,623100,70320
29-1111,2004-05-01,623100,48220
21-1021,2004-05-01,623200,30280
21-1022,2004-05-01,623200,31650
21-1023,2004-05-01,623200,29110
21-1029,2004-05-01,623200,28110
29-1051,2004-05-01,623200,82760
29-1062,2004-05-01,623200,134320
29-1065,2004-05-01,623200,98020
29-1066,2004-05-01,623200,0
29-1111,2004-05-01,623200,46180
21-1022,2004-05-01,623300,36180
21-1023,2004-05-01,623300,37280
21-1029,2004-05-01,623300,30080
29-1051,2004-05-01,623300,75940
29-1111,2004-05-01,623300,46130
21-1021,2004-05-01,623900,30550
21-1022,2004-05-01,623900,30710
21-1023,2004-05-01,623900,29260
21-1029,2004-05-01,623900,32170
29-1066,2004-05-01,623900,0
29-1111,2004-05-01,623900,46080
21-1021,2004-05-01,624100,30680
21-1022,2004-05-01,624100,32100
21-1023,2004-05-01,624100,32810
21-1029,2004-05-01,624100,32280
29-1021,2004-05-01,624100,93450
29-1062,2004-05-01,624100,123970
29-1066,2004-05-01,624100,141250
29-1069,2004-05-01,624100,0
29-1071,2004-05-01,624100,68710
29-1111,2004-05-01,624100,45560
21-1021,2004-05-01,624200,28660
21-1022,2004-05-01,624200,30420
21-1023,2004-05-01,624200,27890
21-1029,2004-05-01,624200,30040
29-1111,2004-05-01,624200,44780
21-1021,2004-05-01,624300,28910
21-1022,2004-05-01,624300,32460
21-1023,2004-05-01,624300,29360
21-1029,2004-05-01,624300,29020
29-1066,2004-05-01,624300,0
29-1111,2004-05-01,624300,47870
21-1021,2004-05-01,624400,28710
21-1022,2004-05-01,624400,29980
21-1023,2004-05-01,624400,28650
21-1029,2004-05-01,624400,32290
29-1071,2004-05-01,624400,34170
29-1111,2004-05-01,624400,41340
29-1111,2004-05-01,711200,28870
29-1111,2004-05-01,713100,48060
29-1111,2004-05-01,713900,56070
29-1111,2004-05-01,721100,56980
21-1021,2004-05-01,721200,34400
29-1111,2004-05-01,721200,35390
29-1111,2004-05-01,721300,52560
29-1111,2004-05-01,812100,35150
21-1022,2004-05-01,812200,31790
29-1111,2004-05-01,812900,54130
21-1021,2004-05-01,813100,29770
21-1022,2004-05-01,813100,39890
21-1023,2004-05-01,813100,30510
29-1111,2004-05-01,813100,45660
21-1021,2004-05-01,813200,29520
21-1022,2004-05-01,813200,33750
21-1023,2004-05-01,813200,33330
21-1029,2004-05-01,813200,36070
29-1111,2004-05-01,813200,49170
21-1021,2004-05-01,813300,27800
21-1022,2004-05-01,813300,32560
21-1023,2004-05-01,813300,30560
21-1029,2004-05-01,813300,32960
29-1111,2004-05-01,813300,42760
21-1021,2004-05-01,813400,25020
21-1022,2004-05-01,813400,27940
21-1023,2004-05-01,813400,28830
21-1029,2004-05-01,813400,30200
29-1111,2004-05-01,813400,44570
21-1021,2004-05-01,813900,30430
21-1022,2004-05-01,813900,40190
21-1023,2004-05-01,813900,34350
21-1029,2004-05-01,813900,42550
29-1051,2004-05-01,813900,81890
29-1111,2004-05-01,813900,44480
21-1029,2004-05-01,999100,60280
29-1021,2004-05-01,999100,91200
29-1051,2004-05-01,999100,83930
29-1069,2004-05-01,999100,103410
29-1071,2004-05-01,999100,73410
29-1111,2004-05-01,999100,63730
21-1021,2004-05-01,999200,35070
21-1022,2004-05-01,999200,34860
21-1023,2004-05-01,999200,39720
21-1029,2004-05-01,999200,40940
29-1021,2004-05-01,999200,97750
29-1029,2004-05-01,999200,50820
29-1051,2004-05-01,999200,71140
29-1061,2004-05-01,999200,104800
29-1062,2004-05-01,999200,114770
29-1063,2004-05-01,999200,131330
29-1066,2004-05-01,999200,143040
29-1069,2004-05-01,999200,126990
29-1071,2004-05-01,999200,62540
29-1111,2004-05-01,999200,50140
21-1021,2004-05-01,999300,40620
21-1022,2004-05-01,999300,39390
21-1023,2004-05-01,999300,35720
21-1029,2004-05-01,999300,42570
29-1021,2004-05-01,999300,95600
29-1029,2004-05-01,999300,46950
29-1051,2004-05-01,999300,81400
29-1062,2004-05-01,999300,59780
29-1063,2004-05-01,999300,125180
29-1065,2004-05-01,999300,123320
29-1066,2004-05-01,999300,138550
29-1067,2004-05-01,999300,0
29-1069,2004-05-01,999300,112740
29-1071,2004-05-01,999300,70890
29-1111,2004-05-01,999300,50800
29-1111,2005-05-01,221100,57070
29-1111,2005-05-01,311400,46170
29-1111,2005-05-01,311600,42000
29-1111,2005-05-01,322100,49920
29-1111,2005-05-01,322200,56520
29-1111,2005-05-01,324100,61450
29-1111,2005-05-01,325100,54920
29-1111,2005-05-01,325200,57040
29-1051,2005-05-01,325400,92960
29-1111,2005-05-01,325400,60830
29-1111,2005-05-01,325900,52160
29-1111,2005-05-01,326100,54020
29-1111,2005-05-01,326200,43400
29-1111,2005-05-01,331500,50610
29-1111,2005-05-01,332900,55850
29-1111,2005-05-01,333100,44050
29-1111,2005-05-01,334400,62390
29-1111,2005-05-01,334500,56800
29-1111,2005-05-01,336300,53200
29-1111,2005-05-01,336400,58990
29-1111,2005-05-01,337100,42750
29-1021,2005-05-01,339100,0
29-1024,2005-05-01,339100,70370
29-1111,2005-05-01,339100,53270
29-1051,2005-05-01,423400,96870
29-1111,2005-05-01,423400,59470
29-1051,2005-05-01,424200,87640
29-1069,2005-05-01,424200,102380
29-1111,2005-05-01,424200,55940
29-1051,2005-05-01,425100,84870
29-1111,2005-05-01,425100,56630
29-1051,2005-05-01,444100,78650
29-1051,2005-05-01,445100,90820
29-1051,2005-05-01,446100,90880
29-1069,2005-05-01,446100,0
29-1111,2005-05-01,446100,48840
29-1051,2005-05-01,452100,91760
29-1051,2005-05-01,452900,93940
29-1051,2005-05-01,454100,84220
29-1111,2005-05-01,454100,68810
29-1111,2005-05-01,491100,51940
29-1051,2005-05-01,493100,95350
29-1111,2005-05-01,493100,53960
29-1111,2005-05-01,511100,57660
29-1111,2005-05-01,518200,47290
29-1111,2005-05-01,522200,54010
29-1111,2005-05-01,523100,69800
21-1022,2005-05-01,524100,51880
21-1023,2005-05-01,524100,35790
21-1029,2005-05-01,524100,53550
29-1021,2005-05-01,524100,98740
29-1051,2005-05-01,524100,90630
29-1062,2005-05-01,524100,0
29-1069,2005-05-01,524100,136300
29-1071,2005-05-01,524100,80920
29-1111,2005-05-01,524100,55750
21-1022,2005-05-01,524200,39010
29-1111,2005-05-01,524200,52550
21-1022,2005-05-01,525100,48660
29-1051,2005-05-01,525100,100600
29-1111,2005-05-01,525100,58860
29-1111,2005-05-01,531100,46490
21-1029,2005-05-01,531300,37190
29-1051,2005-05-01,532200,87370
29-1111,2005-05-01,532200,54710
29-1051,2005-05-01,532400,89860
29-1111,2005-05-01,532400,53500
21-1021,2005-05-01,541100,38900
29-1111,2005-05-01,541100,51800
29-1111,2005-05-01,541200,60260
29-1111,2005-05-01,541300,51770
29-1069,2005-05-01,541500,90900
29-1111,2005-05-01,541500,58130
21-1021,2005-05-01,541600,31190
21-1022,2005-05-01,541600,44450
21-1023,2005-05-01,541600,29220
21-1029,2005-05-01,541600,34870
29-1051,2005-05-01,541600,85440
29-1062,2005-05-01,541600,105670
29-1069,2005-05-01,541600,0
29-1111,2005-05-01,541600,55250
21-1021,2005-05-01,541700,33960
21-1022,2005-05-01,541700,44960
21-1029,2005-05-01,541700,21590
29-1051,2005-05-01,541700,79080
29-1066,2005-05-01,541700,0
29-1069,2005-05-01,541700,108500
29-1071,2005-05-01,541700,77480
29-1111,2005-05-01,541700,54740
29-1111,2005-05-01,541900,78510
21-1021,2005-05-01,551100,31360
21-1022,2005-05-01,551100,36990
21-1023,2005-05-01,551100,33370
21-1029,2005-05-01,551100,34340
29-1021,2005-05-01,551100,87080
29-1051,2005-05-01,551100,94680
29-1062,2005-05-01,551100,131390
29-1063,2005-05-01,551100,127560
29-1065,2005-05-01,551100,123740
29-1066,2005-05-01,551100,0
29-1069,2005-05-01,551100,143080
29-1071,2005-05-01,551100,68890
29-1111,2005-05-01,551100,54980
21-1021,2005-05-01,561100,47580
21-1022,2005-05-01,561100,40620
21-1023,2005-05-01,561100,34630
21-1029,2005-05-01,561100,50890
29-1051,2005-05-01,561100,89590
29-1062,2005-05-01,561100,133880
29-1069,2005-05-01,561100,112470
29-1071,2005-05-01,561100,82820
29-1111,2005-05-01,561100,56380
21-1023,2005-05-01,561200,30260
21-1029,2005-05-01,561200,31040
29-1111,2005-05-01,561200,49560
21-1021,2005-05-01,561300,37730
21-1022,2005-05-01,561300,41840
21-1023,2005-05-01,561300,32890
21-1029,2005-05-01,561300,40340
29-1021,2005-05-01,561300,119080
29-1051,2005-05-01,561300,95280
29-1062,2005-05-01,561300,138270
29-1069,2005-05-01,561300,119150
29-1071,2005-05-01,561300,76860
29-1111,2005-05-01,561300,63340
29-1051,2005-05-01,561400,87250
29-1111,2005-05-01,561400,58970
21-1021,2005-05-01,611100,45790
21-1022,2005-05-01,611100,55130
21-1023,2005-05-01,611100,31640
21-1029,2005-05-01,611100,40150
29-1062,2005-05-01,611100,115050
29-1065,2005-05-01,611100,135300
29-1066,2005-05-01,611100,113530
29-1069,2005-05-01,611100,105650
29-1111,2005-05-01,611100,42880
21-1021,2005-05-01,611200,45590
21-1029,2005-05-01,611200,34170
29-1021,2005-05-01,611200,92410
29-1111,2005-05-01,611200,51810
21-1021,2005-05-01,611300,43380
21-1022,2005-05-01,611300,44460
21-1023,2005-05-01,611300,45640
21-1029,2005-05-01,611300,40890
29-1021,2005-05-01,611300,81910
29-1029,2005-05-01,611300,41610
29-1051,2005-05-01,611300,82530
29-1061,2005-05-01,611300,83750
29-1062,2005-05-01,611300,44300
29-1063,2005-05-01,611300,44140
29-1064,2005-05-01,611300,87670
29-1065,2005-05-01,611300,78720
29-1066,2005-05-01,611300,70380
29-1067,2005-05-01,611300,96450
29-1069,2005-05-01,611300,43760
29-1071,2005-05-01,611300,69110
29-1111,2005-05-01,611300,52760
21-1021,2005-05-01,611400,36140
21-1021,2005-05-01,611500,34710
21-1021,2005-05-01,611600,33940
21-1022,2005-05-01,611600,30250
29-1111,2005-05-01,611600,55440
21-1021,2005-05-01,611700,38260
21-1022,2005-05-01,611700,40530
21-1029,2005-05-01,611700,38130
29-1111,2005-05-01,611700,45310
21-1021,2005-05-01,621100,35860
21-1022,2005-05-01,621100,41420
21-1023,2005-05-01,621100,38610
21-1029,2005-05-01,621100,36400
29-1021,2005-05-01,621100,104610
29-1022,2005-05-01,621100,0
29-1023,2005-05-01,621100,108680
29-1029,2005-05-01,621100,89400
29-1051,2005-05-01,621100,89780
29-1061,2005-05-01,621100,0
29-1062,2005-05-01,621100,0
29-1063,2005-05-01,621100,0
29-1064,2005-05-01,621100,0
29-1065,2005-05-01,621100,140220
29-1066,2005-05-01,621100,0
29-1067,2005-05-01,621100,0
29-1069,2005-05-01,621100,0
29-1071,2005-05-01,621100,71010
29-1111,2005-05-01,621100,51240
29-1021,2005-05-01,621200,130140
29-1022,2005-05-01,621200,0
29-1023,2005-05-01,621200,0
29-1024,2005-05-01,621200,0
29-1029,2005-05-01,621200,0
29-1061,2005-05-01,621200,0
29-1062,2005-05-01,621200,0
29-1067,2005-05-01,621200,0
29-1111,2005-05-01,621200,47790
21-1021,2005-05-01,621300,32970
21-1022,2005-05-01,621300,42290
21-1023,2005-05-01,621300,40190
21-1029,2005-05-01,621300,31840
29-1021,2005-05-01,621300,112050
29-1051,2005-05-01,621300,85450
29-1061,2005-05-01,621300,0
29-1062,2005-05-01,621300,116570
29-1063,2005-05-01,621300,126470
29-1065,2005-05-01,621300,0
29-1066,2005-05-01,621300,0
29-1067,2005-05-01,621300,0
29-1069,2005-05-01,621300,144940
29-1071,2005-05-01,621300,44280
29-1111,2005-05-01,621300,54290
21-1021,2005-05-01,621400,33830
21-1022,2005-05-01,621400,42580
21-1023,2005-05-01,621400,33400
21-1029,2005-05-01,621400,35490
29-1021,2005-05-01,621400,110930
29-1051,2005-05-01,621400,90990
29-1061,2005-05-01,621400,0
29-1062,2005-05-01,621400,143600
29-1063,2005-05-01,621400,0
29-1064,2005-05-01,621400,0
29-1065,2005-05-01,621400,132950
29-1066,2005-05-01,621400,0
29-1067,2005-05-01,621400,0
29-1069,2005-05-01,621400,0
29-1071,2005-05-01,621400,77710
29-1111,2005-05-01,621400,54030
29-1051,2005-05-01,621500,96900
29-1062,2005-05-01,621500,0
29-1063,2005-05-01,621500,0
29-1069,2005-05-01,621500,0
29-1071,2005-05-01,621500,74660
29-1111,2005-05-01,621500,53510
21-1021,2005-05-01,621600,33830
21-1022,2005-05-01,621600,43370
21-1023,2005-05-01,621600,34250
21-1029,2005-05-01,621600,41180
29-1051,2005-05-01,621600,87990
29-1062,2005-05-01,621600,137190
29-1063,2005-05-01,621600,0
29-1069,2005-05-01,621600,142190
29-1071,2005-05-01,621600,68760
29-1111,2005-05-01,621600,51840
21-1021,2005-05-01,621900,38590
21-1022,2005-05-01,621900,40790
21-1023,2005-05-01,621900,26330
29-1021,2005-05-01,621900,0
29-1051,2005-05-01,621900,97060
29-1062,2005-05-01,621900,127420
29-1063,2005-05-01,621900,0
29-1064,2005-05-01,621900,0
29-1069,2005-05-01,621900,78720
29-1071,2005-05-01,621900,61080
29-1111,2005-05-01,621900,52500
21-1021,2005-05-01,622100,40870
21-1022,2005-05-01,622100,46120
21-1023,2005-05-01,622100,40390
21-1029,2005-05-01,622100,49330
29-1021,2005-05-01,622100,96740
29-1022,2005-05-01,622100,54010
29-1023,2005-05-01,622100,62530
29-1029,2005-05-01,622100,54040
29-1051,2005-05-01,622100,88330
29-1061,2005-05-01,622100,141900
29-1062,2005-05-01,622100,135570
29-1063,2005-05-01,622100,130420
29-1064,2005-05-01,622100,0
29-1065,2005-05-01,622100,130960
29-1066,2005-05-01,622100,126830
29-1067,2005-05-01,622100,0
29-1069,2005-05-01,622100,101820
29-1071,2005-05-01,622100,73220
29-1111,2005-05-01,622100,55800
21-1021,2005-05-01,622200,33930
21-1022,2005-05-01,622200,48270
21-1023,2005-05-01,622200,38740
21-1029,2005-05-01,622200,54590
29-1021,2005-05-01,622200,102280
29-1051,2005-05-01,622200,79710
29-1062,2005-05-01,622200,132450
29-1063,2005-05-01,622200,131650
29-1066,2005-05-01,622200,135400
29-1067,2005-05-01,622200,136010
29-1069,2005-05-01,622200,106120
29-1071,2005-05-01,622200,65670
29-1111,2005-05-01,622200,53040
21-1021,2005-05-01,622300,39780
21-1022,2005-05-01,622300,48040
21-1023,2005-05-01,622300,30810
21-1029,2005-05-01,622300,44350
29-1021,2005-05-01,622300,106220
29-1051,2005-05-01,622300,87270
29-1061,2005-05-01,622300,0
29-1062,2005-05-01,622300,132890
29-1063,2005-05-01,622300,137480
29-1065,2005-05-01,622300,138080
29-1066,2005-05-01,622300,0
29-1067,2005-05-01,622300,143270
29-1069,2005-05-01,622300,57820
29-1071,2005-05-01,622300,74240
29-1111,2005-05-01,622300,56300
21-1021,2005-05-01,623100,36850
21-1022,2005-05-01,623100,37120
21-1023,2005-05-01,623100,34790
21-1029,2005-05-01,623100,37460
29-1051,2005-05-01,623100,85000
29-1062,2005-05-01,623100,136650
29-1063,2005-05-01,623100,118130
29-1066,2005-05-01,623100,0
29-1069,2005-05-01,623100,131190
29-1071,2005-05-01,623100,73970
29-1111,2005-05-01,623100,50440
21-1021,2005-05-01,623200,30820
21-1022,2005-05-01,623200,33040
21-1023,2005-05-01,623200,29880
21-1029,2005-05-01,623200,29530
29-1051,2005-05-01,623200,85200
29-1062,2005-05-01,623200,129690
29-1065,2005-05-01,623200,68240
29-1066,2005-05-01,623200,0
29-1069,2005-05-01,623200,0
29-1111,2005-05-01,623200,48600
21-1021,2005-05-01,623300,35670
21-1022,2005-05-01,623300,36740
21-1023,2005-05-01,623300,36570
21-1029,2005-05-01,623300,35560
29-1051,2005-05-01,623300,84270
29-1111,2005-05-01,623300,48810
21-1021,2005-05-01,623900,31410
21-1022,2005-05-01,623900,31020
21-1023,2005-05-01,623900,29460
21-1029,2005-05-01,623900,32910
29-1066,2005-05-01,623900,0
29-1111,2005-05-01,623900,46820
21-1021,2005-05-01,624100,31070
21-1022,2005-05-01,624100,33610
21-1023,2005-05-01,624100,34070
21-1029,2005-05-01,624100,33440
29-1021,2005-05-01,624100,96610
29-1051,2005-05-01,624100,81100
29-1062,2005-05-01,624100,122170
29-1066,2005-05-01,624100,143740
29-1069,2005-05-01,624100,0
29-1071,2005-05-01,624100,66970
29-1111,2005-05-01,624100,48070
21-1021,2005-05-01,624200,28630
21-1022,2005-05-01,624200,32620
21-1023,2005-05-01,624200,30490
21-1029,2005-05-01,624200,29970
29-1066,2005-05-01,624200,0
29-1111,2005-05-01,624200,47460
21-1021,2005-05-01,624300,30390
21-1022,2005-05-01,624300,34520
21-1023,2005-05-01,624300,29280
21-1029,2005-05-01,624300,29900
29-1066,2005-05-01,624300,0
29-1111,2005-05-01,624300,48960
21-1021,2005-05-01,624400,27720
21-1022,2005-05-01,624400,29110
21-1023,2005-05-01,624400,31180
21-1029,2005-05-01,624400,26250
29-1111,2005-05-01,624400,40680
29-1111,2005-05-01,711200,48880
29-1111,2005-05-01,713100,49100
29-1111,2005-05-01,713900,53620
29-1111,2005-05-01,721100,62760
29-1111,2005-05-01,721300,57360
29-1111,2005-05-01,812100,40540
21-1022,2005-05-01,812200,47610
29-1111,2005-05-01,812900,51070
21-1021,2005-05-01,813100,31530
21-1022,2005-05-01,813100,36390
21-1023,2005-05-01,813100,31980
21-1029,2005-05-01,813100,27540
29-1111,2005-05-01,813100,48520
21-1021,2005-05-01,813200,32820
21-1022,2005-05-01,813200,37250
21-1023,2005-05-01,813200,34470
21-1029,2005-05-01,813200,38980
29-1111,2005-05-01,813200,49350
21-1021,2005-05-01,813300,28780
21-1022,2005-05-01,813300,34500
21-1023,2005-05-01,813300,30340
21-1029,2005-05-01,813300,37230
29-1111,2005-05-01,813300,42260
21-1021,2005-05-01,813400,27680
21-1022,2005-05-01,813400,26510
21-1023,2005-05-01,813400,32910
21-1029,2005-05-01,813400,33920
29-1111,2005-05-01,813400,54130
21-1021,2005-05-01,813900,31910
21-1022,2005-05-01,813900,55460
21-1023,2005-05-01,813900,40120
21-1029,2005-05-01,813900,63270
29-1051,2005-05-01,813900,82690
29-1111,2005-05-01,813900,50410
21-1029,2005-05-01,999100,61610
29-1021,2005-05-01,999100,91510
29-1051,2005-05-01,999100,87350
29-1069,2005-05-01,999100,120720
29-1071,2005-05-01,999100,76030
29-1111,2005-05-01,999100,65780
21-1021,2005-05-01,999200,35080
21-1022,2005-05-01,999200,37710
21-1023,2005-05-01,999200,40990
21-1029,2005-05-01,999200,42780
29-1021,2005-05-01,999200,103420
29-1029,2005-05-01,999200,51060
29-1051,2005-05-01,999200,74560
29-1062,2005-05-01,999200,120650
29-1063,2005-05-01,999200,139930
29-1066,2005-05-01,999200,142620
29-1069,2005-05-01,999200,129610
29-1071,2005-05-01,999200,62720
29-1111,2005-05-01,999200,50660
21-1021,2005-05-01,999300,41750
21-1022,2005-05-01,999300,39800
21-1023,2005-05-01,999300,37120
21-1029,2005-05-01,999300,44200
29-1021,2005-05-01,999300,97650
29-1051,2005-05-01,999300,84820
29-1063,2005-05-01,999300,133690
29-1065,2005-05-01,999300,132940
29-1066,2005-05-01,999300,138650
29-1067,2005-05-01,999300,0
29-1069,2005-05-01,999300,116550
29-1071,2005-05-01,999300,71570
29-1111,2005-05-01,999300,52560
29-1111,2006-05-01,221100,62800
29-1111,2006-05-01,311400,48690
29-1111,2006-05-01,311600,44260
29-1111,2006-05-01,313100,0
29-1111,2006-05-01,322100,52110
29-1111,2006-05-01,322200,54910
29-1111,2006-05-01,324100,62050
29-1111,2006-05-01,325100,56180
29-1111,2006-05-01,325200,58170
29-1051,2006-05-01,325400,98270
29-1111,2006-05-01,325400,64390
29-1111,2006-05-01,331100,50300
29-1111,2006-05-01,331500,51980
29-1111,2006-05-01,332900,57310
29-1111,2006-05-01,334400,69340
29-1111,2006-05-01,334500,59270
29-1111,2006-05-01,335900,53920
29-1111,2006-05-01,336400,61930
29-1111,2006-05-01,336600,50130
29-1111,2006-05-01,337100,42320
29-1021,2006-05-01,339100,0
29-1024,2006-05-01,339100,66020
29-1111,2006-05-01,339100,55990
29-1051,2006-05-01,423400,99980
29-1111,2006-05-01,423400,61080
29-1051,2006-05-01,424200,90250
29-1069,2006-05-01,424200,117110
29-1111,2006-05-01,424200,59140
29-1051,2006-05-01,425100,90340
29-1051,2006-05-01,444100,79910
29-1051,2006-05-01,445100,95600
29-1051,2006-05-01,446100,94610
29-1069,2006-05-01,446100,118320
29-1111,2006-05-01,446100,50390
29-1051,2006-05-01,447100,91180
29-1051,2006-05-01,452100,99050
29-1051,2006-05-01,452900,101360
29-1051,2006-05-01,454100,88190
29-1111,2006-05-01,454100,63060
29-1111,2006-05-01,481100,51360
29-1111,2006-05-01,481200,50900
29-1111,2006-05-01,491100,55030
29-1051,2006-05-01,493100,96050
29-1111,2006-05-01,493100,53980
29-1111,2006-05-01,511100,60380
29-1051,2006-05-01,518200,98130
29-1111,2006-05-01,518200,54590
21-1022,2006-05-01,524100,50830
21-1023,2006-05-01,524100,37160
21-1029,2006-05-01,524100,54290
29-1051,2006-05-01,524100,93500
29-1062,2006-05-01,524100,141930
29-1069,2006-05-01,524100,125440
29-1111,2006-05-01,524100,58480
21-1022,2006-05-01,524200,42780
29-1051,2006-05-01,524200,92480
29-1111,2006-05-01,524200,54580
29-1111,2006-05-01,525100,61660
21-1021,2006-05-01,531100,36240
21-1022,2006-05-01,531100,42170
29-1111,2006-05-01,531100,52290
21-1029,2006-05-01,531300,42620
29-1111,2006-05-01,531300,21830
29-1051,2006-05-01,532200,89640
29-1111,2006-05-01,532200,57340
29-1051,2006-05-01,532400,96260
21-1021,2006-05-01,541100,38130
21-1022,2006-05-01,541100,36440
29-1111,2006-05-01,541100,58470
29-1069,2006-05-01,541200,0
29-1111,2006-05-01,541200,55110
29-1069,2006-05-01,541300,0
29-1111,2006-05-01,541300,46230
29-1069,2006-05-01,541500,111400
29-1111,2006-05-01,541500,61410
21-1022,2006-05-01,541600,55310
21-1029,2006-05-01,541600,44600
29-1051,2006-05-01,541600,87370
29-1062,2006-05-01,541600,117170
29-1069,2006-05-01,541600,0
29-1111,2006-05-01,541600,57040
21-1021,2006-05-01,541700,36840
21-1022,2006-05-01,541700,44210
29-1051,2006-05-01,541700,88500
29-1062,2006-05-01,541700,0
29-1069,2006-05-01,541700,71080
29-1071,2006-05-01,541700,80270
29-1111,2006-05-01,541700,57000
29-1111,2006-05-01,541900,61270
21-1021,2006-05-01,551100,33430
21-1022,2006-05-01,551100,41350
21-1023,2006-05-01,551100,33890
21-1029,2006-05-01,551100,34600
29-1051,2006-05-01,551100,102010
29-1062,2006-05-01,551100,142720
29-1063,2006-05-01,551100,133480
29-1066,2006-05-01,551100,0
29-1069,2006-05-01,551100,0
29-1071,2006-05-01,551100,46890
29-1111,2006-05-01,551100,58670
21-1021,2006-05-01,561100,40410
21-1022,2006-05-01,561100,38750
21-1023,2006-05-01,561100,36520
21-1029,2006-05-01,561100,51780
29-1021,2006-05-01,561100,103230
29-1051,2006-05-01,561100,97680
29-1062,2006-05-01,561100,140000
29-1069,2006-05-01,561100,133750
29-1071,2006-05-01,561100,84100
29-1111,2006-05-01,561100,61120
21-1023,2006-05-01,561200,31690
21-1029,2006-05-01,561200,30480
29-1111,2006-05-01,561200,52770
21-1021,2006-05-01,561300,29270
21-1022,2006-05-01,561300,43320
21-1023,2006-05-01,561300,33630
21-1029,2006-05-01,561300,38520
29-1021,2006-05-01,561300,102690
29-1051,2006-05-01,561300,97430
29-1061,2006-05-01,561300,0
29-1062,2006-05-01,561300,0
29-1063,2006-05-01,561300,0
29-1065,2006-05-01,561300,141060
29-1069,2006-05-01,561300,0
29-1071,2006-05-01,561300,79630
29-1111,2006-05-01,561300,64260
29-1111,2006-05-01,561400,57570
21-1021,2006-05-01,611100,48360
21-1022,2006-05-01,611100,53020
21-1023,2006-05-01,611100,34450
21-1029,2006-05-01,611100,47530
29-1062,2006-05-01,611100,117120
29-1065,2006-05-01,611100,0
29-1066,2006-05-01,611100,114650
29-1069,2006-05-01,611100,0
29-1111,2006-05-01,611100,44470
21-1021,2006-05-01,611200,45460
21-1023,2006-05-01,611200,48670
21-1029,2006-05-01,611200,39110
29-1021,2006-05-01,611200,92930
29-1111,2006-05-01,611200,53540
21-1021,2006-05-01,611300,44870
21-1022,2006-05-01,611300,45770
21-1023,2006-05-01,611300,37020
21-1029,2006-05-01,611300,41330
29-1021,2006-05-01,611300,90280
29-1029,2006-05-01,611300,43100
29-1051,2006-05-01,611300,86310
29-1061,2006-05-01,611300,80190
29-1062,2006-05-01,611300,49640
29-1063,2006-05-01,611300,47410
29-1064,2006-05-01,611300,60560
29-1065,2006-05-01,611300,80680
29-1066,2006-05-01,611300,90380
29-1067,2006-05-01,611300,126780
29-1069,2006-05-01,611300,45900
29-1071,2006-05-01,611300,72120
29-1111,2006-05-01,611300,56330
21-1021,2006-05-01,611400,37570
21-1021,2006-05-01,611500,31070
29-1111,2006-05-01,611500,52850
21-1021,2006-05-01,611600,40230
29-1111,2006-05-01,611600,55370
21-1021,2006-05-01,611700,42620
21-1022,2006-05-01,611700,40910
21-1029,2006-05-01,611700,46930
29-1111,2006-05-01,611700,37960
21-1021,2006-05-01,621100,36310
21-1022,2006-05-01,621100,44360
21-1023,2006-05-01,621100,39660
21-1029,2006-05-01,621100,38420
29-1021,2006-05-01,621100,110070
29-1022,2006-05-01,621100,0
29-1023,2006-05-01,621100,118590
29-1051,2006-05-01,621100,97080
29-1061,2006-05-01,621100,0
29-1062,2006-05-01,621100,0
29-1063,2006-05-01,621100,0
29-1064,2006-05-01,621100,0
29-1065,2006-05-01,621100,140770
29-1066,2006-05-01,621100,0
29-1067,2006-05-01,621100,0
29-1069,2006-05-01,621100,0
29-1071,2006-05-01,621100,74160
29-1111,2006-05-01,621100,53800
29-1021,2006-05-01,621200,137480
29-1022,2006-05-01,621200,0
29-1023,2006-05-01,621200,0
29-1024,2006-05-01,621200,0
29-1029,2006-05-01,621200,0
29-1061,2006-05-01,621200,0
29-1062,2006-05-01,621200,0
29-1067,2006-05-01,621200,0
29-1111,2006-05-01,621200,48140
21-1021,2006-05-01,621300,32580
21-1022,2006-05-01,621300,43760
21-1023,2006-05-01,621300,38370
21-1029,2006-05-01,621300,29100
29-1021,2006-05-01,621300,0
29-1051,2006-05-01,621300,92580
29-1061,2006-05-01,621300,0
29-1062,2006-05-01,621300,126310
29-1063,2006-05-01,621300,134380
29-1065,2006-05-01,621300,0
29-1066,2006-05-01,621300,132090
29-1067,2006-05-01,621300,0
29-1069,2006-05-01,621300,0
29-1071,2006-05-01,621300,55840
29-1111,2006-05-01,621300,56910
21-1021,2006-05-01,621400,34060
21-1022,2006-05-01,621400,43860
21-1023,2006-05-01,621400,34540
21-1029,2006-05-01,621400,35150
29-1021,2006-05-01,621400,117290
29-1051,2006-05-01,621400,96800
29-1061,2006-05-01,621400,0
29-1062,2006-05-01,621400,0
29-1063,2006-05-01,621400,0
29-1064,2006-05-01,621400,0
29-1065,2006-05-01,621400,136950
29-1066,2006-05-01,621400,0
29-1067,2006-05-01,621400,0
29-1069,2006-05-01,621400,0
29-1071,2006-05-01,621400,80960
29-1111,2006-05-01,621400,56580
29-1051,2006-05-01,621500,93450
29-1062,2006-05-01,621500,0
29-1063,2006-05-01,621500,0
29-1069,2006-05-01,621500,0
29-1071,2006-05-01,621500,83190
29-1111,2006-05-01,621500,57500
21-1021,2006-05-01,621600,35310
21-1022,2006-05-01,621600,44470
21-1023,2006-05-01,621600,31390
21-1029,2006-05-01,621600,42630
29-1021,2006-05-01,621600,86290
29-1051,2006-05-01,621600,92440
29-1062,2006-05-01,621600,143080
29-1063,2006-05-01,621600,0
29-1065,2006-05-01,621600,82710
29-1069,2006-05-01,621600,141640
29-1071,2006-05-01,621600,71150
29-1111,2006-05-01,621600,54190
21-1021,2006-05-01,621900,39220
21-1022,2006-05-01,621900,43240
21-1023,2006-05-01,621900,51500
21-1029,2006-05-01,621900,41110
29-1021,2006-05-01,621900,0
29-1051,2006-05-01,621900,97990
29-1061,2006-05-01,621900,0
29-1062,2006-05-01,621900,137220
29-1063,2006-05-01,621900,0
29-1066,2006-05-01,621900,64240
29-1069,2006-05-01,621900,0
29-1071,2006-05-01,621900,63020
29-1111,2006-05-01,621900,55660
21-1021,2006-05-01,622100,43160
21-1022,2006-05-01,622100,48420
21-1023,2006-05-01,622100,43260
21-1029,2006-05-01,622100,49630
29-1021,2006-05-01,622100,105250
29-1022,2006-05-01,622100,56740
29-1029,2006-05-01,622100,77640
29-1051,2006-05-01,622100,93640
29-1061,2006-05-01,622100,0
29-1062,2006-05-01,622100,145370
29-1063,2006-05-01,622100,141310
29-1064,2006-05-01,622100,0
29-1065,2006-05-01,622100,131540
29-1066,2006-05-01,622100,139210
29-1067,2006-05-01,622100,0
29-1069,2006-05-01,622100,74480
29-1071,2006-05-01,622100,76710
29-1111,2006-05-01,622100,58550
21-1021,2006-05-01,622200,34840
21-1022,2006-05-01,622200,48910
21-1023,2006-05-01,622200,39240
21-1029,2006-05-01,622200,56000
29-1021,2006-05-01,622200,105820
29-1051,2006-05-01,622200,81950
29-1062,2006-05-01,622200,139840
29-1063,2006-05-01,622200,141090
29-1066,2006-05-01,622200,140400
29-1067,2006-05-01,622200,142640
29-1069,2006-05-01,622200,107240
29-1071,2006-05-01,622200,69410
29-1111,2006-05-01,622200,55160
21-1021,2006-05-01,622300,43850
21-1022,2006-05-01,622300,50630
21-1023,2006-05-01,622300,34990
21-1029,2006-05-01,622300,48260
29-1021,2006-05-01,622300,115680
29-1051,2006-05-01,622300,92160
29-1061,2006-05-01,622300,0
29-1062,2006-05-01,622300,134550
29-1063,2006-05-01,622300,137150
29-1065,2006-05-01,622300,0
29-1066,2006-05-01,622300,0
29-1067,2006-05-01,622300,0
29-1069,2006-05-01,622300,113150
29-1071,2006-05-01,622300,88710
29-1111,2006-05-01,622300,59700
21-1021,2006-05-01,623100,37680
21-1022,2006-05-01,623100,38550
21-1023,2006-05-01,623100,36540
21-1029,2006-05-01,623100,39340
29-1051,2006-05-01,623100,88870
29-1062,2006-05-01,623100,0
29-1063,2006-05-01,623100,0
29-1069,2006-05-01,623100,131520
29-1071,2006-05-01,623100,78220
29-1111,2006-05-01,623100,52490
21-1021,2006-05-01,623200,30900
21-1022,2006-05-01,623200,34330
21-1023,2006-05-01,623200,30590
21-1029,2006-05-01,623200,32900
29-1051,2006-05-01,623200,85250
29-1062,2006-05-01,623200,141980
29-1066,2006-05-01,623200,0
29-1111,2006-05-01,623200,50620
21-1021,2006-05-01,623300,39910
21-1022,2006-05-01,623300,37090
21-1023,2006-05-01,623300,37680
21-1029,2006-05-01,623300,34760
29-1051,2006-05-01,623300,90730
29-1111,2006-05-01,623300,50910
21-1021,2006-05-01,623900,32590
21-1022,2006-05-01,623900,33760
21-1023,2006-05-01,623900,30530
21-1029,2006-05-01,623900,35080
29-1066,2006-05-01,623900,0
29-1111,2006-05-01,623900,48500
21-1021,2006-05-01,624100,32680
21-1022,2006-05-01,624100,35510
21-1023,2006-05-01,624100,34920
21-1029,2006-05-01,624100,35150
29-1021,2006-05-01,624100,112040
29-1029,2006-05-01,624100,40780
29-1051,2006-05-01,624100,84050
29-1062,2006-05-01,624100,117960
29-1066,2006-05-01,624100,0
29-1069,2006-05-01,624100,0
29-1071,2006-05-01,624100,54500
29-1111,2006-05-01,624100,50810
21-1021,2006-05-01,624200,29720
21-1022,2006-05-01,624200,32840
21-1023,2006-05-01,624200,32000
21-1029,2006-05-01,624200,30650
29-1111,2006-05-01,624200,45970
21-1021,2006-05-01,624300,30400
21-1022,2006-05-01,624300,35080
21-1023,2006-05-01,624300,32780
21-1029,2006-05-01,624300,32320
29-1066,2006-05-01,624300,145360
29-1111,2006-05-01,624300,50280
21-1021,2006-05-01,624400,29480
21-1022,2006-05-01,624400,31430
21-1023,2006-05-01,624400,32340
21-1029,2006-05-01,624400,25780
29-1111,2006-05-01,624400,43950
29-1069,2006-05-01,711200,112860
29-1111,2006-05-01,711200,50230
29-1111,2006-05-01,713100,50930
29-1111,2006-05-01,713900,51050
29-1111,2006-05-01,721100,59360
29-1111,2006-05-01,812100,43960
21-1022,2006-05-01,812200,32250
29-1111,2006-05-01,812900,52820
21-1021,2006-05-01,813100,32330
21-1022,2006-05-01,813100,24010
21-1023,2006-05-01,813100,33060
21-1029,2006-05-01,813100,29040
29-1111,2006-05-01,813100,52330
21-1021,2006-05-01,813200,35630
21-1022,2006-05-01,813200,37270
21-1023,2006-05-01,813200,34590
21-1029,2006-05-01,813200,40970
29-1051,2006-05-01,813200,60630
29-1111,2006-05-01,813200,54120
21-1021,2006-05-01,813300,32100
21-1022,2006-05-01,813300,37170
21-1023,2006-05-01,813300,31860
21-1029,2006-05-01,813300,39700
29-1111,2006-05-01,813300,42850
21-1021,2006-05-01,813400,29520
21-1022,2006-05-01,813400,28150
21-1023,2006-05-01,813400,34140
21-1029,2006-05-01,813400,31010
29-1111,2006-05-01,813400,55720
21-1021,2006-05-01,813900,37690
21-1022,2006-05-01,813900,53750
21-1023,2006-05-01,813900,42870
21-1029,2006-05-01,813900,62980
29-1051,2006-05-01,813900,87130
29-1111,2006-05-01,813900,57220
21-1029,2006-05-01,999100,63600
29-1029,2006-05-01,999100,91650
29-1051,2006-05-01,999100,91200
29-1069,2006-05-01,999100,102650
29-1071,2006-05-01,999100,72750
29-1111,2006-05-01,999100,67800
21-1021,2006-05-01,999200,39000
21-1022,2006-05-01,999200,44790
21-1023,2006-05-01,999200,39920
21-1029,2006-05-01,999200,45070
29-1021,2006-05-01,999200,104430
29-1029,2006-05-01,999200,51300
29-1051,2006-05-01,999200,79970
29-1062,2006-05-01,999200,129500
29-1063,2006-05-01,999200,145390
29-1066,2006-05-01,999200,143370
29-1067,2006-05-01,999200,0
29-1069,2006-05-01,999200,126700
29-1071,2006-05-01,999200,70470
29-1111,2006-05-01,999200,53490
21-1021,2006-05-01,999300,43500
21-1022,2006-05-01,999300,41590
21-1023,2006-05-01,999300,39550
21-1029,2006-05-01,999300,46330
29-1021,2006-05-01,999300,101830
29-1051,2006-05-01,999300,92910
29-1062,2006-05-01,999300,99290
29-1063,2006-05-01,999300,139440
29-1065,2006-05-01,999300,137840
29-1066,2006-05-01,999300,0
29-1069,2006-05-01,999300,127240
29-1071,2006-05-01,999300,73380
29-1111,2006-05-01,999300,55540
29-1111,2007-05-01,221100,66460
29-1111,2007-05-01,311600,47510
29-1111,2007-05-01,313100,42040
29-1111,2007-05-01,322100,53320
29-1111,2007-05-01,322200,56530
29-1111,2007-05-01,324100,63340
29-1111,2007-05-01,325100,58450
29-1111,2007-05-01,325200,57640
29-1111,2007-05-01,325400,64620
29-1111,2007-05-01,326100,56490
29-1111,2007-05-01,331500,53740
29-1111,2007-05-01,332900,56000
29-1111,2007-05-01,334400,71290
29-1111,2007-05-01,334500,61010
29-1111,2007-05-01,335200,51560
29-1111,2007-05-01,336100,60380
29-1111,2007-05-01,336300,57820
29-1111,2007-05-01,336400,66080
29-1111,2007-05-01,336600,51510
29-1021,2007-05-01,339100,92230
29-1024,2007-05-01,339100,65720
29-1111,2007-05-01,339100,63020
29-1051,2007-05-01,423400,96400
29-1111,2007-05-01,423400,61990
29-1051,2007-05-01,424200,95650
29-1111,2007-05-01,424200,61590
29-1051,2007-05-01,425100,96540
29-1051,2007-05-01,445100,102050
29-1051,2007-05-01,446100,100510
29-1111,2007-05-01,446100,55950
29-1051,2007-05-01,447100,101820
29-1051,2007-05-01,452100,105230
29-1051,2007-05-01,452900,108390
29-1051,2007-05-01,454100,93190
29-1111,2007-05-01,454100,53330
29-1111,2007-05-01,481200,56780
29-1111,2007-05-01,491100,56970
29-1051,2007-05-01,493100,105320
29-1111,2007-05-01,493100,55700
29-1111,2007-05-01,511100,65290
29-1111,2007-05-01,512100,74750
29-1051,2007-05-01,518200,101370
29-1111,2007-05-01,518200,48990
21-1022,2007-05-01,524100,51870
21-1023,2007-05-01,524100,44680
21-1029,2007-05-01,524100,53610
29-1021,2007-05-01,524100,0
29-1051,2007-05-01,524100,99080
29-1062,2007-05-01,524100,0
29-1066,2007-05-01,524100,129270
29-1069,2007-05-01,524100,134810
29-1111,2007-05-01,524100,61370
21-1022,2007-05-01,524200,47550
29-1051,2007-05-01,524200,97110
29-1111,2007-05-01,524200,56980
29-1051,2007-05-01,525100,111200
29-1111,2007-05-01,525100,59320
21-1021,2007-05-01,531100,34000
21-1022,2007-05-01,531100,44070
29-1111,2007-05-01,531100,54570
21-1022,2007-05-01,531300,31030
29-1111,2007-05-01,531300,22870
29-1051,2007-05-01,532200,96890
29-1111,2007-05-01,532200,56830
21-1021,2007-05-01,541100,45530
29-1111,2007-05-01,541100,62110
29-1111,2007-05-01,541200,56010
29-1111,2007-05-01,541300,51080
29-1051,2007-05-01,541500,83640
29-1069,2007-05-01,541500,114490
29-1111,2007-05-01,541500,61510
21-1022,2007-05-01,541600,57080
21-1029,2007-05-01,541600,54080
29-1051,2007-05-01,541600,90040
29-1062,2007-05-01,541600,122860
29-1069,2007-05-01,541600,0
29-1071,2007-05-01,541600,38060
29-1111,2007-05-01,541600,60180
21-1021,2007-05-01,541700,42930
21-1022,2007-05-01,541700,46470
21-1029,2007-05-01,541700,23170
29-1051,2007-05-01,541700,91670
29-1066,2007-05-01,541700,84060
29-1069,2007-05-01,541700,52250
29-1071,2007-05-01,541700,83020
29-1111,2007-05-01,541700,61180
29-1111,2007-05-01,541900,50860
21-1021,2007-05-01,551100,35090
21-1022,2007-05-01,551100,44620
21-1023,2007-05-01,551100,37830
21-1029,2007-05-01,551100,37100
29-1051,2007-05-01,551100,105650
29-1062,2007-05-01,551100,0
29-1063,2007-05-01,551100,138840
29-1066,2007-05-01,551100,0
29-1069,2007-05-01,551100,0
29-1071,2007-05-01,551100,64130
29-1111,2007-05-01,551100,61380
21-1021,2007-05-01,561100,38860
21-1022,2007-05-01,561100,43450
21-1023,2007-05-01,561100,38720
21-1029,2007-05-01,561100,51810
29-1051,2007-05-01,561100,102320
29-1062,2007-05-01,561100,0
29-1069,2007-05-01,561100,117740
29-1071,2007-05-01,561100,85900
29-1111,2007-05-01,561100,61500
21-1021,2007-05-01,561200,30060
21-1023,2007-05-01,561200,30550
21-1029,2007-05-01,561200,29940
29-1071,2007-05-01,561200,81620
29-1111,2007-05-01,561200,57570
21-1021,2007-05-01,561300,32000
21-1022,2007-05-01,561300,41930
21-1023,2007-05-01,561300,32450
21-1029,2007-05-01,561300,41670
29-1021,2007-05-01,561300,106930
29-1051,2007-05-01,561300,103180
29-1061,2007-05-01,561300,0
29-1062,2007-05-01,561300,0
29-1065,2007-05-01,561300,0
29-1066,2007-05-01,561300,138540
29-1069,2007-05-01,561300,0
29-1071,2007-05-01,561300,81900
29-1111,2007-05-01,561300,66730
29-1111,2007-05-01,561400,58200
21-1021,2007-05-01,561900,53500
29-1051,2007-05-01,561900,100100
29-1111,2007-05-01,561900,60150
21-1021,2007-05-01,611100,51880
21-1022,2007-05-01,611100,53040
21-1023,2007-05-01,611100,35530
21-1029,2007-05-01,611100,51110
29-1062,2007-05-01,611100,120610
29-1065,2007-05-01,611100,0
29-1066,2007-05-01,611100,132880
29-1069,2007-05-01,611100,81570
29-1111,2007-05-01,611100,46500
21-1021,2007-05-01,611200,50840
21-1022,2007-05-01,611200,21900
21-1029,2007-05-01,611200,39450
29-1021,2007-05-01,611200,104830
29-1111,2007-05-01,611200,56420
21-1021,2007-05-01,611300,43860
21-1022,2007-05-01,611300,46020
21-1023,2007-05-01,611300,44430
21-1029,2007-05-01,611300,40940
29-1021,2007-05-01,611300,99900
29-1029,2007-05-01,611300,44840
29-1051,2007-05-01,611300,89750
29-1061,2007-05-01,611300,88990
29-1062,2007-05-01,611300,50880
29-1063,2007-05-01,611300,61370
29-1064,2007-05-01,611300,63540
29-1065,2007-05-01,611300,80320
29-1066,2007-05-01,611300,91910
29-1067,2007-05-01,611300,112100
29-1069,2007-05-01,611300,50340
29-1071,2007-05-01,611300,69090
29-1111,2007-05-01,611300,58470
21-1021,2007-05-01,611400,40350
21-1021,2007-05-01,611500,33300
29-1111,2007-05-01,611500,43060
21-1021,2007-05-01,611600,45880
29-1111,2007-05-01,611600,53910
21-1021,2007-05-01,611700,42710
21-1022,2007-05-01,611700,40040
21-1029,2007-05-01,611700,36650
29-1111,2007-05-01,611700,48990
21-1021,2007-05-01,621100,38490
21-1022,2007-05-01,621100,44600
21-1023,2007-05-01,621100,39310
21-1029,2007-05-01,621100,41590
29-1021,2007-05-01,621100,112490
29-1022,2007-05-01,621100,0
29-1051,2007-05-01,621100,102370
29-1061,2007-05-01,621100,0
29-1062,2007-05-01,621100,0
29-1063,2007-05-01,621100,0
29-1064,2007-05-01,621100,0
29-1065,2007-05-01,621100,142180
29-1066,2007-05-01,621100,0
29-1067,2007-05-01,621100,0
29-1069,2007-05-01,621100,0
29-1071,2007-05-01,621100,77570
29-1111,2007-05-01,621100,56320
21-1021,2007-05-01,621200,115460
29-1021,2007-05-01,621200,143270
29-1022,2007-05-01,621200,0
29-1023,2007-05-01,621200,0
29-1024,2007-05-01,621200,0
29-1029,2007-05-01,621200,0
29-1061,2007-05-01,621200,101520
29-1062,2007-05-01,621200,0
29-1067,2007-05-01,621200,0
29-1071,2007-05-01,621200,51350
29-1111,2007-05-01,621200,55790
21-1021,2007-05-01,621300,33570
21-1022,2007-05-01,621300,44390
21-1023,2007-05-01,621300,37840
21-1029,2007-05-01,621300,36410
29-1021,2007-05-01,621300,0
29-1051,2007-05-01,621300,95070
29-1061,2007-05-01,621300,0
29-1062,2007-05-01,621300,116780
29-1063,2007-05-01,621300,141240
29-1065,2007-05-01,621300,131660
29-1066,2007-05-01,621300,111860
29-1067,2007-05-01,621300,0
29-1069,2007-05-01,621300,0
29-1071,2007-05-01,621300,60010
29-1111,2007-05-01,621300,60250
21-1021,2007-05-01,621400,35480
21-1022,2007-05-01,621400,45780
21-1023,2007-05-01,621400,36100
21-1029,2007-05-01,621400,35060
29-1021,2007-05-01,621400,124470
29-1051,2007-05-01,621400,102110
29-1061,2007-05-01,621400,0
29-1062,2007-05-01,621400,0
29-1063,2007-05-01,621400,0
29-1064,2007-05-01,621400,0
29-1065,2007-05-01,621400,145190
29-1066,2007-05-01,621400,0
29-1067,2007-05-01,621400,0
29-1069,2007-05-01,621400,0
29-1071,2007-05-01,621400,83170
29-1111,2007-05-01,621400,59350
21-1022,2007-05-01,621500,45940
29-1051,2007-05-01,621500,100220
29-1062,2007-05-01,621500,0
29-1063,2007-05-01,621500,0
29-1069,2007-05-01,621500,0
29-1071,2007-05-01,621500,81030
29-1111,2007-05-01,621500,58690
21-1021,2007-05-01,621600,37370
21-1022,2007-05-01,621600,45560
21-1023,2007-05-01,621600,37310
21-1029,2007-05-01,621600,41570
29-1021,2007-05-01,621600,90910
29-1051,2007-05-01,621600,96760
29-1062,2007-05-01,621600,143080
29-1063,2007-05-01,621600,0
29-1069,2007-05-01,621600,142540
29-1071,2007-05-01,621600,64250
29-1111,2007-05-01,621600,56630
21-1021,2007-05-01,621900,33810
21-1022,2007-05-01,621900,46510
29-1021,2007-05-01,621900,0
29-1051,2007-05-01,621900,93660
29-1062,2007-05-01,621900,131860
29-1063,2007-05-01,621900,0
29-1069,2007-05-01,621900,0
29-1071,2007-05-01,621900,69880
29-1111,2007-05-01,621900,59290
21-1021,2007-05-01,622100,43020
21-1022,2007-05-01,622100,50430
21-1023,2007-05-01,622100,44960
21-1029,2007-05-01,622100,52800
29-1021,2007-05-01,622100,106000
29-1022,2007-05-01,622100,58570
29-1029,2007-05-01,622100,48560
29-1051,2007-05-01,622100,99690
29-1061,2007-05-01,622100,0
29-1062,2007-05-01,622100,145500
29-1063,2007-05-01,622100,0
29-1064,2007-05-01,622100,0
29-1065,2007-05-01,622100,141130
29-1066,2007-05-01,622100,0
29-1067,2007-05-01,622100,0
29-1069,2007-05-01,622100,75500
29-1071,2007-05-01,622100,81260
29-1111,2007-05-01,622100,61380
21-1021,2007-05-01,622200,41080
21-1022,2007-05-01,622200,47850
21-1023,2007-05-01,622200,42220
21-1029,2007-05-01,622200,54460
29-1021,2007-05-01,622200,104880
29-1051,2007-05-01,622200,86760
29-1062,2007-05-01,622200,140950
29-1063,2007-05-01,622200,0
29-1066,2007-05-01,622200,0
29-1067,2007-05-01,622200,122490
29-1069,2007-05-01,622200,120970
29-1071,2007-05-01,622200,72050
29-1111,2007-05-01,622200,57380
21-1021,2007-05-01,622300,44600
21-1022,2007-05-01,622300,51900
21-1023,2007-05-01,622300,29910
21-1029,2007-05-01,622300,46910
29-1021,2007-05-01,622300,115280
29-1051,2007-05-01,622300,97710
29-1061,2007-05-01,622300,0
29-1062,2007-05-01,622300,0
29-1063,2007-05-01,622300,0
29-1064,2007-05-01,622300,0
29-1065,2007-05-01,622300,0
29-1066,2007-05-01,622300,0
29-1067,2007-05-01,622300,128650
29-1069,2007-05-01,622300,109970
29-1071,2007-05-01,622300,91460
29-1111,2007-05-01,622300,62400
21-1021,2007-05-01,623100,39150
21-1022,2007-05-01,623100,40090
21-1023,2007-05-01,623100,35400
21-1029,2007-05-01,623100,41380
29-1051,2007-05-01,623100,92090
29-1062,2007-05-01,623100,0
29-1063,2007-05-01,623100,0
29-1066,2007-05-01,623100,0
29-1069,2007-05-01,623100,144560
29-1071,2007-05-01,623100,81730
29-1111,2007-05-01,623100,55050
21-1021,2007-05-01,623200,32810
21-1022,2007-05-01,623200,37610
21-1023,2007-05-01,623200,32720
21-1029,2007-05-01,623200,35640
29-1051,2007-05-01,623200,93910
29-1062,2007-05-01,623200,140850
29-1066,2007-05-01,623200,0
29-1071,2007-05-01,623200,81190
29-1111,2007-05-01,623200,52540
21-1021,2007-05-01,623300,37050
21-1022,2007-05-01,623300,39120
21-1023,2007-05-01,623300,35540
21-1029,2007-05-01,623300,35830
29-1051,2007-05-01,623300,90000
29-1111,2007-05-01,623300,53150
21-1021,2007-05-01,623900,33590
21-1022,2007-05-01,623900,36040
21-1023,2007-05-01,623900,31150
21-1029,2007-05-01,623900,37010
29-1066,2007-05-01,623900,140230
29-1111,2007-05-01,623900,50690
21-1021,2007-05-01,624100,33610
21-1022,2007-05-01,624100,37350
21-1023,2007-05-01,624100,35060
21-1029,2007-05-01,624100,36000
29-1021,2007-05-01,624100,122740
29-1051,2007-05-01,624100,95840
29-1062,2007-05-01,624100,113630
29-1066,2007-05-01,624100,0
29-1069,2007-05-01,624100,0
29-1071,2007-05-01,624100,70880
29-1111,2007-05-01,624100,54910
21-1021,2007-05-01,624200,30950
21-1022,2007-05-01,624200,34630
21-1023,2007-05-01,624200,33280
21-1029,2007-05-01,624200,31940
29-1111,2007-05-01,624200,50860
21-1021,2007-05-01,624300,33280
21-1022,2007-05-01,624300,37750
21-1023,2007-05-01,624300,32730
21-1029,2007-05-01,624300,31350
29-1066,2007-05-01,624300,0
29-1111,2007-05-01,624300,52290
21-1021,2007-05-01,624400,29330
21-1022,2007-05-01,624400,34080
21-1023,2007-05-01,624400,26410
21-1029,2007-05-01,624400,30320
29-1111,2007-05-01,624400,46110
29-1069,2007-05-01,711200,113260
29-1111,2007-05-01,711200,54880
29-1111,2007-05-01,713100,49040
29-1111,2007-05-01,713900,46630
29-1111,2007-05-01,721100,54940
29-1111,2007-05-01,812100,46680
21-1022,2007-05-01,812200,30040
21-1021,2007-05-01,813100,31860
21-1022,2007-05-01,813100,24330
21-1023,2007-05-01,813100,35100
21-1029,2007-05-01,813100,29120
29-1111,2007-05-01,813100,56250
21-1021,2007-05-01,813200,38160
21-1022,2007-05-01,813200,40350
21-1023,2007-05-01,813200,35520
21-1029,2007-05-01,813200,36360
29-1051,2007-05-01,813200,63970
29-1111,2007-05-01,813200,56980
21-1021,2007-05-01,813300,32900
21-1022,2007-05-01,813300,39440
21-1023,2007-05-01,813300,36980
21-1029,2007-05-01,813300,44500
29-1111,2007-05-01,813300,51200
21-1021,2007-05-01,813400,32710
21-1022,2007-05-01,813400,34040
21-1023,2007-05-01,813400,34290
21-1029,2007-05-01,813400,32270
29-1111,2007-05-01,813400,66400
21-1021,2007-05-01,813900,41590
21-1022,2007-05-01,813900,63100
21-1023,2007-05-01,813900,47040
21-1029,2007-05-01,813900,68510
29-1051,2007-05-01,813900,93750
29-1111,2007-05-01,813900,68560
21-1029,2007-05-01,999100,63460
29-1029,2007-05-01,999100,124510
29-1051,2007-05-01,999100,94140
29-1069,2007-05-01,999100,0
29-1071,2007-05-01,999100,75930
29-1111,2007-05-01,999100,69780
21-1021,2007-05-01,999200,39330
21-1022,2007-05-01,999200,45410
21-1023,2007-05-01,999200,38800
21-1029,2007-05-01,999200,46760
29-1021,2007-05-01,999200,110300
29-1051,2007-05-01,999200,85990
29-1062,2007-05-01,999200,129020
29-1069,2007-05-01,999200,139880
29-1071,2007-05-01,999200,75360
29-1111,2007-05-01,999200,57430
21-1021,2007-05-01,999300,45110
21-1022,2007-05-01,999300,43110
21-1023,2007-05-01,999300,41820
21-1029,2007-05-01,999300,50200
29-1021,2007-05-01,999300,109000
29-1051,2007-05-01,999300,98620
29-1062,2007-05-01,999300,92790
29-1063,2007-05-01,999300,142120
29-1066,2007-05-01,999300,0
29-1069,2007-05-01,999300,134660
29-1071,2007-05-01,999300,75910
29-1111,2007-05-01,999300,57370
29-1111,2008-05-01,221100,65790
29-1111,2008-05-01,311600,49440
29-1111,2008-05-01,313100,43830
29-1111,2008-05-01,322100,54360
29-1111,2008-05-01,322200,55990
29-1111,2008-05-01,324100,61890
29-1111,2008-05-01,325100,61880
29-1111,2008-05-01,325200,58900
29-1051,2008-05-01,325400,74540
29-1069,2008-05-01,325400,153280
29-1111,2008-05-01,325400,66670
29-1111,2008-05-01,326100,56690
29-1111,2008-05-01,331100,58640
29-1111,2008-05-01,331500,56480
29-1111,2008-05-01,332900,54430
29-1111,2008-05-01,334400,71180
29-1111,2008-05-01,334500,62450
29-1111,2008-05-01,335200,52920
29-1111,2008-05-01,336100,63410
29-1111,2008-05-01,336300,59310
29-1111,2008-05-01,336400,65150
29-1111,2008-05-01,336600,50150
29-1021,2008-05-01,339100,100950
29-1111,2008-05-01,339100,65410
29-1051,2008-05-01,423400,103130
29-1111,2008-05-01,423400,59580
29-1051,2008-05-01,424200,102250
29-1111,2008-05-01,424200,64010
29-1051,2008-05-01,425100,106550
29-1051,2008-05-01,445100,107420
29-1051,2008-05-01,446100,106090
29-1111,2008-05-01,446100,63010
29-1051,2008-05-01,447100,104110
29-1051,2008-05-01,452100,110520
29-1051,2008-05-01,452900,114770
29-1051,2008-05-01,454100,102490
29-1111,2008-05-01,454100,56670
29-1111,2008-05-01,481200,59710
29-1111,2008-05-01,491100,57280
29-1051,2008-05-01,493100,102530
29-1111,2008-05-01,493100,56440
29-1111,2008-05-01,511100,67020
29-1111,2008-05-01,512100,77780
29-1051,2008-05-01,518200,97900
29-1111,2008-05-01,518200,49980
21-1022,2008-05-01,524100,51070
21-1023,2008-05-01,524100,43850
21-1029,2008-05-01,524100,56460
29-1051,2008-05-01,524100,108870
29-1062,2008-05-01,524100,162260
29-1069,2008-05-01,524100,0
29-1111,2008-05-01,524100,63050
21-1022,2008-05-01,524200,52680
29-1051,2008-05-01,524200,99840
29-1111,2008-05-01,524200,59350
29-1051,2008-05-01,525100,103710
29-1111,2008-05-01,525100,59470
29-1111,2008-05-01,525900,62680
21-1021,2008-05-01,531100,36910
21-1022,2008-05-01,531100,45400
21-1029,2008-05-01,531100,36160
29-1111,2008-05-01,531100,57400
21-1022,2008-05-01,531300,37750
21-1029,2008-05-01,531300,40100
29-1111,2008-05-01,531300,63540
29-1051,2008-05-01,532200,101300
29-1111,2008-05-01,532200,57130
21-1021,2008-05-01,541100,46010
21-1029,2008-05-01,541100,37940
29-1111,2008-05-01,541100,63860
29-1071,2008-05-01,541200,91810
29-1111,2008-05-01,541200,57290
29-1069,2008-05-01,541300,0
29-1111,2008-05-01,541300,56570
29-1051,2008-05-01,541500,103340
29-1111,2008-05-01,541500,63390
21-1022,2008-05-01,541600,50010
21-1023,2008-05-01,541600,45810
21-1029,2008-05-01,541600,38980
29-1051,2008-05-01,541600,96300
29-1069,2008-05-01,541600,132920
29-1071,2008-05-01,541600,41250
29-1111,2008-05-01,541600,61790
21-1021,2008-05-01,541700,42460
21-1022,2008-05-01,541700,45000
21-1023,2008-05-01,541700,40140
21-1029,2008-05-01,541700,35260
29-1051,2008-05-01,541700,95370
29-1066,2008-05-01,541700,69850
29-1069,2008-05-01,541700,80520
29-1071,2008-05-01,541700,85300
29-1111,2008-05-01,541700,64620
29-1111,2008-05-01,541900,67370
21-1021,2008-05-01,551100,35970
21-1022,2008-05-01,551100,44110
21-1023,2008-05-01,551100,45410
21-1029,2008-05-01,551100,40500
29-1051,2008-05-01,551100,111450
29-1062,2008-05-01,551100,164430
29-1063,2008-05-01,551100,152620
29-1066,2008-05-01,551100,0
29-1069,2008-05-01,551100,0
29-1071,2008-05-01,551100,62500
29-1111,2008-05-01,551100,63830
21-1021,2008-05-01,561100,38300
21-1022,2008-05-01,561100,40620
21-1023,2008-05-01,561100,48530
21-1029,2008-05-01,561100,48570
29-1051,2008-05-01,561100,107050
29-1062,2008-05-01,561100,152340
29-1069,2008-05-01,561100,132590
29-1071,2008-05-01,561100,84680
29-1111,2008-05-01,561100,63710
21-1021,2008-05-01,561200,44340
21-1023,2008-05-01,561200,32420
21-1029,2008-05-01,561200,31380
29-1021,2008-05-01,561200,126530
29-1069,2008-05-01,561200,0
29-1111,2008-05-01,561200,60630
21-1021,2008-05-01,561300,32730
21-1022,2008-05-01,561300,44310
21-1023,2008-05-01,561300,34840
21-1029,2008-05-01,561300,43010
29-1021,2008-05-01,561300,108250
29-1051,2008-05-01,561300,109150
29-1061,2008-05-01,561300,0
29-1062,2008-05-01,561300,0
29-1066,2008-05-01,561300,144650
29-1069,2008-05-01,561300,0
29-1071,2008-05-01,561300,89050
29-1111,2008-05-01,561300,68160
29-1111,2008-05-01,561400,58550
21-1021,2008-05-01,561900,57940
29-1051,2008-05-01,561900,98420
29-1111,2008-05-01,561900,61270
21-1021,2008-05-01,611100,53860
21-1022,2008-05-01,611100,59260
21-1023,2008-05-01,611100,41440
21-1029,2008-05-01,611100,51720
29-1062,2008-05-01,611100,133970
29-1065,2008-05-01,611100,153650
29-1066,2008-05-01,611100,151250
29-1069,2008-05-01,611100,51640
29-1111,2008-05-01,611100,48340
21-1021,2008-05-01,611200,51360
21-1022,2008-05-01,611200,22860
21-1029,2008-05-01,611200,42320
29-1021,2008-05-01,611200,96900
29-1111,2008-05-01,611200,58400
21-1021,2008-05-01,611300,43090
21-1022,2008-05-01,611300,47650
21-1023,2008-05-01,611300,43390
21-1029,2008-05-01,611300,46950
29-1021,2008-05-01,611300,96640
29-1051,2008-05-01,611300,96690
29-1061,2008-05-01,611300,128400
29-1062,2008-05-01,611300,134740
29-1063,2008-05-01,611300,125220
29-1064,2008-05-01,611300,50130
29-1065,2008-05-01,611300,71450
29-1066,2008-05-01,611300,105820
29-1067,2008-05-01,611300,0
29-1069,2008-05-01,611300,54100
29-1071,2008-05-01,611300,74200
29-1111,2008-05-01,611300,62780
21-1021,2008-05-01,611400,39740
21-1021,2008-05-01,611500,31810
21-1029,2008-05-01,611500,27910
29-1111,2008-05-01,611500,51760
21-1021,2008-05-01,611600,44840
21-1023,2008-05-01,611600,32820
29-1111,2008-05-01,611600,41580
21-1021,2008-05-01,611700,47630
21-1029,2008-05-01,611700,36590
29-1111,2008-05-01,611700,48820
21-1021,2008-05-01,621100,40510
21-1022,2008-05-01,621100,45380
21-1023,2008-05-01,621100,40840
21-1029,2008-05-01,621100,44510
29-1021,2008-05-01,621100,119940
29-1022,2008-05-01,621100,0
29-1023,2008-05-01,621100,62750
29-1024,2008-05-01,621100,78860
29-1051,2008-05-01,621100,108440
29-1061,2008-05-01,621100,0
29-1062,2008-05-01,621100,161650
29-1063,2008-05-01,621100,0
29-1064,2008-05-01,621100,0
29-1065,2008-05-01,621100,146480
29-1066,2008-05-01,621100,137910
29-1067,2008-05-01,621100,0
29-1069,2008-05-01,621100,0
29-1071,2008-05-01,621100,80440
29-1111,2008-05-01,621100,59210
21-1021,2008-05-01,621200,101960
29-1021,2008-05-01,621200,148090
29-1022,2008-05-01,621200,0
29-1023,2008-05-01,621200,0
29-1024,2008-05-01,621200,0
29-1029,2008-05-01,621200,0
29-1061,2008-05-01,621200,100190
29-1067,2008-05-01,621200,0
29-1069,2008-05-01,621200,0
29-1071,2008-05-01,621200,36290
29-1111,2008-05-01,621200,55470
21-1021,2008-05-01,621300,35070
21-1022,2008-05-01,621300,44880
21-1023,2008-05-01,621300,39390
21-1029,2008-05-01,621300,43340
29-1021,2008-05-01,621300,120900
29-1051,2008-05-01,621300,99740
29-1061,2008-05-01,621300,0
29-1062,2008-05-01,621300,142070
29-1063,2008-05-01,621300,126270
29-1065,2008-05-01,621300,135160
29-1066,2008-05-01,621300,121650
29-1067,2008-05-01,621300,0
29-1069,2008-05-01,621300,152110
29-1071,2008-05-01,621300,65400
29-1111,2008-05-01,621300,60610
21-1021,2008-05-01,621400,34710
21-1022,2008-05-01,621400,47730
21-1023,2008-05-01,621400,36660
21-1029,2008-05-01,621400,37310
29-1021,2008-05-01,621400,124540
29-1051,2008-05-01,621400,107420
29-1061,2008-05-01,621400,0
29-1062,2008-05-01,621400,0
29-1063,2008-05-01,621400,0
29-1064,2008-05-01,621400,0
29-1065,2008-05-01,621400,157340
29-1066,2008-05-01,621400,0
29-1067,2008-05-01,621400,0
29-1069,2008-05-01,621400,0
29-1071,2008-05-01,621400,84390
29-1111,2008-05-01,621400,61400
21-1022,2008-05-01,621500,38340
29-1051,2008-05-01,621500,100180
29-1062,2008-05-01,621500,0
29-1063,2008-05-01,621500,0
29-1069,2008-05-01,621500,0
29-1071,2008-05-01,621500,77060
29-1111,2008-05-01,621500,62120
21-1021,2008-05-01,621600,42110
21-1022,2008-05-01,621600,46930
21-1023,2008-05-01,621600,39510
21-1029,2008-05-01,621600,47390
29-1021,2008-05-01,621600,113350
29-1051,2008-05-01,621600,100060
29-1062,2008-05-01,621600,151350
29-1063,2008-05-01,621600,0
29-1069,2008-05-01,621600,162450
29-1071,2008-05-01,621600,80150
29-1111,2008-05-01,621600,58740
21-1022,2008-05-01,621900,31710
21-1023,2008-05-01,621900,44990
29-1021,2008-05-01,621900,144490
29-1051,2008-05-01,621900,106880
29-1062,2008-05-01,621900,150160
29-1063,2008-05-01,621900,135960
29-1067,2008-05-01,621900,0
29-1069,2008-05-01,621900,156520
29-1071,2008-05-01,621900,80340
29-1111,2008-05-01,621900,61360
21-1021,2008-05-01,622100,44590
21-1022,2008-05-01,622100,51470
21-1023,2008-05-01,622100,46690
21-1029,2008-05-01,622100,55940
29-1021,2008-05-01,622100,108640
29-1022,2008-05-01,622100,165820
29-1029,2008-05-01,622100,56750
29-1051,2008-05-01,622100,105190
29-1061,2008-05-01,622100,160870
29-1062,2008-05-01,622100,150890
29-1063,2008-05-01,622100,162360
29-1064,2008-05-01,622100,0
29-1065,2008-05-01,622100,146550
29-1066,2008-05-01,622100,158010
29-1067,2008-05-01,622100,0
29-1069,2008-05-01,622100,68300
29-1071,2008-05-01,622100,84550
29-1111,2008-05-01,622100,63880
21-1021,2008-05-01,622200,45240
21-1022,2008-05-01,622200,56030
21-1023,2008-05-01,622200,45300
21-1029,2008-05-01,622200,51760
29-1021,2008-05-01,622200,113420
29-1051,2008-05-01,622200,93780
29-1062,2008-05-01,622200,146340
29-1063,2008-05-01,622200,149960
29-1066,2008-05-01,622200,152020
29-1067,2008-05-01,622200,0
29-1069,2008-05-01,622200,137910
29-1071,2008-05-01,622200,80050
29-1111,2008-05-01,622200,60450
21-1021,2008-05-01,622300,43010
21-1022,2008-05-01,622300,53540
21-1029,2008-05-01,622300,47050
29-1021,2008-05-01,622300,132080
29-1051,2008-05-01,622300,102180
29-1061,2008-05-01,622300,153830
29-1062,2008-05-01,622300,155870
29-1063,2008-05-01,622300,0
29-1064,2008-05-01,622300,0
29-1065,2008-05-01,622300,155960
29-1066,2008-05-01,622300,159470
29-1067,2008-05-01,622300,135730
29-1069,2008-05-01,622300,147700
29-1071,2008-05-01,622300,94770
29-1111,2008-05-01,622300,66850
21-1021,2008-05-01,623100,38390
21-1022,2008-05-01,623100,41080
21-1023,2008-05-01,623100,38610
21-1029,2008-05-01,623100,43310
29-1051,2008-05-01,623100,99710
29-1062,2008-05-01,623100,126720
29-1063,2008-05-01,623100,152020
29-1066,2008-05-01,623100,0
29-1069,2008-05-01,623100,141280
29-1071,2008-05-01,623100,84820
29-1111,2008-05-01,623100,57060
21-1021,2008-05-01,623200,34880
21-1022,2008-05-01,623200,37140
21-1023,2008-05-01,623200,33950
21-1029,2008-05-01,623200,36460
29-1051,2008-05-01,623200,102090
29-1062,2008-05-01,623200,135670
29-1066,2008-05-01,623200,163340
29-1069,2008-05-01,623200,150640
29-1111,2008-05-01,623200,54920
21-1021,2008-05-01,623300,39110
21-1022,2008-05-01,623300,41120
21-1023,2008-05-01,623300,36350
21-1029,2008-05-01,623300,36180
29-1051,2008-05-01,623300,90820
29-1111,2008-05-01,623300,55070
21-1021,2008-05-01,623900,34270
21-1022,2008-05-01,623900,37510
21-1023,2008-05-01,623900,33340
21-1029,2008-05-01,623900,38500
29-1066,2008-05-01,623900,144850
29-1111,2008-05-01,623900,52190
21-1021,2008-05-01,624100,34450
21-1022,2008-05-01,624100,38370
21-1023,2008-05-01,624100,35900
21-1029,2008-05-01,624100,36660
29-1021,2008-05-01,624100,129490
29-1051,2008-05-01,624100,100730
29-1062,2008-05-01,624100,133510
29-1066,2008-05-01,624100,156010
29-1069,2008-05-01,624100,154440
29-1071,2008-05-01,624100,78010
29-1111,2008-05-01,624100,56370
21-1021,2008-05-01,624200,32850
21-1022,2008-05-01,624200,34700
21-1023,2008-05-01,624200,33320
21-1029,2008-05-01,624200,31890
29-1066,2008-05-01,624200,159410
29-1111,2008-05-01,624200,55030
21-1021,2008-05-01,624300,33730
21-1022,2008-05-01,624300,35970
21-1023,2008-05-01,624300,32530
21-1029,2008-05-01,624300,33160
29-1066,2008-05-01,624300,148520
29-1111,2008-05-01,624300,55590
21-1021,2008-05-01,624400,31210
21-1022,2008-05-01,624400,32130
21-1023,2008-05-01,624400,28560
21-1029,2008-05-01,624400,34640
29-1111,2008-05-01,624400,51630
29-1069,2008-05-01,711200,104570
29-1111,2008-05-01,711200,60100
29-1111,2008-05-01,713100,50840
29-1111,2008-05-01,713900,50080
29-1111,2008-05-01,721100,55630
29-1111,2008-05-01,721200,54410
29-1069,2008-05-01,812100,0
29-1071,2008-05-01,812100,42470
29-1111,2008-05-01,812100,69940
21-1022,2008-05-01,812200,32550
21-1021,2008-05-01,813100,34640
21-1022,2008-05-01,813100,35280
21-1023,2008-05-01,813100,39570
21-1029,2008-05-01,813100,28930
29-1111,2008-05-01,813100,53810
21-1021,2008-05-01,813200,40870
21-1022,2008-05-01,813200,41150
21-1023,2008-05-01,813200,36220
21-1029,2008-05-01,813200,30690
29-1051,2008-05-01,813200,65180
29-1111,2008-05-01,813200,64430
21-1021,2008-05-01,813300,34800
21-1022,2008-05-01,813300,38660
21-1023,2008-05-01,813300,40480
21-1029,2008-05-01,813300,38640
29-1111,2008-05-01,813300,55710
21-1021,2008-05-01,813400,32230
21-1022,2008-05-01,813400,36670
21-1023,2008-05-01,813400,34350
21-1029,2008-05-01,813400,32810
29-1111,2008-05-01,813400,70490
21-1021,2008-05-01,813900,37900
21-1022,2008-05-01,813900,49400
29-1051,2008-05-01,813900,103260
29-1111,2008-05-01,813900,73470
21-1029,2008-05-01,999100,65790
29-1029,2008-05-01,999100,135480
29-1051,2008-05-01,999100,100310
29-1069,2008-05-01,999100,166110
29-1071,2008-05-01,999100,78200
29-1111,2008-05-01,999100,72850
21-1021,2008-05-01,999200,39600
21-1022,2008-05-01,999200,42110
21-1023,2008-05-01,999200,0
21-1029,2008-05-01,999200,45810
29-1021,2008-05-01,999200,122840
29-1051,2008-05-01,999200,93360
29-1062,2008-05-01,999200,131970
29-1067,2008-05-01,999200,0
29-1069,2008-05-01,999200,142940
29-1071,2008-05-01,999200,79360
29-1111,2008-05-01,999200,59410
21-1021,2008-05-01,999300,46650
21-1022,2008-05-01,999300,44140
21-1023,2008-05-01,999300,0
21-1029,2008-05-01,999300,51700
29-1021,2008-05-01,999300,111980
29-1051,2008-05-01,999300,106190
29-1062,2008-05-01,999300,101940
29-1063,2008-05-01,999300,147480
29-1064,2008-05-01,999300,0
29-1065,2008-05-01,999300,151070
29-1066,2008-05-01,999300,165060
29-1069,2008-05-01,999300,138590
29-1071,2008-05-01,999300,80140
29-1111,2008-05-01,999300,59170
29-1111,2009-05-01,221100,67300
29-1111,2009-05-01,311600,49890
29-1111,2009-05-01,322100,57780
29-1111,2009-05-01,322200,59060
29-1111,2009-05-01,324100,62380
29-1111,2009-05-01,325100,62750
29-1111,2009-05-01,325200,58180
29-1051,2009-05-01,325400,100750
29-1069,2009-05-01,325400,153120
29-1111,2009-05-01,325400,68550
29-1111,2009-05-01,326100,57340
29-1111,2009-05-01,332900,56100
29-1111,2009-05-01,333100,55490
29-1111,2009-05-01,334400,67700
29-1111,2009-05-01,334500,62070
29-1111,2009-05-01,335200,52360
29-1111,2009-05-01,336100,65620
29-1111,2009-05-01,336300,59430
29-1111,2009-05-01,336400,66630
29-1021,2009-05-01,339100,0
29-1111,2009-05-01,339100,72440
21-1022,2009-05-01,423400,65220
29-1051,2009-05-01,423400,104710
29-1111,2009-05-01,423400,65560
29-1051,2009-05-01,424200,105770
29-1111,2009-05-01,424200,66340
29-1051,2009-05-01,425100,108150
29-1111,2009-05-01,425100,73860
29-1051,2009-05-01,445100,111580
29-1051,2009-05-01,446100,109090
29-1111,2009-05-01,446100,65190
29-1051,2009-05-01,452100,111370
29-1051,2009-05-01,452900,113380
29-1051,2009-05-01,454100,105400
29-1111,2009-05-01,454100,58710
29-1111,2009-05-01,481200,64540
29-1111,2009-05-01,485900,55600
29-1111,2009-05-01,491100,56330
29-1051,2009-05-01,493100,108630
29-1111,2009-05-01,511100,77400
29-1111,2009-05-01,511200,64200
29-1051,2009-05-01,518200,100130
29-1111,2009-05-01,518200,50010
21-1022,2009-05-01,524100,56190
21-1023,2009-05-01,524100,48390
21-1029,2009-05-01,524100,58850
29-1051,2009-05-01,524100,114240
29-1062,2009-05-01,524100,0
29-1069,2009-05-01,524100,0
29-1111,2009-05-01,524100,64220
21-1022,2009-05-01,524200,52990
29-1051,2009-05-01,524200,101160
29-1111,2009-05-01,524200,61070
29-1051,2009-05-01,525100,105220
29-1111,2009-05-01,525100,61010
21-1021,2009-05-01,531100,43050
21-1022,2009-05-01,531100,42340
21-1029,2009-05-01,531100,39190
29-1111,2009-05-01,531100,0
21-1029,2009-05-01,531300,0
29-1111,2009-05-01,531300,60550
29-1051,2009-05-01,532200,101880
29-1111,2009-05-01,532200,57880
21-1021,2009-05-01,541100,47650
21-1029,2009-05-01,541100,38910
29-1111,2009-05-01,541100,47300
29-1111,2009-05-01,541200,56540
29-1111,2009-05-01,541300,62460
29-1051,2009-05-01,541500,113230
29-1069,2009-05-01,541500,134130
29-1111,2009-05-01,541500,64030
21-1022,2009-05-01,541600,48250
21-1023,2009-05-01,541600,43840
21-1029,2009-05-01,541600,55870
29-1051,2009-05-01,541600,101570
29-1062,2009-05-01,541600,138140
29-1066,2009-05-01,541600,69100
29-1069,2009-05-01,541600,162840
29-1071,2009-05-01,541600,41620
29-1111,2009-05-01,541600,63190
21-1021,2009-05-01,541700,40040
21-1022,2009-05-01,541700,51180
21-1023,2009-05-01,541700,42680
29-1051,2009-05-01,541700,98560
29-1066,2009-05-01,541700,148440
29-1069,2009-05-01,541700,114380
29-1071,2009-05-01,541700,87670
29-1111,2009-05-01,541700,67590
29-1111,2009-05-01,541900,66060
21-1021,2009-05-01,551100,37620
21-1022,2009-05-01,551100,46040
21-1023,2009-05-01,551100,46330
21-1029,2009-05-01,551100,43240
29-1051,2009-05-01,551100,115420
29-1062,2009-05-01,551100,162760
29-1063,2009-05-01,551100,0
29-1066,2009-05-01,551100,0
29-1069,2009-05-01,551100,162190
29-1071,2009-05-01,551100,86940
29-1111,2009-05-01,551100,65630
21-1021,2009-05-01,561100,37650
21-1022,2009-05-01,561100,41150
21-1023,2009-05-01,561100,53710
21-1029,2009-05-01,561100,51870
29-1051,2009-05-01,561100,108140
29-1062,2009-05-01,561100,0
29-1069,2009-05-01,561100,146490
29-1071,2009-05-01,561100,87800
29-1111,2009-05-01,561100,63490
21-1023,2009-05-01,561200,31250
21-1029,2009-05-01,561200,31400
29-1021,2009-05-01,561200,130140
29-1069,2009-05-01,561200,0
29-1111,2009-05-01,561200,60760
21-1021,2009-05-01,561300,39810
21-1022,2009-05-01,561300,46240
21-1023,2009-05-01,561300,36830
21-1029,2009-05-01,561300,46040
29-1021,2009-05-01,561300,121570
29-1051,2009-05-01,561300,115160
29-1062,2009-05-01,561300,0
29-1063,2009-05-01,561300,129770
29-1066,2009-05-01,561300,156060
29-1069,2009-05-01,561300,0
29-1071,2009-05-01,561300,96670
29-1111,2009-05-01,561300,69010
29-1111,2009-05-01,561400,58430
29-1051,2009-05-01,561900,96180
29-1111,2009-05-01,561900,56360
21-1021,2009-05-01,611100,53750
21-1022,2009-05-01,611100,53200
21-1023,2009-05-01,611100,42680
21-1029,2009-05-01,611100,42220
29-1065,2009-05-01,611100,0
29-1066,2009-05-01,611100,151360
29-1069,2009-05-01,611100,89040
29-1111,2009-05-01,611100,49920
21-1021,2009-05-01,611200,54720
21-1022,2009-05-01,611200,24750
21-1029,2009-05-01,611200,42410
29-1021,2009-05-01,611200,98570
29-1111,2009-05-01,611200,60540
21-1021,2009-05-01,611300,40660
21-1022,2009-05-01,611300,49230
21-1023,2009-05-01,611300,41920
21-1029,2009-05-01,611300,46980
29-1021,2009-05-01,611300,117420
29-1051,2009-05-01,611300,99090
29-1061,2009-05-01,611300,134000
29-1062,2009-05-01,611300,130470
29-1063,2009-05-01,611300,149550
29-1064,2009-05-01,611300,52090
29-1065,2009-05-01,611300,52940
29-1066,2009-05-01,611300,131060
29-1067,2009-05-01,611300,0
29-1069,2009-05-01,611300,54380
29-1071,2009-05-01,611300,82000
29-1111,2009-05-01,611300,64060
21-1021,2009-05-01,611400,38860
21-1021,2009-05-01,611500,36570
21-1029,2009-05-01,611500,28250
29-1111,2009-05-01,611500,50800
21-1021,2009-05-01,611600,36900
29-1111,2009-05-01,611600,48910
21-1021,2009-05-01,611700,50090
21-1029,2009-05-01,611700,40160
29-1111,2009-05-01,611700,46550
21-1021,2009-05-01,621100,45090
21-1022,2009-05-01,621100,43450
21-1023,2009-05-01,621100,40890
21-1029,2009-05-01,621100,43020
29-1021,2009-05-01,621100,120450
29-1022,2009-05-01,621100,0
29-1023,2009-05-01,621100,63690
29-1024,2009-05-01,621100,83720
29-1051,2009-05-01,621100,109110
29-1061,2009-05-01,621100,0
29-1062,2009-05-01,621100,164590
29-1063,2009-05-01,621100,0
29-1064,2009-05-01,621100,0
29-1065,2009-05-01,621100,151940
29-1066,2009-05-01,621100,150450
29-1067,2009-05-01,621100,0
29-1069,2009-05-01,621100,0
29-1071,2009-05-01,621100,83330
29-1111,2009-05-01,621100,60630
21-1021,2009-05-01,621200,93670
29-1021,2009-05-01,621200,145930
29-1022,2009-05-01,621200,0
29-1023,2009-05-01,621200,0
29-1029,2009-05-01,621200,0
29-1062,2009-05-01,621200,134540
29-1067,2009-05-01,621200,0
29-1069,2009-05-01,621200,0
29-1071,2009-05-01,621200,36240
29-1111,2009-05-01,621200,59150
21-1021,2009-05-01,621300,35340
21-1022,2009-05-01,621300,45990
21-1023,2009-05-01,621300,40770
21-1029,2009-05-01,621300,42730
29-1021,2009-05-01,621300,127960
29-1051,2009-05-01,621300,99730
29-1061,2009-05-01,621300,142730
29-1062,2009-05-01,621300,134770
29-1063,2009-05-01,621300,141970
29-1065,2009-05-01,621300,140360
29-1066,2009-05-01,621300,121790
29-1067,2009-05-01,621300,0
29-1069,2009-05-01,621300,159210
29-1071,2009-05-01,621300,76640
29-1111,2009-05-01,621300,61620
21-1021,2009-05-01,621400,35390
21-1022,2009-05-01,621400,47010
21-1023,2009-05-01,621400,36920
21-1029,2009-05-01,621400,37110
29-1021,2009-05-01,621400,122470
29-1051,2009-05-01,621400,109660
29-1061,2009-05-01,621400,0
29-1062,2009-05-01,621400,164730
29-1063,2009-05-01,621400,0
29-1064,2009-05-01,621400,0
29-1065,2009-05-01,621400,161390
29-1066,2009-05-01,621400,0
29-1067,2009-05-01,621400,0
29-1069,2009-05-01,621400,0
29-1071,2009-05-01,621400,85860
29-1111,2009-05-01,621400,63150
21-1022,2009-05-01,621500,40710
29-1051,2009-05-01,621500,103650
29-1062,2009-05-01,621500,0
29-1063,2009-05-01,621500,0
29-1069,2009-05-01,621500,0
29-1071,2009-05-01,621500,84800
29-1111,2009-05-01,621500,62770
21-1021,2009-05-01,621600,40070
21-1022,2009-05-01,621600,47590
21-1023,2009-05-01,621600,39170
21-1029,2009-05-01,621600,47250
29-1021,2009-05-01,621600,112100
29-1051,2009-05-01,621600,104440
29-1062,2009-05-01,621600,131600
29-1063,2009-05-01,621600,159950
29-1069,2009-05-01,621600,0
29-1071,2009-05-01,621600,76440
29-1111,2009-05-01,621600,60190
21-1022,2009-05-01,621900,42640
21-1023,2009-05-01,621900,45530
29-1051,2009-05-01,621900,103650
29-1062,2009-05-01,621900,151010
29-1063,2009-05-01,621900,0
29-1069,2009-05-01,621900,0
29-1071,2009-05-01,621900,81210
29-1111,2009-05-01,621900,60950
21-1021,2009-05-01,622100,43510
21-1022,2009-05-01,622100,52480
21-1023,2009-05-01,622100,48100
21-1029,2009-05-01,622100,58430
29-1021,2009-05-01,622100,98030
29-1022,2009-05-01,622100,0
29-1023,2009-05-01,622100,86410
29-1029,2009-05-01,622100,56750
29-1051,2009-05-01,622100,108530
29-1061,2009-05-01,622100,0
29-1062,2009-05-01,622100,155860
29-1063,2009-05-01,622100,164410
29-1064,2009-05-01,622100,0
29-1065,2009-05-01,622100,156680
29-1066,2009-05-01,622100,158750
29-1067,2009-05-01,622100,0
29-1069,2009-05-01,622100,82890
29-1071,2009-05-01,622100,87670
29-1111,2009-05-01,622100,65220
21-1021,2009-05-01,622200,46980
21-1022,2009-05-01,622200,53030
21-1023,2009-05-01,622200,46420
21-1029,2009-05-01,622200,49650
29-1021,2009-05-01,622200,121260
29-1051,2009-05-01,622200,95230
29-1062,2009-05-01,622200,148980
29-1063,2009-05-01,622200,159250
29-1066,2009-05-01,622200,154980
29-1069,2009-05-01,622200,147680
29-1071,2009-05-01,622200,71030
29-1111,2009-05-01,622200,62060
21-1021,2009-05-01,622300,45230
21-1022,2009-05-01,622300,55420
21-1023,2009-05-01,622300,34790
21-1029,2009-05-01,622300,57350
29-1021,2009-05-01,622300,133530
29-1051,2009-05-01,622300,105910
29-1061,2009-05-01,622300,0
29-1062,2009-05-01,622300,160610
29-1063,2009-05-01,622300,0
29-1064,2009-05-01,622300,0
29-1065,2009-05-01,622300,151970
29-1066,2009-05-01,622300,150330
29-1067,2009-05-01,622300,158410
29-1069,2009-05-01,622300,105270
29-1071,2009-05-01,622300,93960
29-1111,2009-05-01,622300,69120
21-1021,2009-05-01,623100,36900
21-1022,2009-05-01,623100,42090
21-1023,2009-05-01,623100,38660
21-1029,2009-05-01,623100,45560
29-1051,2009-05-01,623100,101160
29-1062,2009-05-01,623100,139000
29-1063,2009-05-01,623100,128430
29-1066,2009-05-01,623100,0
29-1069,2009-05-01,623100,129960
29-1071,2009-05-01,623100,87130
29-1111,2009-05-01,623100,57830
21-1021,2009-05-01,623200,36010
21-1022,2009-05-01,623200,37790
21-1023,2009-05-01,623200,33790
21-1029,2009-05-01,623200,36820
29-1051,2009-05-01,623200,116050
29-1066,2009-05-01,623200,164430
29-1069,2009-05-01,623200,145490
29-1071,2009-05-01,623200,88360
29-1111,2009-05-01,623200,55850
21-1021,2009-05-01,623300,40070
21-1022,2009-05-01,623300,42490
21-1023,2009-05-01,623300,38000
21-1029,2009-05-01,623300,40210
29-1051,2009-05-01,623300,87530
29-1111,2009-05-01,623300,56250
21-1021,2009-05-01,623900,34520
21-1022,2009-05-01,623900,38040
21-1023,2009-05-01,623900,34000
21-1029,2009-05-01,623900,36840
29-1066,2009-05-01,623900,142830
29-1111,2009-05-01,623900,52990
21-1021,2009-05-01,624100,34850
21-1022,2009-05-01,624100,38180
21-1023,2009-05-01,624100,36080
21-1029,2009-05-01,624100,36670
29-1021,2009-05-01,624100,124180
29-1051,2009-05-01,624100,99820
29-1062,2009-05-01,624100,135960
29-1066,2009-05-01,624100,159540
29-1069,2009-05-01,624100,163690
29-1071,2009-05-01,624100,80800
29-1111,2009-05-01,624100,56870
21-1021,2009-05-01,624200,32870
21-1022,2009-05-01,624200,34410
21-1023,2009-05-01,624200,32310
21-1029,2009-05-01,624200,33080
29-1066,2009-05-01,624200,161720
29-1111,2009-05-01,624200,59900
21-1021,2009-05-01,624300,34920
21-1022,2009-05-01,624300,37010
21-1023,2009-05-01,624300,32420
21-1029,2009-05-01,624300,34090
29-1111,2009-05-01,624300,57050
21-1021,2009-05-01,624400,31170
21-1022,2009-05-01,624400,40440
21-1023,2009-05-01,624400,25870
21-1029,2009-05-01,624400,37740
29-1111,2009-05-01,624400,49540
29-1111,2009-05-01,711200,60190
29-1111,2009-05-01,713100,51230
21-1021,2009-05-01,713900,36620
29-1111,2009-05-01,713900,0
29-1111,2009-05-01,721100,57070
29-1111,2009-05-01,721200,50280
29-1069,2009-05-01,812100,0
29-1111,2009-05-01,812100,70920
21-1022,2009-05-01,812200,34520
21-1021,2009-05-01,813100,33860
21-1022,2009-05-01,813100,31640
21-1023,2009-05-01,813100,37500
21-1029,2009-05-01,813100,29640
29-1111,2009-05-01,813100,49120
21-1021,2009-05-01,813200,38620
21-1022,2009-05-01,813200,41500
21-1023,2009-05-01,813200,36510
21-1029,2009-05-01,813200,32690
29-1111,2009-05-01,813200,62430
21-1021,2009-05-01,813300,33680
21-1022,2009-05-01,813300,37790
21-1023,2009-05-01,813300,39100
21-1029,2009-05-01,813300,39980
29-1111,2009-05-01,813300,58280
21-1021,2009-05-01,813400,31880
21-1022,2009-05-01,813400,39000
21-1023,2009-05-01,813400,34550
21-1029,2009-05-01,813400,39000
29-1111,2009-05-01,813400,80440
21-1021,2009-05-01,813900,34590
21-1022,2009-05-01,813900,46960
29-1051,2009-05-01,813900,103570
29-1111,2009-05-01,813900,68690
21-1029,2009-05-01,999100,67580
29-1029,2009-05-01,999100,137950
29-1051,2009-05-01,999100,107330
29-1069,2009-05-01,999100,0
29-1071,2009-05-01,999100,83370
29-1111,2009-05-01,999100,74890
21-1021,2009-05-01,999200,39260
21-1029,2009-05-01,999200,48530
29-1021,2009-05-01,999200,127250
29-1051,2009-05-01,999200,93490
29-1062,2009-05-01,999200,130660
29-1066,2009-05-01,999200,0
29-1069,2009-05-01,999200,142970
29-1111,2009-05-01,999200,59220
21-1021,2009-05-01,999300,46590
21-1022,2009-05-01,999300,44080
21-1023,2009-05-01,999300,44080
21-1029,2009-05-01,999300,55470
29-1021,2009-05-01,999300,119860
29-1051,2009-05-01,999300,105600
29-1062,2009-05-01,999300,138300
29-1063,2009-05-01,999300,153170
29-1064,2009-05-01,999300,0
29-1065,2009-05-01,999300,166200
29-1066,2009-05-01,999300,0
29-1067,2009-05-01,999300,0
29-1069,2009-05-01,999300,154080
29-1071,2009-05-01,999300,80100
29-1111,2009-05-01,999300,59540
29-1111,2010-05-01,221100,65680
29-1111,2010-05-01,311400,51430
29-1111,2010-05-01,311600,50130
29-1111,2010-05-01,322100,58710
29-1111,2010-05-01,325100,65110
29-1111,2010-05-01,325200,59550
29-1051,2010-05-01,325400,109960
29-1069,2010-05-01,325400,147340
29-1111,2010-05-01,325400,74500
29-1111,2010-05-01,326100,57850
29-1111,2010-05-01,332900,63020
29-1111,2010-05-01,334500,64350
29-1111,2010-05-01,336100,66920
29-1111,2010-05-01,336300,61020
29-1111,2010-05-01,336400,67310
29-1024,2010-05-01,339100,59330
29-1111,2010-05-01,339100,70760
29-1051,2010-05-01,423400,108340
29-1111,2010-05-01,423400,64270
29-1051,2010-05-01,424200,107540
29-1111,2010-05-01,424200,64300
29-1051,2010-05-01,425100,111130
29-1051,2010-05-01,445100,113270
29-1051,2010-05-01,446100,111800
29-1111,2010-05-01,446100,64720
29-1051,2010-05-01,452100,112780
29-1051,2010-05-01,452900,116530
29-1051,2010-05-01,454100,105470
29-1111,2010-05-01,454100,61620
29-1111,2010-05-01,481200,62210
29-1111,2010-05-01,482100,64790
29-1111,2010-05-01,491100,60970
29-1051,2010-05-01,493100,109160
29-1111,2010-05-01,511200,64350
29-1051,2010-05-01,518200,99630
29-1111,2010-05-01,523100,0
21-1022,2010-05-01,524100,52790
21-1029,2010-05-01,524100,64230
29-1021,2010-05-01,524100,116880
29-1051,2010-05-01,524100,112510
29-1062,2010-05-01,524100,163700
29-1063,2010-05-01,524100,164130
29-1069,2010-05-01,524100,0
29-1111,2010-05-01,524100,63950
21-1022,2010-05-01,524200,49160
29-1051,2010-05-01,524200,95950
29-1111,2010-05-01,524200,62160
21-1029,2010-05-01,525100,62800
29-1051,2010-05-01,525100,103280
29-1111,2010-05-01,525100,64530
21-1021,2010-05-01,531100,44950
21-1022,2010-05-01,531100,41970
21-1029,2010-05-01,531100,41000
29-1111,2010-05-01,531100,0
21-1029,2010-05-01,531300,0
29-1111,2010-05-01,531300,57370
29-1051,2010-05-01,532200,108240
29-1111,2010-05-01,532200,52250
21-1021,2010-05-01,541100,50820
21-1029,2010-05-01,541100,38450
29-1111,2010-05-01,541100,52500
29-1071,2010-05-01,541200,96770
29-1111,2010-05-01,541200,51320
29-1111,2010-05-01,541300,62620
29-1069,2010-05-01,541500,159430
29-1111,2010-05-01,541500,71490
21-1021,2010-05-01,541600,36250
21-1022,2010-05-01,541600,46490
21-1023,2010-05-01,541600,49300
21-1029,2010-05-01,541600,50400
29-1051,2010-05-01,541600,109750
29-1062,2010-05-01,541600,138070
29-1066,2010-05-01,541600,69390
29-1069,2010-05-01,541600,159100
29-1071,2010-05-01,541600,86210
29-1111,2010-05-01,541600,65350
21-1021,2010-05-01,541700,40000
21-1022,2010-05-01,541700,52590
21-1023,2010-05-01,541700,43220
21-1029,2010-05-01,541700,0
29-1051,2010-05-01,541700,102610
29-1063,2010-05-01,541700,0
29-1066,2010-05-01,541700,156530
29-1069,2010-05-01,541700,129190
29-1071,2010-05-01,541700,89570
29-1111,2010-05-01,541700,68300
29-1051,2010-05-01,541900,105970
29-1069,2010-05-01,541900,138310
29-1111,2010-05-01,541900,68440
21-1021,2010-05-01,551100,37490
21-1022,2010-05-01,551100,47210
21-1023,2010-05-01,551100,43630
21-1029,2010-05-01,551100,42230
29-1051,2010-05-01,551100,113910
29-1062,2010-05-01,551100,161740
29-1063,2010-05-01,551100,0
29-1066,2010-05-01,551100,0
29-1069,2010-05-01,551100,0
29-1071,2010-05-01,551100,87300
29-1111,2010-05-01,551100,67040
21-1021,2010-05-01,561100,43230
21-1022,2010-05-01,561100,40080
29-1071,2010-05-01,561100,97840
29-1111,2010-05-01,561100,65830
21-1023,2010-05-01,561200,30050
21-1029,2010-05-01,561200,33230
29-1021,2010-05-01,561200,134280
29-1111,2010-05-01,561200,63830
21-1021,2010-05-01,561300,42860
21-1022,2010-05-01,561300,51910
21-1023,2010-05-01,561300,36550
21-1029,2010-05-01,561300,46090
29-1021,2010-05-01,561300,126840
29-1051,2010-05-01,561300,114590
29-1062,2010-05-01,561300,0
29-1063,2010-05-01,561300,0
29-1066,2010-05-01,561300,0
29-1069,2010-05-01,561300,0
29-1071,2010-05-01,561300,94130
29-1111,2010-05-01,561300,68470
29-1111,2010-05-01,561400,58870
29-1111,2010-05-01,561900,56760
21-1021,2010-05-01,611100,54260
21-1022,2010-05-01,611100,48760
21-1023,2010-05-01,611100,42250
21-1029,2010-05-01,611100,39980
29-1065,2010-05-01,611100,0
29-1066,2010-05-01,611100,145140
29-1069,2010-05-01,611100,0
29-1111,2010-05-01,611100,51040
21-1021,2010-05-01,611200,48150
21-1029,2010-05-01,611200,43190
29-1021,2010-05-01,611200,108020
29-1111,2010-05-01,611200,59560
21-1021,2010-05-01,611300,41520
21-1022,2010-05-01,611300,52720
21-1023,2010-05-01,611300,47560
21-1029,2010-05-01,611300,50270
29-1021,2010-05-01,611300,114920
29-1022,2010-05-01,611300,0
29-1051,2010-05-01,611300,104480
29-1061,2010-05-01,611300,115980
29-1062,2010-05-01,611300,131980
29-1063,2010-05-01,611300,105260
29-1064,2010-05-01,611300,57530
29-1065,2010-05-01,611300,52360
29-1066,2010-05-01,611300,111970
29-1067,2010-05-01,611300,104220
29-1069,2010-05-01,611300,56610
29-1071,2010-05-01,611300,80810
29-1111,2010-05-01,611300,69080
21-1021,2010-05-01,611400,37810
21-1021,2010-05-01,611500,40200
29-1111,2010-05-01,611500,52160
21-1021,2010-05-01,611600,43570
29-1111,2010-05-01,611600,55800
21-1021,2010-05-01,611700,41820
21-1029,2010-05-01,611700,49070
29-1111,2010-05-01,611700,55620
21-1021,2010-05-01,621100,43090
21-1022,2010-05-01,621100,46180
21-1023,2010-05-01,621100,41180
21-1029,2010-05-01,621100,46280
29-1021,2010-05-01,621100,122780
29-1022,2010-05-01,621100,0
29-1023,2010-05-01,621100,0
29-1024,2010-05-01,621100,84950
29-1051,2010-05-01,621100,111290
29-1061,2010-05-01,621100,0
29-1062,2010-05-01,621100,0
29-1063,2010-05-01,621100,0
29-1064,2010-05-01,621100,0
29-1065,2010-05-01,621100,155550
29-1066,2010-05-01,621100,158650
29-1067,2010-05-01,621100,0
29-1069,2010-05-01,621100,0
29-1071,2010-05-01,621100,85340
29-1111,2010-05-01,621100,62880
29-1021,2010-05-01,621200,144100
29-1022,2010-05-01,621200,0
29-1023,2010-05-01,621200,0
29-1024,2010-05-01,621200,128540
29-1029,2010-05-01,621200,0
29-1062,2010-05-01,621200,135470
29-1067,2010-05-01,621200,0
29-1069,2010-05-01,621200,0
29-1071,2010-05-01,621200,36870
29-1111,2010-05-01,621200,53410
21-1021,2010-05-01,621300,36810
21-1022,2010-05-01,621300,43410
21-1023,2010-05-01,621300,42220
21-1029,2010-05-01,621300,38000
29-1021,2010-05-01,621300,138160
29-1023,2010-05-01,621300,84550
29-1051,2010-05-01,621300,106270
29-1061,2010-05-01,621300,0
29-1062,2010-05-01,621300,134250
29-1063,2010-05-01,621300,143340
29-1065,2010-05-01,621300,0
29-1066,2010-05-01,621300,127570
29-1067,2010-05-01,621300,0
29-1069,2010-05-01,621300,164860
29-1071,2010-05-01,621300,81830
29-1111,2010-05-01,621300,64500
21-1021,2010-05-01,621400,35430
21-1022,2010-05-01,621400,47780
21-1023,2010-05-01,621400,37090
21-1029,2010-05-01,621400,38880
29-1021,2010-05-01,621400,122110
29-1022,2010-05-01,621400,0
29-1029,2010-05-01,621400,0
29-1051,2010-05-01,621400,115540
29-1061,2010-05-01,621400,0
29-1062,2010-05-01,621400,158740
29-1063,2010-05-01,621400,0
29-1064,2010-05-01,621400,0
29-1065,2010-05-01,621400,0
29-1066,2010-05-01,621400,0
29-1067,2010-05-01,621400,0
29-1069,2010-05-01,621400,0
29-1071,2010-05-01,621400,88160
29-1111,2010-05-01,621400,64650
21-1022,2010-05-01,621500,48450
29-1051,2010-05-01,621500,105400
29-1062,2010-05-01,621500,0
29-1063,2010-05-01,621500,0
29-1069,2010-05-01,621500,0
29-1071,2010-05-01,621500,88020
29-1111,2010-05-01,621500,63160
21-1021,2010-05-01,621600,40130
21-1022,2010-05-01,621600,48530
21-1023,2010-05-01,621600,36640
21-1029,2010-05-01,621600,48200
29-1021,2010-05-01,621600,105810
29-1051,2010-05-01,621600,106860
29-1062,2010-05-01,621600,138570
29-1063,2010-05-01,621600,143840
29-1069,2010-05-01,621600,164040
29-1071,2010-05-01,621600,70580
29-1111,2010-05-01,621600,60690
21-1022,2010-05-01,621900,41530
21-1023,2010-05-01,621900,55210
29-1021,2010-05-01,621900,132740
29-1051,2010-05-01,621900,110250
29-1062,2010-05-01,621900,161290
29-1063,2010-05-01,621900,0
29-1069,2010-05-01,621900,0
29-1071,2010-05-01,621900,80510
29-1111,2010-05-01,621900,61210
21-1021,2010-05-01,622100,45930
21-1022,2010-05-01,622100,53330
21-1023,2010-05-01,622100,49150
21-1029,2010-05-01,622100,60570
29-1021,2010-05-01,622100,88460
29-1022,2010-05-01,622100,0
29-1023,2010-05-01,622100,83210
29-1029,2010-05-01,622100,70190
29-1051,2010-05-01,622100,110760
29-1061,2010-05-01,622100,0
29-1062,2010-05-01,622100,164680
29-1063,2010-05-01,622100,161040
29-1064,2010-05-01,622100,0
29-1065,2010-05-01,622100,156550
29-1066,2010-05-01,622100,162490
29-1067,2010-05-01,622100,0
29-1069,2010-05-01,622100,86330
29-1071,2010-05-01,622100,89580
29-1111,2010-05-01,622100,66120
21-1021,2010-05-01,622200,50720
21-1022,2010-05-01,622200,49220
21-1023,2010-05-01,622200,47710
21-1029,2010-05-01,622200,67150
29-1021,2010-05-01,622200,124870
29-1051,2010-05-01,622200,100280
29-1062,2010-05-01,622200,150720
29-1063,2010-05-01,622200,163580
29-1066,2010-05-01,622200,160110
29-1069,2010-05-01,622200,154320
29-1071,2010-05-01,622200,69050
29-1111,2010-05-01,622200,62220
21-1021,2010-05-01,622300,46070
21-1022,2010-05-01,622300,57330
21-1023,2010-05-01,622300,37800
21-1029,2010-05-01,622300,65800
29-1051,2010-05-01,622300,109560
29-1061,2010-05-01,622300,0
29-1062,2010-05-01,622300,153270
29-1063,2010-05-01,622300,0
29-1064,2010-05-01,622300,0
29-1065,2010-05-01,622300,152530
29-1066,2010-05-01,622300,118850
29-1067,2010-05-01,622300,0
29-1069,2010-05-01,622300,121440
29-1071,2010-05-01,622300,94020
29-1111,2010-05-01,622300,70590
21-1021,2010-05-01,623100,35680
21-1022,2010-05-01,623100,42390
21-1023,2010-05-01,623100,39520
21-1029,2010-05-01,623100,47320
29-1051,2010-05-01,623100,106380
29-1062,2010-05-01,623100,157620
29-1066,2010-05-01,623100,0
29-1069,2010-05-01,623100,155040
29-1071,2010-05-01,623100,88510
29-1111,2010-05-01,623100,58180
21-1021,2010-05-01,623200,34800
21-1022,2010-05-01,623200,37990
21-1023,2010-05-01,623200,33820
21-1029,2010-05-01,623200,36910
29-1051,2010-05-01,623200,124520
29-1062,2010-05-01,623200,141680
29-1066,2010-05-01,623200,0
29-1069,2010-05-01,623200,145560
29-1071,2010-05-01,623200,82280
29-1111,2010-05-01,623200,56310
21-1021,2010-05-01,623300,41360
21-1022,2010-05-01,623300,42980
21-1023,2010-05-01,623300,38660
21-1029,2010-05-01,623300,45070
29-1051,2010-05-01,623300,100770
29-1111,2010-05-01,623300,56290
21-1021,2010-05-01,623900,34880
21-1022,2010-05-01,623900,38980
21-1023,2010-05-01,623900,34750
21-1029,2010-05-01,623900,34610
29-1066,2010-05-01,623900,0
29-1111,2010-05-01,623900,54430
21-1021,2010-05-01,624100,35120
21-1022,2010-05-01,624100,39310
21-1023,2010-05-01,624100,36740
21-1029,2010-05-01,624100,37110
29-1021,2010-05-01,624100,130270
29-1051,2010-05-01,624100,103930
29-1062,2010-05-01,624100,148420
29-1066,2010-05-01,624100,0
29-1069,2010-05-01,624100,157600
29-1111,2010-05-01,624100,56180
21-1021,2010-05-01,624200,33480
21-1022,2010-05-01,624200,35600
21-1023,2010-05-01,624200,31720
21-1029,2010-05-01,624200,33270
29-1066,2010-05-01,624200,0
29-1111,2010-05-01,624200,61780
21-1021,2010-05-01,624300,33010
21-1022,2010-05-01,624300,37870
21-1023,2010-05-01,624300,31740
21-1029,2010-05-01,624300,35580
29-1111,2010-05-01,624300,55590
21-1021,2010-05-01,624400,31530
21-1022,2010-05-01,624400,36760
21-1023,2010-05-01,624400,32790
21-1029,2010-05-01,624400,37700
29-1111,2010-05-01,624400,59420
29-1111,2010-05-01,711200,73160
29-1111,2010-05-01,713100,51500
21-1021,2010-05-01,713900,36650
29-1111,2010-05-01,713900,0
29-1111,2010-05-01,721100,59330
29-1111,2010-05-01,812100,75130
21-1022,2010-05-01,812200,37200
21-1021,2010-05-01,813100,42390
21-1022,2010-05-01,813100,48810
21-1023,2010-05-01,813100,35350
21-1029,2010-05-01,813100,30050
29-1111,2010-05-01,813100,50280
21-1021,2010-05-01,813200,36380
21-1022,2010-05-01,813200,41850
21-1023,2010-05-01,813200,35450
21-1029,2010-05-01,813200,34330
29-1111,2010-05-01,813200,63480
21-1021,2010-05-01,813300,33930
21-1022,2010-05-01,813300,36570
21-1023,2010-05-01,813300,38220
21-1029,2010-05-01,813300,36810
29-1111,2010-05-01,813300,52410
21-1021,2010-05-01,813400,30310
21-1022,2010-05-01,813400,40340
21-1023,2010-05-01,813400,34400
21-1029,2010-05-01,813400,39690
29-1111,2010-05-01,813400,67120
21-1021,2010-05-01,813900,35830
29-1051,2010-05-01,813900,99500
29-1111,2010-05-01,813900,69400
21-1029,2010-05-01,999100,68870
29-1029,2010-05-01,999100,141610
29-1051,2010-05-01,999100,108940
29-1069,2010-05-01,999100,0
29-1071,2010-05-01,999100,86300
29-1111,2010-05-01,999100,76560
21-1021,2010-05-01,999200,39750
21-1022,2010-05-01,999200,52090
21-1023,2010-05-01,999200,46690
21-1029,2010-05-01,999200,48720
29-1021,2010-05-01,999200,131270
29-1051,2010-05-01,999200,96580
29-1062,2010-05-01,999200,136010
29-1063,2010-05-01,999200,163630
29-1066,2010-05-01,999200,0
29-1069,2010-05-01,999200,140580
29-1071,2010-05-01,999200,86760
29-1111,2010-05-01,999200,59980
21-1021,2010-05-01,999300,47130
21-1022,2010-05-01,999300,44810
21-1023,2010-05-01,999300,45210
21-1029,2010-05-01,999300,55820
29-1021,2010-05-01,999300,122070
29-1051,2010-05-01,999300,108180
29-1062,2010-05-01,999300,146740
29-1063,2010-05-01,999300,163410
29-1065,2010-05-01,999300,164070
29-1066,2010-05-01,999300,0
29-1067,2010-05-01,999300,0
29-1069,2010-05-01,999300,155990
29-1071,2010-05-01,999300,82070
29-1111,2010-05-01,999300,60240
29-1111,2011-05-01,211100,81010
29-1111,2011-05-01,221100,69940
29-1111,2011-05-01,311400,51840
29-1111,2011-05-01,311600,51570
29-1111,2011-05-01,322100,64460
29-1111,2011-05-01,325100,65420
29-1111,2011-05-01,325200,60490
29-1051,2011-05-01,325400,113680
29-1111,2011-05-01,325400,75000
29-1111,2011-05-01,326100,62500
29-1111,2011-05-01,332900,66730
29-1111,2011-05-01,334500,72450
29-1111,2011-05-01,335200,57410
29-1111,2011-05-01,336100,0
29-1111,2011-05-01,336300,62700
29-1111,2011-05-01,336400,67390
29-1024,2011-05-01,339100,60390
29-1111,2011-05-01,339100,74340
29-1051,2011-05-01,423400,113070
29-1111,2011-05-01,423400,63590
29-1051,2011-05-01,424200,109920
29-1111,2011-05-01,424200,67760
29-1051,2011-05-01,425100,114400
29-1111,2011-05-01,425100,82940
29-1051,2011-05-01,445100,113400
29-1051,2011-05-01,446100,113910
29-1069,2011-05-01,446100,82050
29-1111,2011-05-01,446100,61660
29-1051,2011-05-01,452100,114720
29-1051,2011-05-01,452900,121840
29-1051,2011-05-01,454100,108750
29-1111,2011-05-01,454100,60070
29-1051,2011-05-01,454300,113640
29-1111,2011-05-01,481100,54750
29-1111,2011-05-01,481200,61380
29-1111,2011-05-01,482100,65560
29-1111,2011-05-01,485900,81470
29-1111,2011-05-01,491100,61930
29-1051,2011-05-01,493100,111550
29-1111,2011-05-01,493100,58300
29-1111,2011-05-01,511200,72950
29-1051,2011-05-01,518200,110590
29-1111,2011-05-01,518200,61380
29-1111,2011-05-01,522200,69550
29-1111,2011-05-01,523100,78120
29-1111,2011-05-01,523900,63510
21-1022,2011-05-01,524100,55960
21-1029,2011-05-01,524100,67470
29-1021,2011-05-01,524100,119290
29-1051,2011-05-01,524100,112820
29-1062,2011-05-01,524100,171070
29-1063,2011-05-01,524100,167570
29-1069,2011-05-01,524100,177470
29-1111,2011-05-01,524100,65450
21-1022,2011-05-01,524200,53110
29-1051,2011-05-01,524200,100160
29-1069,2011-05-01,524200,180480
29-1111,2011-05-01,524200,62970
21-1029,2011-05-01,525100,65100
29-1051,2011-05-01,525100,108180
29-1111,2011-05-01,525100,67120
21-1021,2011-05-01,531100,45510
21-1022,2011-05-01,531100,38440
21-1029,2011-05-01,531100,43140
29-1111,2011-05-01,531100,68650
21-1022,2011-05-01,531300,34020
21-1029,2011-05-01,531300,47300
29-1111,2011-05-01,531300,57260
21-1022,2011-05-01,532200,40070
29-1051,2011-05-01,532200,107340
29-1111,2011-05-01,532200,55180
21-1021,2011-05-01,541100,45740
21-1029,2011-05-01,541100,47670
29-1111,2011-05-01,541100,57530
29-1111,2011-05-01,541200,54100
29-1111,2011-05-01,541300,59050
29-1069,2011-05-01,541500,163020
29-1111,2011-05-01,541500,70850
21-1022,2011-05-01,541600,53500
21-1023,2011-05-01,541600,52060
21-1029,2011-05-01,541600,64110
29-1051,2011-05-01,541600,111540
29-1066,2011-05-01,541600,70950
29-1069,2011-05-01,541600,0
29-1111,2011-05-01,541600,66620
21-1021,2011-05-01,541700,41550
21-1022,2011-05-01,541700,55490
21-1023,2011-05-01,541700,38380
29-1051,2011-05-01,541700,111670
29-1062,2011-05-01,541700,158410
29-1063,2011-05-01,541700,74610
29-1067,2011-05-01,541700,0
29-1069,2011-05-01,541700,146920
29-1071,2011-05-01,541700,91380
29-1111,2011-05-01,541700,70120
21-1022,2011-05-01,541900,62360
29-1051,2011-05-01,541900,110080
29-1069,2011-05-01,541900,137670
29-1111,2011-05-01,541900,64040
21-1021,2011-05-01,551100,39300
21-1022,2011-05-01,551100,52050
21-1023,2011-05-01,551100,42090
21-1029,2011-05-01,551100,42770
29-1051,2011-05-01,551100,116170
29-1062,2011-05-01,551100,149270
29-1066,2011-05-01,551100,177080
29-1069,2011-05-01,551100,184350
29-1071,2011-05-01,551100,84170
29-1111,2011-05-01,551100,67810
21-1022,2011-05-01,561100,44810
29-1071,2011-05-01,561100,97290
29-1111,2011-05-01,561100,68490
21-1023,2011-05-01,561200,30770
21-1029,2011-05-01,561200,35380
29-1111,2011-05-01,561200,66860
21-1021,2011-05-01,561300,44170
21-1022,2011-05-01,561300,54280
21-1023,2011-05-01,561300,37380
21-1029,2011-05-01,561300,48570
29-1021,2011-05-01,561300,132510
29-1051,2011-05-01,561300,113100
29-1062,2011-05-01,561300,170590
29-1063,2011-05-01,561300,0
29-1065,2011-05-01,561300,160520
29-1066,2011-05-01,561300,185300
29-1069,2011-05-01,561300,0
29-1071,2011-05-01,561300,94070
29-1111,2011-05-01,561300,69550
29-1111,2011-05-01,561400,57100
21-1021,2011-05-01,611100,55340
21-1022,2011-05-01,611100,45260
21-1023,2011-05-01,611100,43810
21-1029,2011-05-01,611100,38760
29-1069,2011-05-01,611100,180370
29-1111,2011-05-01,611100,51760
21-1021,2011-05-01,611200,46330
21-1029,2011-05-01,611200,39350
29-1021,2011-05-01,611200,126280
29-1111,2011-05-01,611200,59570
21-1021,2011-05-01,611300,43090
21-1022,2011-05-01,611300,53220
21-1023,2011-05-01,611300,46210
21-1029,2011-05-01,611300,47310
29-1021,2011-05-01,611300,0
29-1022,2011-05-01,611300,53180
29-1029,2011-05-01,611300,57300
29-1051,2011-05-01,611300,108970
29-1061,2011-05-01,611300,83120
29-1062,2011-05-01,611300,134560
29-1063,2011-05-01,611300,74200
29-1064,2011-05-01,611300,67610
29-1065,2011-05-01,611300,80490
29-1066,2011-05-01,611300,119420
29-1067,2011-05-01,611300,142580
29-1069,2011-05-01,611300,59230
29-1071,2011-05-01,611300,84200
29-1111,2011-05-01,611300,70730
21-1021,2011-05-01,611400,33020
21-1021,2011-05-01,611500,41530
29-1111,2011-05-01,611500,54090
21-1021,2011-05-01,611600,49390
29-1111,2011-05-01,611600,58540
21-1021,2011-05-01,611700,43170
21-1023,2011-05-01,611700,47470
21-1029,2011-05-01,611700,45700
29-1111,2011-05-01,611700,55620
21-1021,2011-05-01,621100,40160
21-1022,2011-05-01,621100,50180
21-1023,2011-05-01,621100,43900
21-1029,2011-05-01,621100,44200
29-1021,2011-05-01,621100,125650
29-1022,2011-05-01,621100,0
29-1023,2011-05-01,621100,0
29-1029,2011-05-01,621100,116970
29-1051,2011-05-01,621100,113100
29-1061,2011-05-01,621100,0
29-1062,2011-05-01,621100,169260
29-1063,2011-05-01,621100,0
29-1064,2011-05-01,621100,0
29-1065,2011-05-01,621100,160170
29-1066,2011-05-01,621100,167910
29-1067,2011-05-01,621100,0
29-1069,2011-05-01,621100,0
29-1071,2011-05-01,621100,87830
29-1111,2011-05-01,621100,65210
29-1021,2011-05-01,621200,146100
29-1022,2011-05-01,621200,0
29-1023,2011-05-01,621200,0
29-1024,2011-05-01,621200,0
29-1029,2011-05-01,621200,0
29-1062,2011-05-01,621200,140760
29-1067,2011-05-01,621200,0
29-1069,2011-05-01,621200,0
29-1071,2011-05-01,621200,35340
29-1111,2011-05-01,621200,55610
21-1021,2011-05-01,621300,37010
21-1022,2011-05-01,621300,46940
21-1023,2011-05-01,621300,42700
21-1029,2011-05-01,621300,39440
29-1021,2011-05-01,621300,139880
29-1023,2011-05-01,621300,69020
29-1051,2011-05-01,621300,109340
29-1061,2011-05-01,621300,0
29-1062,2011-05-01,621300,114440
29-1063,2011-05-01,621300,150620
29-1065,2011-05-01,621300,172130
29-1066,2011-05-01,621300,128130
29-1067,2011-05-01,621300,0
29-1069,2011-05-01,621300,166390
29-1071,2011-05-01,621300,85090
29-1111,2011-05-01,621300,68680
21-1021,2011-05-01,621400,37170
21-1022,2011-05-01,621400,50240
21-1023,2011-05-01,621400,37490
21-1029,2011-05-01,621400,41510
29-1021,2011-05-01,621400,121780
29-1029,2011-05-01,621400,0
29-1051,2011-05-01,621400,121850
29-1061,2011-05-01,621400,0
29-1062,2011-05-01,621400,166140
29-1063,2011-05-01,621400,181480
29-1064,2011-05-01,621400,0
29-1065,2011-05-01,621400,160030
29-1066,2011-05-01,621400,183890
29-1067,2011-05-01,621400,0
29-1069,2011-05-01,621400,0
29-1071,2011-05-01,621400,92080
29-1111,2011-05-01,621400,67830
21-1022,2011-05-01,621500,55060
29-1051,2011-05-01,621500,108090
29-1062,2011-05-01,621500,0
29-1063,2011-05-01,621500,0
29-1069,2011-05-01,621500,0
29-1071,2011-05-01,621500,83680
29-1111,2011-05-01,621500,66100
21-1021,2011-05-01,621600,38380
21-1022,2011-05-01,621600,51760
21-1023,2011-05-01,621600,37120
21-1029,2011-05-01,621600,48470
29-1051,2011-05-01,621600,109780
29-1061,2011-05-01,621600,0
29-1062,2011-05-01,621600,142270
29-1063,2011-05-01,621600,149520
29-1069,2011-05-01,621600,171330
29-1071,2011-05-01,621600,89240
29-1111,2011-05-01,621600,61610
21-1021,2011-05-01,621900,37680
21-1022,2011-05-01,621900,45970
21-1023,2011-05-01,621900,37270
21-1029,2011-05-01,621900,43280
29-1021,2011-05-01,621900,131610
29-1051,2011-05-01,621900,110750
29-1062,2011-05-01,621900,0
29-1063,2011-05-01,621900,0
29-1064,2011-05-01,621900,177080
29-1065,2011-05-01,621900,159430
29-1066,2011-05-01,621900,128280
29-1069,2011-05-01,621900,0
29-1071,2011-05-01,621900,82770
29-1111,2011-05-01,621900,62100
21-1021,2011-05-01,622100,45670
21-1022,2011-05-01,622100,55130
21-1023,2011-05-01,622100,50480
21-1029,2011-05-01,622100,60450
29-1021,2011-05-01,622100,96300
29-1022,2011-05-01,622100,183330
29-1023,2011-05-01,622100,72330
29-1029,2011-05-01,622100,104960
29-1051,2011-05-01,622100,112360
29-1061,2011-05-01,622100,0
29-1062,2011-05-01,622100,170540
29-1063,2011-05-01,622100,155720
29-1064,2011-05-01,622100,0
29-1065,2011-05-01,622100,154390
29-1066,2011-05-01,622100,167430
29-1067,2011-05-01,622100,0
29-1069,2011-05-01,622100,105270
29-1071,2011-05-01,622100,91450
29-1111,2011-05-01,622100,67160
21-1021,2011-05-01,622200,52880
21-1022,2011-05-01,622200,47060
21-1023,2011-05-01,622200,46430
21-1029,2011-05-01,622200,69340
29-1021,2011-05-01,622200,122530
29-1051,2011-05-01,622200,103780
29-1062,2011-05-01,622200,152070
29-1063,2011-05-01,622200,173860
29-1066,2011-05-01,622200,169120
29-1067,2011-05-01,622200,0
29-1069,2011-05-01,622200,161150
29-1071,2011-05-01,622200,70320
29-1111,2011-05-01,622200,63090
21-1021,2011-05-01,622300,47390
21-1022,2011-05-01,622300,58370
21-1023,2011-05-01,622300,50300
21-1029,2011-05-01,622300,69530
29-1021,2011-05-01,622300,116910
29-1051,2011-05-01,622300,111580
29-1061,2011-05-01,622300,0
29-1062,2011-05-01,622300,169980
29-1063,2011-05-01,622300,0
29-1065,2011-05-01,622300,147130
29-1066,2011-05-01,622300,139070
29-1067,2011-05-01,622300,0
29-1069,2011-05-01,622300,112660
29-1071,2011-05-01,622300,99410
29-1111,2011-05-01,622300,70630
21-1021,2011-05-01,623100,35710
21-1022,2011-05-01,623100,43670
21-1023,2011-05-01,623100,41000
21-1029,2011-05-01,623100,47530
29-1051,2011-05-01,623100,108580
29-1062,2011-05-01,623100,166350
29-1066,2011-05-01,623100,180500
29-1069,2011-05-01,623100,165680
29-1071,2011-05-01,623100,82970
29-1111,2011-05-01,623100,58740
21-1021,2011-05-01,623200,35790
21-1022,2011-05-01,623200,38110
21-1023,2011-05-01,623200,34650
21-1029,2011-05-01,623200,36250
29-1021,2011-05-01,623200,101480
29-1051,2011-05-01,623200,112680
29-1062,2011-05-01,623200,152340
29-1066,2011-05-01,623200,185600
29-1071,2011-05-01,623200,84790
29-1111,2011-05-01,623200,56960
21-1021,2011-05-01,623300,39320
21-1022,2011-05-01,623300,43620
21-1023,2011-05-01,623300,38310
21-1029,2011-05-01,623300,41090
29-1051,2011-05-01,623300,91570
29-1111,2011-05-01,623300,57090
21-1021,2011-05-01,623900,34920
21-1022,2011-05-01,623900,40340
21-1023,2011-05-01,623900,33190
21-1029,2011-05-01,623900,34350
29-1066,2011-05-01,623900,180330
29-1111,2011-05-01,623900,55490
21-1021,2011-05-01,624100,35620
21-1022,2011-05-01,624100,39620
21-1023,2011-05-01,624100,37100
21-1029,2011-05-01,624100,37000
29-1021,2011-05-01,624100,127880
29-1051,2011-05-01,624100,112460
29-1062,2011-05-01,624100,94040
29-1066,2011-05-01,624100,183720
29-1069,2011-05-01,624100,163170
29-1071,2011-05-01,624100,36110
29-1111,2011-05-01,624100,58160
21-1021,2011-05-01,624200,33080
21-1022,2011-05-01,624200,35760
21-1023,2011-05-01,624200,32130
21-1029,2011-05-01,624200,34450
29-1066,2011-05-01,624200,168050
29-1111,2011-05-01,624200,60490
21-1021,2011-05-01,624300,32830
21-1022,2011-05-01,624300,37710
21-1023,2011-05-01,624300,32510
21-1029,2011-05-01,624300,37460
29-1111,2011-05-01,624300,56200
21-1021,2011-05-01,624400,31220
21-1022,2011-05-01,624400,38310
21-1023,2011-05-01,624400,36950
21-1029,2011-05-01,624400,35990
29-1111,2011-05-01,624400,54290
29-1111,2011-05-01,711200,56040
29-1111,2011-05-01,713100,55590
21-1021,2011-05-01,713900,37730
29-1111,2011-05-01,721100,59830
29-1111,2011-05-01,812100,75020
21-1021,2011-05-01,813100,41090
21-1022,2011-05-01,813100,50060
21-1023,2011-05-01,813100,35890
29-1111,2011-05-01,813100,51420
21-1021,2011-05-01,813200,36030
21-1022,2011-05-01,813200,45940
21-1023,2011-05-01,813200,40550
21-1029,2011-05-01,813200,44850
29-1067,2011-05-01,813200,0
29-1111,2011-05-01,813200,63380
21-1021,2011-05-01,813300,34540
21-1022,2011-05-01,813300,39800
21-1023,2011-05-01,813300,36890
21-1029,2011-05-01,813300,42620
29-1111,2011-05-01,813300,54340
21-1021,2011-05-01,813400,33600
21-1022,2011-05-01,813400,43500
21-1023,2011-05-01,813400,36070
21-1029,2011-05-01,813400,46380
21-1021,2011-05-01,813900,29410
21-1022,2011-05-01,813900,51460
29-1051,2011-05-01,813900,107650
29-1111,2011-05-01,813900,68920
21-1029,2011-05-01,999100,69420
29-1029,2011-05-01,999100,147050
29-1051,2011-05-01,999100,110490
29-1069,2011-05-01,999100,180000
29-1071,2011-05-01,999100,87150
29-1111,2011-05-01,999100,77070
21-1021,2011-05-01,999200,39790
21-1022,2011-05-01,999200,49620
21-1023,2011-05-01,999200,46020
21-1029,2011-05-01,999200,47290
29-1021,2011-05-01,999200,125400
29-1051,2011-05-01,999200,96160
29-1062,2011-05-01,999200,142420
29-1063,2011-05-01,999200,170980
29-1066,2011-05-01,999200,178040
29-1067,2011-05-01,999200,0
29-1069,2011-05-01,999200,150870
29-1071,2011-05-01,999200,87880
29-1111,2011-05-01,999200,60200
21-1021,2011-05-01,999300,47490
21-1022,2011-05-01,999300,46300
21-1023,2011-05-01,999300,45360
21-1029,2011-05-01,999300,56930
29-1021,2011-05-01,999300,129340
29-1051,2011-05-01,999300,107100
29-1062,2011-05-01,999300,153930
29-1063,2011-05-01,999300,170900
29-1065,2011-05-01,999300,162690
29-1066,2011-05-01,999300,176840
29-1069,2011-05-01,999300,161330
29-1071,2011-05-01,999300,82670
29-1111,2011-05-01,999300,61220
29-1141,2012-05-01,221100,66810
29-1141,2012-05-01,311400,53270
29-1141,2012-05-01,311600,51440
29-1141,2012-05-01,322100,65480
29-1141,2012-05-01,325100,67160
29-1141,2012-05-01,325200,65270
29-1051,2012-05-01,325400,115760
29-1141,2012-05-01,325400,72780
29-1141,2012-05-01,332900,64880
29-1141,2012-05-01,334500,58930
29-1141,2012-05-01,335200,57770
29-1141,2012-05-01,336100,68180
29-1141,2012-05-01,336300,66390
29-1141,2012-05-01,336400,68400
29-1141,2012-05-01,339100,66740
29-1051,2012-05-01,423400,115380
29-1141,2012-05-01,423400,57310
29-1171,2012-05-01,423400,100520
29-1051,2012-05-01,424200,114180
29-1141,2012-05-01,424200,66520
29-1051,2012-05-01,425100,113890
29-1141,2012-05-01,425100,86760
29-1051,2012-05-01,445100,116000
29-1051,2012-05-01,446100,117840
29-1069,2012-05-01,446100,133610
29-1141,2012-05-01,446100,62320
29-1051,2012-05-01,452100,120540
29-1051,2012-05-01,452900,128910
29-1051,2012-05-01,454100,112410
29-1141,2012-05-01,454100,57430
29-1051,2012-05-01,454300,115680
29-1141,2012-05-01,454300,65530
29-1141,2012-05-01,481100,61800
29-1141,2012-05-01,481200,59910
29-1141,2012-05-01,482100,66560
29-1141,2012-05-01,485900,85360
29-1141,2012-05-01,491100,62990
29-1051,2012-05-01,493100,114750
29-1141,2012-05-01,493100,58170
29-1141,2012-05-01,512100,67180
29-1051,2012-05-01,518200,110710
29-1141,2012-05-01,518200,58730
29-1141,2012-05-01,522200,70840
29-1141,2012-05-01,523100,70610
29-1141,2012-05-01,523900,65770
21-1022,2012-05-01,524100,54970
21-1029,2012-05-01,524100,68330
29-1021,2012-05-01,524100,117140
29-1051,2012-05-01,524100,115100
29-1062,2012-05-01,524100,172710
29-1066,2012-05-01,524100,73860
29-1069,2012-05-01,524100,169820
29-1141,2012-05-01,524100,66900
29-1171,2012-05-01,524100,95870
31-1014,2012-05-01,524100,29640
21-1022,2012-05-01,524200,49040
29-1051,2012-05-01,524200,101580
29-1141,2012-05-01,524200,63550
21-1029,2012-05-01,525100,64730
29-1051,2012-05-01,525100,109320
29-1141,2012-05-01,525100,70430
21-1021,2012-05-01,531100,34200
21-1022,2012-05-01,531100,40770
21-1029,2012-05-01,531100,47490
29-1141,2012-05-01,531100,69360
31-1014,2012-05-01,531100,27450
21-1021,2012-05-01,531300,38600
21-1022,2012-05-01,531300,34310
21-1029,2012-05-01,531300,48140
29-1141,2012-05-01,531300,66600
31-1014,2012-05-01,531300,24080
29-1051,2012-05-01,532200,114790
29-1141,2012-05-01,532200,55090
29-1141,2012-05-01,532400,63960
21-1021,2012-05-01,541100,46480
21-1029,2012-05-01,541100,45890
29-1141,2012-05-01,541100,67300
21-1022,2012-05-01,541200,42020
29-1141,2012-05-01,541200,57900
29-1171,2012-05-01,541200,93280
29-1141,2012-05-01,541300,59930
29-1069,2012-05-01,541500,172820
29-1141,2012-05-01,541500,59190
29-1171,2012-05-01,541500,80270
21-1021,2012-05-01,541600,53400
21-1022,2012-05-01,541600,47330
21-1029,2012-05-01,541600,48380
29-1051,2012-05-01,541600,111780
29-1069,2012-05-01,541600,0
29-1141,2012-05-01,541600,66130
29-1171,2012-05-01,541600,99320
21-1021,2012-05-01,541700,44180
21-1022,2012-05-01,541700,51970
21-1023,2012-05-01,541700,28510
29-1051,2012-05-01,541700,110040
29-1062,2012-05-01,541700,172120
29-1063,2012-05-01,541700,89300
29-1069,2012-05-01,541700,134890
29-1071,2012-05-01,541700,90300
29-1141,2012-05-01,541700,67670
29-1171,2012-05-01,541700,90370
31-1014,2012-05-01,541700,28260
29-1051,2012-05-01,541900,108930
29-1069,2012-05-01,541900,111080
29-1141,2012-05-01,541900,59420
21-1021,2012-05-01,551100,39350
21-1022,2012-05-01,551100,51240
21-1023,2012-05-01,551100,41890
21-1029,2012-05-01,551100,38690
29-1051,2012-05-01,551100,117550
29-1062,2012-05-01,551100,0
29-1063,2012-05-01,551100,163200
29-1066,2012-05-01,551100,185730
29-1069,2012-05-01,551100,0
29-1071,2012-05-01,551100,85680
29-1141,2012-05-01,551100,67850
29-1171,2012-05-01,551100,88540
31-1014,2012-05-01,551100,22620
21-1022,2012-05-01,561100,54580
29-1051,2012-05-01,561100,112990
29-1071,2012-05-01,561100,97890
29-1141,2012-05-01,561100,69900
29-1171,2012-05-01,561100,86400
21-1023,2012-05-01,561200,40900
21-1029,2012-05-01,561200,38950
29-1141,2012-05-01,561200,66780
29-1171,2012-05-01,561200,88950
31-1014,2012-05-01,561200,26020
21-1021,2012-05-01,561300,46800
21-1022,2012-05-01,561300,57660
21-1023,2012-05-01,561300,38380
21-1029,2012-05-01,561300,52480
29-1021,2012-05-01,561300,146530
29-1029,2012-05-01,561300,112110
29-1051,2012-05-01,561300,113350
29-1062,2012-05-01,561300,0
29-1065,2012-05-01,561300,162060
29-1066,2012-05-01,561300,178510
29-1069,2012-05-01,561300,0
29-1071,2012-05-01,561300,98340
29-1141,2012-05-01,561300,69340
29-1151,2012-05-01,561300,160830
29-1171,2012-05-01,561300,98390
31-1014,2012-05-01,561300,24860
29-1141,2012-05-01,561400,54100
21-1021,2012-05-01,611100,56790
21-1022,2012-05-01,611100,51300
21-1023,2012-05-01,611100,40730
21-1029,2012-05-01,611100,37260
29-1062,2012-05-01,611100,132490
29-1069,2012-05-01,611100,125640
29-1141,2012-05-01,611100,52100
29-1171,2012-05-01,611100,81110
31-1014,2012-05-01,611100,25830
21-1021,2012-05-01,611200,31420
21-1029,2012-05-01,611200,36070
29-1021,2012-05-01,611200,130670
29-1141,2012-05-01,611200,59700
21-1021,2012-05-01,611300,45510
21-1022,2012-05-01,611300,54030
21-1023,2012-05-01,611300,45930
21-1029,2012-05-01,611300,48070
29-1021,2012-05-01,611300,60110
29-1022,2012-05-01,611300,53900
29-1029,2012-05-01,611300,58620
29-1051,2012-05-01,611300,110240
29-1061,2012-05-01,611300,99880
29-1062,2012-05-01,611300,108820
29-1063,2012-05-01,611300,57860
29-1064,2012-05-01,611300,61760
29-1065,2012-05-01,611300,76170
29-1066,2012-05-01,611300,130150
29-1067,2012-05-01,611300,59520
29-1069,2012-05-01,611300,60150
29-1071,2012-05-01,611300,88850
29-1141,2012-05-01,611300,69690
29-1151,2012-05-01,611300,146650
29-1171,2012-05-01,611300,85750
31-1014,2012-05-01,611300,31870
21-1021,2012-05-01,611400,33170
29-1069,2012-05-01,611400,0
21-1021,2012-05-01,611500,43120
29-1141,2012-05-01,611500,56990
21-1021,2012-05-01,611600,49900
29-1141,2012-05-01,611600,44220
21-1021,2012-05-01,611700,43000
29-1141,2012-05-01,611700,59850
31-1014,2012-05-01,611700,21600
21-1021,2012-05-01,621100,39070
21-1022,2012-05-01,621100,52090
21-1023,2012-05-01,621100,46810
21-1029,2012-05-01,621100,49980
29-1021,2012-05-01,621100,130290
29-1022,2012-05-01,621100,0
29-1023,2012-05-01,621100,0
29-1029,2012-05-01,621100,138730
29-1051,2012-05-01,621100,120500
29-1061,2012-05-01,621100,0
29-1062,2012-05-01,621100,174350
29-1063,2012-05-01,621100,0
29-1064,2012-05-01,621100,0
29-1065,2012-05-01,621100,156770
29-1066,2012-05-01,621100,170240
29-1067,2012-05-01,621100,0
29-1069,2012-05-01,621100,0
29-1071,2012-05-01,621100,90440
29-1141,2012-05-01,621100,58420
29-1151,2012-05-01,621100,142230
29-1171,2012-05-01,621100,89020
31-1014,2012-05-01,621100,26130
29-1021,2012-05-01,621200,148790
29-1022,2012-05-01,621200,0
29-1023,2012-05-01,621200,0
29-1024,2012-05-01,621200,178080
29-1029,2012-05-01,621200,0
29-1062,2012-05-01,621200,136700
29-1067,2012-05-01,621200,0
29-1069,2012-05-01,621200,0
29-1071,2012-05-01,621200,35960
29-1141,2012-05-01,621200,54860
29-1151,2012-05-01,621200,177540
29-1171,2012-05-01,621200,75350
31-1014,2012-05-01,621200,24490
21-1021,2012-05-01,621300,36980
21-1022,2012-05-01,621300,46310
21-1023,2012-05-01,621300,44300
21-1029,2012-05-01,621300,42320
29-1021,2012-05-01,621300,137330
29-1023,2012-05-01,621300,0
29-1051,2012-05-01,621300,115770
29-1061,2012-05-01,621300,0
29-1062,2012-05-01,621300,128390
29-1063,2012-05-01,621300,163280
29-1065,2012-05-01,621300,177590
29-1066,2012-05-01,621300,139960
29-1067,2012-05-01,621300,0
29-1069,2012-05-01,621300,165830
29-1071,2012-05-01,621300,87560
29-1141,2012-05-01,621300,62630
29-1151,2012-05-01,621300,164610
29-1171,2012-05-01,621300,90880
31-1014,2012-05-01,621300,24070
21-1021,2012-05-01,621400,38200
21-1022,2012-05-01,621400,51020
21-1023,2012-05-01,621400,38090
21-1029,2012-05-01,621400,51940
29-1021,2012-05-01,621400,126850
29-1022,2012-05-01,621400,0
29-1023,2012-05-01,621400,170740
29-1029,2012-05-01,621400,182730
29-1051,2012-05-01,621400,124540
29-1061,2012-05-01,621400,0
29-1062,2012-05-01,621400,170090
29-1063,2012-05-01,621400,179300
29-1064,2012-05-01,621400,0
29-1065,2012-05-01,621400,165260
29-1066,2012-05-01,621400,0
29-1067,2012-05-01,621400,0
29-1069,2012-05-01,621400,0
29-1071,2012-05-01,621400,93520
29-1141,2012-05-01,621400,67060
29-1151,2012-05-01,621400,164040
29-1171,2012-05-01,621400,89810
31-1014,2012-05-01,621400,27440
21-1022,2012-05-01,621500,49510
29-1051,2012-05-01,621500,114530
29-1062,2012-05-01,621500,0
29-1069,2012-05-01,621500,0
29-1071,2012-05-01,621500,74930
29-1141,2012-05-01,621500,65760
29-1171,2012-05-01,621500,93550
31-1014,2012-05-01,621500,27640
21-1021,2012-05-01,621600,51090
21-1022,2012-05-01,621600,52330
21-1023,2012-05-01,621600,48960
21-1029,2012-05-01,621600,49600
29-1029,2012-05-01,621600,102120
29-1051,2012-05-01,621600,110730
29-1061,2012-05-01,621600,0
29-1062,2012-05-01,621600,180460
29-1063,2012-05-01,621600,155490
29-1069,2012-05-01,621600,166340
29-1071,2012-05-01,621600,98120
29-1141,2012-05-01,621600,62090
29-1151,2012-05-01,621600,109490
29-1171,2012-05-01,621600,81350
31-1014,2012-05-01,621600,22680
21-1022,2012-05-01,621900,48060
21-1023,2012-05-01,621900,46990
21-1029,2012-05-01,621900,35370
29-1021,2012-05-01,621900,132170
29-1051,2012-05-01,621900,108490
29-1062,2012-05-01,621900,166910
29-1063,2012-05-01,621900,169430
29-1064,2012-05-01,621900,182230
29-1065,2012-05-01,621900,152550
29-1066,2012-05-01,621900,0
29-1069,2012-05-01,621900,174700
29-1071,2012-05-01,621900,86680
29-1141,2012-05-01,621900,61350
29-1151,2012-05-01,621900,86030
29-1171,2012-05-01,621900,87480
31-1014,2012-05-01,621900,22430
21-1021,2012-05-01,622100,46930
21-1022,2012-05-01,622100,56250
21-1023,2012-05-01,622100,50650
21-1029,2012-05-01,622100,60110
29-1021,2012-05-01,622100,119100
29-1022,2012-05-01,622100,68230
29-1023,2012-05-01,622100,80900
29-1029,2012-05-01,622100,112000
29-1051,2012-05-01,622100,114320
29-1061,2012-05-01,622100,0
29-1062,2012-05-01,622100,172610
29-1063,2012-05-01,622100,160800
29-1064,2012-05-01,622100,0
29-1065,2012-05-01,622100,146460
29-1066,2012-05-01,622100,168250
29-1067,2012-05-01,622100,0
29-1069,2012-05-01,622100,111080
29-1071,2012-05-01,622100,93510
29-1141,2012-05-01,622100,67190
29-1151,2012-05-01,622100,162050
29-1171,2012-05-01,622100,93580
31-1014,2012-05-01,622100,26840
21-1021,2012-05-01,622200,53120
21-1022,2012-05-01,622200,51690
21-1023,2012-05-01,622200,46630
21-1029,2012-05-01,622200,58260
29-1021,2012-05-01,622200,119950
29-1051,2012-05-01,622200,105390
29-1062,2012-05-01,622200,153330
29-1063,2012-05-01,622200,176700
29-1066,2012-05-01,622200,172820
29-1069,2012-05-01,622200,158530
29-1071,2012-05-01,622200,90210
29-1141,2012-05-01,622200,63290
29-1171,2012-05-01,622200,90130
31-1014,2012-05-01,622200,22120
21-1021,2012-05-01,622300,43190
21-1022,2012-05-01,622300,60630
21-1023,2012-05-01,622300,52760
21-1029,2012-05-01,622300,51860
29-1021,2012-05-01,622300,110880
29-1051,2012-05-01,622300,112710
29-1061,2012-05-01,622300,0
29-1062,2012-05-01,622300,169500
29-1063,2012-05-01,622300,0
29-1065,2012-05-01,622300,162660
29-1066,2012-05-01,622300,161550
29-1067,2012-05-01,622300,0
29-1069,2012-05-01,622300,137290
29-1071,2012-05-01,622300,100170
29-1141,2012-05-01,622300,70270
29-1151,2012-05-01,622300,158550
29-1171,2012-05-01,622300,103990
31-1014,2012-05-01,622300,27050
21-1021,2012-05-01,623100,37410
21-1022,2012-05-01,623100,44320
21-1023,2012-05-01,623100,43460
21-1029,2012-05-01,623100,48970
29-1051,2012-05-01,623100,111460
29-1062,2012-05-01,623100,176660
29-1063,2012-05-01,623100,152170
29-1066,2012-05-01,623100,177370
29-1069,2012-05-01,623100,0
29-1071,2012-05-01,623100,85930
29-1141,2012-05-01,623100,59220
29-1171,2012-05-01,623100,67850
31-1014,2012-05-01,623100,23670
21-1021,2012-05-01,623200,35780
21-1022,2012-05-01,623200,37370
21-1023,2012-05-01,623200,34900
21-1029,2012-05-01,623200,34650
29-1051,2012-05-01,623200,116130
29-1062,2012-05-01,623200,151040
29-1066,2012-05-01,623200,0
29-1141,2012-05-01,623200,57210
29-1171,2012-05-01,623200,91450
31-1014,2012-05-01,623200,23150
21-1021,2012-05-01,623300,42400
21-1022,2012-05-01,623300,43020
21-1023,2012-05-01,623300,37990
21-1029,2012-05-01,623300,38730
29-1051,2012-05-01,623300,103360
29-1141,2012-05-01,623300,57900
29-1171,2012-05-01,623300,49430
31-1014,2012-05-01,623300,23110
21-1021,2012-05-01,623900,35170
21-1022,2012-05-01,623900,39990
21-1023,2012-05-01,623900,34140
21-1029,2012-05-01,623900,33280
29-1066,2012-05-01,623900,0
29-1141,2012-05-01,623900,55470
29-1171,2012-05-01,623900,82300
31-1014,2012-05-01,623900,23470
21-1021,2012-05-01,624100,36360
21-1022,2012-05-01,624100,39650
21-1023,2012-05-01,624100,37820
21-1029,2012-05-01,624100,37400
29-1021,2012-05-01,624100,126720
29-1051,2012-05-01,624100,113320
29-1062,2012-05-01,624100,93830
29-1066,2012-05-01,624100,0
29-1069,2012-05-01,624100,94290
29-1071,2012-05-01,624100,36660
29-1141,2012-05-01,624100,57000
29-1171,2012-05-01,624100,88130
31-1014,2012-05-01,624100,21340
21-1021,2012-05-01,624200,33670
21-1022,2012-05-01,624200,36000
21-1023,2012-05-01,624200,34490
21-1029,2012-05-01,624200,34520
29-1066,2012-05-01,624200,176550
29-1141,2012-05-01,624200,57390
31-1014,2012-05-01,624200,23790
21-1021,2012-05-01,624300,32950
21-1022,2012-05-01,624300,35140
21-1023,2012-05-01,624300,33610
21-1029,2012-05-01,624300,37890
29-1141,2012-05-01,624300,56820
29-1171,2012-05-01,624300,77020
31-1014,2012-05-01,624300,22270
21-1021,2012-05-01,624400,32190
21-1022,2012-05-01,624400,34470
21-1023,2012-05-01,624400,43230
21-1029,2012-05-01,624400,35340
29-1141,2012-05-01,624400,54780
31-1014,2012-05-01,624400,19570
29-1141,2012-05-01,711200,55550
29-1141,2012-05-01,713100,58340
21-1021,2012-05-01,713900,34120
29-1141,2012-05-01,713900,54320
29-1141,2012-05-01,721100,58760
29-1141,2012-05-01,812100,61040
29-1171,2012-05-01,812100,87970
21-1021,2012-05-01,813100,43120
21-1022,2012-05-01,813100,53440
21-1023,2012-05-01,813100,34960
29-1141,2012-05-01,813100,59160
31-1014,2012-05-01,813100,26650
21-1021,2012-05-01,813200,36500
21-1022,2012-05-01,813200,45870
21-1023,2012-05-01,813200,42090
21-1029,2012-05-01,813200,53520
29-1067,2012-05-01,813200,0
29-1141,2012-05-01,813200,57920
29-1171,2012-05-01,813200,103400
21-1021,2012-05-01,813300,36390
21-1022,2012-05-01,813300,38910
21-1023,2012-05-01,813300,40510
21-1029,2012-05-01,813300,41000
29-1141,2012-05-01,813300,55220
31-1014,2012-05-01,813300,17650
21-1021,2012-05-01,813400,32180
21-1022,2012-05-01,813400,41490
21-1023,2012-05-01,813400,35710
21-1029,2012-05-01,813400,38500
21-1021,2012-05-01,813900,32940
21-1022,2012-05-01,813900,52350
29-1051,2012-05-01,813900,112840
29-1141,2012-05-01,813900,67380
21-1029,2012-05-01,999100,70800
29-1029,2012-05-01,999100,148280
29-1051,2012-05-01,999100,110510
29-1069,2012-05-01,999100,183260
29-1071,2012-05-01,999100,87170
29-1141,2012-05-01,999100,76630
29-1151,2012-05-01,999100,151140
31-1014,2012-05-01,999100,35460
21-1021,2012-05-01,999200,39990
21-1022,2012-05-01,999200,52810
21-1023,2012-05-01,999200,43920
21-1029,2012-05-01,999200,42470
29-1021,2012-05-01,999200,127000
29-1051,2012-05-01,999200,102030
29-1062,2012-05-01,999200,147590
29-1063,2012-05-01,999200,162320
29-1066,2012-05-01,999200,178590
29-1067,2012-05-01,999200,0
29-1069,2012-05-01,999200,153960
29-1071,2012-05-01,999200,86510
29-1141,2012-05-01,999200,60010
29-1171,2012-05-01,999200,78590
31-1014,2012-05-01,999200,31080
21-1021,2012-05-01,999300,49200
21-1022,2012-05-01,999300,47520
21-1023,2012-05-01,999300,45800
21-1029,2012-05-01,999300,56980
29-1021,2012-05-01,999300,124630
29-1051,2012-05-01,999300,110070
29-1062,2012-05-01,999300,160060
29-1063,2012-05-01,999300,173360
29-1064,2012-05-01,999300,0
29-1065,2012-05-01,999300,157560
29-1066,2012-05-01,999300,178960
29-1069,2012-05-01,999300,159830
29-1071,2012-05-01,999300,83800
29-1141,2012-05-01,999300,60730
29-1171,2012-05-01,999300,87340
31-1014,2012-05-01,999300,27240
29-1141,2013-05-01,221100,69100
29-1141,2013-05-01,311600,53430
29-1141,2013-05-01,322100,65340
29-1141,2013-05-01,325100,70290
29-1141,2013-05-01,325200,65960
29-1051,2013-05-01,325400,114900
29-1141,2013-05-01,325400,65600
29-1141,2013-05-01,333100,59820
29-1141,2013-05-01,334500,60030
29-1141,2013-05-01,335200,56570
29-1141,2013-05-01,336100,66470
29-1141,2013-05-01,336300,66880
29-1141,2013-05-01,336400,73860
29-1141,2013-05-01,339100,71030
29-1051,2013-05-01,423400,117500
29-1141,2013-05-01,423400,59290
29-1051,2013-05-01,424200,117000
29-1141,2013-05-01,424200,67000
29-1051,2013-05-01,425100,108990
29-1069,2013-05-01,425100,90410
29-1051,2013-05-01,445100,119390
21-1022,2013-05-01,446100,77120
29-1051,2013-05-01,446100,120270
29-1069,2013-05-01,446100,161490
29-1141,2013-05-01,446100,67870
29-1171,2013-05-01,446100,90980
29-1051,2013-05-01,452100,124900
29-1051,2013-05-01,452900,131420
29-1051,2013-05-01,454100,115520
29-1141,2013-05-01,454100,60390
29-1051,2013-05-01,454300,114560
29-1141,2013-05-01,454300,66280
29-1141,2013-05-01,481100,64080
29-1141,2013-05-01,481200,57400
29-1141,2013-05-01,482100,68900
29-1141,2013-05-01,485900,87910
29-1141,2013-05-01,491100,63000
29-1051,2013-05-01,493100,126790
29-1141,2013-05-01,512100,0
29-1051,2013-05-01,518200,112560
29-1141,2013-05-01,518200,59960
21-1022,2013-05-01,519100,45010
29-1141,2013-05-01,522100,69040
29-1141,2013-05-01,522200,71530
21-1022,2013-05-01,524100,61000
21-1029,2013-05-01,524100,69350
29-1051,2013-05-01,524100,118540
29-1066,2013-05-01,524100,81240
29-1069,2013-05-01,524100,179430
29-1141,2013-05-01,524100,68510
29-1171,2013-05-01,524100,101160
31-1014,2013-05-01,524100,32830
21-1022,2013-05-01,524200,62830
21-1029,2013-05-01,524200,44300
29-1051,2013-05-01,524200,111490
29-1141,2013-05-01,524200,65920
29-1141,2013-05-01,525100,77510
21-1021,2013-05-01,531100,35020
21-1022,2013-05-01,531100,40000
21-1029,2013-05-01,531100,51860
29-1141,2013-05-01,531100,67680
31-1014,2013-05-01,531100,28130
21-1021,2013-05-01,531300,39020
29-1141,2013-05-01,531300,62720
31-1014,2013-05-01,531300,23870
29-1051,2013-05-01,532200,114000
29-1141,2013-05-01,532200,59480
29-1141,2013-05-01,532400,64300
21-1021,2013-05-01,541100,47530
21-1029,2013-05-01,541100,49510
29-1141,2013-05-01,541100,69040
21-1022,2013-05-01,541200,48530
29-1141,2013-05-01,541200,65090
29-1171,2013-05-01,541200,99570
29-1141,2013-05-01,541300,68460
29-1069,2013-05-01,541500,0
29-1141,2013-05-01,541500,64030
29-1171,2013-05-01,541500,81850
21-1022,2013-05-01,541600,50780
21-1023,2013-05-01,541600,48790
21-1029,2013-05-01,541600,49760
29-1051,2013-05-01,541600,112660
29-1069,2013-05-01,541600,170290
29-1141,2013-05-01,541600,68640
29-1171,2013-05-01,541600,102730
31-1014,2013-05-01,541600,21480
21-1021,2013-05-01,541700,43040
21-1022,2013-05-01,541700,52740
21-1023,2013-05-01,541700,29380
29-1051,2013-05-01,541700,112270
29-1063,2013-05-01,541700,76920
29-1067,2013-05-01,541700,0
29-1069,2013-05-01,541700,143580
29-1071,2013-05-01,541700,92750
29-1141,2013-05-01,541700,69440
29-1171,2013-05-01,541700,91140
31-1014,2013-05-01,541700,28900
29-1069,2013-05-01,541900,108320
29-1141,2013-05-01,541900,65200
21-1021,2013-05-01,551100,39760
21-1022,2013-05-01,551100,48610
21-1023,2013-05-01,551100,37480
21-1029,2013-05-01,551100,47070
29-1021,2013-05-01,551100,167710
29-1051,2013-05-01,551100,122020
29-1062,2013-05-01,551100,0
29-1063,2013-05-01,551100,0
29-1066,2013-05-01,551100,0
29-1069,2013-05-01,551100,0
29-1071,2013-05-01,551100,87230
29-1141,2013-05-01,551100,69030
29-1171,2013-05-01,551100,91280
31-1014,2013-05-01,551100,24560
21-1022,2013-05-01,561100,51970
29-1051,2013-05-01,561100,119490
29-1071,2013-05-01,561100,103360
29-1141,2013-05-01,561100,67900
29-1171,2013-05-01,561100,93120
21-1023,2013-05-01,561200,40600
21-1029,2013-05-01,561200,53420
29-1141,2013-05-01,561200,66620
29-1171,2013-05-01,561200,87350
31-1014,2013-05-01,561200,26420
21-1021,2013-05-01,561300,46350
21-1022,2013-05-01,561300,58890
21-1023,2013-05-01,561300,39710
21-1029,2013-05-01,561300,54080
29-1021,2013-05-01,561300,140690
29-1029,2013-05-01,561300,114570
29-1051,2013-05-01,561300,115320
29-1062,2013-05-01,561300,0
29-1063,2013-05-01,561300,0
29-1065,2013-05-01,561300,183320
29-1066,2013-05-01,561300,129750
29-1069,2013-05-01,561300,0
29-1071,2013-05-01,561300,105060
29-1141,2013-05-01,561300,69870
29-1151,2013-05-01,561300,158600
29-1171,2013-05-01,561300,104070
31-1014,2013-05-01,561300,25280
29-1051,2013-05-01,561400,114460
29-1141,2013-05-01,561400,57010
21-1021,2013-05-01,611100,57590
21-1022,2013-05-01,611100,36450
21-1023,2013-05-01,611100,54380
21-1029,2013-05-01,611100,38110
29-1062,2013-05-01,611100,147050
29-1066,2013-05-01,611100,0
29-1069,2013-05-01,611100,0
29-1141,2013-05-01,611100,52360
29-1171,2013-05-01,611100,84020
31-1014,2013-05-01,611100,25380
21-1021,2013-05-01,611200,27810
21-1029,2013-05-01,611200,41730
29-1021,2013-05-01,611200,125510
29-1141,2013-05-01,611200,63710
31-1014,2013-05-01,611200,27870
21-1021,2013-05-01,611300,46170
21-1022,2013-05-01,611300,53650
21-1023,2013-05-01,611300,45470
21-1029,2013-05-01,611300,47570
29-1021,2013-05-01,611300,99920
29-1051,2013-05-01,611300,109930
29-1061,2013-05-01,611300,72510
29-1062,2013-05-01,611300,127200
29-1063,2013-05-01,611300,54060
29-1064,2013-05-01,611300,58220
29-1065,2013-05-01,611300,69150
29-1066,2013-05-01,611300,177950
29-1067,2013-05-01,611300,142870
29-1069,2013-05-01,611300,61070
29-1071,2013-05-01,611300,90570
29-1141,2013-05-01,611300,68660
29-1151,2013-05-01,611300,147410
29-1171,2013-05-01,611300,87230
31-1014,2013-05-01,611300,31250
21-1021,2013-05-01,611400,0
29-1069,2013-05-01,611400,0
21-1021,2013-05-01,611500,0
29-1141,2013-05-01,611500,56600
21-1021,2013-05-01,611600,38990
21-1029,2013-05-01,611600,40830
29-1141,2013-05-01,611600,43620
21-1021,2013-05-01,611700,46620
21-1022,2013-05-01,611700,56550
21-1023,2013-05-01,611700,33580
21-1029,2013-05-01,611700,36850
29-1141,2013-05-01,611700,50980
29-1171,2013-05-01,611700,35860
31-1014,2013-05-01,611700,25170
21-1021,2013-05-01,621100,43170
21-1022,2013-05-01,621100,51520
21-1023,2013-05-01,621100,46320
21-1029,2013-05-01,621100,47200
29-1021,2013-05-01,621100,133080
29-1022,2013-05-01,621100,0
29-1023,2013-05-01,621100,0
29-1029,2013-05-01,621100,146550
29-1051,2013-05-01,621100,126290
29-1061,2013-05-01,621100,0
29-1062,2013-05-01,621100,180510
29-1063,2013-05-01,621100,0
29-1064,2013-05-01,621100,0
29-1065,2013-05-01,621100,160850
29-1066,2013-05-01,621100,173740
29-1067,2013-05-01,621100,0
29-1069,2013-05-01,621100,0
29-1071,2013-05-01,621100,92090
29-1141,2013-05-01,621100,58920
29-1151,2013-05-01,621100,144490
29-1171,2013-05-01,621100,91100
31-1014,2013-05-01,621100,26220
29-1021,2013-05-01,621200,149290
29-1022,2013-05-01,621200,0
29-1023,2013-05-01,621200,0
29-1024,2013-05-01,621200,92230
29-1029,2013-05-01,621200,0
29-1062,2013-05-01,621200,114640
29-1067,2013-05-01,621200,0
29-1069,2013-05-01,621200,0
29-1071,2013-05-01,621200,33840
29-1141,2013-05-01,621200,56630
29-1151,2013-05-01,621200,174150
29-1171,2013-05-01,621200,77760
31-1014,2013-05-01,621200,26300
21-1021,2013-05-01,621300,37610
21-1022,2013-05-01,621300,50930
21-1023,2013-05-01,621300,42820
21-1029,2013-05-01,621300,43120
29-1021,2013-05-01,621300,137140
29-1023,2013-05-01,621300,0
29-1051,2013-05-01,621300,117270
29-1061,2013-05-01,621300,150950
29-1062,2013-05-01,621300,133280
29-1063,2013-05-01,621300,173610
29-1066,2013-05-01,621300,165230
29-1067,2013-05-01,621300,0
29-1069,2013-05-01,621300,145140
29-1071,2013-05-01,621300,95750
29-1141,2013-05-01,621300,62820
29-1151,2013-05-01,621300,143910
29-1171,2013-05-01,621300,92650
31-1014,2013-05-01,621300,25090
21-1021,2013-05-01,621400,38010
21-1022,2013-05-01,621400,51970
21-1023,2013-05-01,621400,38400
21-1029,2013-05-01,621400,53560
29-1021,2013-05-01,621400,132810
29-1022,2013-05-01,621400,139410
29-1023,2013-05-01,621400,0
29-1051,2013-05-01,621400,126660
29-1061,2013-05-01,621400,0
29-1062,2013-05-01,621400,177350
29-1063,2013-05-01,621400,180070
29-1064,2013-05-01,621400,0
29-1065,2013-05-01,621400,162640
29-1066,2013-05-01,621400,0
29-1067,2013-05-01,621400,0
29-1069,2013-05-01,621400,0
29-1071,2013-05-01,621400,97520
29-1141,2013-05-01,621400,68770
29-1151,2013-05-01,621400,170460
29-1171,2013-05-01,621400,93590
31-1014,2013-05-01,621400,27810
21-1022,2013-05-01,621500,50400
29-1051,2013-05-01,621500,114400
29-1062,2013-05-01,621500,0
29-1069,2013-05-01,621500,0
29-1071,2013-05-01,621500,84320
29-1141,2013-05-01,621500,65780
29-1151,2013-05-01,621500,126180
29-1171,2013-05-01,621500,99290
31-1014,2013-05-01,621500,28840
21-1021,2013-05-01,621600,46890
21-1022,2013-05-01,621600,53750
21-1023,2013-05-01,621600,51790
21-1029,2013-05-01,621600,52630
29-1029,2013-05-01,621600,73500
29-1051,2013-05-01,621600,112320
29-1062,2013-05-01,621600,165350
29-1063,2013-05-01,621600,0
29-1069,2013-05-01,621600,174960
29-1071,2013-05-01,621600,102490
29-1141,2013-05-01,621600,63530
29-1151,2013-05-01,621600,111930
29-1171,2013-05-01,621600,89790
31-1014,2013-05-01,621600,22980
21-1021,2013-05-01,621900,30640
21-1022,2013-05-01,621900,50020
21-1023,2013-05-01,621900,32100
29-1021,2013-05-01,621900,133950
29-1051,2013-05-01,621900,112510
29-1062,2013-05-01,621900,165380
29-1063,2013-05-01,621900,0
29-1064,2013-05-01,621900,0
29-1065,2013-05-01,621900,163620
29-1066,2013-05-01,621900,0
29-1069,2013-05-01,621900,154000
29-1071,2013-05-01,621900,89170
29-1141,2013-05-01,621900,62130
29-1151,2013-05-01,621900,134030
29-1171,2013-05-01,621900,92600
31-1014,2013-05-01,621900,23200
21-1021,2013-05-01,622100,46140
21-1022,2013-05-01,622100,57110
21-1023,2013-05-01,622100,49850
21-1029,2013-05-01,622100,60400
29-1021,2013-05-01,622100,129470
29-1022,2013-05-01,622100,62920
29-1029,2013-05-01,622100,115600
29-1051,2013-05-01,622100,116530
29-1061,2013-05-01,622100,0
29-1062,2013-05-01,622100,170020
29-1063,2013-05-01,622100,139220
29-1064,2013-05-01,622100,0
29-1065,2013-05-01,622100,151780
29-1066,2013-05-01,622100,175040
29-1067,2013-05-01,622100,0
29-1069,2013-05-01,622100,117030
29-1071,2013-05-01,622100,96090
29-1141,2013-05-01,622100,67930
29-1151,2013-05-01,622100,163660
29-1171,2013-05-01,622100,97100
31-1014,2013-05-01,622100,27190
21-1021,2013-05-01,622200,54290
21-1022,2013-05-01,622200,51470
21-1023,2013-05-01,622200,46960
21-1029,2013-05-01,622200,52900
29-1021,2013-05-01,622200,118530
29-1051,2013-05-01,622200,106470
29-1062,2013-05-01,622200,162050
29-1063,2013-05-01,622200,0
29-1066,2013-05-01,622200,174730
29-1069,2013-05-01,622200,167010
29-1071,2013-05-01,622200,90790
29-1141,2013-05-01,622200,63840
29-1171,2013-05-01,622200,91610
31-1014,2013-05-01,622200,24200
21-1021,2013-05-01,622300,44740
21-1022,2013-05-01,622300,60110
21-1023,2013-05-01,622300,52690
21-1029,2013-05-01,622300,57020
29-1021,2013-05-01,622300,114170
29-1051,2013-05-01,622300,114160
29-1061,2013-05-01,622300,0
29-1062,2013-05-01,622300,174040
29-1063,2013-05-01,622300,180660
29-1065,2013-05-01,622300,173630
29-1066,2013-05-01,622300,171220
29-1067,2013-05-01,622300,0
29-1069,2013-05-01,622300,120860
29-1071,2013-05-01,622300,101930
29-1141,2013-05-01,622300,70280
29-1151,2013-05-01,622300,171180
29-1171,2013-05-01,622300,108780
31-1014,2013-05-01,622300,27320
21-1021,2013-05-01,623100,41420
21-1022,2013-05-01,623100,45210
21-1023,2013-05-01,623100,45430
21-1029,2013-05-01,623100,49490
29-1051,2013-05-01,623100,116930
29-1062,2013-05-01,623100,164040
29-1063,2013-05-01,623100,158690
29-1066,2013-05-01,623100,185890
29-1069,2013-05-01,623100,0
29-1071,2013-05-01,623100,87810
29-1141,2013-05-01,623100,59940
29-1171,2013-05-01,623100,74730
31-1014,2013-05-01,623100,23990
21-1021,2013-05-01,623200,36990
21-1022,2013-05-01,623200,36400
21-1023,2013-05-01,623200,35580
21-1029,2013-05-01,623200,35010
29-1051,2013-05-01,623200,110770
29-1062,2013-05-01,623200,160990
29-1066,2013-05-01,623200,181400
29-1141,2013-05-01,623200,58050
29-1171,2013-05-01,623200,95850
31-1014,2013-05-01,623200,23730
21-1021,2013-05-01,623300,43580
21-1022,2013-05-01,623300,44120
21-1023,2013-05-01,623300,21720
21-1029,2013-05-01,623300,38600
29-1051,2013-05-01,623300,108030
29-1066,2013-05-01,623300,75710
29-1141,2013-05-01,623300,58630
29-1171,2013-05-01,623300,77180
31-1014,2013-05-01,623300,23550
21-1021,2013-05-01,623900,35630
21-1022,2013-05-01,623900,37800
21-1023,2013-05-01,623900,34360
21-1029,2013-05-01,623900,38860
29-1065,2013-05-01,623900,73100
29-1066,2013-05-01,623900,0
29-1141,2013-05-01,623900,55680
29-1171,2013-05-01,623900,86970
31-1014,2013-05-01,623900,23750
21-1021,2013-05-01,624100,36770
21-1022,2013-05-01,624100,40080
21-1023,2013-05-01,624100,39170
21-1029,2013-05-01,624100,37730
29-1021,2013-05-01,624100,129280
29-1051,2013-05-01,624100,113730
29-1062,2013-05-01,624100,123450
29-1066,2013-05-01,624100,0
29-1069,2013-05-01,624100,138540
29-1071,2013-05-01,624100,39220
29-1141,2013-05-01,624100,57330
29-1171,2013-05-01,624100,89250
31-1014,2013-05-01,624100,21720
21-1021,2013-05-01,624200,33780
21-1022,2013-05-01,624200,39500
21-1023,2013-05-01,624200,36160
21-1029,2013-05-01,624200,35550
29-1066,2013-05-01,624200,180980
29-1141,2013-05-01,624200,56690
29-1171,2013-05-01,624200,86590
31-1014,2013-05-01,624200,23550
21-1021,2013-05-01,624300,34790
21-1022,2013-05-01,624300,35510
21-1023,2013-05-01,624300,36520
21-1029,2013-05-01,624300,41640
29-1066,2013-05-01,624300,0
29-1141,2013-05-01,624300,59940
29-1171,2013-05-01,624300,83340
31-1014,2013-05-01,624300,22750
21-1021,2013-05-01,624400,33440
21-1022,2013-05-01,624400,35720
21-1023,2013-05-01,624400,47430
21-1029,2013-05-01,624400,38220
29-1141,2013-05-01,624400,45830
31-1014,2013-05-01,624400,22990
29-1141,2013-05-01,711200,56270
29-1141,2013-05-01,711300,49790
29-1141,2013-05-01,713100,58860
21-1021,2013-05-01,713900,18870
29-1141,2013-05-01,713900,55120
29-1141,2013-05-01,721100,60040
29-1141,2013-05-01,812100,61880
29-1171,2013-05-01,812100,97880
29-1141,2013-05-01,812900,56450
21-1021,2013-05-01,813100,44000
21-1023,2013-05-01,813100,44400
29-1141,2013-05-01,813100,62890
31-1014,2013-05-01,813100,26830
21-1021,2013-05-01,813200,38120
21-1022,2013-05-01,813200,46630
21-1023,2013-05-01,813200,43190
21-1029,2013-05-01,813200,53080
29-1067,2013-05-01,813200,0
29-1141,2013-05-01,813200,61040
29-1171,2013-05-01,813200,108040
31-1014,2013-05-01,813200,23040
21-1021,2013-05-01,813300,38590
21-1022,2013-05-01,813300,39090
21-1023,2013-05-01,813300,42650
21-1029,2013-05-01,813300,41510
29-1141,2013-05-01,813300,57750
31-1014,2013-05-01,813300,19530
21-1021,2013-05-01,813400,35790
21-1022,2013-05-01,813400,47050
21-1023,2013-05-01,813400,34670
21-1029,2013-05-01,813400,38050
21-1021,2013-05-01,813900,33290
21-1022,2013-05-01,813900,52590
29-1051,2013-05-01,813900,112530
29-1141,2013-05-01,813900,71130
21-1029,2013-05-01,999100,71100
29-1029,2013-05-01,999100,153980
29-1051,2013-05-01,999100,110510
29-1069,2013-05-01,999100,186750
29-1071,2013-05-01,999100,88360
29-1141,2013-05-01,999100,76520
29-1151,2013-05-01,999100,152060
31-1014,2013-05-01,999100,35490
21-1021,2013-05-01,999200,41050
21-1022,2013-05-01,999200,52520
21-1023,2013-05-01,999200,46730
21-1029,2013-05-01,999200,45970
29-1021,2013-05-01,999200,121320
29-1051,2013-05-01,999200,99970
29-1062,2013-05-01,999200,136700
29-1063,2013-05-01,999200,170740
29-1066,2013-05-01,999200,181550
29-1067,2013-05-01,999200,0
29-1069,2013-05-01,999200,154300
29-1071,2013-05-01,999200,91480
29-1141,2013-05-01,999200,60200
29-1171,2013-05-01,999200,78320
31-1014,2013-05-01,999200,30860
21-1021,2013-05-01,999300,49640
21-1022,2013-05-01,999300,47920
21-1023,2013-05-01,999300,46140
21-1029,2013-05-01,999300,57720
29-1021,2013-05-01,999300,125520
29-1051,2013-05-01,999300,113370
29-1062,2013-05-01,999300,162310
29-1063,2013-05-01,999300,168510
29-1064,2013-05-01,999300,0
29-1065,2013-05-01,999300,156500
29-1066,2013-05-01,999300,185310
29-1069,2013-05-01,999300,164720
29-1071,2013-05-01,999300,85610
29-1141,2013-05-01,999300,61140
29-1171,2013-05-01,999300,89910
31-1014,2013-05-01,999300,27570
29-1141,2014-05-01,211100,76080
29-1141,2014-05-01,221100,68370
29-1141,2014-05-01,311600,55520
29-1141,2014-05-01,322100,62410
29-1141,2014-05-01,324100,69530
29-1141,2014-05-01,325100,69510
29-1141,2014-05-01,325200,68040
29-1051,2014-05-01,325400,114170
29-1141,2014-05-01,325400,69760
29-1141,2014-05-01,326100,67930
29-1141,2014-05-01,332900,63460
29-1141,2014-05-01,333100,61360
29-1141,2014-05-01,334500,62640
29-1141,2014-05-01,335200,57910
29-1141,2014-05-01,336100,68990
29-1141,2014-05-01,336300,68070
29-1141,2014-05-01,336400,73360
29-1141,2014-05-01,339100,64100
29-1171,2014-05-01,339100,76770
29-1051,2014-05-01,423400,118850
29-1051,2014-05-01,424200,119260
29-1141,2014-05-01,424200,71670
29-1051,2014-05-01,425100,113830
29-1141,2014-05-01,425100,83910
29-1051,2014-05-01,445100,121740
21-1022,2014-05-01,446100,78080
29-1051,2014-05-01,446100,121180
29-1069,2014-05-01,446100,172070
29-1141,2014-05-01,446100,62470
29-1171,2014-05-01,446100,91880
29-1051,2014-05-01,452100,126310
29-1051,2014-05-01,452900,132990
29-1051,2014-05-01,454100,120560
29-1141,2014-05-01,454100,62530
29-1051,2014-05-01,454300,118150
29-1141,2014-05-01,454300,67290
29-1141,2014-05-01,481100,63670
29-1141,2014-05-01,481200,57630
29-1141,2014-05-01,482100,71410
29-1141,2014-05-01,491100,63620
29-1051,2014-05-01,493100,129460
29-1141,2014-05-01,512100,0
29-1141,2014-05-01,518200,60670
29-1141,2014-05-01,522100,70650
29-1141,2014-05-01,523900,61780
21-1022,2014-05-01,524100,58790
21-1029,2014-05-01,524100,69510
29-1051,2014-05-01,524100,119570
29-1066,2014-05-01,524100,97590
29-1069,2014-05-01,524100,0
29-1141,2014-05-01,524100,69510
29-1171,2014-05-01,524100,99610
31-1014,2014-05-01,524100,30960
21-1022,2014-05-01,524200,62020
21-1029,2014-05-01,524200,60120
29-1021,2014-05-01,524200,0
29-1051,2014-05-01,524200,115840
29-1141,2014-05-01,524200,67830
29-1171,2014-05-01,524200,86000
29-1141,2014-05-01,525100,83140
21-1029,2014-05-01,531100,0
29-1141,2014-05-01,531100,57570
31-1014,2014-05-01,531100,30150
21-1021,2014-05-01,531300,36320
21-1029,2014-05-01,531300,40000
29-1141,2014-05-01,531300,63090
21-1022,2014-05-01,532200,45130
29-1051,2014-05-01,532200,114980
29-1141,2014-05-01,532200,61040
29-1069,2014-05-01,532400,0
29-1141,2014-05-01,532400,53790
21-1021,2014-05-01,541100,51910
21-1029,2014-05-01,541100,52170
29-1141,2014-05-01,541100,68300
21-1022,2014-05-01,541200,49620
29-1141,2014-05-01,541200,67630
29-1141,2014-05-01,541300,67620
29-1051,2014-05-01,541500,91770
29-1069,2014-05-01,541500,0
29-1141,2014-05-01,541500,62810
29-1171,2014-05-01,541500,96650
21-1021,2014-05-01,541600,54820
21-1022,2014-05-01,541600,46780
21-1023,2014-05-01,541600,52370
21-1029,2014-05-01,541600,66490
29-1051,2014-05-01,541600,113290
29-1069,2014-05-01,541600,170090
29-1071,2014-05-01,541600,138620
29-1141,2014-05-01,541600,68980
29-1171,2014-05-01,541600,105310
31-1014,2014-05-01,541600,21960
21-1021,2014-05-01,541700,35980
21-1022,2014-05-01,541700,55220
21-1023,2014-05-01,541700,29680
29-1051,2014-05-01,541700,117400
29-1063,2014-05-01,541700,177600
29-1066,2014-05-01,541700,0
29-1067,2014-05-01,541700,0
29-1069,2014-05-01,541700,173070
29-1071,2014-05-01,541700,96030
29-1141,2014-05-01,541700,71590
29-1171,2014-05-01,541700,96340
31-1014,2014-05-01,541700,29190
29-1141,2014-05-01,541900,60390
21-1021,2014-05-01,551100,38230
21-1022,2014-05-01,551100,49240
21-1023,2014-05-01,551100,38640
21-1029,2014-05-01,551100,48780
29-1021,2014-05-01,551100,169430
29-1051,2014-05-01,551100,122300
29-1062,2014-05-01,551100,0
29-1063,2014-05-01,551100,184440
29-1066,2014-05-01,551100,0
29-1069,2014-05-01,551100,0
29-1071,2014-05-01,551100,96020
29-1141,2014-05-01,551100,71990
29-1171,2014-05-01,551100,93130
31-1014,2014-05-01,551100,27480
21-1021,2014-05-01,561100,44370
21-1022,2014-05-01,561100,50960
29-1051,2014-05-01,561100,117220
29-1141,2014-05-01,561100,67810
29-1171,2014-05-01,561100,99870
21-1021,2014-05-01,561200,22980
21-1023,2014-05-01,561200,42280
21-1029,2014-05-01,561200,0
29-1141,2014-05-01,561200,64470
31-1014,2014-05-01,561200,26140
21-1021,2014-05-01,561300,45560
21-1022,2014-05-01,561300,58830
21-1023,2014-05-01,561300,42340
21-1029,2014-05-01,561300,40120
29-1021,2014-05-01,561300,143690
29-1051,2014-05-01,561300,116670
29-1062,2014-05-01,561300,0
29-1063,2014-05-01,561300,0
29-1065,2014-05-01,561300,0
29-1066,2014-05-01,561300,0
29-1069,2014-05-01,561300,0
29-1071,2014-05-01,561300,107800
29-1141,2014-05-01,561300,70120
29-1151,2014-05-01,561300,125470
29-1171,2014-05-01,561300,108850
31-1014,2014-05-01,561300,26880
29-1141,2014-05-01,561400,55930
21-1021,2014-05-01,611100,57690
21-1022,2014-05-01,611100,46080
21-1023,2014-05-01,611100,52320
21-1029,2014-05-01,611100,45430
29-1062,2014-05-01,611100,158200
29-1066,2014-05-01,611100,144180
29-1069,2014-05-01,611100,0
29-1141,2014-05-01,611100,53110
29-1171,2014-05-01,611100,84470
31-1014,2014-05-01,611100,25970
21-1021,2014-05-01,611200,28120
21-1029,2014-05-01,611200,45180
29-1021,2014-05-01,611200,127470
29-1141,2014-05-01,611200,63480
31-1014,2014-05-01,611200,22630
21-1021,2014-05-01,611300,45590
21-1022,2014-05-01,611300,54620
21-1023,2014-05-01,611300,50480
21-1029,2014-05-01,611300,52590
29-1021,2014-05-01,611300,127020
29-1051,2014-05-01,611300,110030
29-1061,2014-05-01,611300,61440
29-1062,2014-05-01,611300,60340
29-1063,2014-05-01,611300,57000
29-1064,2014-05-01,611300,59390
29-1065,2014-05-01,611300,60880
29-1066,2014-05-01,611300,0
29-1067,2014-05-01,611300,135410
29-1069,2014-05-01,611300,59530
29-1071,2014-05-01,611300,91690
29-1141,2014-05-01,611300,70160
29-1151,2014-05-01,611300,144870
29-1171,2014-05-01,611300,90660
31-1014,2014-05-01,611300,31570
21-1021,2014-05-01,611400,41880
29-1069,2014-05-01,611400,0
21-1021,2014-05-01,611500,43690
21-1021,2014-05-01,611600,47620
21-1029,2014-05-01,611600,39830
29-1141,2014-05-01,611600,44410
21-1021,2014-05-01,611700,45820
21-1022,2014-05-01,611700,50110
21-1029,2014-05-01,611700,37530
29-1141,2014-05-01,611700,54400
29-1171,2014-05-01,611700,36700
21-1021,2014-05-01,621100,43970
21-1022,2014-05-01,621100,51480
21-1023,2014-05-01,621100,44690
21-1029,2014-05-01,621100,51910
29-1021,2014-05-01,621100,134320
29-1022,2014-05-01,621100,0
29-1023,2014-05-01,621100,135260
29-1029,2014-05-01,621100,150840
29-1051,2014-05-01,621100,131570
29-1061,2014-05-01,621100,0
29-1062,2014-05-01,621100,185080
29-1063,2014-05-01,621100,0
29-1064,2014-05-01,621100,0
29-1065,2014-05-01,621100,164260
29-1066,2014-05-01,621100,169160
29-1067,2014-05-01,621100,0
29-1069,2014-05-01,621100,0
29-1071,2014-05-01,621100,94670
29-1141,2014-05-01,621100,59550
29-1151,2014-05-01,621100,148480
29-1171,2014-05-01,621100,93490
31-1014,2014-05-01,621100,26390
29-1021,2014-05-01,621200,152380
29-1022,2014-05-01,621200,0
29-1023,2014-05-01,621200,0
29-1024,2014-05-01,621200,102030
29-1029,2014-05-01,621200,0
29-1062,2014-05-01,621200,98740
29-1069,2014-05-01,621200,0
29-1071,2014-05-01,621200,31500
29-1141,2014-05-01,621200,59200
31-1014,2014-05-01,621200,26940
21-1021,2014-05-01,621300,40840
21-1022,2014-05-01,621300,50250
21-1023,2014-05-01,621300,44440
21-1029,2014-05-01,621300,44000
29-1021,2014-05-01,621300,133440
29-1023,2014-05-01,621300,0
29-1051,2014-05-01,621300,119810
29-1061,2014-05-01,621300,0
29-1062,2014-05-01,621300,144540
29-1063,2014-05-01,621300,177550
29-1065,2014-05-01,621300,0
29-1066,2014-05-01,621300,180780
29-1067,2014-05-01,621300,0
29-1069,2014-05-01,621300,164830
29-1071,2014-05-01,621300,101140
29-1141,2014-05-01,621300,63130
29-1151,2014-05-01,621300,130830
29-1171,2014-05-01,621300,93590
31-1014,2014-05-01,621300,25350
21-1021,2014-05-01,621400,38000
21-1022,2014-05-01,621400,53090
21-1023,2014-05-01,621400,39010
21-1029,2014-05-01,621400,53730
29-1021,2014-05-01,621400,133280
29-1022,2014-05-01,621400,149770
29-1023,2014-05-01,621400,0
29-1051,2014-05-01,621400,131430
29-1061,2014-05-01,621400,0
29-1062,2014-05-01,621400,182250
29-1063,2014-05-01,621400,185950
29-1064,2014-05-01,621400,0
29-1065,2014-05-01,621400,171340
29-1066,2014-05-01,621400,0
29-1067,2014-05-01,621400,0
29-1069,2014-05-01,621400,0
29-1071,2014-05-01,621400,100750
29-1141,2014-05-01,621400,68400
29-1151,2014-05-01,621400,166220
29-1171,2014-05-01,621400,96770
31-1014,2014-05-01,621400,28760
21-1022,2014-05-01,621500,38060
29-1051,2014-05-01,621500,115890
29-1062,2014-05-01,621500,0
29-1063,2014-05-01,621500,0
29-1067,2014-05-01,621500,0
29-1069,2014-05-01,621500,0
29-1071,2014-05-01,621500,91810
29-1141,2014-05-01,621500,63220
29-1171,2014-05-01,621500,101290
31-1014,2014-05-01,621500,28260
21-1021,2014-05-01,621600,38040
21-1022,2014-05-01,621600,54140
21-1023,2014-05-01,621600,49490
21-1029,2014-05-01,621600,55500
29-1029,2014-05-01,621600,73360
29-1051,2014-05-01,621600,113940
29-1062,2014-05-01,621600,149270
29-1063,2014-05-01,621600,0
29-1065,2014-05-01,621600,146480
29-1066,2014-05-01,621600,0
29-1069,2014-05-01,621600,174230
29-1071,2014-05-01,621600,100350
29-1141,2014-05-01,621600,63810
29-1171,2014-05-01,621600,92140
31-1014,2014-05-01,621600,23080
21-1021,2014-05-01,621900,35010
21-1022,2014-05-01,621900,52700
21-1023,2014-05-01,621900,47780
29-1021,2014-05-01,621900,132350
29-1051,2014-05-01,621900,113920
29-1062,2014-05-01,621900,169340
29-1063,2014-05-01,621900,0
29-1069,2014-05-01,621900,157800
29-1071,2014-05-01,621900,92270
29-1141,2014-05-01,621900,62030
29-1151,2014-05-01,621900,138540
29-1171,2014-05-01,621900,97150
31-1014,2014-05-01,621900,22690
21-1021,2014-05-01,622100,47390
21-1022,2014-05-01,622100,58290
21-1023,2014-05-01,622100,49120
21-1029,2014-05-01,622100,62040
29-1021,2014-05-01,622100,131690
29-1022,2014-05-01,622100,62630
29-1023,2014-05-01,622100,89700
29-1029,2014-05-01,622100,141030
29-1051,2014-05-01,622100,118950
29-1061,2014-05-01,622100,0
29-1062,2014-05-01,622100,176210
29-1063,2014-05-01,622100,137080
29-1064,2014-05-01,622100,0
29-1065,2014-05-01,622100,162050
29-1066,2014-05-01,622100,177420
29-1067,2014-05-01,622100,0
29-1069,2014-05-01,622100,114000
29-1071,2014-05-01,622100,99300
29-1141,2014-05-01,622100,68480
29-1151,2014-05-01,622100,166460
29-1171,2014-05-01,622100,99920
31-1014,2014-05-01,622100,27420
21-1021,2014-05-01,622200,52130
21-1022,2014-05-01,622200,51540
21-1023,2014-05-01,622200,49860
21-1029,2014-05-01,622200,50890
29-1021,2014-05-01,622200,122320
29-1051,2014-05-01,622200,109610
29-1062,2014-05-01,622200,157190
29-1063,2014-05-01,622200,0
29-1066,2014-05-01,622200,171700
29-1069,2014-05-01,622200,176950
29-1071,2014-05-01,622200,92360
29-1141,2014-05-01,622200,63570
29-1171,2014-05-01,622200,94590
31-1014,2014-05-01,622200,24430
21-1021,2014-05-01,622300,43070
21-1022,2014-05-01,622300,60890
21-1023,2014-05-01,622300,48260
21-1029,2014-05-01,622300,56870
29-1021,2014-05-01,622300,109600
29-1051,2014-05-01,622300,116850
29-1061,2014-05-01,622300,0
29-1062,2014-05-01,622300,174030
29-1063,2014-05-01,622300,0
29-1064,2014-05-01,622300,0
29-1065,2014-05-01,622300,0
29-1066,2014-05-01,622300,174170
29-1067,2014-05-01,622300,0
29-1069,2014-05-01,622300,144390
29-1071,2014-05-01,622300,103070
29-1141,2014-05-01,622300,71440
29-1151,2014-05-01,622300,168740
29-1171,2014-05-01,622300,111870
31-1014,2014-05-01,622300,27130
21-1021,2014-05-01,623100,42760
21-1022,2014-05-01,623100,46470
21-1023,2014-05-01,623100,45690
21-1029,2014-05-01,623100,45780
29-1051,2014-05-01,623100,118230
29-1062,2014-05-01,623100,167340
29-1063,2014-05-01,623100,179780
29-1069,2014-05-01,623100,171560
29-1071,2014-05-01,623100,102520
29-1141,2014-05-01,623100,60180
29-1171,2014-05-01,623100,78060
31-1014,2014-05-01,623100,24120
21-1021,2014-05-01,623200,36510
21-1022,2014-05-01,623200,36790
21-1023,2014-05-01,623200,35910
21-1029,2014-05-01,623200,37270
29-1051,2014-05-01,623200,112670
29-1062,2014-05-01,623200,0
29-1066,2014-05-01,623200,186290
29-1071,2014-05-01,623200,85870
29-1141,2014-05-01,623200,58480
29-1171,2014-05-01,623200,93020
31-1014,2014-05-01,623200,24050
21-1021,2014-05-01,623300,42290
21-1022,2014-05-01,623300,45620
21-1023,2014-05-01,623300,21830
21-1029,2014-05-01,623300,46880
29-1051,2014-05-01,623300,115710
29-1141,2014-05-01,623300,59080
29-1171,2014-05-01,623300,79290
31-1014,2014-05-01,623300,23650
21-1021,2014-05-01,623900,36260
21-1022,2014-05-01,623900,40120
21-1023,2014-05-01,623900,35400
21-1029,2014-05-01,623900,45200
29-1065,2014-05-01,623900,73020
29-1066,2014-05-01,623900,177480
29-1141,2014-05-01,623900,56170
29-1171,2014-05-01,623900,94520
31-1014,2014-05-01,623900,24150
21-1021,2014-05-01,624100,37060
21-1022,2014-05-01,624100,41040
21-1023,2014-05-01,624100,38950
21-1029,2014-05-01,624100,39140
29-1021,2014-05-01,624100,127910
29-1029,2014-05-01,624100,0
29-1051,2014-05-01,624100,114930
29-1062,2014-05-01,624100,179800
29-1066,2014-05-01,624100,0
29-1069,2014-05-01,624100,133930
29-1071,2014-05-01,624100,89990
29-1141,2014-05-01,624100,57870
29-1171,2014-05-01,624100,93650
31-1014,2014-05-01,624100,21780
21-1021,2014-05-01,624200,34120
21-1022,2014-05-01,624200,40150
21-1023,2014-05-01,624200,36340
21-1029,2014-05-01,624200,36390
29-1066,2014-05-01,624200,185010
29-1141,2014-05-01,624200,58870
29-1171,2014-05-01,624200,92580
31-1014,2014-05-01,624200,22140
21-1021,2014-05-01,624300,36670
21-1022,2014-05-01,624300,37870
21-1023,2014-05-01,624300,37590
21-1029,2014-05-01,624300,37230
29-1066,2014-05-01,624300,176710
29-1141,2014-05-01,624300,61880
29-1171,2014-05-01,624300,83850
31-1014,2014-05-01,624300,22870
21-1021,2014-05-01,624400,32230
21-1022,2014-05-01,624400,35900
21-1023,2014-05-01,624400,47490
21-1029,2014-05-01,624400,40900
29-1141,2014-05-01,624400,46610
31-1014,2014-05-01,624400,25180
29-1141,2014-05-01,711200,69600
29-1141,2014-05-01,711300,52670
21-1021,2014-05-01,713900,19310
29-1141,2014-05-01,713900,54120
29-1141,2014-05-01,721100,62410
29-1141,2014-05-01,721200,58930
29-1141,2014-05-01,812100,67160
29-1171,2014-05-01,812100,106080
31-1014,2014-05-01,812100,24380
21-1021,2014-05-01,813100,46000
21-1023,2014-05-01,813100,47600
29-1141,2014-05-01,813100,63330
31-1014,2014-05-01,813100,28840
21-1021,2014-05-01,813200,38060
21-1022,2014-05-01,813200,45240
21-1023,2014-05-01,813200,37120
21-1029,2014-05-01,813200,53010
29-1067,2014-05-01,813200,0
29-1141,2014-05-01,813200,62650
21-1021,2014-05-01,813300,38380
21-1022,2014-05-01,813300,41530
21-1023,2014-05-01,813300,44890
21-1029,2014-05-01,813300,43400
29-1141,2014-05-01,813300,56680
31-1014,2014-05-01,813300,24420
21-1021,2014-05-01,813400,35700
21-1022,2014-05-01,813400,42430
21-1023,2014-05-01,813400,38960
21-1029,2014-05-01,813400,38720
21-1021,2014-05-01,813900,40360
29-1051,2014-05-01,813900,108300
29-1141,2014-05-01,813900,66540
29-1171,2014-05-01,813900,114530
21-1029,2014-05-01,999100,71910
29-1029,2014-05-01,999100,157640
29-1051,2014-05-01,999100,111600
29-1069,2014-05-01,999100,0
29-1071,2014-05-01,999100,90340
29-1141,2014-05-01,999100,77730
29-1151,2014-05-01,999100,157780
31-1014,2014-05-01,999100,35850
21-1021,2014-05-01,999200,41060
21-1022,2014-05-01,999200,54860
21-1023,2014-05-01,999200,45780
21-1029,2014-05-01,999200,46180
29-1021,2014-05-01,999200,128780
29-1051,2014-05-01,999200,104580
29-1062,2014-05-01,999200,151870
29-1063,2014-05-01,999200,180850
29-1066,2014-05-01,999200,0
29-1067,2014-05-01,999200,0
29-1069,2014-05-01,999200,151450
29-1071,2014-05-01,999200,94610
29-1141,2014-05-01,999200,62590
29-1171,2014-05-01,999200,79790
31-1014,2014-05-01,999200,28770
21-1021,2014-05-01,999300,50010
21-1022,2014-05-01,999300,47990
21-1023,2014-05-01,999300,47370
21-1029,2014-05-01,999300,59160
29-1021,2014-05-01,999300,126290
29-1051,2014-05-01,999300,115360
29-1062,2014-05-01,999300,165800
29-1063,2014-05-01,999300,178410
29-1064,2014-05-01,999300,0
29-1065,2014-05-01,999300,172630
29-1066,2014-05-01,999300,0
29-1069,2014-05-01,999300,166860
29-1071,2014-05-01,999300,89030
29-1141,2014-05-01,999300,62300
29-1171,2014-05-01,999300,90320
31-1014,2014-05-01,999300,27790
29-1141,2015-05-01,211100,81620
29-1141,2015-05-01,221100,69950
29-1141,2015-05-01,311600,57820
29-1141,2015-05-01,322100,60170
29-1141,2015-05-01,324100,73040
29-1141,2015-05-01,325100,71940
29-1141,2015-05-01,325200,66820
29-1051,2015-05-01,325400,117670
29-1069,2015-05-01,325400,0
29-1141,2015-05-01,325400,71300
29-1141,2015-05-01,326100,67710
29-1141,2015-05-01,331500,61010
29-1141,2015-05-01,332900,65670
29-1141,2015-05-01,333100,60780
29-1141,2015-05-01,334500,73260
29-1141,2015-05-01,336100,69320
29-1141,2015-05-01,336300,68350
29-1141,2015-05-01,336400,75090
29-1141,2015-05-01,339100,64110
29-1171,2015-05-01,339100,79770
29-1051,2015-05-01,423400,120040
29-1051,2015-05-01,424200,120350
29-1141,2015-05-01,424200,74120
29-1051,2015-05-01,425100,116290
29-1141,2015-05-01,425100,86130
29-1051,2015-05-01,445100,121630
21-1022,2015-05-01,446100,55970
29-1051,2015-05-01,446100,121300
29-1069,2015-05-01,446100,0
29-1141,2015-05-01,446100,67170
29-1171,2015-05-01,446100,110440
29-1051,2015-05-01,452100,125500
29-1171,2015-05-01,452100,110140
29-1051,2015-05-01,452900,130780
29-1051,2015-05-01,454100,119350
29-1141,2015-05-01,454100,67550
29-1141,2015-05-01,481200,57150
29-1141,2015-05-01,482100,72940
29-1141,2015-05-01,491100,64890
29-1051,2015-05-01,493100,123850
29-1141,2015-05-01,512100,0
31-1014,2015-05-01,512100,0
29-1141,2015-05-01,518200,64730
21-1022,2015-05-01,519100,0
29-1141,2015-05-01,522100,71670
29-1141,2015-05-01,523900,59410
21-1021,2015-05-01,524100,49160
21-1022,2015-05-01,524100,58790
21-1023,2015-05-01,524100,54930
21-1029,2015-05-01,524100,69990
29-1051,2015-05-01,524100,119570
29-1069,2015-05-01,524100,0
29-1141,2015-05-01,524100,70500
29-1171,2015-05-01,524100,99120
31-1014,2015-05-01,524100,30110
21-1022,2015-05-01,524200,58850
29-1021,2015-05-01,524200,136770
29-1051,2015-05-01,524200,119390
29-1069,2015-05-01,524200,163710
29-1141,2015-05-01,524200,67730
29-1171,2015-05-01,524200,87470
29-1141,2015-05-01,525100,80680
21-1021,2015-05-01,531100,47890
21-1022,2015-05-01,531100,47940
21-1029,2015-05-01,531100,68410
29-1141,2015-05-01,531100,52110
21-1029,2015-05-01,531300,41280
21-1022,2015-05-01,532200,45790
29-1051,2015-05-01,532200,112130
29-1141,2015-05-01,532200,61670
29-1069,2015-05-01,532400,0
29-1141,2015-05-01,532400,53240
21-1021,2015-05-01,541100,49860
21-1029,2015-05-01,541100,57530
29-1141,2015-05-01,541100,71720
29-1051,2015-05-01,541200,117010
29-1141,2015-05-01,541200,73610
29-1141,2015-05-01,541300,75750
29-1051,2015-05-01,541500,105040
29-1141,2015-05-01,541500,73100
29-1171,2015-05-01,541500,114120
21-1021,2015-05-01,541600,49260
21-1022,2015-05-01,541600,54230
21-1023,2015-05-01,541600,51550
29-1051,2015-05-01,541600,116080
29-1069,2015-05-01,541600,0
29-1071,2015-05-01,541600,134320
29-1141,2015-05-01,541600,69800
29-1171,2015-05-01,541600,104370
31-1014,2015-05-01,541600,25560
21-1021,2015-05-01,541700,35280
21-1022,2015-05-01,541700,57790
21-1023,2015-05-01,541700,30350
21-1029,2015-05-01,541700,42150
29-1051,2015-05-01,541700,122410
29-1063,2015-05-01,541700,173300
29-1066,2015-05-01,541700,0
29-1067,2015-05-01,541700,0
29-1069,2015-05-01,541700,179060
29-1071,2015-05-01,541700,98780
29-1141,2015-05-01,541700,70780
29-1171,2015-05-01,541700,94520
31-1014,2015-05-01,541700,30610
21-1022,2015-05-01,541900,0
29-1069,2015-05-01,541900,119450
29-1141,2015-05-01,541900,60670
29-1171,2015-05-01,541900,87870
21-1021,2015-05-01,551100,40130
21-1022,2015-05-01,551100,50830
21-1023,2015-05-01,551100,41750
21-1029,2015-05-01,551100,56210
29-1021,2015-05-01,551100,171830
29-1051,2015-05-01,551100,122420
29-1062,2015-05-01,551100,0
29-1063,2015-05-01,551100,0
29-1066,2015-05-01,551100,0
29-1069,2015-05-01,551100,0
29-1071,2015-05-01,551100,98480
29-1141,2015-05-01,551100,72210
29-1171,2015-05-01,551100,95860
31-1014,2015-05-01,551100,27870
29-1051,2015-05-01,561100,120320
29-1069,2015-05-01,561100,0
29-1141,2015-05-01,561100,68790
29-1171,2015-05-01,561100,102420
21-1021,2015-05-01,561200,24940
21-1023,2015-05-01,561200,34190
29-1141,2015-05-01,561200,64750
21-1021,2015-05-01,561300,40090
21-1022,2015-05-01,561300,56010
21-1023,2015-05-01,561300,37740
21-1029,2015-05-01,561300,40170
29-1021,2015-05-01,561300,146390
29-1051,2015-05-01,561300,115430
29-1062,2015-05-01,561300,0
29-1063,2015-05-01,561300,0
29-1066,2015-05-01,561300,142820
29-1069,2015-05-01,561300,0
29-1071,2015-05-01,561300,110930
29-1141,2015-05-01,561300,69980
29-1151,2015-05-01,561300,137590
29-1171,2015-05-01,561300,109170
31-1014,2015-05-01,561300,27850
29-1051,2015-05-01,561400,122850
29-1141,2015-05-01,561400,60540
21-1021,2015-05-01,611100,57260
21-1022,2015-05-01,611100,44400
21-1023,2015-05-01,611100,50350
21-1029,2015-05-01,611100,56470
29-1062,2015-05-01,611100,165570
29-1066,2015-05-01,611100,139160
29-1069,2015-05-01,611100,0
29-1141,2015-05-01,611100,54130
29-1171,2015-05-01,611100,80990
31-1014,2015-05-01,611100,26160
21-1021,2015-05-01,611200,42640
21-1029,2015-05-01,611200,47650
29-1021,2015-05-01,611200,127100
29-1141,2015-05-01,611200,62430
21-1021,2015-05-01,611300,47190
21-1022,2015-05-01,611300,56030
21-1023,2015-05-01,611300,54070
21-1029,2015-05-01,611300,55180
29-1021,2015-05-01,611300,131850
29-1051,2015-05-01,611300,112130
29-1061,2015-05-01,611300,62370
29-1062,2015-05-01,611300,59350
29-1063,2015-05-01,611300,137340
29-1064,2015-05-01,611300,61640
29-1065,2015-05-01,611300,54040
29-1066,2015-05-01,611300,0
29-1067,2015-05-01,611300,142880
29-1069,2015-05-01,611300,58620
29-1071,2015-05-01,611300,94940
29-1141,2015-05-01,611300,69760
29-1151,2015-05-01,611300,145690
29-1171,2015-05-01,611300,93560
31-1014,2015-05-01,611300,33520
21-1021,2015-05-01,611400,42260
21-1021,2015-05-01,611500,45190
29-1141,2015-05-01,611500,37860
21-1021,2015-05-01,611600,55250
21-1029,2015-05-01,611600,39840
29-1141,2015-05-01,611600,39120
21-1021,2015-05-01,611700,45030
21-1022,2015-05-01,611700,52170
21-1023,2015-05-01,611700,47160
29-1141,2015-05-01,611700,56140
31-1014,2015-05-01,611700,30470
21-1021,2015-05-01,621100,43630
21-1022,2015-05-01,621100,52830
21-1023,2015-05-01,621100,45300
21-1029,2015-05-01,621100,47410
29-1021,2015-05-01,621100,138540
29-1022,2015-05-01,621100,0
29-1023,2015-05-01,621100,185380
29-1029,2015-05-01,621100,0
29-1051,2015-05-01,621100,136030
29-1061,2015-05-01,621100,0
29-1062,2015-05-01,621100,0
29-1063,2015-05-01,621100,0
29-1064,2015-05-01,621100,0
29-1065,2015-05-01,621100,172310
29-1066,2015-05-01,621100,183020
29-1067,2015-05-01,621100,0
29-1069,2015-05-01,621100,0
29-1071,2015-05-01,621100,96430
29-1141,2015-05-01,621100,60820
29-1151,2015-05-01,621100,151720
29-1171,2015-05-01,621100,96060
31-1014,2015-05-01,621100,26940
29-1021,2015-05-01,621200,155310
29-1022,2015-05-01,621200,0
29-1023,2015-05-01,621200,0
29-1024,2015-05-01,621200,119220
29-1029,2015-05-01,621200,0
29-1061,2015-05-01,621200,0
29-1062,2015-05-01,621200,97970
29-1069,2015-05-01,621200,0
29-1071,2015-05-01,621200,31920
29-1141,2015-05-01,621200,59080
29-1171,2015-05-01,621200,116410
21-1021,2015-05-01,621300,39720
21-1022,2015-05-01,621300,53090
21-1023,2015-05-01,621300,44460
21-1029,2015-05-01,621300,42870
29-1021,2015-05-01,621300,137180
29-1023,2015-05-01,621300,0
29-1051,2015-05-01,621300,118570
29-1061,2015-05-01,621300,0
29-1062,2015-05-01,621300,127870
29-1063,2015-05-01,621300,158450
29-1065,2015-05-01,621300,146890
29-1066,2015-05-01,621300,0
29-1067,2015-05-01,621300,173470
29-1069,2015-05-01,621300,176600
29-1071,2015-05-01,621300,102480
29-1141,2015-05-01,621300,66180
29-1151,2015-05-01,621300,137040
29-1171,2015-05-01,621300,94870
31-1014,2015-05-01,621300,26460
21-1021,2015-05-01,621400,38240
21-1022,2015-05-01,621400,54030
21-1023,2015-05-01,621400,39530
21-1029,2015-05-01,621400,49560
29-1021,2015-05-01,621400,135940
29-1022,2015-05-01,621400,0
29-1023,2015-05-01,621400,0
29-1051,2015-05-01,621400,131810
29-1061,2015-05-01,621400,0
29-1062,2015-05-01,621400,0
29-1063,2015-05-01,621400,0
29-1064,2015-05-01,621400,0
29-1065,2015-05-01,621400,171760
29-1066,2015-05-01,621400,0
29-1067,2015-05-01,621400,0
29-1069,2015-05-01,621400,0
29-1071,2015-05-01,621400,106010
29-1141,2015-05-01,621400,69470
29-1151,2015-05-01,621400,166100
29-1171,2015-05-01,621400,100720
31-1014,2015-05-01,621400,29430
21-1022,2015-05-01,621500,47400
29-1051,2015-05-01,621500,120260
29-1062,2015-05-01,621500,177560
29-1063,2015-05-01,621500,0
29-1067,2015-05-01,621500,0
29-1069,2015-05-01,621500,0
29-1071,2015-05-01,621500,94540
29-1141,2015-05-01,621500,63770
29-1171,2015-05-01,621500,99740
31-1014,2015-05-01,621500,28960
21-1021,2015-05-01,621600,37850
21-1022,2015-05-01,621600,54480
21-1023,2015-05-01,621600,46610
21-1029,2015-05-01,621600,58050
29-1051,2015-05-01,621600,116210
29-1062,2015-05-01,621600,152400
29-1063,2015-05-01,621600,0
29-1066,2015-05-01,621600,0
29-1069,2015-05-01,621600,0
29-1071,2015-05-01,621600,91850
29-1141,2015-05-01,621600,63840
29-1171,2015-05-01,621600,96500
31-1014,2015-05-01,621600,23620
21-1021,2015-05-01,621900,37810
21-1022,2015-05-01,621900,52940
21-1023,2015-05-01,621900,40410
29-1021,2015-05-01,621900,145170
29-1051,2015-05-01,621900,119600
29-1062,2015-05-01,621900,173610
29-1063,2015-05-01,621900,0
29-1067,2015-05-01,621900,0
29-1069,2015-05-01,621900,169680
29-1071,2015-05-01,621900,90310
29-1141,2015-05-01,621900,64000
29-1151,2015-05-01,621900,140510
29-1171,2015-05-01,621900,97740
31-1014,2015-05-01,621900,23360
21-1021,2015-05-01,622100,48760
21-1022,2015-05-01,622100,58330
21-1023,2015-05-01,622100,50050
21-1029,2015-05-01,622100,62710
29-1021,2015-05-01,622100,129660
29-1022,2015-05-01,622100,0
29-1023,2015-05-01,622100,85560
29-1029,2015-05-01,622100,95990
29-1051,2015-05-01,622100,121090
29-1061,2015-05-01,622100,0
29-1062,2015-05-01,622100,182300
29-1063,2015-05-01,622100,126290
29-1064,2015-05-01,622100,0
29-1065,2015-05-01,622100,165730
29-1066,2015-05-01,622100,0
29-1067,2015-05-01,622100,0
29-1069,2015-05-01,622100,140460
29-1071,2015-05-01,622100,101440
29-1141,2015-05-01,622100,69490
29-1151,2015-05-01,622100,170800
29-1171,2015-05-01,622100,102840
31-1014,2015-05-01,622100,27870
21-1021,2015-05-01,622200,49950
21-1022,2015-05-01,622200,47130
21-1023,2015-05-01,622200,51000
21-1029,2015-05-01,622200,51570
29-1021,2015-05-01,622200,129300
29-1051,2015-05-01,622200,111420
29-1062,2015-05-01,622200,182770
29-1063,2015-05-01,622200,0
29-1066,2015-05-01,622200,180350
29-1069,2015-05-01,622200,182640
29-1071,2015-05-01,622200,95310
29-1141,2015-05-01,622200,64390
29-1171,2015-05-01,622200,97530
31-1014,2015-05-01,622200,25660
21-1021,2015-05-01,622300,42520
21-1022,2015-05-01,622300,58180
21-1023,2015-05-01,622300,53290
21-1029,2015-05-01,622300,57990
29-1021,2015-05-01,622300,110190
29-1051,2015-05-01,622300,119740
29-1061,2015-05-01,622300,0
29-1062,2015-05-01,622300,0
29-1063,2015-05-01,622300,0
29-1065,2015-05-01,622300,0
29-1066,2015-05-01,622300,155690
29-1067,2015-05-01,622300,0
29-1069,2015-05-01,622300,108260
29-1071,2015-05-01,622300,105100
29-1141,2015-05-01,622300,73000
29-1151,2015-05-01,622300,173800
29-1171,2015-05-01,622300,115670
31-1014,2015-05-01,622300,27890
21-1021,2015-05-01,623100,43670
21-1022,2015-05-01,623100,47550
21-1023,2015-05-01,623100,44070
21-1029,2015-05-01,623100,45940
29-1051,2015-05-01,623100,119620
29-1062,2015-05-01,623100,164990
29-1063,2015-05-01,623100,179970
29-1069,2015-05-01,623100,175760
29-1071,2015-05-01,623100,95840
29-1141,2015-05-01,623100,60680
29-1171,2015-05-01,623100,83420
31-1014,2015-05-01,623100,24700
21-1021,2015-05-01,623200,36650
21-1022,2015-05-01,623200,39560
21-1023,2015-05-01,623200,36250
21-1029,2015-05-01,623200,38520
29-1051,2015-05-01,623200,113110
29-1062,2015-05-01,623200,0
29-1066,2015-05-01,623200,0
29-1069,2015-05-01,623200,163340
29-1071,2015-05-01,623200,90710
29-1141,2015-05-01,623200,58790
29-1171,2015-05-01,623200,95620
31-1014,2015-05-01,623200,24140
21-1021,2015-05-01,623300,39940
21-1022,2015-05-01,623300,47930
21-1023,2015-05-01,623300,22450
21-1029,2015-05-01,623300,46090
29-1051,2015-05-01,623300,115180
29-1141,2015-05-01,623300,59760
29-1171,2015-05-01,623300,87250
31-1014,2015-05-01,623300,24200
21-1021,2015-05-01,623900,36810
21-1022,2015-05-01,623900,37000
21-1023,2015-05-01,623900,35980
21-1029,2015-05-01,623900,49440
29-1065,2015-05-01,623900,73690
29-1066,2015-05-01,623900,168800
29-1141,2015-05-01,623900,57390
29-1171,2015-05-01,623900,100750
31-1014,2015-05-01,623900,24190
21-1021,2015-05-01,624100,37670
21-1022,2015-05-01,624100,43170
21-1023,2015-05-01,624100,40130
21-1029,2015-05-01,624100,39790
29-1021,2015-05-01,624100,125900
29-1029,2015-05-01,624100,38000
29-1051,2015-05-01,624100,119640
29-1062,2015-05-01,624100,0
29-1065,2015-05-01,624100,111110
29-1066,2015-05-01,624100,0
29-1069,2015-05-01,624100,0
29-1071,2015-05-01,624100,94410
29-1141,2015-05-01,624100,57660
29-1171,2015-05-01,624100,92860
31-1014,2015-05-01,624100,22990
21-1021,2015-05-01,624200,35220
21-1022,2015-05-01,624200,39930
21-1023,2015-05-01,624200,35880
21-1029,2015-05-01,624200,37110
29-1066,2015-05-01,624200,155150
29-1141,2015-05-01,624200,60600
29-1171,2015-05-01,624200,96870
31-1014,2015-05-01,624200,22490
21-1021,2015-05-01,624300,36430
21-1022,2015-05-01,624300,39340
21-1023,2015-05-01,624300,38630
21-1029,2015-05-01,624300,38020
29-1066,2015-05-01,624300,153700
29-1141,2015-05-01,624300,63400
29-1171,2015-05-01,624300,91010
31-1014,2015-05-01,624300,23420
21-1021,2015-05-01,624400,33160
21-1022,2015-05-01,624400,35320
21-1023,2015-05-01,624400,34800
21-1029,2015-05-01,624400,44670
29-1141,2015-05-01,624400,51010
31-1014,2015-05-01,624400,24120
29-1069,2015-05-01,711200,172350
21-1021,2015-05-01,713900,29030
29-1141,2015-05-01,713900,58140
29-1141,2015-05-01,721100,71330
29-1141,2015-05-01,721200,58470
29-1141,2015-05-01,812100,70060
29-1171,2015-05-01,812100,114130
31-1014,2015-05-01,812100,24720
21-1021,2015-05-01,813100,43320
21-1022,2015-05-01,813100,56490
21-1023,2015-05-01,813100,48940
29-1141,2015-05-01,813100,64500
31-1014,2015-05-01,813100,29990
21-1021,2015-05-01,813200,41740
21-1022,2015-05-01,813200,45810
21-1023,2015-05-01,813200,42790
21-1029,2015-05-01,813200,57080
29-1067,2015-05-01,813200,0
29-1069,2015-05-01,813200,129000
29-1141,2015-05-01,813200,68490
31-1014,2015-05-01,813200,23700
21-1021,2015-05-01,813300,37050
21-1022,2015-05-01,813300,44000
21-1023,2015-05-01,813300,43410
21-1029,2015-05-01,813300,43200
29-1141,2015-05-01,813300,59960
31-1014,2015-05-01,813300,25820
21-1021,2015-05-01,813400,32330
21-1022,2015-05-01,813400,50090
21-1023,2015-05-01,813400,42950
21-1029,2015-05-01,813400,35960
21-1021,2015-05-01,813900,45680
21-1023,2015-05-01,813900,47560
29-1051,2015-05-01,813900,121700
29-1141,2015-05-01,813900,61370
29-1171,2015-05-01,813900,110150
21-1029,2015-05-01,999100,72730
29-1029,2015-05-01,999100,163960
29-1051,2015-05-01,999100,114630
29-1069,2015-05-01,999100,0
29-1071,2015-05-01,999100,91260
29-1141,2015-05-01,999100,79570
29-1151,2015-05-01,999100,162630
31-1014,2015-05-01,999100,36200
21-1021,2015-05-01,999200,42200
21-1022,2015-05-01,999200,48190
21-1023,2015-05-01,999200,48390
21-1029,2015-05-01,999200,43760
29-1021,2015-05-01,999200,136410
29-1051,2015-05-01,999200,108650
29-1062,2015-05-01,999200,178870
29-1063,2015-05-01,999200,178930
29-1066,2015-05-01,999200,0
29-1069,2015-05-01,999200,153810
29-1071,2015-05-01,999200,99960
29-1141,2015-05-01,999200,63250
29-1171,2015-05-01,999200,82650
31-1014,2015-05-01,999200,29470
21-1021,2015-05-01,999300,49790
21-1022,2015-05-01,999300,50260
21-1023,2015-05-01,999300,47300
21-1029,2015-05-01,999300,58550
29-1021,2015-05-01,999300,138340
29-1051,2015-05-01,999300,117690
29-1062,2015-05-01,999300,174180
29-1063,2015-05-01,999300,176780
29-1066,2015-05-01,999300,0
29-1067,2015-05-01,999300,0
29-1069,2015-05-01,999300,173690
29-1071,2015-05-01,999300,91870
29-1141,2015-05-01,999300,61440
29-1171,2015-05-01,999300,92920
31-1014,2015-05-01,999300,28240
29-1141,2016-05-01,211100,75200
29-1141,2016-05-01,221100,73890
29-1141,2016-05-01,311600,58680
29-1141,2016-05-01,322100,62550
29-1141,2016-05-01,324100,70540
29-1141,2016-05-01,325100,70540
29-1141,2016-05-01,325200,74800
29-1051,2016-05-01,325400,119560
29-1069,2016-05-01,325400,0
29-1141,2016-05-01,325400,76780
29-1141,2016-05-01,331500,64740
29-1141,2016-05-01,332900,66150
29-1141,2016-05-01,333100,62620
29-1141,2016-05-01,333600,53490
29-1141,2016-05-01,334500,84910
29-1141,2016-05-01,336100,70290
29-1141,2016-05-01,336300,68790
29-1141,2016-05-01,336400,77380
29-1141,2016-05-01,339100,66190
29-1171,2016-05-01,339100,79540
29-1141,2016-05-01,339900,71670
29-1051,2016-05-01,423400,121500
29-1141,2016-05-01,423400,71210
29-1051,2016-05-01,424200,120680
29-1141,2016-05-01,424200,74370
29-1171,2016-05-01,424200,96340
29-1051,2016-05-01,425100,120740
29-1141,2016-05-01,425100,85060
29-1051,2016-05-01,445100,122670
29-1051,2016-05-01,446100,121730
29-1141,2016-05-01,446100,66840
29-1171,2016-05-01,446100,114670
29-1051,2016-05-01,447100,115250
29-1051,2016-05-01,452100,124450
29-1171,2016-05-01,452100,113680
29-1051,2016-05-01,452900,127720
29-1171,2016-05-01,452900,111490
29-1051,2016-05-01,454100,120120
29-1141,2016-05-01,454100,67490
29-1141,2016-05-01,481200,62320
29-1141,2016-05-01,482100,72540
29-1141,2016-05-01,485900,89190
29-1141,2016-05-01,491100,66330
29-1051,2016-05-01,493100,0
29-1141,2016-05-01,493100,65360
29-1141,2016-05-01,512100,0
31-1014,2016-05-01,512100,0
29-1141,2016-05-01,518200,60890
29-1141,2016-05-01,522100,73740
29-1141,2016-05-01,523900,67830
21-1021,2016-05-01,524100,53470
21-1022,2016-05-01,524100,59920
21-1023,2016-05-01,524100,56520
21-1029,2016-05-01,524100,72410
29-1051,2016-05-01,524100,119790
29-1069,2016-05-01,524100,0
29-1141,2016-05-01,524100,72410
29-1171,2016-05-01,524100,100230
31-1014,2016-05-01,524100,30360
21-1022,2016-05-01,524200,51060
21-1023,2016-05-01,524200,44230
21-1029,2016-05-01,524200,68270
29-1021,2016-05-01,524200,129480
29-1051,2016-05-01,524200,118210
29-1069,2016-05-01,524200,168830
29-1141,2016-05-01,524200,68020
29-1171,2016-05-01,524200,96780
21-1021,2016-05-01,531100,46320
21-1022,2016-05-01,531100,57100
21-1029,2016-05-01,531100,71900
29-1141,2016-05-01,531100,54910
21-1029,2016-05-01,531300,55480
21-1022,2016-05-01,532200,48330
29-1051,2016-05-01,532200,113450
29-1141,2016-05-01,532200,60570
29-1141,2016-05-01,532400,51110
21-1021,2016-05-01,541100,48740
21-1029,2016-05-01,541100,61760
29-1141,2016-05-01,541100,74500
29-1051,2016-05-01,541200,124750
29-1141,2016-05-01,541200,74490
29-1171,2016-05-01,541200,48360
29-1141,2016-05-01,541300,70040
29-1051,2016-05-01,541500,110020
29-1141,2016-05-01,541500,73800
29-1171,2016-05-01,541500,116250
21-1021,2016-05-01,541600,49230
21-1022,2016-05-01,541600,57030
21-1023,2016-05-01,541600,49040
21-1029,2016-05-01,541600,48690
29-1051,2016-05-01,541600,119250
29-1062,2016-05-01,541600,0
29-1069,2016-05-01,541600,0
29-1071,2016-05-01,541600,122970
29-1141,2016-05-01,541600,70620
29-1171,2016-05-01,541600,106970
31-1014,2016-05-01,541600,22200
21-1021,2016-05-01,541700,36150
21-1022,2016-05-01,541700,56620
21-1023,2016-05-01,541700,30920
21-1029,2016-05-01,541700,46280
29-1051,2016-05-01,541700,121660
29-1062,2016-05-01,541700,181990
29-1063,2016-05-01,541700,165000
29-1066,2016-05-01,541700,196400
29-1067,2016-05-01,541700,0
29-1069,2016-05-01,541700,177490
29-1071,2016-05-01,541700,101560
29-1141,2016-05-01,541700,70280
29-1171,2016-05-01,541700,97630
31-1014,2016-05-01,541700,34440
21-1022,2016-05-01,541900,62270
29-1069,2016-05-01,541900,122150
29-1141,2016-05-01,541900,60770
29-1171,2016-05-01,541900,95030
21-1021,2016-05-01,551100,41110
21-1022,2016-05-01,551100,57220
21-1023,2016-05-01,551100,45610
21-1029,2016-05-01,551100,55230
29-1021,2016-05-01,551100,147360
29-1051,2016-05-01,551100,121380
29-1062,2016-05-01,551100,0
29-1063,2016-05-01,551100,179990
29-1066,2016-05-01,551100,185380
29-1069,2016-05-01,551100,0
29-1071,2016-05-01,551100,104680
29-1141,2016-05-01,551100,73410
29-1171,2016-05-01,551100,100670
31-1014,2016-05-01,551100,26990
21-1022,2016-05-01,561100,61760
29-1051,2016-05-01,561100,121160
29-1069,2016-05-01,561100,0
29-1141,2016-05-01,561100,70940
29-1171,2016-05-01,561100,102900
21-1021,2016-05-01,561200,28550
21-1023,2016-05-01,561200,32070
29-1141,2016-05-01,561200,65510
21-1021,2016-05-01,561300,39730
21-1022,2016-05-01,561300,58710
21-1023,2016-05-01,561300,39750
21-1029,2016-05-01,561300,39610
29-1021,2016-05-01,561300,151080
29-1051,2016-05-01,561300,117630
29-1062,2016-05-01,561300,194030
29-1063,2016-05-01,561300,122730
29-1069,2016-05-01,561300,0
29-1071,2016-05-01,561300,112270
29-1141,2016-05-01,561300,69450
29-1151,2016-05-01,561300,148520
29-1171,2016-05-01,561300,107410
31-1014,2016-05-01,561300,28120
29-1051,2016-05-01,561400,121640
29-1141,2016-05-01,561400,61150
21-1021,2016-05-01,611100,58420
21-1022,2016-05-01,611100,68260
21-1023,2016-05-01,611100,43390
21-1029,2016-05-01,611100,59950
29-1062,2016-05-01,611100,155430
29-1065,2016-05-01,611100,162960
29-1066,2016-05-01,611100,162860
29-1141,2016-05-01,611100,54920
29-1171,2016-05-01,611100,63830
31-1014,2016-05-01,611100,27340
21-1021,2016-05-01,611200,49690
21-1022,2016-05-01,611200,28850
21-1029,2016-05-01,611200,46980
29-1021,2016-05-01,611200,124290
29-1141,2016-05-01,611200,60740
21-1021,2016-05-01,611300,48990
21-1022,2016-05-01,611300,57430
21-1023,2016-05-01,611300,59340
21-1029,2016-05-01,611300,57130
29-1021,2016-05-01,611300,108680
29-1051,2016-05-01,611300,117020
29-1061,2016-05-01,611300,144030
29-1062,2016-05-01,611300,59950
29-1063,2016-05-01,611300,163120
29-1064,2016-05-01,611300,90840
29-1065,2016-05-01,611300,60480
29-1066,2016-05-01,611300,152850
29-1067,2016-05-01,611300,62810
29-1069,2016-05-01,611300,63730
29-1071,2016-05-01,611300,97410
29-1141,2016-05-01,611300,71710
29-1151,2016-05-01,611300,149950
29-1171,2016-05-01,611300,95510
31-1014,2016-05-01,611300,34420
21-1021,2016-05-01,611400,45560
29-1141,2016-05-01,611400,73820
31-1014,2016-05-01,611400,22950
21-1021,2016-05-01,611500,43970
29-1141,2016-05-01,611500,44400
21-1021,2016-05-01,611600,54140
29-1141,2016-05-01,611600,56800
21-1021,2016-05-01,611700,44800
21-1022,2016-05-01,611700,49650
21-1023,2016-05-01,611700,47210
29-1141,2016-05-01,611700,59810
31-1014,2016-05-01,611700,34530
21-1021,2016-05-01,621100,46210
21-1022,2016-05-01,621100,53070
21-1023,2016-05-01,621100,46820
21-1029,2016-05-01,621100,57680
29-1021,2016-05-01,621100,139710
29-1022,2016-05-01,621100,0
29-1023,2016-05-01,621100,179850
29-1024,2016-05-01,621100,0
29-1029,2016-05-01,621100,179810
29-1051,2016-05-01,621100,131700
29-1061,2016-05-01,621100,0
29-1062,2016-05-01,621100,195710
29-1063,2016-05-01,621100,0
29-1064,2016-05-01,621100,0
29-1065,2016-05-01,621100,169620
29-1066,2016-05-01,621100,190520
29-1067,2016-05-01,621100,0
29-1069,2016-05-01,621100,0
29-1071,2016-05-01,621100,100040
29-1141,2016-05-01,621100,61730
29-1151,2016-05-01,621100,154290
29-1171,2016-05-01,621100,98700
31-1014,2016-05-01,621100,28030
29-1021,2016-05-01,621200,157380
29-1022,2016-05-01,621200,0
29-1023,2016-05-01,621200,0
29-1024,2016-05-01,621200,124310
29-1029,2016-05-01,621200,185750
29-1061,2016-05-01,621200,0
29-1069,2016-05-01,621200,0
29-1141,2016-05-01,621200,58530
29-1171,2016-05-01,621200,118840
21-1021,2016-05-01,621300,43670
21-1022,2016-05-01,621300,49180
21-1023,2016-05-01,621300,50110
21-1029,2016-05-01,621300,67450
29-1021,2016-05-01,621300,133140
29-1023,2016-05-01,621300,0
29-1051,2016-05-01,621300,120900
29-1061,2016-05-01,621300,0
29-1062,2016-05-01,621300,177900
29-1063,2016-05-01,621300,189640
29-1065,2016-05-01,621300,95810
29-1066,2016-05-01,621300,203490
29-1067,2016-05-01,621300,182220
29-1069,2016-05-01,621300,185850
29-1071,2016-05-01,621300,95910
29-1141,2016-05-01,621300,66590
29-1151,2016-05-01,621300,151210
29-1171,2016-05-01,621300,99250
31-1014,2016-05-01,621300,26730
21-1021,2016-05-01,621400,38570
21-1022,2016-05-01,621400,56120
21-1023,2016-05-01,621400,40460
21-1029,2016-05-01,621400,45330
29-1021,2016-05-01,621400,138820
29-1022,2016-05-01,621400,58220
29-1051,2016-05-01,621400,135530
29-1061,2016-05-01,621400,0
29-1062,2016-05-01,621400,193080
29-1063,2016-05-01,621400,196880
29-1064,2016-05-01,621400,0
29-1065,2016-05-01,621400,174690
29-1066,2016-05-01,621400,204790
29-1067,2016-05-01,621400,0
29-1069,2016-05-01,621400,0
29-1071,2016-05-01,621400,108650
29-1141,2016-05-01,621400,70590
29-1151,2016-05-01,621400,170680
29-1171,2016-05-01,621400,103820
31-1014,2016-05-01,621400,30610
21-1022,2016-05-01,621500,40380
29-1051,2016-05-01,621500,113900
29-1062,2016-05-01,621500,0
29-1063,2016-05-01,621500,0
29-1064,2016-05-01,621500,0
29-1067,2016-05-01,621500,0
29-1069,2016-05-01,621500,0
29-1071,2016-05-01,621500,99130
29-1141,2016-05-01,621500,67920
29-1171,2016-05-01,621500,96720
31-1014,2016-05-01,621500,27550
21-1021,2016-05-01,621600,38270
21-1022,2016-05-01,621600,55360
21-1023,2016-05-01,621600,49520
21-1029,2016-05-01,621600,58810
29-1051,2016-05-01,621600,119280
29-1062,2016-05-01,621600,169560
29-1063,2016-05-01,621600,0
29-1065,2016-05-01,621600,142320
29-1066,2016-05-01,621600,0
29-1069,2016-05-01,621600,191550
29-1071,2016-05-01,621600,86460
29-1141,2016-05-01,621600,64140
29-1171,2016-05-01,621600,99290
31-1014,2016-05-01,621600,24390
21-1022,2016-05-01,621900,49350
21-1023,2016-05-01,621900,37960
29-1021,2016-05-01,621900,0
29-1051,2016-05-01,621900,108860
29-1062,2016-05-01,621900,180800
29-1063,2016-05-01,621900,155060
29-1064,2016-05-01,621900,0
29-1067,2016-05-01,621900,0
29-1069,2016-05-01,621900,182040
29-1071,2016-05-01,621900,94820
29-1141,2016-05-01,621900,65430
29-1171,2016-05-01,621900,100840
31-1014,2016-05-01,621900,24290
21-1021,2016-05-01,622100,49830
21-1022,2016-05-01,622100,59530
21-1023,2016-05-01,622100,52260
21-1029,2016-05-01,622100,62950
29-1021,2016-05-01,622100,124320
29-1022,2016-05-01,622100,65840
29-1023,2016-05-01,622100,78250
29-1029,2016-05-01,622100,129480
29-1051,2016-05-01,622100,123040
29-1061,2016-05-01,622100,0
29-1062,2016-05-01,622100,191580
29-1063,2016-05-01,622100,146230
29-1064,2016-05-01,622100,0
29-1065,2016-05-01,622100,168420
29-1066,2016-05-01,622100,190020
29-1067,2016-05-01,622100,0
29-1069,2016-05-01,622100,154580
29-1071,2016-05-01,622100,104300
29-1141,2016-05-01,622100,70580
29-1151,2016-05-01,622100,175110
29-1171,2016-05-01,622100,105770
31-1014,2016-05-01,622100,28560
21-1021,2016-05-01,622200,45140
21-1022,2016-05-01,622200,50880
21-1023,2016-05-01,622200,51390
21-1029,2016-05-01,622200,49560
29-1021,2016-05-01,622200,136590
29-1051,2016-05-01,622200,112940
29-1062,2016-05-01,622200,180100
29-1063,2016-05-01,622200,190620
29-1066,2016-05-01,622200,184680
29-1069,2016-05-01,622200,192040
29-1071,2016-05-01,622200,95830
29-1141,2016-05-01,622200,65430
29-1171,2016-05-01,622200,99630
31-1014,2016-05-01,622200,26650
21-1021,2016-05-01,622300,53170
21-1022,2016-05-01,622300,59500
21-1023,2016-05-01,622300,50770
29-1021,2016-05-01,622300,112590
29-1051,2016-05-01,622300,121590
29-1061,2016-05-01,622300,0
29-1062,2016-05-01,622300,0
29-1063,2016-05-01,622300,0
29-1064,2016-05-01,622300,0
29-1065,2016-05-01,622300,0
29-1066,2016-05-01,622300,162210
29-1067,2016-05-01,622300,0
29-1069,2016-05-01,622300,136310
29-1071,2016-05-01,622300,106860
29-1141,2016-05-01,622300,73520
29-1151,2016-05-01,622300,170990
29-1171,2016-05-01,622300,115720
31-1014,2016-05-01,622300,28810
21-1021,2016-05-01,623100,46520
21-1022,2016-05-01,623100,49150
21-1023,2016-05-01,623100,43790
21-1029,2016-05-01,623100,44340
29-1051,2016-05-01,623100,118650
29-1063,2016-05-01,623100,191310
29-1069,2016-05-01,623100,187680
29-1071,2016-05-01,623100,94360
29-1141,2016-05-01,623100,61180
29-1151,2016-05-01,623100,61610
29-1171,2016-05-01,623100,83510
31-1014,2016-05-01,623100,25670
21-1021,2016-05-01,623200,36020
21-1022,2016-05-01,623200,41570
21-1023,2016-05-01,623200,36210
21-1029,2016-05-01,623200,39450
29-1021,2016-05-01,623200,156860
29-1051,2016-05-01,623200,118770
29-1062,2016-05-01,623200,0
29-1066,2016-05-01,623200,204270
29-1069,2016-05-01,623200,183370
29-1071,2016-05-01,623200,96620
29-1141,2016-05-01,623200,59730
29-1171,2016-05-01,623200,101450
31-1014,2016-05-01,623200,24840
21-1021,2016-05-01,623300,44650
21-1022,2016-05-01,623300,49670
21-1029,2016-05-01,623300,50320
29-1051,2016-05-01,623300,120340
29-1062,2016-05-01,623300,190830
29-1141,2016-05-01,623300,60670
29-1171,2016-05-01,623300,60550
31-1014,2016-05-01,623300,24830
21-1021,2016-05-01,623900,36360
21-1022,2016-05-01,623900,39230
21-1023,2016-05-01,623900,36110
21-1029,2016-05-01,623900,44870
29-1065,2016-05-01,623900,57720
29-1066,2016-05-01,623900,184880
29-1141,2016-05-01,623900,57510
29-1171,2016-05-01,623900,99870
31-1014,2016-05-01,623900,24630
21-1021,2016-05-01,624100,38250
21-1022,2016-05-01,624100,43640
21-1023,2016-05-01,624100,39930
21-1029,2016-05-01,624100,42740
29-1021,2016-05-01,624100,129200
29-1029,2016-05-01,624100,0
29-1051,2016-05-01,624100,123770
29-1062,2016-05-01,624100,186790
29-1065,2016-05-01,624100,121710
29-1066,2016-05-01,624100,195950
29-1069,2016-05-01,624100,189620
29-1071,2016-05-01,624100,105110
29-1141,2016-05-01,624100,58430
29-1171,2016-05-01,624100,98660
31-1014,2016-05-01,624100,23400
21-1021,2016-05-01,624200,35610
21-1022,2016-05-01,624200,38430
21-1023,2016-05-01,624200,36260
21-1029,2016-05-01,624200,33360
29-1021,2016-05-01,624200,133510
29-1066,2016-05-01,624200,181510
29-1141,2016-05-01,624200,61510
29-1171,2016-05-01,624200,98600
31-1014,2016-05-01,624200,24500
21-1021,2016-05-01,624300,35200
21-1022,2016-05-01,624300,41030
21-1023,2016-05-01,624300,39600
21-1029,2016-05-01,624300,38090
29-1066,2016-05-01,624300,155810
29-1141,2016-05-01,624300,61800
31-1014,2016-05-01,624300,25280
21-1021,2016-05-01,624400,33830
21-1022,2016-05-01,624400,38350
21-1023,2016-05-01,624400,35610
21-1029,2016-05-01,624400,41840
29-1141,2016-05-01,624400,56210
31-1014,2016-05-01,624400,26450
29-1069,2016-05-01,711200,193600
21-1021,2016-05-01,713900,39900
29-1141,2016-05-01,713900,60540
29-1141,2016-05-01,721100,71470
29-1141,2016-05-01,721200,53980
29-1141,2016-05-01,812100,68180
29-1171,2016-05-01,812100,117400
31-1014,2016-05-01,812100,26820
21-1021,2016-05-01,813100,33580
21-1022,2016-05-01,813100,48130
21-1023,2016-05-01,813100,47780
29-1141,2016-05-01,813100,63270
31-1014,2016-05-01,813100,30490
21-1021,2016-05-01,813200,42670
21-1022,2016-05-01,813200,46150
21-1023,2016-05-01,813200,40160
21-1029,2016-05-01,813200,66330
29-1069,2016-05-01,813200,130850
29-1141,2016-05-01,813200,80460
21-1021,2016-05-01,813300,37690
21-1022,2016-05-01,813300,45040
21-1023,2016-05-01,813300,40430
21-1029,2016-05-01,813300,42890
29-1141,2016-05-01,813300,59260
31-1014,2016-05-01,813300,23580
21-1021,2016-05-01,813400,29190
21-1022,2016-05-01,813400,44820
21-1023,2016-05-01,813400,50810
21-1029,2016-05-01,813400,36190
29-1141,2016-05-01,813400,58040
21-1021,2016-05-01,813900,57210
21-1022,2016-05-01,813900,60010
29-1051,2016-05-01,813900,120860
29-1141,2016-05-01,813900,62100
29-1171,2016-05-01,813900,107840
21-1029,2016-05-01,999100,75040
29-1029,2016-05-01,999100,170630
29-1051,2016-05-01,999100,115930
29-1069,2016-05-01,999100,0
29-1071,2016-05-01,999100,92330
29-1141,2016-05-01,999100,81360
29-1151,2016-05-01,999100,166530
31-1014,2016-05-01,999100,36660
21-1021,2016-05-01,999200,43550
21-1022,2016-05-01,999200,49780
21-1023,2016-05-01,999200,42820
21-1029,2016-05-01,999200,47830
29-1021,2016-05-01,999200,140210
29-1051,2016-05-01,999200,110530
29-1062,2016-05-01,999200,185870
29-1063,2016-05-01,999200,145080
29-1066,2016-05-01,999200,206780
29-1069,2016-05-01,999200,159730
29-1071,2016-05-01,999200,98390
29-1141,2016-05-01,999200,64450
29-1171,2016-05-01,999200,85090
31-1014,2016-05-01,999200,29620
21-1021,2016-05-01,999300,51270
21-1022,2016-05-01,999300,51730
21-1023,2016-05-01,999300,47930
21-1029,2016-05-01,999300,59590
29-1021,2016-05-01,999300,142170
29-1051,2016-05-01,999300,119740
29-1062,2016-05-01,999300,186440
29-1063,2016-05-01,999300,176380
29-1066,2016-05-01,999300,0
29-1067,2016-05-01,999300,0
29-1069,2016-05-01,999300,170330
29-1071,2016-05-01,999300,95780
29-1141,2016-05-01,999300,62510
29-1171,2016-05-01,999300,95210
31-1014,2016-05-01,999300,29110
29-1141,2017-05-01,221100,77980
29-1141,2017-05-01,311600,59080
29-1141,2017-05-01,322100,65890
29-1141,2017-05-01,324100,74120
29-1141,2017-05-01,3250A1,75070
29-1051,2017-05-01,325400,125140
29-1069,2017-05-01,325400,200920
29-1141,2017-05-01,325400,84070
29-1141,2017-05-01,331500,63590
29-1141,2017-05-01,3320A1,71820
29-1141,2017-05-01,3330A1,64880
29-1141,2017-05-01,333600,51750
29-1141,2017-05-01,334500,68380
29-1141,2017-05-01,336100,72600
29-1141,2017-05-01,336300,68760
29-1141,2017-05-01,336400,83370
29-1141,2017-05-01,339100,72760
29-1051,2017-05-01,423400,124230
29-1141,2017-05-01,423400,63610
31-1014,2017-05-01,423400,0
29-1051,2017-05-01,4240A2,121570
29-1141,2017-05-01,4240A2,75310
29-1171,2017-05-01,4240A2,98120
29-1051,2017-05-01,425100,119160
29-1141,2017-05-01,425100,80860
29-1051,2017-05-01,4450A1,125850
29-1171,2017-05-01,4450A1,105250
29-1051,2017-05-01,446100,123660
29-1141,2017-05-01,446100,71740
29-1171,2017-05-01,446100,115410
29-1051,2017-05-01,452000,128610
29-1171,2017-05-01,452000,112920
29-1051,2017-05-01,454100,122790
29-1141,2017-05-01,454100,72130
29-1141,2017-05-01,481200,60530
29-1141,2017-05-01,482100,73880
29-1141,2017-05-01,491100,68030
29-1141,2017-05-01,493100,68140
29-1141,2017-05-01,512100,0
31-1014,2017-05-01,512100,0
29-1141,2017-05-01,518200,61850
21-1021,2017-05-01,523000,44280
29-1141,2017-05-01,523000,67060
21-1021,2017-05-01,524100,51490
21-1022,2017-05-01,524100,55330
21-1023,2017-05-01,524100,57060
21-1029,2017-05-01,524100,69660
29-1051,2017-05-01,524100,121870
29-1069,2017-05-01,524100,0
29-1141,2017-05-01,524100,73470
29-1171,2017-05-01,524100,100720
31-1014,2017-05-01,524100,31930
21-1022,2017-05-01,524200,51390
21-1029,2017-05-01,524200,71570
29-1021,2017-05-01,524200,135310
29-1051,2017-05-01,524200,120790
29-1069,2017-05-01,524200,179320
29-1141,2017-05-01,524200,66750
29-1171,2017-05-01,524200,103430
21-1022,2017-05-01,525100,68590
29-1141,2017-05-01,525100,72690
21-1021,2017-05-01,531000,53630
21-1022,2017-05-01,531000,58920
21-1029,2017-05-01,531000,53080
29-1051,2017-05-01,5320A1,119330
29-1141,2017-05-01,5320A1,63400
21-1021,2017-05-01,541100,49870
21-1029,2017-05-01,541100,63080
29-1141,2017-05-01,541100,78950
29-1141,2017-05-01,541200,75680
29-1171,2017-05-01,541200,47470
29-1141,2017-05-01,541300,72180
29-1051,2017-05-01,541500,124730
29-1069,2017-05-01,541500,169080
29-1141,2017-05-01,541500,72410
29-1171,2017-05-01,541500,112960
21-1021,2017-05-01,541600,57340
21-1022,2017-05-01,541600,62010
21-1023,2017-05-01,541600,44110
29-1051,2017-05-01,541600,120630
29-1062,2017-05-01,541600,0
29-1069,2017-05-01,541600,0
29-1071,2017-05-01,541600,109880
29-1141,2017-05-01,541600,72160
29-1171,2017-05-01,541600,114420
31-1014,2017-05-01,541600,23470
21-1021,2017-05-01,541700,40000
21-1022,2017-05-01,541700,55940
21-1029,2017-05-01,541700,50660
29-1051,2017-05-01,541700,118900
29-1063,2017-05-01,541700,192820
29-1067,2017-05-01,541700,0
29-1069,2017-05-01,541700,145670
29-1071,2017-05-01,541700,103350
29-1141,2017-05-01,541700,70130
29-1171,2017-05-01,541700,97830
31-1014,2017-05-01,541700,35510
21-1021,2017-05-01,541900,39050
21-1022,2017-05-01,541900,53410
29-1051,2017-05-01,541900,122100
29-1069,2017-05-01,541900,127090
29-1141,2017-05-01,541900,67900
29-1171,2017-05-01,541900,96880
21-1021,2017-05-01,551100,43960
21-1022,2017-05-01,551100,56390
21-1023,2017-05-01,551100,43240
21-1029,2017-05-01,551100,60670
29-1051,2017-05-01,551100,124960
29-1062,2017-05-01,551100,0
29-1066,2017-05-01,551100,203690
29-1067,2017-05-01,551100,0
29-1069,2017-05-01,551100,0
29-1071,2017-05-01,551100,107060
29-1141,2017-05-01,551100,74060
29-1171,2017-05-01,551100,103790
31-1014,2017-05-01,551100,28500
21-1022,2017-05-01,561100,59050
29-1051,2017-05-01,561100,121760
29-1069,2017-05-01,561100,0
29-1071,2017-05-01,561100,87600
29-1141,2017-05-01,561100,72380
29-1171,2017-05-01,561100,113010
21-1021,2017-05-01,561200,33750
21-1023,2017-05-01,561200,32460
29-1141,2017-05-01,561200,66320
31-1014,2017-05-01,561200,41190
21-1021,2017-05-01,561300,43510
21-1022,2017-05-01,561300,59480
21-1023,2017-05-01,561300,38210
21-1029,2017-05-01,561300,0
29-1021,2017-05-01,561300,141190
29-1051,2017-05-01,561300,118720
29-1062,2017-05-01,561300,203900
29-1063,2017-05-01,561300,130720
29-1066,2017-05-01,561300,201470
29-1069,2017-05-01,561300,0
29-1071,2017-05-01,561300,114780
29-1141,2017-05-01,561300,69140
29-1151,2017-05-01,561300,158550
29-1171,2017-05-01,561300,113680
31-1014,2017-05-01,561300,28030
29-1051,2017-05-01,561400,122660
29-1141,2017-05-01,561400,62010
21-1021,2017-05-01,611100,58840
21-1023,2017-05-01,611100,43910
21-1029,2017-05-01,611100,53390
29-1062,2017-05-01,611100,163340
29-1065,2017-05-01,611100,168330
29-1066,2017-05-01,611100,0
29-1141,2017-05-01,611100,56400
29-1171,2017-05-01,611100,70040
31-1014,2017-05-01,611100,28090
21-1021,2017-05-01,611200,49300
21-1029,2017-05-01,611200,47520
29-1021,2017-05-01,611200,100980
29-1141,2017-05-01,611200,63610
31-1014,2017-05-01,611200,29410
21-1021,2017-05-01,611300,50700
21-1022,2017-05-01,611300,57860
21-1023,2017-05-01,611300,57270
21-1029,2017-05-01,611300,55460
29-1021,2017-05-01,611300,119980
29-1051,2017-05-01,611300,118720
29-1061,2017-05-01,611300,0
29-1062,2017-05-01,611300,76260
29-1063,2017-05-01,611300,62220
29-1064,2017-05-01,611300,114470
29-1065,2017-05-01,611300,61550
29-1066,2017-05-01,611300,155330
29-1067,2017-05-01,611300,63990
29-1069,2017-05-01,611300,63780
29-1071,2017-05-01,611300,101700
29-1141,2017-05-01,611300,72860
29-1151,2017-05-01,611300,154590
29-1171,2017-05-01,611300,98170
31-1014,2017-05-01,611300,34510
29-1069,2017-05-01,611400,0
29-1141,2017-05-01,611400,88420
21-1021,2017-05-01,611500,52910
29-1141,2017-05-01,611500,49760
21-1021,2017-05-01,611600,47530
29-1141,2017-05-01,611600,57990
21-1021,2017-05-01,611700,50110
21-1022,2017-05-01,611700,56020
21-1023,2017-05-01,611700,46650
29-1141,2017-05-01,611700,60120
31-1014,2017-05-01,611700,35550
21-1021,2017-05-01,621100,47270
21-1022,2017-05-01,621100,54730
21-1023,2017-05-01,621100,49110
21-1029,2017-05-01,621100,52400
29-1021,2017-05-01,621100,141730
29-1022,2017-05-01,621100,0
29-1023,2017-05-01,621100,191910
29-1029,2017-05-01,621100,0
29-1051,2017-05-01,621100,128390
29-1061,2017-05-01,621100,0
29-1062,2017-05-01,621100,202190
29-1063,2017-05-01,621100,207440
29-1064,2017-05-01,621100,0
29-1065,2017-05-01,621100,173950
29-1066,2017-05-01,621100,0
29-1067,2017-05-01,621100,0
29-1069,2017-05-01,621100,0
29-1071,2017-05-01,621100,102890
29-1141,2017-05-01,621100,63070
29-1151,2017-05-01,621100,156940
29-1171,2017-05-01,621100,100840
31-1014,2017-05-01,621100,29130
29-1021,2017-05-01,621200,154180
29-1022,2017-05-01,621200,0
29-1023,2017-05-01,621200,0
29-1024,2017-05-01,621200,189800
29-1029,2017-05-01,621200,0
29-1061,2017-05-01,621200,0
29-1067,2017-05-01,621200,0
29-1069,2017-05-01,621200,0
29-1071,2017-05-01,621200,38510
29-1141,2017-05-01,621200,59620
29-1171,2017-05-01,621200,120260
21-1021,2017-05-01,621300,41570
21-1022,2017-05-01,621300,50020
21-1023,2017-05-01,621300,47550
21-1029,2017-05-01,621300,58690
29-1021,2017-05-01,621300,136820
29-1051,2017-05-01,621300,118440
29-1061,2017-05-01,621300,169880
29-1062,2017-05-01,621300,190410
29-1063,2017-05-01,621300,198570
29-1065,2017-05-01,621300,99080
29-1066,2017-05-01,621300,0
29-1067,2017-05-01,621300,102650
29-1069,2017-05-01,621300,183230
29-1071,2017-05-01,621300,99390
29-1141,2017-05-01,621300,65390
29-1151,2017-05-01,621300,156040
29-1171,2017-05-01,621300,106060
31-1014,2017-05-01,621300,27510
21-1021,2017-05-01,621400,39470
21-1022,2017-05-01,621400,56670
21-1023,2017-05-01,621400,40400
21-1029,2017-05-01,621400,40650
29-1021,2017-05-01,621400,141740
29-1022,2017-05-01,621400,52830
29-1051,2017-05-01,621400,134210
29-1061,2017-05-01,621400,0
29-1062,2017-05-01,621400,199820
29-1063,2017-05-01,621400,203310
29-1064,2017-05-01,621400,205790
29-1065,2017-05-01,621400,179700
29-1066,2017-05-01,621400,0
29-1067,2017-05-01,621400,0
29-1069,2017-05-01,621400,0
29-1071,2017-05-01,621400,111740
29-1141,2017-05-01,621400,71860
29-1151,2017-05-01,621400,183860
29-1171,2017-05-01,621400,109160
31-1014,2017-05-01,621400,30810
21-1022,2017-05-01,621500,43550
29-1051,2017-05-01,621500,116690
29-1062,2017-05-01,621500,0
29-1063,2017-05-01,621500,0
29-1064,2017-05-01,621500,0
29-1069,2017-05-01,621500,0
29-1071,2017-05-01,621500,97120
29-1141,2017-05-01,621500,68530
29-1171,2017-05-01,621500,98380
31-1014,2017-05-01,621500,27700
21-1021,2017-05-01,621600,39200
21-1022,2017-05-01,621600,56390
21-1023,2017-05-01,621600,50500
21-1029,2017-05-01,621600,53730
29-1051,2017-05-01,621600,120880
29-1061,2017-05-01,621600,0
29-1062,2017-05-01,621600,200720
29-1063,2017-05-01,621600,203860
29-1066,2017-05-01,621600,0
29-1069,2017-05-01,621600,201750
29-1071,2017-05-01,621600,94810
29-1141,2017-05-01,621600,65610
29-1171,2017-05-01,621600,102950
31-1014,2017-05-01,621600,25940
21-1022,2017-05-01,621900,55580
21-1023,2017-05-01,621900,57820
29-1021,2017-05-01,621900,0
29-1051,2017-05-01,621900,108470
29-1062,2017-05-01,621900,197210
29-1064,2017-05-01,621900,0
29-1067,2017-05-01,621900,0
29-1069,2017-05-01,621900,192060
29-1071,2017-05-01,621900,101040
29-1141,2017-05-01,621900,68470
29-1171,2017-05-01,621900,104460
31-1014,2017-05-01,621900,26550
21-1021,2017-05-01,622100,50280
21-1022,2017-05-01,622100,60640
21-1023,2017-05-01,622100,54060
21-1029,2017-05-01,622100,63730
29-1021,2017-05-01,622100,133940
29-1022,2017-05-01,622100,65430
29-1023,2017-05-01,622100,80110
29-1029,2017-05-01,622100,141570
29-1051,2017-05-01,622100,125140
29-1061,2017-05-01,622100,0
29-1062,2017-05-01,622100,199960
29-1063,2017-05-01,622100,167860
29-1064,2017-05-01,622100,0
29-1065,2017-05-01,622100,170310
29-1066,2017-05-01,622100,199350
29-1067,2017-05-01,622100,0
29-1069,2017-05-01,622100,172150
29-1071,2017-05-01,622100,108160
29-1141,2017-05-01,622100,72080
29-1151,2017-05-01,622100,181600
29-1171,2017-05-01,622100,109720
31-1014,2017-05-01,622100,29250
21-1021,2017-05-01,622200,47870
21-1022,2017-05-01,622200,54270
21-1023,2017-05-01,622200,51060
21-1029,2017-05-01,622200,49680
29-1021,2017-05-01,622200,139880
29-1051,2017-05-01,622200,114350
29-1062,2017-05-01,622200,185060
29-1063,2017-05-01,622200,202150
29-1066,2017-05-01,622200,192460
29-1069,2017-05-01,622200,195810
29-1071,2017-05-01,622200,99000
29-1141,2017-05-01,622200,67620
29-1171,2017-05-01,622200,102370
31-1014,2017-05-01,622200,27990
21-1021,2017-05-01,622300,46020
21-1022,2017-05-01,622300,59670
21-1023,2017-05-01,622300,58930
21-1029,2017-05-01,622300,50240
29-1021,2017-05-01,622300,131140
29-1051,2017-05-01,622300,123660
29-1061,2017-05-01,622300,0
29-1062,2017-05-01,622300,0
29-1063,2017-05-01,622300,0
29-1065,2017-05-01,622300,202520
29-1066,2017-05-01,622300,156720
29-1067,2017-05-01,622300,0
29-1069,2017-05-01,622300,145090
29-1071,2017-05-01,622300,111760
29-1141,2017-05-01,622300,74370
29-1151,2017-05-01,622300,169490
29-1171,2017-05-01,622300,112390
31-1014,2017-05-01,622300,29810
21-1021,2017-05-01,623100,45700
21-1022,2017-05-01,623100,49700
21-1023,2017-05-01,623100,44530
21-1029,2017-05-01,623100,44830
29-1051,2017-05-01,623100,120750
29-1062,2017-05-01,623100,190360
29-1063,2017-05-01,623100,190520
29-1069,2017-05-01,623100,164800
29-1071,2017-05-01,623100,104230
29-1141,2017-05-01,623100,62740
29-1151,2017-05-01,623100,60100
29-1171,2017-05-01,623100,85050
31-1014,2017-05-01,623100,26700
21-1021,2017-05-01,623200,36750
21-1022,2017-05-01,623200,42900
21-1023,2017-05-01,623200,35270
21-1029,2017-05-01,623200,40830
29-1021,2017-05-01,623200,156960
29-1051,2017-05-01,623200,123210
29-1062,2017-05-01,623200,0
29-1066,2017-05-01,623200,0
29-1069,2017-05-01,623200,0
29-1071,2017-05-01,623200,97950
29-1141,2017-05-01,623200,61050
29-1171,2017-05-01,623200,107850
31-1014,2017-05-01,623200,25390
21-1021,2017-05-01,623300,37900
21-1022,2017-05-01,623300,49240
21-1023,2017-05-01,623300,41490
21-1029,2017-05-01,623300,50220
29-1051,2017-05-01,623300,121900
29-1062,2017-05-01,623300,191670
29-1141,2017-05-01,623300,61240
29-1171,2017-05-01,623300,59390
31-1014,2017-05-01,623300,25880
21-1021,2017-05-01,623900,36460
21-1022,2017-05-01,623900,36480
21-1023,2017-05-01,623900,37810
21-1029,2017-05-01,623900,46330
29-1065,2017-05-01,623900,59390
29-1066,2017-05-01,623900,206710
29-1141,2017-05-01,623900,58820
29-1171,2017-05-01,623900,100930
31-1014,2017-05-01,623900,25870
21-1021,2017-05-01,624100,39220
21-1022,2017-05-01,624100,46320
21-1023,2017-05-01,624100,42160
21-1029,2017-05-01,624100,43440
29-1021,2017-05-01,624100,141160
29-1051,2017-05-01,624100,122760
29-1062,2017-05-01,624100,175940
29-1065,2017-05-01,624100,132350
29-1066,2017-05-01,624100,197940
29-1069,2017-05-01,624100,184800
29-1071,2017-05-01,624100,109110
29-1141,2017-05-01,624100,59230
29-1171,2017-05-01,624100,96720
31-1014,2017-05-01,624100,24570
21-1021,2017-05-01,624200,37370
21-1022,2017-05-01,624200,38250
21-1023,2017-05-01,624200,36010
21-1029,2017-05-01,624200,35120
29-1066,2017-05-01,624200,162610
29-1141,2017-05-01,624200,61620
29-1171,2017-05-01,624200,103890
31-1014,2017-05-01,624200,25920
21-1021,2017-05-01,624300,36270
21-1022,2017-05-01,624300,43620
21-1023,2017-05-01,624300,40450
21-1029,2017-05-01,624300,42610
29-1066,2017-05-01,624300,188270
29-1141,2017-05-01,624300,62750
29-1171,2017-05-01,624300,99690
31-1014,2017-05-01,624300,25900
21-1021,2017-05-01,624400,35740
21-1022,2017-05-01,624400,40960
21-1023,2017-05-01,624400,52650
21-1029,2017-05-01,624400,36820
29-1141,2017-05-01,624400,60370
31-1014,2017-05-01,624400,27840
29-1141,2017-05-01,711300,63290
29-1141,2017-05-01,712100,47270
29-1141,2017-05-01,713100,0
29-1141,2017-05-01,713900,43750
29-1141,2017-05-01,721100,76220
29-1141,2017-05-01,721200,48070
29-1069,2017-05-01,812100,200990
29-1141,2017-05-01,812100,64780
29-1171,2017-05-01,812100,116840
21-1021,2017-05-01,813100,39430
21-1023,2017-05-01,813100,50000
21-1029,2017-05-01,813100,30660
29-1141,2017-05-01,813100,70340
29-1171,2017-05-01,813100,117250
31-1014,2017-05-01,813100,29080
21-1021,2017-05-01,813200,44380
21-1022,2017-05-01,813200,52000
21-1023,2017-05-01,813200,39950
21-1029,2017-05-01,813200,65430
29-1069,2017-05-01,813200,133330
29-1141,2017-05-01,813200,71690
29-1171,2017-05-01,813200,99540
31-1014,2017-05-01,813200,18770
21-1021,2017-05-01,813300,38430
21-1022,2017-05-01,813300,45310
21-1023,2017-05-01,813300,40420
21-1029,2017-05-01,813300,41390
29-1141,2017-05-01,813300,60340
29-1171,2017-05-01,813300,75710
21-1021,2017-05-01,813400,29890
21-1022,2017-05-01,813400,44420
21-1023,2017-05-01,813400,53860
29-1141,2017-05-01,813400,62270
21-1021,2017-05-01,813900,60150
21-1022,2017-05-01,813900,50310
29-1051,2017-05-01,813900,128920
29-1141,2017-05-01,813900,64890
21-1029,2017-05-01,999100,76970
29-1029,2017-05-01,999100,176190
29-1051,2017-05-01,999100,117090
29-1069,2017-05-01,999100,0
29-1071,2017-05-01,999100,95320
29-1141,2017-05-01,999100,83340
29-1151,2017-05-01,999100,170960
31-1014,2017-05-01,999100,37720
21-1021,2017-05-01,999200,44490
21-1022,2017-05-01,999200,52560
21-1023,2017-05-01,999200,50310
21-1029,2017-05-01,999200,49470
29-1021,2017-05-01,999200,141160
29-1051,2017-05-01,999200,109960
29-1062,2017-05-01,999200,185490
29-1063,2017-05-01,999200,178980
29-1066,2017-05-01,999200,0
29-1069,2017-05-01,999200,161620
29-1071,2017-05-01,999200,103090
29-1141,2017-05-01,999200,64920
29-1171,2017-05-01,999200,86760
31-1014,2017-05-01,999200,30820
21-1021,2017-05-01,999300,51740
21-1022,2017-05-01,999300,51940
21-1023,2017-05-01,999300,47150
21-1029,2017-05-01,999300,60900
29-1021,2017-05-01,999300,145590
29-1051,2017-05-01,999300,121170
29-1062,2017-05-01,999300,191420
29-1066,2017-05-01,999300,0
29-1069,2017-05-01,999300,176100
29-1071,2017-05-01,999300,95960
29-1141,2017-05-01,999300,63420
29-1171,2017-05-01,999300,97630
31-1014,2017-05-01,999300,29870
29-1141,2018-05-01,221100,78390
29-1141,2018-05-01,236200,66040
29-1141,2018-05-01,311600,60260
29-1141,2018-05-01,322100,73390
29-1141,2018-05-01,324100,80480
29-1141,2018-05-01,3250A1,77340
29-1051,2018-05-01,325400,127760
29-1069,2018-05-01,325400,0
29-1141,2018-05-01,325400,92200
29-1141,2018-05-01,3330A1,68870
29-1141,2018-05-01,333600,56400
29-1141,2018-05-01,334500,71370
29-1141,2018-05-01,336100,74100
29-1141,2018-05-01,336300,71140
29-1141,2018-05-01,336400,85020
29-1141,2018-05-01,339100,71170
29-1171,2018-05-01,339100,88210
29-1141,2018-05-01,339900,75420
29-1051,2018-05-01,423400,125480
29-1069,2018-05-01,423400,132840
29-1141,2018-05-01,423400,63310
31-1014,2018-05-01,423400,0
29-1051,2018-05-01,4240A2,124410
29-1141,2018-05-01,4240A2,75790
29-1051,2018-05-01,425100,120030
29-1141,2018-05-01,425100,77090
29-1051,2018-05-01,4450A1,130140
29-1071,2018-05-01,4450A1,107240
31-1014,2018-05-01,4450A1,28360
21-1022,2018-05-01,446100,38950
29-1051,2018-05-01,446100,124760
29-1141,2018-05-01,446100,66720
29-1171,2018-05-01,446100,103570
29-1051,2018-05-01,447100,126450
29-1051,2018-05-01,452000,131460
29-1171,2018-05-01,452000,106480
29-1051,2018-05-01,454100,126550
29-1141,2018-05-01,454100,79450
29-1141,2018-05-01,481100,83000
29-1141,2018-05-01,481200,60120
29-1141,2018-05-01,482100,75780
29-1141,2018-05-01,491100,68080
29-1141,2018-05-01,493100,71770
29-1141,2018-05-01,512100,0
31-1014,2018-05-01,512100,0
29-1141,2018-05-01,518200,63850
21-1021,2018-05-01,523000,45210
21-1021,2018-05-01,524100,52590
21-1022,2018-05-01,524100,57170
21-1023,2018-05-01,524100,67950
21-1029,2018-05-01,524100,70510
29-1021,2018-05-01,524100,140530
29-1051,2018-05-01,524100,123540
29-1069,2018-05-01,524100,200970
29-1141,2018-05-01,524100,74720
29-1171,2018-05-01,524100,108930
31-1014,2018-05-01,524100,32590
21-1022,2018-05-01,524200,60960
21-1029,2018-05-01,524200,73200
29-1021,2018-05-01,524200,133860
29-1051,2018-05-01,524200,123610
29-1069,2018-05-01,524200,0
29-1141,2018-05-01,524200,69300
29-1171,2018-05-01,524200,102400
29-1141,2018-05-01,525100,76020
29-1141,2018-05-01,525900,0
21-1021,2018-05-01,531000,51850
21-1022,2018-05-01,531000,58090
21-1029,2018-05-01,531000,46410
29-1141,2018-05-01,531000,71310
29-1051,2018-05-01,5320A1,120540
29-1141,2018-05-01,5320A1,62870
21-1021,2018-05-01,541100,50760
21-1029,2018-05-01,541100,66220
29-1141,2018-05-01,541100,77300
29-1141,2018-05-01,541200,76730
29-1171,2018-05-01,541200,49790
29-1141,2018-05-01,541300,74510
29-1051,2018-05-01,541500,125210
29-1069,2018-05-01,541500,178290
29-1141,2018-05-01,541500,71620
29-1171,2018-05-01,541500,117870
21-1021,2018-05-01,541600,50190
21-1022,2018-05-01,541600,64730
21-1023,2018-05-01,541600,40830
29-1051,2018-05-01,541600,122810
29-1062,2018-05-01,541600,0
29-1069,2018-05-01,541600,0
29-1071,2018-05-01,541600,110980
29-1141,2018-05-01,541600,72720
29-1171,2018-05-01,541600,105560
31-1014,2018-05-01,541600,24030
21-1021,2018-05-01,541700,40450
21-1022,2018-05-01,541700,54550
21-1023,2018-05-01,541700,52280
21-1029,2018-05-01,541700,69410
29-1051,2018-05-01,541700,118860
29-1062,2018-05-01,541700,201780
29-1069,2018-05-01,541700,143090
29-1071,2018-05-01,541700,110120
29-1141,2018-05-01,541700,74540
29-1171,2018-05-01,541700,104150
31-1014,2018-05-01,541700,41130
21-1021,2018-05-01,541900,43880
21-1022,2018-05-01,541900,42190
29-1051,2018-05-01,541900,131070
29-1069,2018-05-01,541900,157280
29-1141,2018-05-01,541900,75360
21-1021,2018-05-01,551100,45980
21-1022,2018-05-01,551100,56600
21-1023,2018-05-01,551100,44140
21-1029,2018-05-01,551100,59680
29-1051,2018-05-01,551100,128850
29-1062,2018-05-01,551100,0
29-1064,2018-05-01,551100,0
29-1066,2018-05-01,551100,194610
29-1067,2018-05-01,551100,0
29-1069,2018-05-01,551100,201750
29-1071,2018-05-01,551100,109630
29-1141,2018-05-01,551100,75170
29-1171,2018-05-01,551100,111160
31-1014,2018-05-01,551100,31380
21-1021,2018-05-01,561100,40730
21-1022,2018-05-01,561100,58480
21-1023,2018-05-01,561100,39800
29-1051,2018-05-01,561100,123130
29-1069,2018-05-01,561100,0
29-1071,2018-05-01,561100,97180
29-1141,2018-05-01,561100,72570
29-1171,2018-05-01,561100,109670
21-1021,2018-05-01,561200,36530
21-1023,2018-05-01,561200,37180
29-1141,2018-05-01,561200,67470
21-1021,2018-05-01,561300,47860
21-1022,2018-05-01,561300,61940
21-1023,2018-05-01,561300,41920
21-1029,2018-05-01,561300,0
29-1021,2018-05-01,561300,137530
29-1051,2018-05-01,561300,121800
29-1062,2018-05-01,561300,197370
29-1063,2018-05-01,561300,140790
29-1066,2018-05-01,561300,0
29-1067,2018-05-01,561300,149210
29-1069,2018-05-01,561300,0
29-1071,2018-05-01,561300,109890
29-1141,2018-05-01,561300,69860
29-1151,2018-05-01,561300,160010
29-1171,2018-05-01,561300,109100
31-1014,2018-05-01,561300,28800
29-1051,2018-05-01,561400,122480
29-1141,2018-05-01,561400,67590
21-1021,2018-05-01,611100,58700
21-1022,2018-05-01,611100,56660
21-1023,2018-05-01,611100,48540
21-1029,2018-05-01,611100,49130
29-1065,2018-05-01,611100,0
29-1066,2018-05-01,611100,185280
29-1069,2018-05-01,611100,95100
29-1141,2018-05-01,611100,57090
29-1171,2018-05-01,611100,60780
31-1014,2018-05-01,611100,28330
21-1021,2018-05-01,611200,53940
21-1022,2018-05-01,611200,71400
21-1029,2018-05-01,611200,46750
29-1021,2018-05-01,611200,98520
29-1141,2018-05-01,611200,62160
29-1171,2018-05-01,611200,111450
31-1014,2018-05-01,611200,35810
21-1021,2018-05-01,611300,53300
21-1022,2018-05-01,611300,59350
21-1023,2018-05-01,611300,54890
21-1029,2018-05-01,611300,62010
29-1021,2018-05-01,611300,100250
29-1022,2018-05-01,611300,60600
29-1029,2018-05-01,611300,89830
29-1051,2018-05-01,611300,121260
29-1061,2018-05-01,611300,64780
29-1062,2018-05-01,611300,140050
29-1063,2018-05-01,611300,62900
29-1064,2018-05-01,611300,133020
29-1065,2018-05-01,611300,64790
29-1066,2018-05-01,611300,164620
29-1067,2018-05-01,611300,128270
29-1069,2018-05-01,611300,64460
29-1071,2018-05-01,611300,102850
29-1141,2018-05-01,611300,76890
29-1151,2018-05-01,611300,161600
29-1171,2018-05-01,611300,100190
31-1014,2018-05-01,611300,36160
21-1021,2018-05-01,611400,55870
29-1069,2018-05-01,611400,0
29-1141,2018-05-01,611400,83650
31-1014,2018-05-01,611400,25700
21-1021,2018-05-01,611500,53840
29-1141,2018-05-01,611500,64730
21-1021,2018-05-01,611600,43850
29-1141,2018-05-01,611600,59190
21-1021,2018-05-01,611700,49940
21-1023,2018-05-01,611700,47230
29-1141,2018-05-01,611700,61220
31-1014,2018-05-01,611700,34430
21-1021,2018-05-01,621100,46940
21-1022,2018-05-01,621100,53410
21-1023,2018-05-01,621100,51310
21-1029,2018-05-01,621100,39210
29-1021,2018-05-01,621100,144180
29-1022,2018-05-01,621100,99620
29-1023,2018-05-01,621100,194290
29-1029,2018-05-01,621100,0
29-1051,2018-05-01,621100,126390
29-1061,2018-05-01,621100,0
29-1062,2018-05-01,621100,202640
29-1063,2018-05-01,621100,0
29-1064,2018-05-01,621100,0
29-1065,2018-05-01,621100,171920
29-1066,2018-05-01,621100,0
29-1067,2018-05-01,621100,0
29-1069,2018-05-01,621100,0
29-1071,2018-05-01,621100,107230
29-1141,2018-05-01,621100,64760
29-1151,2018-05-01,621100,160110
29-1171,2018-05-01,621100,103300
31-1014,2018-05-01,621100,30130
29-1021,2018-05-01,621200,154110
29-1022,2018-05-01,621200,0
29-1023,2018-05-01,621200,0
29-1024,2018-05-01,621200,173840
29-1029,2018-05-01,621200,0
29-1061,2018-05-01,621200,0
29-1067,2018-05-01,621200,0
29-1069,2018-05-01,621200,0
29-1071,2018-05-01,621200,43810
29-1141,2018-05-01,621200,62690
29-1171,2018-05-01,621200,95090
21-1021,2018-05-01,621300,45470
21-1022,2018-05-01,621300,51360
21-1023,2018-05-01,621300,49020
21-1029,2018-05-01,621300,56270
29-1021,2018-05-01,621300,143430
29-1051,2018-05-01,621300,123890
29-1061,2018-05-01,621300,166860
29-1062,2018-05-01,621300,189490
29-1063,2018-05-01,621300,0
29-1065,2018-05-01,621300,99890
29-1066,2018-05-01,621300,0
29-1067,2018-05-01,621300,114960
29-1069,2018-05-01,621300,186760
29-1071,2018-05-01,621300,103240
29-1141,2018-05-01,621300,67230
29-1151,2018-05-01,621300,162150
29-1171,2018-05-01,621300,109080
31-1014,2018-05-01,621300,28040
21-1021,2018-05-01,621400,40200
21-1022,2018-05-01,621400,58870
21-1023,2018-05-01,621400,42060
21-1029,2018-05-01,621400,47520
29-1021,2018-05-01,621400,147560
29-1022,2018-05-01,621400,53560
29-1051,2018-05-01,621400,141970
29-1061,2018-05-01,621400,0
29-1062,2018-05-01,621400,203540
29-1063,2018-05-01,621400,0
29-1064,2018-05-01,621400,0
29-1065,2018-05-01,621400,188970
29-1066,2018-05-01,621400,0
29-1067,2018-05-01,621400,0
29-1069,2018-05-01,621400,0
29-1071,2018-05-01,621400,115560
29-1141,2018-05-01,621400,73970
29-1151,2018-05-01,621400,183970
29-1171,2018-05-01,621400,113090
31-1014,2018-05-01,621400,32570
21-1022,2018-05-01,621500,48030
29-1051,2018-05-01,621500,120300
29-1062,2018-05-01,621500,200270
29-1063,2018-05-01,621500,0
29-1064,2018-05-01,621500,0
29-1069,2018-05-01,621500,0
29-1071,2018-05-01,621500,99380
29-1141,2018-05-01,621500,67030
29-1171,2018-05-01,621500,97240
31-1014,2018-05-01,621500,29470
21-1021,2018-05-01,621600,49300
21-1022,2018-05-01,621600,57150
21-1023,2018-05-01,621600,48360
21-1029,2018-05-01,621600,54340
29-1021,2018-05-01,621600,121160
29-1051,2018-05-01,621600,122500
29-1061,2018-05-01,621600,0
29-1062,2018-05-01,621600,187980
29-1063,2018-05-01,621600,207490
29-1066,2018-05-01,621600,0
29-1069,2018-05-01,621600,0
29-1071,2018-05-01,621600,97330
29-1141,2018-05-01,621600,67660
29-1151,2018-05-01,621600,183020
29-1171,2018-05-01,621600,105620
31-1014,2018-05-01,621600,27290
21-1022,2018-05-01,621900,58560
21-1023,2018-05-01,621900,58390
21-1029,2018-05-01,621900,71620
29-1021,2018-05-01,621900,135000
29-1051,2018-05-01,621900,117250
29-1062,2018-05-01,621900,207010
29-1069,2018-05-01,621900,192390
29-1071,2018-05-01,621900,99890
29-1141,2018-05-01,621900,69750
29-1151,2018-05-01,621900,146440
29-1171,2018-05-01,621900,107470
31-1014,2018-05-01,621900,28000
21-1021,2018-05-01,622100,52350
21-1022,2018-05-01,622100,62650
21-1023,2018-05-01,622100,57320
21-1029,2018-05-01,622100,68500
29-1021,2018-05-01,622100,135350
29-1022,2018-05-01,622100,69690
29-1023,2018-05-01,622100,88180
29-1029,2018-05-01,622100,170600
29-1051,2018-05-01,622100,127660
29-1061,2018-05-01,622100,0
29-1062,2018-05-01,622100,203660
29-1063,2018-05-01,622100,142230
29-1064,2018-05-01,622100,0
29-1065,2018-05-01,622100,162410
29-1066,2018-05-01,622100,0
29-1067,2018-05-01,622100,0
29-1069,2018-05-01,622100,170450
29-1071,2018-05-01,622100,111670
29-1141,2018-05-01,622100,73670
29-1151,2018-05-01,622100,183190
29-1171,2018-05-01,622100,112870
31-1014,2018-05-01,622100,30050
21-1021,2018-05-01,622200,47740
21-1022,2018-05-01,622200,55520
21-1023,2018-05-01,622200,50970
21-1029,2018-05-01,622200,47630
29-1021,2018-05-01,622200,143290
29-1051,2018-05-01,622200,116920
29-1062,2018-05-01,622200,192890
29-1063,2018-05-01,622200,198680
29-1066,2018-05-01,622200,197190
29-1069,2018-05-01,622200,201640
29-1071,2018-05-01,622200,95750
29-1141,2018-05-01,622200,69540
29-1171,2018-05-01,622200,106590
31-1014,2018-05-01,622200,28410
21-1021,2018-05-01,622300,46690
21-1022,2018-05-01,622300,61970
21-1023,2018-05-01,622300,58460
21-1029,2018-05-01,622300,50880
29-1021,2018-05-01,622300,137330
29-1051,2018-05-01,622300,124630
29-1061,2018-05-01,622300,0
29-1062,2018-05-01,622300,198160
29-1063,2018-05-01,622300,183950
29-1065,2018-05-01,622300,193450
29-1066,2018-05-01,622300,180030
29-1067,2018-05-01,622300,0
29-1069,2018-05-01,622300,174660
29-1071,2018-05-01,622300,111350
29-1141,2018-05-01,622300,75460
29-1151,2018-05-01,622300,170840
29-1171,2018-05-01,622300,115380
31-1014,2018-05-01,622300,30600
21-1021,2018-05-01,623100,45750
21-1022,2018-05-01,623100,51630
21-1023,2018-05-01,623100,50490
21-1029,2018-05-01,623100,44800
29-1021,2018-05-01,623100,128570
29-1051,2018-05-01,623100,121810
29-1062,2018-05-01,623100,181080
29-1063,2018-05-01,623100,194770
29-1069,2018-05-01,623100,172740
29-1071,2018-05-01,623100,113880
29-1141,2018-05-01,623100,64450
29-1171,2018-05-01,623100,94680
31-1014,2018-05-01,623100,27840
21-1021,2018-05-01,623200,37820
21-1022,2018-05-01,623200,43320
21-1023,2018-05-01,623200,36440
21-1029,2018-05-01,623200,44000
29-1021,2018-05-01,623200,161140
29-1051,2018-05-01,623200,126350
29-1062,2018-05-01,623200,0
29-1066,2018-05-01,623200,0
29-1069,2018-05-01,623200,0
29-1071,2018-05-01,623200,108250
29-1141,2018-05-01,623200,62820
29-1171,2018-05-01,623200,113880
31-1014,2018-05-01,623200,26410
21-1021,2018-05-01,623300,38410
21-1022,2018-05-01,623300,49490
21-1023,2018-05-01,623300,42630
21-1029,2018-05-01,623300,48520
29-1051,2018-05-01,623300,122670
29-1141,2018-05-01,623300,62900
29-1171,2018-05-01,623300,109830
31-1014,2018-05-01,623300,27200
21-1021,2018-05-01,623900,38010
21-1022,2018-05-01,623900,45980
21-1023,2018-05-01,623900,37970
21-1029,2018-05-01,623900,42700
29-1051,2018-05-01,623900,115800
29-1065,2018-05-01,623900,67280
29-1066,2018-05-01,623900,0
29-1069,2018-05-01,623900,99670
29-1141,2018-05-01,623900,61160
29-1171,2018-05-01,623900,101410
31-1014,2018-05-01,623900,26020
21-1021,2018-05-01,624100,40050
21-1022,2018-05-01,624100,47680
21-1023,2018-05-01,624100,43150
21-1029,2018-05-01,624100,44030
29-1021,2018-05-01,624100,146240
29-1051,2018-05-01,624100,128430
29-1062,2018-05-01,624100,180590
29-1065,2018-05-01,624100,147720
29-1066,2018-05-01,624100,0
29-1069,2018-05-01,624100,204120
29-1071,2018-05-01,624100,113340
29-1141,2018-05-01,624100,61630
29-1171,2018-05-01,624100,101730
31-1014,2018-05-01,624100,25690
21-1021,2018-05-01,624200,38420
21-1022,2018-05-01,624200,40400
21-1023,2018-05-01,624200,37400
21-1029,2018-05-01,624200,38670
29-1021,2018-05-01,624200,135240
29-1066,2018-05-01,624200,0
29-1141,2018-05-01,624200,62080
29-1171,2018-05-01,624200,113960
31-1014,2018-05-01,624200,28040
21-1021,2018-05-01,624300,38980
21-1022,2018-05-01,624300,47140
21-1023,2018-05-01,624300,38160
21-1029,2018-05-01,624300,42250
29-1066,2018-05-01,624300,177870
29-1141,2018-05-01,624300,62650
29-1171,2018-05-01,624300,109310
31-1014,2018-05-01,624300,27010
21-1021,2018-05-01,624400,37000
21-1022,2018-05-01,624400,43980
21-1023,2018-05-01,624400,55340
21-1029,2018-05-01,624400,36460
29-1141,2018-05-01,624400,57650
31-1014,2018-05-01,624400,29310
29-1141,2018-05-01,711200,45020
29-1141,2018-05-01,711300,61760
29-1141,2018-05-01,712100,49290
21-1021,2018-05-01,713900,28700
29-1141,2018-05-01,713900,71130
29-1141,2018-05-01,721100,72890
29-1141,2018-05-01,721200,55740
29-1069,2018-05-01,812100,0
29-1141,2018-05-01,812100,66900
29-1171,2018-05-01,812100,119510
21-1021,2018-05-01,813100,44700
21-1022,2018-05-01,813100,72870
21-1023,2018-05-01,813100,37930
21-1029,2018-05-01,813100,31000
29-1141,2018-05-01,813100,77200
29-1171,2018-05-01,813100,126800
31-1014,2018-05-01,813100,30880
21-1021,2018-05-01,813200,41960
21-1022,2018-05-01,813200,55190
21-1023,2018-05-01,813200,49830
21-1029,2018-05-01,813200,44220
29-1069,2018-05-01,813200,166540
29-1141,2018-05-01,813200,63190
29-1171,2018-05-01,813200,115210
31-1014,2018-05-01,813200,22350
21-1021,2018-05-01,813300,41080
21-1022,2018-05-01,813300,45640
21-1023,2018-05-01,813300,41510
21-1029,2018-05-01,813300,43380
29-1141,2018-05-01,813300,59810
29-1171,2018-05-01,813300,81400
21-1021,2018-05-01,813400,34460
21-1022,2018-05-01,813400,45230
21-1023,2018-05-01,813400,51950
21-1029,2018-05-01,813400,36710
29-1141,2018-05-01,813400,61710
21-1021,2018-05-01,813900,49360
21-1022,2018-05-01,813900,50380
29-1051,2018-05-01,813900,119470
29-1069,2018-05-01,813900,178830
29-1141,2018-05-01,813900,67420
29-1171,2018-05-01,813900,97000
21-1029,2018-05-01,999100,78560
29-1029,2018-05-01,999100,119710
29-1051,2018-05-01,999100,118720
29-1069,2018-05-01,999100,121180
29-1071,2018-05-01,999100,99630
29-1141,2018-05-01,999100,85820
31-1014,2018-05-01,999100,38800
21-1021,2018-05-01,999200,47350
21-1022,2018-05-01,999200,52970
21-1023,2018-05-01,999200,50670
21-1029,2018-05-01,999200,50220
29-1021,2018-05-01,999200,144140
29-1051,2018-05-01,999200,112360
29-1062,2018-05-01,999200,189940
29-1063,2018-05-01,999200,160760
29-1066,2018-05-01,999200,0
29-1069,2018-05-01,999200,175160
29-1071,2018-05-01,999200,103960
29-1141,2018-05-01,999200,68470
29-1171,2018-05-01,999200,89590
31-1014,2018-05-01,999200,31010
21-1021,2018-05-01,999300,53340
21-1022,2018-05-01,999300,52320
21-1023,2018-05-01,999300,50570
21-1029,2018-05-01,999300,64420
29-1021,2018-05-01,999300,146470
29-1051,2018-05-01,999300,129280
29-1062,2018-05-01,999300,200270
29-1063,2018-05-01,999300,0
29-1065,2018-05-01,999300,190620
29-1066,2018-05-01,999300,0
29-1069,2018-05-01,999300,134850
29-1071,2018-05-01,999300,102810
29-1141,2018-05-01,999300,65520
29-1151,2018-05-01,999300,175520
29-1171,2018-05-01,999300,104220
31-1014,2018-05-01,999300,30350
29-1141,2019-05-01,221100,69630
29-1141,2019-05-01,311600,61410
29-1141,2019-05-01,322100,72340
29-1141,2019-05-01,324100,80820
29-1051,2019-05-01,325400,128110
29-1141,2019-05-01,325400,81290
29-1141,2019-05-01,327000,69380
29-1141,2019-05-01,334500,69540
29-1141,2019-05-01,336100,74940
29-1141,2019-05-01,336300,72270
29-1141,2019-05-01,336400,86010
29-1141,2019-05-01,339100,71610
29-1171,2019-05-01,339100,109420
29-1051,2019-05-01,423400,126400
29-1141,2019-05-01,423400,65540
29-1051,2019-05-01,425100,118990
21-1022,2019-05-01,446100,36780
29-1051,2019-05-01,446100,125910
29-1141,2019-05-01,446100,72870
29-1171,2019-05-01,446100,110900
31-1131,2019-05-01,446100,31010
29-1051,2019-05-01,452000,136320
29-1051,2019-05-01,454100,129950
29-1141,2019-05-01,454100,81710
29-1051,2019-05-01,454300,121170
29-1141,2019-05-01,481200,58510
29-1141,2019-05-01,491100,68440
29-1051,2019-05-01,493100,132790
29-1141,2019-05-01,493100,69080
29-1141,2019-05-01,512100,0
31-1131,2019-05-01,512100,0
29-1051,2019-05-01,518200,0
29-1141,2019-05-01,518200,0
21-1021,2019-05-01,524100,46580
21-1022,2019-05-01,524100,62380
21-1023,2019-05-01,524100,70580
21-1029,2019-05-01,524100,70960
29-1021,2019-05-01,524100,139490
29-1051,2019-05-01,524100,125220
29-1071,2019-05-01,524100,107270
29-1141,2019-05-01,524100,76100
29-1171,2019-05-01,524100,113050
29-1215,2019-05-01,524100,0
31-1131,2019-05-01,524100,33300
21-1022,2019-05-01,524200,58680
21-1023,2019-05-01,524200,56080
21-1029,2019-05-01,524200,72750
29-1021,2019-05-01,524200,144960
29-1051,2019-05-01,524200,123290
29-1141,2019-05-01,524200,71030
29-1171,2019-05-01,524200,105810
29-1215,2019-05-01,524200,190850
29-1141,2019-05-01,525100,0
21-1021,2019-05-01,531000,53230
21-1022,2019-05-01,531000,59880
21-1029,2019-05-01,531000,45140
21-1021,2019-05-01,541100,52560
21-1029,2019-05-01,541100,55810
29-1141,2019-05-01,541100,72390
21-1022,2019-05-01,541200,54810
29-1141,2019-05-01,541200,77930
29-1171,2019-05-01,541200,101930
29-1141,2019-05-01,541300,73430
21-1022,2019-05-01,541500,73250
29-1051,2019-05-01,541500,125270
29-1141,2019-05-01,541500,72410
29-1171,2019-05-01,541500,115880
21-1021,2019-05-01,541600,50810
21-1022,2019-05-01,541600,62450
21-1023,2019-05-01,541600,47760
21-1029,2019-05-01,541600,47890
29-1051,2019-05-01,541600,119360
29-1071,2019-05-01,541600,114620
29-1141,2019-05-01,541600,74630
29-1171,2019-05-01,541600,105670
29-1215,2019-05-01,541600,190650
21-1021,2019-05-01,541700,49750
21-1022,2019-05-01,541700,58460
21-1023,2019-05-01,541700,57090
21-1029,2019-05-01,541700,65070
29-1051,2019-05-01,541700,123560
29-1071,2019-05-01,541700,127790
29-1141,2019-05-01,541700,75800
29-1171,2019-05-01,541700,110150
29-1215,2019-05-01,541700,181820
29-1216,2019-05-01,541700,190520
31-1131,2019-05-01,541700,41790
21-1021,2019-05-01,541900,45600
21-1022,2019-05-01,541900,39810
29-1051,2019-05-01,541900,129990
29-1141,2019-05-01,541900,76260
21-1021,2019-05-01,551100,47790
21-1022,2019-05-01,551100,58100
21-1023,2019-05-01,551100,48060
21-1029,2019-05-01,551100,60980
29-1021,2019-05-01,551100,148100
29-1051,2019-05-01,551100,133650
29-1071,2019-05-01,551100,113290
29-1141,2019-05-01,551100,76180
29-1171,2019-05-01,551100,110770
29-1215,2019-05-01,551100,205260
29-1216,2019-05-01,551100,0
29-1218,2019-05-01,551100,0
29-1221,2019-05-01,551100,187370
29-1223,2019-05-01,551100,195160
29-1248,2019-05-01,551100,0
31-1131,2019-05-01,551100,32320
21-1021,2019-05-01,561100,38170
21-1022,2019-05-01,561100,55050
21-1023,2019-05-01,561100,40130
29-1051,2019-05-01,561100,127750
29-1071,2019-05-01,561100,109260
29-1141,2019-05-01,561100,73730
29-1171,2019-05-01,561100,112260
21-1021,2019-05-01,561200,38340
29-1141,2019-05-01,561200,69740
31-1131,2019-05-01,561200,35950
21-1021,2019-05-01,561300,52910
21-1022,2019-05-01,561300,58230
21-1023,2019-05-01,561300,49180
21-1029,2019-05-01,561300,60820
29-1021,2019-05-01,561300,151590
29-1051,2019-05-01,561300,121000
29-1071,2019-05-01,561300,114220
29-1141,2019-05-01,561300,70390
29-1151,2019-05-01,561300,152190
29-1171,2019-05-01,561300,110680
29-1215,2019-05-01,561300,201910
29-1216,2019-05-01,561300,200780
29-1221,2019-05-01,561300,0
29-1223,2019-05-01,561300,200100
29-1248,2019-05-01,561300,161450
31-1131,2019-05-01,561300,29990
29-1141,2019-05-01,561400,81360
21-1021,2019-05-01,611100,60020
21-1022,2019-05-01,611100,55840
21-1023,2019-05-01,611100,49120
21-1029,2019-05-01,611100,43080
29-1141,2019-05-01,611100,58530
29-1171,2019-05-01,611100,59510
29-1223,2019-05-01,611100,173590
31-1131,2019-05-01,611100,28440
21-1021,2019-05-01,611200,56700
21-1022,2019-05-01,611200,69290
21-1029,2019-05-01,611200,44730
29-1021,2019-05-01,611200,108860
29-1141,2019-05-01,611200,68590
29-1171,2019-05-01,611200,113530
31-1131,2019-05-01,611200,35870
21-1021,2019-05-01,611300,54970
21-1022,2019-05-01,611300,59630
21-1023,2019-05-01,611300,58780
21-1029,2019-05-01,611300,56100
29-1021,2019-05-01,611300,104420
29-1022,2019-05-01,611300,57930
29-1029,2019-05-01,611300,90880
29-1051,2019-05-01,611300,126810
29-1071,2019-05-01,611300,109030
29-1141,2019-05-01,611300,76590
29-1151,2019-05-01,611300,181490
29-1171,2019-05-01,611300,104700
29-1211,2019-05-01,611300,68870
29-1215,2019-05-01,611300,147250
29-1216,2019-05-01,611300,64990
29-1218,2019-05-01,611300,123180
29-1221,2019-05-01,611300,71720
29-1223,2019-05-01,611300,150300
29-1248,2019-05-01,611300,98710
31-1131,2019-05-01,611300,37510
21-1021,2019-05-01,611400,49040
29-1141,2019-05-01,611400,56710
21-1021,2019-05-01,611500,53630
29-1141,2019-05-01,611500,61680
31-1131,2019-05-01,611500,34230
21-1021,2019-05-01,611600,49240
29-1141,2019-05-01,611600,58400
21-1021,2019-05-01,611700,49640
21-1022,2019-05-01,611700,40960
21-1023,2019-05-01,611700,47260
21-1029,2019-05-01,611700,45870
29-1141,2019-05-01,611700,59700
21-1021,2019-05-01,621100,47090
21-1022,2019-05-01,621100,51820
21-1023,2019-05-01,621100,53650
21-1029,2019-05-01,621100,40210
29-1021,2019-05-01,621100,149010
29-1022,2019-05-01,621100,100750
29-1023,2019-05-01,621100,199790
29-1029,2019-05-01,621100,149930
29-1051,2019-05-01,621100,131060
29-1071,2019-05-01,621100,110670
29-1141,2019-05-01,621100,66690
29-1151,2019-05-01,621100,164070
29-1171,2019-05-01,621100,106120
29-1211,2019-05-01,621100,0
29-1215,2019-05-01,621100,206950
29-1216,2019-05-01,621100,0
29-1218,2019-05-01,621100,0
29-1221,2019-05-01,621100,177970
29-1223,2019-05-01,621100,0
29-1248,2019-05-01,621100,0
31-1131,2019-05-01,621100,30970
21-1022,2019-05-01,621200,55740
29-1021,2019-05-01,621200,157270
29-1022,2019-05-01,621200,0
29-1023,2019-05-01,621200,0
29-1024,2019-05-01,621200,0
29-1029,2019-05-01,621200,0
29-1071,2019-05-01,621200,83020
29-1141,2019-05-01,621200,66430
29-1211,2019-05-01,621200,0
21-1021,2019-05-01,621300,46080
21-1022,2019-05-01,621300,51040
21-1023,2019-05-01,621300,50080
21-1029,2019-05-01,621300,58380
29-1021,2019-05-01,621300,174700
29-1051,2019-05-01,621300,126860
29-1071,2019-05-01,621300,107250
29-1141,2019-05-01,621300,68820
29-1151,2019-05-01,621300,166720
29-1171,2019-05-01,621300,109740
29-1211,2019-05-01,621300,172200
29-1215,2019-05-01,621300,169010
29-1216,2019-05-01,621300,206040
29-1218,2019-05-01,621300,180240
29-1223,2019-05-01,621300,0
29-1248,2019-05-01,621300,154550
31-1131,2019-05-01,621300,29510
21-1021,2019-05-01,621400,41510
21-1022,2019-05-01,621400,58870
21-1023,2019-05-01,621400,44040
21-1029,2019-05-01,621400,50590
29-1021,2019-05-01,621400,149490
29-1022,2019-05-01,621400,0
29-1051,2019-05-01,621400,147210
29-1071,2019-05-01,621400,119090
29-1141,2019-05-01,621400,76920
29-1151,2019-05-01,621400,0
29-1171,2019-05-01,621400,115780
29-1211,2019-05-01,621400,0
29-1215,2019-05-01,621400,0
29-1216,2019-05-01,621400,0
29-1218,2019-05-01,621400,0
29-1221,2019-05-01,621400,194120
29-1223,2019-05-01,621400,0
29-1248,2019-05-01,621400,0
31-1131,2019-05-01,621400,35530
21-1022,2019-05-01,621500,49480
29-1051,2019-05-01,621500,128610
29-1071,2019-05-01,621500,98350
29-1141,2019-05-01,621500,65170
29-1171,2019-05-01,621500,102920
29-1215,2019-05-01,621500,190030
29-1216,2019-05-01,621500,0
29-1248,2019-05-01,621500,0
31-1131,2019-05-01,621500,30370
21-1021,2019-05-01,621600,54290
21-1022,2019-05-01,621600,58130
21-1023,2019-05-01,621600,48750
21-1029,2019-05-01,621600,56110
29-1051,2019-05-01,621600,124770
29-1071,2019-05-01,621600,102000
29-1141,2019-05-01,621600,69160
29-1151,2019-05-01,621600,186380
29-1171,2019-05-01,621600,106320
29-1215,2019-05-01,621600,188530
29-1216,2019-05-01,621600,0
29-1223,2019-05-01,621600,0
31-1131,2019-05-01,621600,28600
21-1022,2019-05-01,621900,61950
21-1023,2019-05-01,621900,63530
21-1029,2019-05-01,621900,81870
29-1021,2019-05-01,621900,155270
29-1051,2019-05-01,621900,123330
29-1071,2019-05-01,621900,105940
29-1141,2019-05-01,621900,70800
29-1151,2019-05-01,621900,151620
29-1171,2019-05-01,621900,105510
29-1215,2019-05-01,621900,192830
29-1221,2019-05-01,621900,0
29-1248,2019-05-01,621900,0
31-1131,2019-05-01,621900,30120
21-1021,2019-05-01,622100,52910
21-1022,2019-05-01,622100,63520
21-1023,2019-05-01,622100,58470
21-1029,2019-05-01,622100,73020
29-1021,2019-05-01,622100,139730
29-1022,2019-05-01,622100,74530
29-1023,2019-05-01,622100,103690
29-1029,2019-05-01,622100,117460
29-1051,2019-05-01,622100,130060
29-1071,2019-05-01,622100,115310
29-1141,2019-05-01,622100,75030
29-1151,2019-05-01,622100,187680
29-1171,2019-05-01,622100,114990
29-1211,2019-05-01,622100,0
29-1215,2019-05-01,622100,205250
29-1216,2019-05-01,622100,157110
29-1218,2019-05-01,622100,0
29-1221,2019-05-01,622100,161420
29-1223,2019-05-01,622100,0
29-1248,2019-05-01,622100,0
31-1131,2019-05-01,622100,31090
21-1021,2019-05-01,622200,52180
21-1022,2019-05-01,622200,56140
21-1023,2019-05-01,622200,51800
21-1029,2019-05-01,622200,47510
29-1021,2019-05-01,622200,145650
29-1051,2019-05-01,622200,121870
29-1071,2019-05-01,622200,100780
29-1141,2019-05-01,622200,71570
29-1171,2019-05-01,622200,109810
29-1215,2019-05-01,622200,206640
29-1216,2019-05-01,622200,0
29-1223,2019-05-01,622200,0
31-1131,2019-05-01,622200,30400
21-1021,2019-05-01,622300,40490
21-1022,2019-05-01,622300,63780
21-1023,2019-05-01,622300,61940
21-1029,2019-05-01,622300,50450
29-1021,2019-05-01,622300,135210
29-1051,2019-05-01,622300,126600
29-1071,2019-05-01,622300,115140
29-1141,2019-05-01,622300,77460
29-1151,2019-05-01,622300,176650
29-1171,2019-05-01,622300,118870
29-1211,2019-05-01,622300,0
29-1215,2019-05-01,622300,0
29-1216,2019-05-01,622300,189010
29-1221,2019-05-01,622300,165520
29-1223,2019-05-01,622300,175900
29-1248,2019-05-01,622300,0
31-1131,2019-05-01,622300,31780
21-1021,2019-05-01,623100,47730
21-1022,2019-05-01,623100,52810
21-1023,2019-05-01,623100,51770
21-1029,2019-05-01,623100,48010
29-1021,2019-05-01,623100,129970
29-1051,2019-05-01,623100,124720
29-1071,2019-05-01,623100,119720
29-1141,2019-05-01,623100,66840
29-1171,2019-05-01,623100,0
29-1215,2019-05-01,623100,173880
29-1216,2019-05-01,623100,190410
29-1223,2019-05-01,623100,0
31-1131,2019-05-01,623100,28910
21-1021,2019-05-01,623200,40180
21-1022,2019-05-01,623200,45050
21-1023,2019-05-01,623200,37180
29-1021,2019-05-01,623200,171230
29-1051,2019-05-01,623200,137320
29-1071,2019-05-01,623200,115720
29-1141,2019-05-01,623200,64800
29-1171,2019-05-01,623200,120070
29-1215,2019-05-01,623200,0
29-1223,2019-05-01,623200,0
31-1131,2019-05-01,623200,27360
21-1021,2019-05-01,623300,38560
21-1022,2019-05-01,623300,51240
21-1023,2019-05-01,623300,42100
21-1029,2019-05-01,623300,45670
29-1051,2019-05-01,623300,124990
29-1141,2019-05-01,623300,64640
29-1171,2019-05-01,623300,113400
31-1131,2019-05-01,623300,28590
21-1021,2019-05-01,623900,39120
21-1022,2019-05-01,623900,47850
21-1023,2019-05-01,623900,41590
21-1029,2019-05-01,623900,45510
29-1051,2019-05-01,623900,122000
29-1071,2019-05-01,623900,109690
29-1141,2019-05-01,623900,64220
29-1171,2019-05-01,623900,100150
29-1221,2019-05-01,623900,81020
29-1223,2019-05-01,623900,0
31-1131,2019-05-01,623900,26850
21-1021,2019-05-01,624100,41250
21-1022,2019-05-01,624100,48080
21-1023,2019-05-01,624100,44420
21-1029,2019-05-01,624100,43240
29-1021,2019-05-01,624100,145270
29-1051,2019-05-01,624100,125360
29-1071,2019-05-01,624100,118700
29-1141,2019-05-01,624100,62870
29-1171,2019-05-01,624100,104580
29-1215,2019-05-01,624100,190640
29-1221,2019-05-01,624100,155660
29-1223,2019-05-01,624100,0
31-1131,2019-05-01,624100,26870
21-1021,2019-05-01,624200,40190
21-1022,2019-05-01,624200,44210
21-1023,2019-05-01,624200,40150
21-1029,2019-05-01,624200,38390
29-1141,2019-05-01,624200,65360
29-1171,2019-05-01,624200,131050
29-1223,2019-05-01,624200,0
31-1131,2019-05-01,624200,28960
21-1021,2019-05-01,624300,40240
21-1022,2019-05-01,624300,48080
21-1023,2019-05-01,624300,37050
21-1029,2019-05-01,624300,39810
29-1141,2019-05-01,624300,62770
29-1171,2019-05-01,624300,117380
29-1223,2019-05-01,624300,0
31-1131,2019-05-01,624300,26850
21-1021,2019-05-01,624400,38650
21-1022,2019-05-01,624400,40000
21-1023,2019-05-01,624400,57160
21-1029,2019-05-01,624400,37130
29-1141,2019-05-01,624400,59830
31-1131,2019-05-01,624400,22270
29-1141,2019-05-01,711200,45110
29-1141,2019-05-01,711300,59980
29-1141,2019-05-01,712100,52360
21-1021,2019-05-01,713900,31850
29-1141,2019-05-01,713900,69440
29-1141,2019-05-01,721100,80040
29-1141,2019-05-01,721200,56730
29-1071,2019-05-01,812100,119090
29-1141,2019-05-01,812100,66490
29-1171,2019-05-01,812100,104840
21-1021,2019-05-01,813100,45500
21-1022,2019-05-01,813100,75630
21-1023,2019-05-01,813100,48540
21-1029,2019-05-01,813100,30070
29-1141,2019-05-01,813100,78570
29-1171,2019-05-01,813100,129280
31-1131,2019-05-01,813100,32130
21-1021,2019-05-01,813200,43890
21-1022,2019-05-01,813200,57090
21-1023,2019-05-01,813200,52820
21-1029,2019-05-01,813200,43920
29-1141,2019-05-01,813200,62300
29-1171,2019-05-01,813200,120120
31-1131,2019-05-01,813200,26500
21-1021,2019-05-01,813300,41470
21-1022,2019-05-01,813300,48290
21-1023,2019-05-01,813300,44280
21-1029,2019-05-01,813300,44230
29-1141,2019-05-01,813300,61820
29-1171,2019-05-01,813300,78750
31-1131,2019-05-01,813300,34880
21-1021,2019-05-01,813400,38580
21-1022,2019-05-01,813400,40440
21-1023,2019-05-01,813400,50450
21-1029,2019-05-01,813400,29130
29-1141,2019-05-01,813400,63370
31-1131,2019-05-01,813400,23030
21-1021,2019-05-01,813900,46860
21-1022,2019-05-01,813900,47080
29-1141,2019-05-01,813900,70280
29-1171,2019-05-01,813900,92750
21-1029,2019-05-01,999100,78260
29-1029,2019-05-01,999100,120040
29-1051,2019-05-01,999100,119320
29-1071,2019-05-01,999100,101140
29-1141,2019-05-01,999100,86690
31-1131,2019-05-01,999100,38840
21-1021,2019-05-01,999200,49160
21-1022,2019-05-01,999200,52590
21-1023,2019-05-01,999200,53500
21-1029,2019-05-01,999200,45410
29-1021,2019-05-01,999200,150850
29-1051,2019-05-01,999200,116010
29-1071,2019-05-01,999200,107500
29-1141,2019-05-01,999200,70120
29-1171,2019-05-01,999200,95000
29-1215,2019-05-01,999200,0
29-1216,2019-05-01,999200,188850
29-1223,2019-05-01,999200,190140
31-1131,2019-05-01,999200,34920
21-1021,2019-05-01,999300,53970
21-1022,2019-05-01,999300,54580
21-1023,2019-05-01,999300,53190
21-1029,2019-05-01,999300,64730
29-1021,2019-05-01,999300,149520
29-1051,2019-05-01,999300,129090
29-1071,2019-05-01,999300,105980
29-1141,2019-05-01,999300,68610
29-1151,2019-05-01,999300,179160
29-1171,2019-05-01,999300,107230
29-1215,2019-05-01,999300,202200
29-1216,2019-05-01,999300,200960
29-1221,2019-05-01,999300,184190
29-1223,2019-05-01,999300,0
29-1248,2019-05-01,999300,0
31-1131,2019-05-01,999300,31650
29-1141,2019-05-01,3250A1,76530
29-1141,2019-05-01,3320A1,65950
29-1141,2019-05-01,3330A1,73010
29-1051,2019-05-01,4240A2,125210
29-1141,2019-05-01,4240A2,78360
29-1051,2019-05-01,4450A1,132750
31-1131,2019-05-01,4450A1,29550
29-1051,2019-05-01,5320A1,121410
29-1141,2019-05-01,5320A1,62130
29-1141,2020-05-01,221100,71340
29-1141,2020-05-01,311400,62210
29-1141,2020-05-01,311600,64660
29-1141,2020-05-01,322100,70340
29-1141,2020-05-01,324100,87390
29-1051,2020-05-01,325400,128070
29-1141,2020-05-01,325400,85210
29-1141,2020-05-01,327000,73550
29-1141,2020-05-01,334500,75230
29-1141,2020-05-01,336100,75850
29-1141,2020-05-01,336300,75410
29-1141,2020-05-01,336400,90460
29-1021,2020-05-01,339100,130150
29-1141,2020-05-01,339100,76950
29-1171,2020-05-01,339100,110710
29-1051,2020-05-01,423400,127910
29-1141,2020-05-01,423400,66600
29-1171,2020-05-01,423400,114000
29-1051,2020-05-01,425100,125560
29-1141,2020-05-01,425100,79090
21-1022,2020-05-01,446100,49100
29-1051,2020-05-01,446100,125730
29-1141,2020-05-01,446100,80390
29-1171,2020-05-01,446100,112940
31-1131,2020-05-01,446100,35920
29-1051,2020-05-01,454100,132010
29-1141,2020-05-01,454100,80680
29-1051,2020-05-01,454300,124990
29-1141,2020-05-01,491100,73850
29-1051,2020-05-01,493100,132240
29-1141,2020-05-01,493100,71080
29-1141,2020-05-01,512100,0
31-1131,2020-05-01,512100,0
29-1141,2020-05-01,518200,0
21-1022,2020-05-01,524100,66300
21-1023,2020-05-01,524100,71260
21-1029,2020-05-01,524100,65990
29-1021,2020-05-01,524100,140570
29-1051,2020-05-01,524100,126540
29-1141,2020-05-01,524100,77910
29-1171,2020-05-01,524100,118280
29-1215,2020-05-01,524100,0
31-1131,2020-05-01,524100,35220
21-1022,2020-05-01,524200,58140
21-1023,2020-05-01,524200,54840
29-1051,2020-05-01,524200,125230
29-1141,2020-05-01,524200,72830
29-1171,2020-05-01,524200,100950
29-1215,2020-05-01,524200,190070
29-1141,2020-05-01,525900,83350
21-1021,2020-05-01,531000,41840
21-1022,2020-05-01,531000,58120
21-1029,2020-05-01,531000,46480
21-1021,2020-05-01,541100,50570
21-1029,2020-05-01,541100,58750
29-1141,2020-05-01,541100,71180
21-1022,2020-05-01,541200,57450
29-1141,2020-05-01,541200,76680
29-1171,2020-05-01,541200,106990
29-1141,2020-05-01,541300,77300
21-1022,2020-05-01,541500,74740
29-1051,2020-05-01,541500,111400
29-1141,2020-05-01,541500,74140
29-1171,2020-05-01,541500,109740
21-1021,2020-05-01,541600,47300
21-1022,2020-05-01,541600,57320
21-1023,2020-05-01,541600,45700
21-1029,2020-05-01,541600,49900
29-1051,2020-05-01,541600,122240
29-1071,2020-05-01,541600,119080
29-1141,2020-05-01,541600,77670
29-1171,2020-05-01,541600,101620
29-1215,2020-05-01,541600,0
21-1021,2020-05-01,541700,53510
21-1022,2020-05-01,541700,61000
21-1023,2020-05-01,541700,52420
29-1051,2020-05-01,541700,127460
29-1071,2020-05-01,541700,125410
29-1141,2020-05-01,541700,78950
29-1171,2020-05-01,541700,112230
29-1215,2020-05-01,541700,192550
29-1216,2020-05-01,541700,199160
29-1223,2020-05-01,541700,178480
29-1248,2020-05-01,541700,81940
31-1131,2020-05-01,541700,38010
21-1021,2020-05-01,541900,43280
21-1022,2020-05-01,541900,57240
29-1051,2020-05-01,541900,125330
29-1141,2020-05-01,541900,77050
29-1171,2020-05-01,541900,105400
21-1021,2020-05-01,551100,47680
21-1022,2020-05-01,551100,59110
21-1023,2020-05-01,551100,44070
21-1029,2020-05-01,551100,62030
29-1021,2020-05-01,551100,154860
29-1051,2020-05-01,551100,134000
29-1071,2020-05-01,551100,116340
29-1141,2020-05-01,551100,79660
29-1171,2020-05-01,551100,109320
29-1215,2020-05-01,551100,206360
29-1216,2020-05-01,551100,0
29-1221,2020-05-01,551100,189450
29-1223,2020-05-01,551100,204550
29-1248,2020-05-01,551100,0
31-1131,2020-05-01,551100,32850
21-1021,2020-05-01,561100,37620
21-1022,2020-05-01,561100,59140
21-1023,2020-05-01,561100,48590
21-1029,2020-05-01,561100,0
29-1051,2020-05-01,561100,130630
29-1071,2020-05-01,561100,0
29-1141,2020-05-01,561100,81350
29-1171,2020-05-01,561100,113000
29-1141,2020-05-01,561200,74100
31-1131,2020-05-01,561200,34840
21-1021,2020-05-01,561300,53990
21-1022,2020-05-01,561300,57400
21-1023,2020-05-01,561300,46440
21-1029,2020-05-01,561300,62220
29-1021,2020-05-01,561300,157830
29-1051,2020-05-01,561300,123200
29-1071,2020-05-01,561300,115780
29-1141,2020-05-01,561300,71770
29-1151,2020-05-01,561300,154830
29-1171,2020-05-01,561300,108430
29-1215,2020-05-01,561300,206550
29-1216,2020-05-01,561300,0
29-1221,2020-05-01,561300,0
29-1223,2020-05-01,561300,200100
29-1248,2020-05-01,561300,193640
31-1131,2020-05-01,561300,31330
29-1051,2020-05-01,561400,122060
29-1141,2020-05-01,561400,99870
21-1021,2020-05-01,611100,61250
21-1022,2020-05-01,611100,60690
21-1023,2020-05-01,611100,51640
21-1029,2020-05-01,611100,44330
29-1141,2020-05-01,611100,59260
29-1171,2020-05-01,611100,61320
29-1223,2020-05-01,611100,181130
31-1131,2020-05-01,611100,29190
21-1021,2020-05-01,611200,58730
21-1022,2020-05-01,611200,68450
21-1029,2020-05-01,611200,45530
29-1021,2020-05-01,611200,117170
29-1141,2020-05-01,611200,70470
29-1171,2020-05-01,611200,119130
31-1131,2020-05-01,611200,47220
21-1021,2020-05-01,611300,56410
21-1022,2020-05-01,611300,61830
21-1023,2020-05-01,611300,52190
21-1029,2020-05-01,611300,56660
29-1021,2020-05-01,611300,105880
29-1022,2020-05-01,611300,59420
29-1023,2020-05-01,611300,71370
29-1029,2020-05-01,611300,89020
29-1051,2020-05-01,611300,129510
29-1071,2020-05-01,611300,110730
29-1141,2020-05-01,611300,77650
29-1151,2020-05-01,611300,189360
29-1171,2020-05-01,611300,107670
29-1211,2020-05-01,611300,63050
29-1215,2020-05-01,611300,167310
29-1216,2020-05-01,611300,131210
29-1218,2020-05-01,611300,90020
29-1221,2020-05-01,611300,64830
29-1223,2020-05-01,611300,148550
29-1248,2020-05-01,611300,76610
31-1131,2020-05-01,611300,40710
21-1021,2020-05-01,611400,45990
29-1141,2020-05-01,611400,61470
21-1021,2020-05-01,611500,52800
29-1141,2020-05-01,611500,62580
31-1131,2020-05-01,611500,36260
21-1021,2020-05-01,611600,52780
29-1141,2020-05-01,611600,60000
21-1021,2020-05-01,611700,50980
21-1022,2020-05-01,611700,50250
21-1023,2020-05-01,611700,52470
21-1029,2020-05-01,611700,65720
29-1141,2020-05-01,611700,64000
21-1021,2020-05-01,621100,46480
21-1022,2020-05-01,621100,53650
21-1023,2020-05-01,621100,55060
21-1029,2020-05-01,621100,40180
29-1021,2020-05-01,621100,152400
29-1022,2020-05-01,621100,174460
29-1023,2020-05-01,621100,0
29-1029,2020-05-01,621100,135840
29-1051,2020-05-01,621100,134260
29-1071,2020-05-01,621100,113460
29-1141,2020-05-01,621100,68730
29-1151,2020-05-01,621100,172220
29-1171,2020-05-01,621100,108420
29-1211,2020-05-01,621100,0
29-1215,2020-05-01,621100,0
29-1216,2020-05-01,621100,0
29-1218,2020-05-01,621100,0
29-1221,2020-05-01,621100,180740
29-1223,2020-05-01,621100,203810
29-1248,2020-05-01,621100,0
31-1131,2020-05-01,621100,31430
21-1022,2020-05-01,621200,60380
29-1021,2020-05-01,621200,160670
29-1022,2020-05-01,621200,0
29-1023,2020-05-01,621200,0
29-1024,2020-05-01,621200,0
29-1029,2020-05-01,621200,167610
29-1141,2020-05-01,621200,68750
21-1021,2020-05-01,621300,45360
21-1022,2020-05-01,621300,56480
21-1023,2020-05-01,621300,51930
21-1029,2020-05-01,621300,58870
29-1021,2020-05-01,621300,0
29-1051,2020-05-01,621300,126490
29-1071,2020-05-01,621300,112200
29-1141,2020-05-01,621300,71570
29-1151,2020-05-01,621300,180650
29-1171,2020-05-01,621300,109200
29-1211,2020-05-01,621300,133670
29-1215,2020-05-01,621300,171110
29-1216,2020-05-01,621300,0
29-1218,2020-05-01,621300,181560
29-1221,2020-05-01,621300,199920
29-1223,2020-05-01,621300,0
29-1248,2020-05-01,621300,206480
31-1131,2020-05-01,621300,29820
21-1021,2020-05-01,621400,41250
21-1022,2020-05-01,621400,59560
21-1023,2020-05-01,621400,46940
21-1029,2020-05-01,621400,50610
29-1021,2020-05-01,621400,153970
29-1022,2020-05-01,621400,0
29-1051,2020-05-01,621400,152400
29-1071,2020-05-01,621400,124610
29-1141,2020-05-01,621400,79310
29-1151,2020-05-01,621400,0
29-1171,2020-05-01,621400,118030
29-1211,2020-05-01,621400,0
29-1215,2020-05-01,621400,0
29-1216,2020-05-01,621400,0
29-1218,2020-05-01,621400,0
29-1221,2020-05-01,621400,197820
29-1223,2020-05-01,621400,0
29-1248,2020-05-01,621400,0
31-1131,2020-05-01,621400,37230
21-1022,2020-05-01,621500,51610
29-1051,2020-05-01,621500,136320
29-1071,2020-05-01,621500,102050
29-1141,2020-05-01,621500,65860
29-1171,2020-05-01,621500,105840
29-1215,2020-05-01,621500,0
29-1216,2020-05-01,621500,0
29-1248,2020-05-01,621500,0
31-1131,2020-05-01,621500,31560
21-1021,2020-05-01,621600,55730
21-1022,2020-05-01,621600,59380
21-1023,2020-05-01,621600,46750
21-1029,2020-05-01,621600,48980
29-1051,2020-05-01,621600,122210
29-1071,2020-05-01,621600,86650
29-1141,2020-05-01,621600,70720
29-1151,2020-05-01,621600,196720
29-1171,2020-05-01,621600,108300
29-1215,2020-05-01,621600,177270
29-1216,2020-05-01,621600,0
29-1223,2020-05-01,621600,0
31-1131,2020-05-01,621600,29210
21-1022,2020-05-01,621900,61000
21-1023,2020-05-01,621900,75070
29-1021,2020-05-01,621900,168840
29-1051,2020-05-01,621900,126500
29-1071,2020-05-01,621900,101000
29-1141,2020-05-01,621900,72570
29-1171,2020-05-01,621900,106700
29-1215,2020-05-01,621900,186180
29-1216,2020-05-01,621900,133060
29-1221,2020-05-01,621900,141160
29-1248,2020-05-01,621900,0
31-1131,2020-05-01,621900,30470
21-1021,2020-05-01,622100,54310
21-1022,2020-05-01,622100,64210
21-1023,2020-05-01,622100,64560
21-1029,2020-05-01,622100,75890
29-1021,2020-05-01,622100,129490
29-1022,2020-05-01,622100,72400
29-1023,2020-05-01,622100,109360
29-1029,2020-05-01,622100,112630
29-1051,2020-05-01,622100,131650
29-1071,2020-05-01,622100,118680
29-1141,2020-05-01,622100,76830
29-1151,2020-05-01,622100,193440
29-1171,2020-05-01,622100,117080
29-1211,2020-05-01,622100,0
29-1215,2020-05-01,622100,196370
29-1216,2020-05-01,622100,144410
29-1218,2020-05-01,622100,0
29-1221,2020-05-01,622100,163370
29-1223,2020-05-01,622100,201200
29-1248,2020-05-01,622100,0
31-1131,2020-05-01,622100,32140
21-1021,2020-05-01,622200,47060
21-1022,2020-05-01,622200,56860
21-1023,2020-05-01,622200,54700
21-1029,2020-05-01,622200,53130
29-1021,2020-05-01,622200,152780
29-1051,2020-05-01,622200,122710
29-1071,2020-05-01,622200,107640
29-1141,2020-05-01,622200,73570
29-1171,2020-05-01,622200,113450
29-1215,2020-05-01,622200,0
29-1216,2020-05-01,622200,0
29-1223,2020-05-01,622200,0
31-1131,2020-05-01,622200,31370
21-1021,2020-05-01,622300,56980
21-1022,2020-05-01,622300,66100
21-1023,2020-05-01,622300,67180
29-1021,2020-05-01,622300,128040
29-1051,2020-05-01,622300,127910
29-1071,2020-05-01,622300,119050
29-1141,2020-05-01,622300,79270
29-1151,2020-05-01,622300,197940
29-1171,2020-05-01,622300,123600
29-1211,2020-05-01,622300,0
29-1215,2020-05-01,622300,0
29-1216,2020-05-01,622300,123500
29-1221,2020-05-01,622300,162790
29-1223,2020-05-01,622300,144330
29-1248,2020-05-01,622300,0
31-1131,2020-05-01,622300,32670
21-1021,2020-05-01,623100,50180
21-1022,2020-05-01,623100,53570
21-1023,2020-05-01,623100,54320
21-1029,2020-05-01,623100,55670
29-1021,2020-05-01,623100,125870
29-1051,2020-05-01,623100,127180
29-1071,2020-05-01,623100,120630
29-1141,2020-05-01,623100,68920
29-1171,2020-05-01,623100,0
29-1215,2020-05-01,623100,174470
29-1216,2020-05-01,623100,168560
31-1131,2020-05-01,623100,30120
21-1021,2020-05-01,623200,42440
21-1022,2020-05-01,623200,45820
21-1023,2020-05-01,623200,38320
21-1029,2020-05-01,623200,61140
29-1051,2020-05-01,623200,129340
29-1071,2020-05-01,623200,120300
29-1141,2020-05-01,623200,66520
29-1171,2020-05-01,623200,123750
29-1215,2020-05-01,623200,0
29-1223,2020-05-01,623200,0
31-1131,2020-05-01,623200,29030
21-1021,2020-05-01,623300,58480
21-1022,2020-05-01,623300,52070
21-1023,2020-05-01,623300,47360
21-1029,2020-05-01,623300,42930
29-1051,2020-05-01,623300,128710
29-1141,2020-05-01,623300,67720
29-1171,2020-05-01,623300,118990
31-1131,2020-05-01,623300,30020
21-1021,2020-05-01,623900,41210
21-1022,2020-05-01,623900,50070
21-1023,2020-05-01,623900,45380
21-1029,2020-05-01,623900,41140
29-1051,2020-05-01,623900,124870
29-1071,2020-05-01,623900,114090
29-1141,2020-05-01,623900,66200
29-1171,2020-05-01,623900,108200
29-1221,2020-05-01,623900,83320
29-1223,2020-05-01,623900,0
31-1131,2020-05-01,623900,27410
21-1021,2020-05-01,624100,42260
21-1022,2020-05-01,624100,48280
21-1023,2020-05-01,624100,44380
21-1029,2020-05-01,624100,46190
29-1021,2020-05-01,624100,138180
29-1051,2020-05-01,624100,128200
29-1071,2020-05-01,624100,115280
29-1141,2020-05-01,624100,64970
29-1171,2020-05-01,624100,108890
29-1215,2020-05-01,624100,0
29-1223,2020-05-01,624100,0
31-1131,2020-05-01,624100,28130
21-1021,2020-05-01,624200,39930
21-1022,2020-05-01,624200,46060
21-1023,2020-05-01,624200,42620
21-1029,2020-05-01,624200,39530
29-1141,2020-05-01,624200,66670
29-1171,2020-05-01,624200,137570
29-1223,2020-05-01,624200,0
31-1131,2020-05-01,624200,29480
21-1021,2020-05-01,624300,40670
21-1022,2020-05-01,624300,49860
21-1023,2020-05-01,624300,38680
21-1029,2020-05-01,624300,42880
29-1141,2020-05-01,624300,62420
29-1171,2020-05-01,624300,114220
29-1223,2020-05-01,624300,201950
31-1131,2020-05-01,624300,28080
21-1021,2020-05-01,624400,39240
21-1022,2020-05-01,624400,51510
21-1023,2020-05-01,624400,47330
21-1029,2020-05-01,624400,45650
29-1141,2020-05-01,624400,58500
31-1131,2020-05-01,624400,23190
29-1141,2020-05-01,713100,73310
21-1021,2020-05-01,713900,33550
29-1141,2020-05-01,713900,78700
29-1141,2020-05-01,721200,58950
31-1131,2020-05-01,722300,36370
29-1071,2020-05-01,812100,127360
29-1141,2020-05-01,812100,67190
29-1171,2020-05-01,812100,106660
21-1021,2020-05-01,813100,43450
21-1022,2020-05-01,813100,52440
21-1023,2020-05-01,813100,35650
21-1029,2020-05-01,813100,27410
29-1141,2020-05-01,813100,76770
29-1171,2020-05-01,813100,132270
31-1131,2020-05-01,813100,35080
21-1021,2020-05-01,813200,46160
21-1022,2020-05-01,813200,55510
21-1023,2020-05-01,813200,55370
21-1029,2020-05-01,813200,55950
29-1051,2020-05-01,813200,132330
29-1141,2020-05-01,813200,68800
29-1171,2020-05-01,813200,112120
29-1215,2020-05-01,813200,0
31-1131,2020-05-01,813200,30170
21-1021,2020-05-01,813300,41390
21-1022,2020-05-01,813300,45830
21-1023,2020-05-01,813300,46380
21-1029,2020-05-01,813300,46300
29-1141,2020-05-01,813300,64330
29-1171,2020-05-01,813300,118990
31-1131,2020-05-01,813300,33730
21-1021,2020-05-01,813400,38860
21-1023,2020-05-01,813400,52760
21-1029,2020-05-01,813400,29060
29-1141,2020-05-01,813400,65690
29-1171,2020-05-01,813400,112220
31-1131,2020-05-01,813400,25140
21-1021,2020-05-01,813900,92790
21-1022,2020-05-01,813900,67990
29-1051,2020-05-01,813900,120350
29-1141,2020-05-01,813900,67980
21-1029,2020-05-01,999100,83210
29-1029,2020-05-01,999100,194310
29-1051,2020-05-01,999100,125730
29-1071,2020-05-01,999100,106810
29-1141,2020-05-01,999100,92140
31-1131,2020-05-01,999100,40740
21-1021,2020-05-01,999200,49870
21-1022,2020-05-01,999200,50420
21-1023,2020-05-01,999200,56520
21-1029,2020-05-01,999200,46080
29-1021,2020-05-01,999200,154090
29-1051,2020-05-01,999200,115570
29-1071,2020-05-01,999200,110250
29-1141,2020-05-01,999200,70840
29-1171,2020-05-01,999200,99600
29-1215,2020-05-01,999200,0
29-1216,2020-05-01,999200,195770
29-1223,2020-05-01,999200,201510
31-1131,2020-05-01,999200,36400
21-1021,2020-05-01,999300,55580
21-1022,2020-05-01,999300,57750
21-1023,2020-05-01,999300,56930
21-1029,2020-05-01,999300,67340
29-1021,2020-05-01,999300,151010
29-1051,2020-05-01,999300,132710
29-1071,2020-05-01,999300,111240
29-1141,2020-05-01,999300,71860
29-1151,2020-05-01,999300,182910
29-1171,2020-05-01,999300,111500
29-1215,2020-05-01,999300,0
29-1216,2020-05-01,999300,202110
29-1221,2020-05-01,999300,198820
29-1223,2020-05-01,999300,0
29-1248,2020-05-01,999300,0
31-1131,2020-05-01,999300,33130
29-1141,2020-05-01,3250A1,79170
29-1141,2020-05-01,3320A1,72190
29-1141,2020-05-01,3330A1,75800
29-1051,2020-05-01,4240A2,127760
29-1141,2020-05-01,4240A2,77380
29-1051,2020-05-01,4450A1,131200
31-1131,2020-05-01,4450A1,30420
29-1051,2020-05-01,5320A1,121350
29-1141,2020-05-01,5320A1,59730
29-1141,2021-05-01,221100,78670
29-1141,2021-05-01,311400,60820
29-1141,2021-05-01,311600,62390
29-1141,2021-05-01,322100,79100
29-1141,2021-05-01,324100,88640
29-1051,2021-05-01,325400,126980
29-1141,2021-05-01,325400,100190
29-1141,2021-05-01,326100,75000
29-1141,2021-05-01,334400,82870
29-1229,2021-05-01,334500,0
29-1141,2021-05-01,336100,78070
29-1141,2021-05-01,336300,78070
29-1141,2021-05-01,336400,94340
29-1229,2021-05-01,336400,0
29-1021,2021-05-01,339100,97270
29-1141,2021-05-01,339100,77310
29-1051,2021-05-01,423400,122310
29-1141,2021-05-01,423400,79100
29-1229,2021-05-01,423400,0
29-1051,2021-05-01,425100,121630
21-1022,2021-05-01,446100,39840
29-1051,2021-05-01,446100,127820
29-1141,2021-05-01,446100,78060
29-1171,2021-05-01,446100,127690
29-1051,2021-05-01,452000,131080
29-1051,2021-05-01,453900,118460
29-1051,2021-05-01,454100,128710
29-1141,2021-05-01,454100,79190
29-1141,2021-05-01,481200,111660
29-1141,2021-05-01,491100,75960
29-1051,2021-05-01,493100,128670
29-1141,2021-05-01,493100,79360
29-1141,2021-05-01,511100,98970
29-1141,2021-05-01,511200,77510
29-1141,2021-05-01,518200,77620
29-1141,2021-05-01,519100,69620
29-1141,2021-05-01,523000,75000
21-1022,2021-05-01,524100,75940
21-1023,2021-05-01,524100,74460
21-1029,2021-05-01,524100,64850
29-1051,2021-05-01,524100,127240
29-1141,2021-05-01,524100,78070
29-1171,2021-05-01,524100,104910
29-1229,2021-05-01,524100,0
31-1131,2021-05-01,524100,47170
21-1022,2021-05-01,524200,60910
21-1023,2021-05-01,524200,76670
29-1021,2021-05-01,524200,108210
29-1051,2021-05-01,524200,127690
29-1141,2021-05-01,524200,79020
29-1229,2021-05-01,524200,0
29-1141,2021-05-01,525900,79810
21-1021,2021-05-01,531000,39380
21-1029,2021-05-01,531000,47360
21-1021,2021-05-01,541100,53830
21-1029,2021-05-01,541100,51150
29-1141,2021-05-01,541100,77650
21-1022,2021-05-01,541200,63350
29-1051,2021-05-01,541200,131080
29-1141,2021-05-01,541200,77450
29-1171,2021-05-01,541200,128190
29-1141,2021-05-01,541300,76510
29-1051,2021-05-01,541500,121070
29-1141,2021-05-01,541500,78670
29-1171,2021-05-01,541500,120990
21-1021,2021-05-01,541600,49340
21-1022,2021-05-01,541600,48620
21-1023,2021-05-01,541600,38400
29-1051,2021-05-01,541600,127240
29-1141,2021-05-01,541600,81180
29-1171,2021-05-01,541600,78040
29-1229,2021-05-01,541600,0
31-1131,2021-05-01,541600,44460
21-1021,2021-05-01,541700,61660
21-1022,2021-05-01,541700,81970
21-1023,2021-05-01,541700,39700
21-1029,2021-05-01,541700,36910
29-1051,2021-05-01,541700,148930
29-1071,2021-05-01,541700,130610
29-1141,2021-05-01,541700,78070
29-1171,2021-05-01,541700,120990
29-1216,2021-05-01,541700,0
29-1222,2021-05-01,541700,154490
29-1223,2021-05-01,541700,169570
29-1224,2021-05-01,541700,129070
29-1229,2021-05-01,541700,62320
29-1249,2021-05-01,541700,80260
31-1131,2021-05-01,541700,46950
21-1021,2021-05-01,541900,46550
21-1022,2021-05-01,541900,60110
29-1051,2021-05-01,541900,48730
29-1141,2021-05-01,541900,75400
29-1224,2021-05-01,541900,150630
29-1229,2021-05-01,541900,0
29-1241,2021-05-01,541900,111300
21-1021,2021-05-01,551100,46840
21-1022,2021-05-01,551100,61860
21-1023,2021-05-01,551100,48960
21-1029,2021-05-01,551100,61660
29-1021,2021-05-01,551100,132360
29-1051,2021-05-01,551100,130640
29-1071,2021-05-01,551100,128160
29-1141,2021-05-01,551100,79100
29-1171,2021-05-01,551100,121070
29-1212,2021-05-01,551100,122890
29-1214,2021-05-01,551100,0
29-1215,2021-05-01,551100,0
29-1216,2021-05-01,551100,0
29-1221,2021-05-01,551100,195630
29-1223,2021-05-01,551100,0
29-1229,2021-05-01,551100,0
29-1249,2021-05-01,551100,0
31-1131,2021-05-01,551100,36590
21-1021,2021-05-01,561100,49660
21-1022,2021-05-01,561100,61860
29-1051,2021-05-01,561100,128190
29-1071,2021-05-01,561100,128190
29-1141,2021-05-01,561100,90070
29-1171,2021-05-01,561100,108020
29-1141,2021-05-01,561200,78100
31-1131,2021-05-01,561200,36770
21-1021,2021-05-01,561300,46920
21-1022,2021-05-01,561300,47230
21-1023,2021-05-01,561300,46910
21-1029,2021-05-01,561300,58300
29-1021,2021-05-01,561300,128980
29-1051,2021-05-01,561300,127690
29-1071,2021-05-01,561300,124540
29-1141,2021-05-01,561300,72380
29-1171,2021-05-01,561300,121480
29-1215,2021-05-01,561300,200260
29-1216,2021-05-01,561300,0
29-1224,2021-05-01,561300,76270
29-1229,2021-05-01,561300,0
31-1131,2021-05-01,561300,35580
29-1141,2021-05-01,561400,0
21-1021,2021-05-01,611100,62270
21-1022,2021-05-01,611100,59260
21-1023,2021-05-01,611100,59260
21-1029,2021-05-01,611100,38750
29-1141,2021-05-01,611100,60730
29-1171,2021-05-01,611100,79400
29-1223,2021-05-01,611100,166360
31-1131,2021-05-01,611100,29650
21-1021,2021-05-01,611200,49800
21-1022,2021-05-01,611200,49580
21-1029,2021-05-01,611200,48820
29-1021,2021-05-01,611200,128600
29-1141,2021-05-01,611200,77380
29-1171,2021-05-01,611200,127910
31-1131,2021-05-01,611200,61330
21-1021,2021-05-01,611300,59180
21-1022,2021-05-01,611300,62030
21-1023,2021-05-01,611300,62340
21-1029,2021-05-01,611300,55800
29-1021,2021-05-01,611300,99740
29-1022,2021-05-01,611300,59480
29-1051,2021-05-01,611300,129360
29-1071,2021-05-01,611300,101040
29-1141,2021-05-01,611300,75220
29-1151,2021-05-01,611300,195000
29-1171,2021-05-01,611300,101860
29-1211,2021-05-01,611300,61720
29-1212,2021-05-01,611300,61730
29-1213,2021-05-01,611300,61890
29-1214,2021-05-01,611300,61530
29-1215,2021-05-01,611300,95770
29-1216,2021-05-01,611300,62310
29-1217,2021-05-01,611300,62440
29-1218,2021-05-01,611300,61530
29-1221,2021-05-01,611300,61890
29-1222,2021-05-01,611300,61530
29-1223,2021-05-01,611300,66840
29-1224,2021-05-01,611300,61650
29-1229,2021-05-01,611300,61580
29-1241,2021-05-01,611300,61250
29-1242,2021-05-01,611300,61250
29-1249,2021-05-01,611300,61530
31-1131,2021-05-01,611300,0
21-1021,2021-05-01,611400,48690
29-1141,2021-05-01,611400,71550
29-1141,2021-05-01,611500,70840
31-1131,2021-05-01,611500,37380
21-1021,2021-05-01,611600,47310
21-1023,2021-05-01,611600,49370
21-1029,2021-05-01,611600,38830
29-1141,2021-05-01,611600,76730
21-1021,2021-05-01,611700,49900
21-1023,2021-05-01,611700,44010
29-1141,2021-05-01,611700,75490
21-1021,2021-05-01,621100,49360
21-1022,2021-05-01,621100,60910
21-1023,2021-05-01,621100,61490
21-1029,2021-05-01,621100,46640
29-1021,2021-05-01,621100,158150
29-1023,2021-05-01,621100,0
29-1029,2021-05-01,621100,144830
29-1051,2021-05-01,621100,130610
29-1071,2021-05-01,621100,121010
29-1141,2021-05-01,621100,75000
29-1151,2021-05-01,621100,177090
29-1171,2021-05-01,621100,103840
29-1211,2021-05-01,621100,0
29-1212,2021-05-01,621100,0
29-1213,2021-05-01,621100,0
29-1214,2021-05-01,621100,0
29-1215,2021-05-01,621100,0
29-1216,2021-05-01,621100,0
29-1217,2021-05-01,621100,0
29-1218,2021-05-01,621100,0
29-1221,2021-05-01,621100,171960
29-1222,2021-05-01,621100,0
29-1223,2021-05-01,621100,0
29-1224,2021-05-01,621100,0
29-1229,2021-05-01,621100,0
29-1241,2021-05-01,621100,0
29-1242,2021-05-01,621100,0
29-1243,2021-05-01,621100,0
29-1249,2021-05-01,621100,0
31-1131,2021-05-01,621100,30540
21-1022,2021-05-01,621200,82750
29-1021,2021-05-01,621200,161570
29-1022,2021-05-01,621200,0
29-1023,2021-05-01,621200,0
29-1024,2021-05-01,621200,0
29-1029,2021-05-01,621200,99760
29-1141,2021-05-01,621200,62650
29-1171,2021-05-01,621200,64040
21-1021,2021-05-01,621300,48820
21-1022,2021-05-01,621300,60360
21-1023,2021-05-01,621300,60740
21-1029,2021-05-01,621300,43050
29-1021,2021-05-01,621300,0
29-1051,2021-05-01,621300,122020
29-1071,2021-05-01,621300,118810
29-1141,2021-05-01,621300,68780
29-1151,2021-05-01,621300,173540
29-1171,2021-05-01,621300,102370
29-1211,2021-05-01,621300,0
29-1213,2021-05-01,621300,0
29-1214,2021-05-01,621300,0
29-1215,2021-05-01,621300,128380
29-1216,2021-05-01,621300,169660
29-1217,2021-05-01,621300,0
29-1221,2021-05-01,621300,128400
29-1223,2021-05-01,621300,132230
29-1229,2021-05-01,621300,169560
29-1241,2021-05-01,621300,155950
29-1249,2021-05-01,621300,196030
31-1131,2021-05-01,621300,29850
21-1021,2021-05-01,621400,46810
21-1022,2021-05-01,621400,61920
21-1023,2021-05-01,621400,48300
21-1029,2021-05-01,621400,49650
29-1021,2021-05-01,621400,161990
29-1022,2021-05-01,621400,169040
29-1051,2021-05-01,621400,160230
29-1071,2021-05-01,621400,128430
29-1141,2021-05-01,621400,79250
29-1151,2021-05-01,621400,0
29-1171,2021-05-01,621400,127230
29-1211,2021-05-01,621400,0
29-1212,2021-05-01,621400,0
29-1213,2021-05-01,621400,0
29-1214,2021-05-01,621400,0
29-1215,2021-05-01,621400,0
29-1216,2021-05-01,621400,0
29-1217,2021-05-01,621400,0
29-1218,2021-05-01,621400,0
29-1221,2021-05-01,621400,0
29-1222,2021-05-01,621400,0
29-1223,2021-05-01,621400,0
29-1224,2021-05-01,621400,0
29-1229,2021-05-01,621400,0
29-1241,2021-05-01,621400,0
29-1242,2021-05-01,621400,0
29-1249,2021-05-01,621400,0
31-1131,2021-05-01,621400,37730
29-1051,2021-05-01,621500,130710
29-1071,2021-05-01,621500,114330
29-1141,2021-05-01,621500,65180
29-1171,2021-05-01,621500,122860
29-1215,2021-05-01,621500,0
29-1216,2021-05-01,621500,0
29-1222,2021-05-01,621500,0
29-1224,2021-05-01,621500,0
29-1229,2021-05-01,621500,195840
29-1249,2021-05-01,621500,0
31-1131,2021-05-01,621500,37750
21-1021,2021-05-01,621600,61140
21-1022,2021-05-01,621600,61920
21-1023,2021-05-01,621600,64100
21-1029,2021-05-01,621600,42670
29-1021,2021-05-01,621600,169010
29-1051,2021-05-01,621600,122500
29-1071,2021-05-01,621600,53080
29-1141,2021-05-01,621600,75150
29-1171,2021-05-01,621600,115730
29-1215,2021-05-01,621600,195840
29-1216,2021-05-01,621600,0
29-1229,2021-05-01,621600,196020
31-1131,2021-05-01,621600,29280
21-1022,2021-05-01,621900,61690
29-1021,2021-05-01,621900,167030
29-1051,2021-05-01,621900,128160
29-1071,2021-05-01,621900,109890
29-1141,2021-05-01,621900,75960
29-1151,2021-05-01,621900,137220
29-1171,2021-05-01,621900,109300
29-1214,2021-05-01,621900,196080
29-1215,2021-05-01,621900,195550
29-1216,2021-05-01,621900,166060
29-1221,2021-05-01,621900,154440
29-1223,2021-05-01,621900,0
29-1224,2021-05-01,621900,0
29-1229,2021-05-01,621900,0
31-1131,2021-05-01,621900,36520
21-1021,2021-05-01,622100,60600
21-1022,2021-05-01,622100,64120
21-1023,2021-05-01,622100,72290
21-1029,2021-05-01,622100,76110
29-1021,2021-05-01,622100,80820
29-1022,2021-05-01,622100,78330
29-1023,2021-05-01,622100,80240
29-1029,2021-05-01,622100,78850
29-1051,2021-05-01,622100,130380
29-1071,2021-05-01,622100,127240
29-1141,2021-05-01,622100,78070
29-1151,2021-05-01,622100,0
29-1171,2021-05-01,622100,124200
29-1211,2021-05-01,622100,0
29-1212,2021-05-01,622100,0
29-1213,2021-05-01,622100,168330
29-1214,2021-05-01,622100,0
29-1215,2021-05-01,622100,196050
29-1216,2021-05-01,622100,122140
29-1217,2021-05-01,622100,0
29-1218,2021-05-01,622100,0
29-1221,2021-05-01,622100,167030
29-1222,2021-05-01,622100,0
29-1223,2021-05-01,622100,166590
29-1224,2021-05-01,622100,99620
29-1229,2021-05-01,622100,80650
29-1241,2021-05-01,622100,0
29-1242,2021-05-01,622100,0
29-1243,2021-05-01,622100,0
29-1249,2021-05-01,622100,0
31-1131,2021-05-01,622100,35870
21-1021,2021-05-01,622200,51100
21-1022,2021-05-01,622200,60450
21-1023,2021-05-01,622200,62340
21-1029,2021-05-01,622200,50630
29-1021,2021-05-01,622200,129090
29-1051,2021-05-01,622200,128690
29-1071,2021-05-01,622200,121470
29-1141,2021-05-01,622200,75670
29-1171,2021-05-01,622200,128360
29-1215,2021-05-01,622200,192990
29-1216,2021-05-01,622200,0
29-1223,2021-05-01,622200,0
29-1229,2021-05-01,622200,206010
31-1131,2021-05-01,622200,32770
21-1021,2021-05-01,622300,62950
21-1022,2021-05-01,622300,76600
21-1023,2021-05-01,622300,79930
29-1021,2021-05-01,622300,131210
29-1051,2021-05-01,622300,129770
29-1071,2021-05-01,622300,128120
29-1141,2021-05-01,622300,78930
29-1151,2021-05-01,622300,0
29-1171,2021-05-01,622300,128420
29-1211,2021-05-01,622300,0
29-1212,2021-05-01,622300,0
29-1214,2021-05-01,622300,0
29-1215,2021-05-01,622300,169860
29-1216,2021-05-01,622300,130980
29-1217,2021-05-01,622300,0
29-1221,2021-05-01,622300,185310
29-1223,2021-05-01,622300,80650
29-1224,2021-05-01,622300,0
29-1229,2021-05-01,622300,0
29-1242,2021-05-01,622300,0
29-1243,2021-05-01,622300,0
29-1249,2021-05-01,622300,0
31-1131,2021-05-01,622300,36330
21-1021,2021-05-01,623100,59750
21-1022,2021-05-01,623100,50090
21-1023,2021-05-01,623100,49130
21-1029,2021-05-01,623100,46470
29-1051,2021-05-01,623100,130610
29-1071,2021-05-01,623100,130070
29-1141,2021-05-01,623100,73870
29-1171,2021-05-01,623100,63450
29-1215,2021-05-01,623100,195840
29-1216,2021-05-01,623100,195730
29-1229,2021-05-01,623100,169680
31-1131,2021-05-01,623100,29970
21-1021,2021-05-01,623200,39000
21-1022,2021-05-01,623200,47040
21-1023,2021-05-01,623200,39000
21-1029,2021-05-01,623200,45990
29-1051,2021-05-01,623200,124330
29-1071,2021-05-01,623200,126910
29-1141,2021-05-01,623200,63900
29-1171,2021-05-01,623200,126200
29-1223,2021-05-01,623200,0
29-1229,2021-05-01,623200,0
31-1131,2021-05-01,623200,29620
21-1021,2021-05-01,623300,49290
21-1022,2021-05-01,623300,49190
21-1023,2021-05-01,623300,60300
21-1029,2021-05-01,623300,46640
29-1051,2021-05-01,623300,130070
29-1141,2021-05-01,623300,63450
31-1131,2021-05-01,623300,29900
21-1021,2021-05-01,623900,38850
21-1022,2021-05-01,623900,47850
21-1023,2021-05-01,623900,39160
21-1029,2021-05-01,623900,39590
29-1141,2021-05-01,623900,70430
29-1171,2021-05-01,623900,121470
29-1221,2021-05-01,623900,60480
29-1223,2021-05-01,623900,0
31-1131,2021-05-01,623900,29130
21-1021,2021-05-01,624100,45650
21-1022,2021-05-01,624100,48310
21-1023,2021-05-01,624100,46770
21-1029,2021-05-01,624100,46750
29-1021,2021-05-01,624100,158540
29-1051,2021-05-01,624100,129540
29-1071,2021-05-01,624100,101910
29-1141,2021-05-01,624100,63240
29-1171,2021-05-01,624100,104130
29-1215,2021-05-01,624100,0
29-1223,2021-05-01,624100,111040
29-1229,2021-05-01,624100,132060
31-1131,2021-05-01,624100,28820
21-1021,2021-05-01,624200,38950
21-1022,2021-05-01,624200,47230
21-1023,2021-05-01,624200,41840
21-1029,2021-05-01,624200,38700
29-1141,2021-05-01,624200,65120
29-1171,2021-05-01,624200,102370
29-1215,2021-05-01,624200,0
31-1131,2021-05-01,624200,24750
21-1021,2021-05-01,624300,38830
21-1022,2021-05-01,624300,47410
21-1023,2021-05-01,624300,39000
21-1029,2021-05-01,624300,40170
29-1141,2021-05-01,624300,63730
29-1171,2021-05-01,624300,117440
29-1223,2021-05-01,624300,0
31-1131,2021-05-01,624300,27370
21-1021,2021-05-01,624400,39000
21-1022,2021-05-01,624400,38660
21-1023,2021-05-01,624400,48820
21-1029,2021-05-01,624400,48520
29-1141,2021-05-01,624400,59640
31-1131,2021-05-01,624400,23910
29-1229,2021-05-01,711200,0
29-1141,2021-05-01,713900,57940
21-1023,2021-05-01,812100,44780
29-1071,2021-05-01,812100,101680
29-1141,2021-05-01,812100,78070
29-1171,2021-05-01,812100,99510
29-1229,2021-05-01,812100,168120
31-1131,2021-05-01,812100,35930
29-1141,2021-05-01,812900,84870
21-1021,2021-05-01,813100,60300
21-1022,2021-05-01,813100,39450
21-1023,2021-05-01,813100,38850
21-1029,2021-05-01,813100,30640
29-1141,2021-05-01,813100,52300
31-1131,2021-05-01,813100,35770
21-1021,2021-05-01,813200,47150
21-1022,2021-05-01,813200,50070
21-1023,2021-05-01,813200,48820
21-1029,2021-05-01,813200,49510
29-1141,2021-05-01,813200,78750
29-1171,2021-05-01,813200,128690
29-1215,2021-05-01,813200,0
29-1229,2021-05-01,813200,0
31-1131,2021-05-01,813200,27190
21-1021,2021-05-01,813300,44270
21-1022,2021-05-01,813300,47460
21-1023,2021-05-01,813300,42980
21-1029,2021-05-01,813300,40460
29-1141,2021-05-01,813300,62390
29-1171,2021-05-01,813300,107570
31-1131,2021-05-01,813300,37380
21-1021,2021-05-01,813400,46640
21-1022,2021-05-01,813400,47040
21-1023,2021-05-01,813400,60020
21-1029,2021-05-01,813400,30330
29-1141,2021-05-01,813400,67270
31-1131,2021-05-01,813400,24240
21-1021,2021-05-01,813900,101800
21-1022,2021-05-01,813900,63550
29-1051,2021-05-01,813900,128190
29-1141,2021-05-01,813900,79810
29-1171,2021-05-01,813900,128160
29-1229,2021-05-01,813900,0
21-1029,2021-05-01,999100,84030
29-1029,2021-05-01,999100,200150
29-1051,2021-05-01,999100,126980
29-1071,2021-05-01,999100,110850
29-1141,2021-05-01,999100,93410
29-1229,2021-05-01,999100,0
31-1131,2021-05-01,999100,41310
21-1021,2021-05-01,999200,48350
21-1022,2021-05-01,999200,50000
21-1023,2021-05-01,999200,47390
21-1029,2021-05-01,999200,47170
29-1021,2021-05-01,999200,154860
29-1051,2021-05-01,999200,127670
29-1071,2021-05-01,999200,108100
29-1141,2021-05-01,999200,76360
29-1171,2021-05-01,999200,100490
29-1212,2021-05-01,999200,0
29-1215,2021-05-01,999200,0
29-1216,2021-05-01,999200,201570
29-1223,2021-05-01,999200,0
29-1229,2021-05-01,999200,160990
31-1131,2021-05-01,999200,37090
21-1021,2021-05-01,999300,61190
21-1022,2021-05-01,999300,58880
21-1023,2021-05-01,999300,60670
21-1029,2021-05-01,999300,61210
29-1021,2021-05-01,999300,162840
29-1051,2021-05-01,999300,131570
29-1071,2021-05-01,999300,102460
29-1141,2021-05-01,999300,77290
29-1171,2021-05-01,999300,111650
29-1214,2021-05-01,999300,0
29-1215,2021-05-01,999300,0
29-1216,2021-05-01,999300,0
29-1218,2021-05-01,999300,0
29-1221,2021-05-01,999300,0
29-1222,2021-05-01,999300,0
29-1223,2021-05-01,999300,0
29-1229,2021-05-01,999300,0
29-1249,2021-05-01,999300,173490
31-1131,2021-05-01,999300,36340
29-1141,2021-05-01,3250A1,84420
29-1141,2021-05-01,3330A1,77030
29-1051,2021-05-01,4240A2,129400
29-1141,2021-05-01,4240A2,80470
29-1229,2021-05-01,4240A2,164820
29-1241,2021-05-01,4240A2,0
29-1141,2021-05-01,4240A3,79810
29-1051,2021-05-01,4450A1,128190
29-1141,2021-05-01,5320A1,59840
29-1141,2022-05-01,221100,83890
29-1141,2022-05-01,311400,61430
29-1141,2022-05-01,311600,74120
29-1141,2022-05-01,322100,85290
29-1141,2022-05-01,324100,84970
29-1051,2022-05-01,325400,127000
29-1141,2022-05-01,325400,109730
29-1141,2022-05-01,326100,85740
29-1141,2022-05-01,327000,90670
29-1141,2022-05-01,334500,97070
29-1141,2022-05-01,336100,80510
29-1141,2022-05-01,336300,79230
29-1141,2022-05-01,336400,91720
29-1141,2022-05-01,339100,97670
29-1151,2022-05-01,339100,110200
29-1171,2022-05-01,339100,76140
29-1051,2022-05-01,423400,128710
29-1141,2022-05-01,423400,84520
29-1224,2022-05-01,423400,131590
29-1229,2022-05-01,423400,0
29-1051,2022-05-01,425100,142450
29-1141,2022-05-01,425100,80580
29-1051,2022-05-01,455000,139680
21-1022,2022-05-01,456100,47320
29-1051,2022-05-01,456100,129910
29-1141,2022-05-01,456100,81140
29-1171,2022-05-01,456100,116770
29-1051,2022-05-01,459100,122570
29-1051,2022-05-01,459200,131000
29-1051,2022-05-01,459900,133010
29-1141,2022-05-01,459900,83430
29-1141,2022-05-01,481200,116390
29-1141,2022-05-01,491100,78000
29-1051,2022-05-01,493100,146680
29-1141,2022-05-01,493100,73470
29-1141,2022-05-01,513200,84570
29-1141,2022-05-01,518200,84950
21-1021,2022-05-01,524100,71810
21-1022,2022-05-01,524100,63480
21-1023,2022-05-01,524100,72950
21-1029,2022-05-01,524100,64990
29-1021,2022-05-01,524100,85190
29-1051,2022-05-01,524100,128620
29-1141,2022-05-01,524100,82790
29-1171,2022-05-01,524100,115000
29-1229,2022-05-01,524100,222910
21-1022,2022-05-01,524200,60150
21-1023,2022-05-01,524200,77820
29-1051,2022-05-01,524200,128190
29-1141,2022-05-01,524200,78470
29-1229,2022-05-01,524200,0
29-1141,2022-05-01,525900,84860
21-1021,2022-05-01,531000,44200
21-1029,2022-05-01,531000,45630
21-1021,2022-05-01,541100,62340
21-1022,2022-05-01,541100,62020
21-1023,2022-05-01,541100,46350
21-1029,2022-05-01,541100,57530
29-1141,2022-05-01,541100,84190
21-1022,2022-05-01,541200,60690
29-1051,2022-05-01,541200,132370
29-1141,2022-05-01,541200,81120
29-1141,2022-05-01,541300,80890
29-1051,2022-05-01,541500,119870
29-1141,2022-05-01,541500,83400
29-1171,2022-05-01,541500,101930
29-1229,2022-05-01,541500,0
21-1022,2022-05-01,541600,46090
21-1023,2022-05-01,541600,36460
29-1051,2022-05-01,541600,124890
29-1141,2022-05-01,541600,86980
29-1171,2022-05-01,541600,112540
29-1222,2022-05-01,541600,0
29-1229,2022-05-01,541600,0
31-1131,2022-05-01,541600,36860
21-1022,2022-05-01,541700,81540
21-1023,2022-05-01,541700,54940
21-1029,2022-05-01,541700,36390
29-1051,2022-05-01,541700,137660
29-1071,2022-05-01,541700,127660
29-1141,2022-05-01,541700,79390
29-1171,2022-05-01,541700,128270
29-1222,2022-05-01,541700,180110
29-1223,2022-05-01,541700,209510
29-1224,2022-05-01,541700,137450
29-1229,2022-05-01,541700,145030
29-1249,2022-05-01,541700,86370
31-1131,2022-05-01,541700,47540
21-1022,2022-05-01,541900,75160
29-1051,2022-05-01,541900,124800
29-1141,2022-05-01,541900,77660
21-1021,2022-05-01,551100,48180
21-1022,2022-05-01,551100,58630
21-1023,2022-05-01,551100,49370
21-1029,2022-05-01,551100,44510
29-1021,2022-05-01,551100,154420
29-1051,2022-05-01,551100,137510
29-1071,2022-05-01,551100,125320
29-1141,2022-05-01,551100,84090
29-1171,2022-05-01,551100,121410
29-1212,2022-05-01,551100,132600
29-1214,2022-05-01,551100,170880
29-1215,2022-05-01,551100,236360
29-1216,2022-05-01,551100,0
29-1218,2022-05-01,551100,82610
29-1223,2022-05-01,551100,0
29-1224,2022-05-01,551100,0
29-1229,2022-05-01,551100,0
31-1131,2022-05-01,551100,39290
21-1021,2022-05-01,561100,51810
21-1022,2022-05-01,561100,52930
21-1023,2022-05-01,561100,73490
21-1029,2022-05-01,561100,76110
29-1051,2022-05-01,561100,127210
29-1141,2022-05-01,561100,83030
29-1171,2022-05-01,561100,120490
29-1229,2022-05-01,561100,232050
21-1021,2022-05-01,561200,38950
29-1141,2022-05-01,561200,82250
31-1131,2022-05-01,561200,32190
21-1021,2022-05-01,561300,49730
21-1022,2022-05-01,561300,51370
21-1023,2022-05-01,561300,58960
21-1029,2022-05-01,561300,47150
29-1021,2022-05-01,561300,130240
29-1051,2022-05-01,561300,120680
29-1071,2022-05-01,561300,129790
29-1141,2022-05-01,561300,98870
29-1171,2022-05-01,561300,127970
29-1214,2022-05-01,561300,0
29-1215,2022-05-01,561300,199380
29-1224,2022-05-01,561300,0
29-1229,2022-05-01,561300,0
31-1131,2022-05-01,561300,38610
29-1141,2022-05-01,561400,84890
21-1021,2022-05-01,611100,63330
21-1022,2022-05-01,611100,59340
21-1023,2022-05-01,611100,59220
21-1029,2022-05-01,611100,52140
29-1141,2022-05-01,611100,62030
29-1171,2022-05-01,611100,89300
29-1223,2022-05-01,611100,0
31-1131,2022-05-01,611100,32190
21-1021,2022-05-01,611200,57090
21-1029,2022-05-01,611200,58910
29-1021,2022-05-01,611200,138280
29-1141,2022-05-01,611200,92040
31-1131,2022-05-01,611200,61280
21-1021,2022-05-01,611300,53780
21-1022,2022-05-01,611300,46350
21-1023,2022-05-01,611300,62090
21-1029,2022-05-01,611300,58140
29-1021,2022-05-01,611300,156210
29-1051,2022-05-01,611300,135260
29-1071,2022-05-01,611300,107410
29-1141,2022-05-01,611300,82360
29-1151,2022-05-01,611300,196770
29-1171,2022-05-01,611300,108920
29-1211,2022-05-01,611300,65620
29-1212,2022-05-01,611300,76400
29-1213,2022-05-01,611300,65170
29-1214,2022-05-01,611300,65120
29-1215,2022-05-01,611300,62330
29-1216,2022-05-01,611300,60780
29-1217,2022-05-01,611300,0
29-1218,2022-05-01,611300,74110
29-1221,2022-05-01,611300,65780
29-1222,2022-05-01,611300,210180
29-1223,2022-05-01,611300,72610
29-1224,2022-05-01,611300,76220
29-1229,2022-05-01,611300,67840
29-1241,2022-05-01,611300,66840
29-1242,2022-05-01,611300,65830
29-1249,2022-05-01,611300,65680
31-1131,2022-05-01,611300,46450
21-1021,2022-05-01,611400,46950
29-1141,2022-05-01,611400,96650
29-1141,2022-05-01,611500,68530
31-1131,2022-05-01,611500,62400
21-1021,2022-05-01,611600,51010
21-1022,2022-05-01,611600,42900
21-1023,2022-05-01,611600,52640
21-1029,2022-05-01,611600,38890
29-1141,2022-05-01,611600,106540
21-1021,2022-05-01,611700,55940
21-1023,2022-05-01,611700,36350
21-1029,2022-05-01,611700,58770
29-1141,2022-05-01,611700,77770
29-1229,2022-05-01,611700,63700
21-1021,2022-05-01,621100,61570
21-1022,2022-05-01,621100,59380
21-1023,2022-05-01,621100,61870
21-1029,2022-05-01,621100,74880
29-1021,2022-05-01,621100,159990
29-1023,2022-05-01,621100,222570
29-1029,2022-05-01,621100,234640
29-1051,2022-05-01,621100,135170
29-1071,2022-05-01,621100,123430
29-1141,2022-05-01,621100,77550
29-1151,2022-05-01,621100,189290
29-1171,2022-05-01,621100,114590
29-1211,2022-05-01,621100,0
29-1212,2022-05-01,621100,0
29-1213,2022-05-01,621100,0
29-1214,2022-05-01,621100,0
29-1215,2022-05-01,621100,208360
29-1216,2022-05-01,621100,225470
29-1217,2022-05-01,621100,218150
29-1218,2022-05-01,621100,0
29-1221,2022-05-01,621100,193660
29-1222,2022-05-01,621100,0
29-1223,2022-05-01,621100,215590
29-1224,2022-05-01,621100,0
29-1229,2022-05-01,621100,0
29-1241,2022-05-01,621100,220390
29-1242,2022-05-01,621100,0
29-1243,2022-05-01,621100,0
29-1249,2022-05-01,621100,0
31-1131,2022-05-01,621100,35340
29-1021,2022-05-01,621200,154980
29-1022,2022-05-01,621200,0
29-1023,2022-05-01,621200,177490
29-1029,2022-05-01,621200,222720
29-1141,2022-05-01,621200,68350
29-1151,2022-05-01,621200,0
29-1171,2022-05-01,621200,64060
29-1229,2022-05-01,621200,0
31-1131,2022-05-01,621200,56080
21-1021,2022-05-01,621300,47620
21-1022,2022-05-01,621300,59990
21-1023,2022-05-01,621300,64360
21-1029,2022-05-01,621300,42130
29-1021,2022-05-01,621300,149260
29-1051,2022-05-01,621300,132620
29-1071,2022-05-01,621300,120580
29-1141,2022-05-01,621300,78670
29-1151,2022-05-01,621300,107120
29-1171,2022-05-01,621300,111470
29-1211,2022-05-01,621300,0
29-1213,2022-05-01,621300,206120
29-1215,2022-05-01,621300,124440
29-1216,2022-05-01,621300,142900
29-1217,2022-05-01,621300,213240
29-1221,2022-05-01,621300,138920
29-1223,2022-05-01,621300,161990
29-1229,2022-05-01,621300,135240
29-1241,2022-05-01,621300,180050
29-1242,2022-05-01,621300,186580
29-1249,2022-05-01,621300,0
31-1131,2022-05-01,621300,33670
21-1021,2022-05-01,621400,47530
21-1022,2022-05-01,621400,64440
21-1023,2022-05-01,621400,48260
21-1029,2022-05-01,621400,48010
29-1021,2022-05-01,621400,165400
29-1022,2022-05-01,621400,224130
29-1029,2022-05-01,621400,235390
29-1051,2022-05-01,621400,163950
29-1071,2022-05-01,621400,134180
29-1141,2022-05-01,621400,82670
29-1151,2022-05-01,621400,229660
29-1171,2022-05-01,621400,128950
29-1211,2022-05-01,621400,0
29-1212,2022-05-01,621400,0
29-1213,2022-05-01,621400,0
29-1214,2022-05-01,621400,0
29-1215,2022-05-01,621400,226290
29-1216,2022-05-01,621400,229040
29-1217,2022-05-01,621400,0
29-1218,2022-05-01,621400,0
29-1221,2022-05-01,621400,215150
29-1222,2022-05-01,621400,0
29-1223,2022-05-01,621400,0
29-1224,2022-05-01,621400,0
29-1229,2022-05-01,621400,230160
29-1241,2022-05-01,621400,0
29-1242,2022-05-01,621400,0
29-1249,2022-05-01,621400,0
31-1131,2022-05-01,621400,40620
29-1051,2022-05-01,621500,140040
29-1071,2022-05-01,621500,113450
29-1141,2022-05-01,621500,76390
29-1171,2022-05-01,621500,104030
29-1213,2022-05-01,621500,0
29-1215,2022-05-01,621500,0
29-1216,2022-05-01,621500,0
29-1221,2022-05-01,621500,203050
29-1222,2022-05-01,621500,0
29-1224,2022-05-01,621500,0
29-1229,2022-05-01,621500,146740
31-1131,2022-05-01,621500,35030
21-1021,2022-05-01,621600,60120
21-1022,2022-05-01,621600,62380
21-1023,2022-05-01,621600,81360
21-1029,2022-05-01,621600,46680
29-1051,2022-05-01,621600,133240
29-1071,2022-05-01,621600,81160
29-1141,2022-05-01,621600,77040
29-1171,2022-05-01,621600,126340
29-1215,2022-05-01,621600,226270
29-1216,2022-05-01,621600,223200
29-1229,2022-05-01,621600,0
31-1131,2022-05-01,621600,31280
21-1021,2022-05-01,621900,59650
21-1022,2022-05-01,621900,65430
21-1023,2022-05-01,621900,81310
21-1029,2022-05-01,621900,67880
29-1021,2022-05-01,621900,171110
29-1051,2022-05-01,621900,134180
29-1071,2022-05-01,621900,110040
29-1141,2022-05-01,621900,79130
29-1151,2022-05-01,621900,0
29-1171,2022-05-01,621900,110610
29-1214,2022-05-01,621900,0
29-1215,2022-05-01,621900,217500
29-1216,2022-05-01,621900,119810
29-1223,2022-05-01,621900,0
29-1229,2022-05-01,621900,173030
31-1131,2022-05-01,621900,35530
21-1021,2022-05-01,622100,60410
21-1022,2022-05-01,622100,71950
21-1023,2022-05-01,622100,73510
21-1029,2022-05-01,622100,73570
29-1021,2022-05-01,622100,78920
29-1022,2022-05-01,622100,82090
29-1023,2022-05-01,622100,99430
29-1029,2022-05-01,622100,87330
29-1051,2022-05-01,622100,137700
29-1071,2022-05-01,622100,129500
29-1141,2022-05-01,622100,82220
29-1151,2022-05-01,622100,215160
29-1171,2022-05-01,622100,128490
29-1211,2022-05-01,622100,0
29-1212,2022-05-01,622100,0
29-1213,2022-05-01,622100,234020
29-1214,2022-05-01,622100,0
29-1215,2022-05-01,622100,220110
29-1216,2022-05-01,622100,149990
29-1217,2022-05-01,622100,233350
29-1218,2022-05-01,622100,0
29-1221,2022-05-01,622100,175520
29-1223,2022-05-01,622100,223460
29-1224,2022-05-01,622100,0
29-1241,2022-05-01,622100,224000
29-1242,2022-05-01,622100,0
29-1243,2022-05-01,622100,0
29-1249,2022-05-01,622100,0
31-1131,2022-05-01,622100,36450
21-1021,2022-05-01,622200,52250
21-1022,2022-05-01,622200,59030
21-1023,2022-05-01,622200,60610
21-1029,2022-05-01,622200,52190
29-1021,2022-05-01,622200,157260
29-1051,2022-05-01,622200,128320
29-1071,2022-05-01,622200,118560
29-1141,2022-05-01,622200,79670
29-1171,2022-05-01,622200,129480
29-1215,2022-05-01,622200,200760
29-1216,2022-05-01,622200,0
29-1223,2022-05-01,622200,233380
29-1229,2022-05-01,622200,213430
31-1131,2022-05-01,622200,35400
21-1021,2022-05-01,622300,63030
21-1022,2022-05-01,622300,75140
21-1023,2022-05-01,622300,60290
29-1021,2022-05-01,622300,145900
29-1051,2022-05-01,622300,132770
29-1071,2022-05-01,622300,134700
29-1141,2022-05-01,622300,83780
29-1151,2022-05-01,622300,224110
29-1171,2022-05-01,622300,129810
29-1211,2022-05-01,622300,0
29-1212,2022-05-01,622300,0
29-1214,2022-05-01,622300,0
29-1215,2022-05-01,622300,127630
29-1216,2022-05-01,622300,116240
29-1217,2022-05-01,622300,0
29-1218,2022-05-01,622300,0
29-1221,2022-05-01,622300,195760
29-1223,2022-05-01,622300,117150
29-1224,2022-05-01,622300,0
29-1229,2022-05-01,622300,238330
29-1242,2022-05-01,622300,0
29-1249,2022-05-01,622300,238800
31-1131,2022-05-01,622300,37790
21-1021,2022-05-01,623100,49250
21-1022,2022-05-01,623100,55180
21-1023,2022-05-01,623100,63840
21-1029,2022-05-01,623100,44440
29-1051,2022-05-01,623100,0
29-1071,2022-05-01,623100,0
29-1141,2022-05-01,623100,75990
29-1215,2022-05-01,623100,213120
29-1216,2022-05-01,623100,195870
29-1229,2022-05-01,623100,211310
31-1131,2022-05-01,623100,35480
21-1021,2022-05-01,623200,45230
21-1022,2022-05-01,623200,44070
21-1023,2022-05-01,623200,42180
21-1029,2022-05-01,623200,45890
29-1051,2022-05-01,623200,124610
29-1071,2022-05-01,623200,132270
29-1141,2022-05-01,623200,74270
29-1171,2022-05-01,623200,0
29-1216,2022-05-01,623200,189530
29-1223,2022-05-01,623200,0
29-1229,2022-05-01,623200,0
31-1131,2022-05-01,623200,33610
21-1021,2022-05-01,623300,46580
21-1022,2022-05-01,623300,50250
21-1023,2022-05-01,623300,57320
21-1029,2022-05-01,623300,45520
29-1051,2022-05-01,623300,130000
29-1141,2022-05-01,623300,72680
29-1215,2022-05-01,623300,0
29-1216,2022-05-01,623300,198570
31-1131,2022-05-01,623300,34600
21-1021,2022-05-01,623900,44060
21-1022,2022-05-01,623900,47910
21-1023,2022-05-01,623900,40100
21-1029,2022-05-01,623900,50380
29-1141,2022-05-01,623900,73950
29-1171,2022-05-01,623900,133190
29-1223,2022-05-01,623900,0
31-1131,2022-05-01,623900,31020
21-1021,2022-05-01,624100,45970
21-1022,2022-05-01,624100,48820
21-1023,2022-05-01,624100,47100
21-1029,2022-05-01,624100,47480
29-1021,2022-05-01,624100,165210
29-1051,2022-05-01,624100,123590
29-1071,2022-05-01,624100,121960
29-1141,2022-05-01,624100,75100
29-1171,2022-05-01,624100,126200
29-1215,2022-05-01,624100,125820
29-1223,2022-05-01,624100,0
29-1229,2022-05-01,624100,135700
31-1131,2022-05-01,624100,30060
21-1021,2022-05-01,624200,43430
21-1022,2022-05-01,624200,45880
21-1023,2022-05-01,624200,43910
21-1029,2022-05-01,624200,43440
29-1141,2022-05-01,624200,73880
29-1171,2022-05-01,624200,113190
29-1215,2022-05-01,624200,0
29-1229,2022-05-01,624200,134680
31-1131,2022-05-01,624200,34190
21-1021,2022-05-01,624300,41540
21-1022,2022-05-01,624300,49060
21-1023,2022-05-01,624300,39450
21-1029,2022-05-01,624300,47900
29-1141,2022-05-01,624300,70570
29-1171,2022-05-01,624300,159530
31-1131,2022-05-01,624300,29850
21-1021,2022-05-01,624400,42170
21-1022,2022-05-01,624400,45790
21-1023,2022-05-01,624400,50310
21-1029,2022-05-01,624400,46190
29-1141,2022-05-01,624400,61220
31-1131,2022-05-01,624400,36880
29-1229,2022-05-01,711200,166450
29-1141,2022-05-01,713900,65180
29-1141,2022-05-01,721200,47560
21-1023,2022-05-01,812100,48890
29-1071,2022-05-01,812100,110700
29-1141,2022-05-01,812100,82110
29-1171,2022-05-01,812100,110610
29-1213,2022-05-01,812100,140490
29-1229,2022-05-01,812100,159190
29-1141,2022-05-01,812900,94480
21-1021,2022-05-01,813100,51760
21-1022,2022-05-01,813100,41600
21-1029,2022-05-01,813100,32210
29-1141,2022-05-01,813100,63580
31-1131,2022-05-01,813100,36380
21-1021,2022-05-01,813200,47100
21-1022,2022-05-01,813200,46530
21-1023,2022-05-01,813200,50360
21-1029,2022-05-01,813200,39770
29-1141,2022-05-01,813200,91890
29-1171,2022-05-01,813200,138830
29-1215,2022-05-01,813200,229150
31-1131,2022-05-01,813200,24960
21-1021,2022-05-01,813300,46240
21-1022,2022-05-01,813300,47600
21-1023,2022-05-01,813300,39520
21-1029,2022-05-01,813300,46180
29-1021,2022-05-01,813300,151630
29-1141,2022-05-01,813300,70170
29-1171,2022-05-01,813300,104190
31-1131,2022-05-01,813300,37030
21-1021,2022-05-01,813400,44310
21-1022,2022-05-01,813400,42040
21-1023,2022-05-01,813400,45550
21-1029,2022-05-01,813400,47270
29-1141,2022-05-01,813400,68610
21-1022,2022-05-01,813900,63160
21-1023,2022-05-01,813900,49940
29-1051,2022-05-01,813900,134570
29-1141,2022-05-01,813900,82240
29-1171,2022-05-01,813900,137100
29-1229,2022-05-01,813900,0
21-1029,2022-05-01,999100,87190
29-1029,2022-05-01,999100,206090
29-1051,2022-05-01,999100,130270
29-1071,2022-05-01,999100,114800
29-1141,2022-05-01,999100,99670
29-1229,2022-05-01,999100,0
31-1131,2022-05-01,999100,43330
21-1021,2022-05-01,999200,52890
21-1022,2022-05-01,999200,51400
21-1023,2022-05-01,999200,60250
21-1029,2022-05-01,999200,49210
29-1021,2022-05-01,999200,159680
29-1051,2022-05-01,999200,124800
29-1071,2022-05-01,999200,110800
29-1141,2022-05-01,999200,77610
29-1171,2022-05-01,999200,102820
29-1215,2022-05-01,999200,0
29-1216,2022-05-01,999200,208080
29-1222,2022-05-01,999200,205440
29-1223,2022-05-01,999200,213930
29-1229,2022-05-01,999200,175800
31-1131,2022-05-01,999200,37330
21-1021,2022-05-01,999300,62960
21-1022,2022-05-01,999300,54930
21-1023,2022-05-01,999300,61280
21-1029,2022-05-01,999300,61090
29-1021,2022-05-01,999300,169790
29-1051,2022-05-01,999300,141640
29-1071,2022-05-01,999300,113650
29-1141,2022-05-01,999300,79590
29-1171,2022-05-01,999300,116900
29-1214,2022-05-01,999300,0
29-1215,2022-05-01,999300,233060
29-1216,2022-05-01,999300,234470
29-1221,2022-05-01,999300,230780
29-1222,2022-05-01,999300,215360
29-1223,2022-05-01,999300,0
29-1229,2022-05-01,999300,210370
29-1249,2022-05-01,999300,187150
31-1131,2022-05-01,999300,37400
29-1141,2022-05-01,3250A1,91170
29-1141,2022-05-01,3320A1,85710
29-1141,2022-05-01,3330A1,83140
29-1051,2022-05-01,4240A2,131810
29-1141,2022-05-01,4240A2,95490
29-1213,2022-05-01,4240A2,181620
29-1229,2022-05-01,4240A2,180280
29-1051,2022-05-01,4450A1,132600
29-1141,2022-05-01,4450A1,63660
21-1021,2022-05-01,4590A1,38670
29-1051,2022-05-01,5320A1,132430
29-1141,2022-05-01,5320A1,65440
29-1141,2023-05-01,221100,90280
29-1141,2023-05-01,311400,65020
29-1141,2023-05-01,311600,77820
29-1141,2023-05-01,322100,93410
29-1141,2023-05-01,324100,96460
29-1051,2023-05-01,325400,132060
29-1141,2023-05-01,325400,108940
29-1229,2023-05-01,325400,0
29-1141,2023-05-01,3250A1,97000
29-1141,2023-05-01,326100,67280
29-1141,2023-05-01,327000,97530
29-1141,2023-05-01,331300,92220
29-1141,2023-05-01,3330A1,86860
29-1141,2023-05-01,334500,102070
29-1141,2023-05-01,336100,82960
29-1141,2023-05-01,336300,83900
29-1141,2023-05-01,336400,100710
29-1141,2023-05-01,339100,94780
29-1151,2023-05-01,339100,110960
29-1171,2023-05-01,339100,84190
29-1051,2023-05-01,423400,135990
29-1141,2023-05-01,423400,87460
29-1171,2023-05-01,423400,123520
29-1222,2023-05-01,423400,162440
29-1224,2023-05-01,423400,139850
29-1229,2023-05-01,423400,0
29-1051,2023-05-01,4240A2,134740
29-1141,2023-05-01,4240A2,92230
29-1213,2023-05-01,4240A2,169670
29-1229,2023-05-01,4240A2,225850
29-1051,2023-05-01,425100,142530
29-1141,2023-05-01,425100,0
29-1051,2023-05-01,4450A1,135930
29-1141,2023-05-01,4450A1,67660
29-1051,2023-05-01,455000,141880
21-1022,2023-05-01,456100,50030
29-1051,2023-05-01,456100,131290
29-1071,2023-05-01,456100,0
29-1141,2023-05-01,456100,86250
29-1171,2023-05-01,456100,128620
29-1215,2023-05-01,456100,228490
29-1051,2023-05-01,459900,144220
21-1021,2023-05-01,4590A1,41350
29-1141,2023-05-01,491100,81370
29-1051,2023-05-01,493100,144710
29-1141,2023-05-01,493100,77740
29-1141,2023-05-01,513100,86830
29-1141,2023-05-01,513200,93410
29-1051,2023-05-01,518200,147410
29-1141,2023-05-01,518200,98670
21-1021,2023-05-01,524100,65070
21-1022,2023-05-01,524100,64690
21-1029,2023-05-01,524100,66220
29-1021,2023-05-01,524100,198450
29-1051,2023-05-01,524100,133860
29-1071,2023-05-01,524100,121950
29-1141,2023-05-01,524100,87520
29-1171,2023-05-01,524100,122650
29-1215,2023-05-01,524100,0
29-1229,2023-05-01,524100,212430
21-1022,2023-05-01,524200,64810
29-1051,2023-05-01,524200,136550
29-1141,2023-05-01,524200,79990
29-1229,2023-05-01,524200,0
29-1141,2023-05-01,525100,95750
21-1021,2023-05-01,531000,49940
21-1029,2023-05-01,531000,49410
29-1051,2023-05-01,5320A1,126920
29-1141,2023-05-01,5320A1,67280
21-1021,2023-05-01,541100,64000
21-1022,2023-05-01,541100,61770
21-1023,2023-05-01,541100,48380
21-1029,2023-05-01,541100,77670
29-1141,2023-05-01,541100,83140
21-1022,2023-05-01,541200,66040
29-1141,2023-05-01,541200,82330
29-1229,2023-05-01,541200,236400
29-1141,2023-05-01,541300,91140
21-1022,2023-05-01,541500,56160
29-1051,2023-05-01,541500,133230
29-1141,2023-05-01,541500,92240
29-1171,2023-05-01,541500,118180
29-1229,2023-05-01,541500,0
21-1022,2023-05-01,541600,52200
21-1023,2023-05-01,541600,40730
21-1029,2023-05-01,541600,58460
29-1051,2023-05-01,541600,129760
29-1071,2023-05-01,541600,134990
29-1141,2023-05-01,541600,91060
29-1171,2023-05-01,541600,138720
31-1131,2023-05-01,541600,34140
21-1021,2023-05-01,541700,82330
21-1022,2023-05-01,541700,70390
21-1023,2023-05-01,541700,49060
21-1029,2023-05-01,541700,38450
29-1051,2023-05-01,541700,135420
29-1071,2023-05-01,541700,135870
29-1141,2023-05-01,541700,86420
29-1171,2023-05-01,541700,133990
29-1215,2023-05-01,541700,0
29-1216,2023-05-01,541700,0
29-1217,2023-05-01,541700,0
29-1222,2023-05-01,541700,224330
29-1223,2023-05-01,541700,179670
29-1229,2023-05-01,541700,191780
29-1241,2023-05-01,541700,0
29-1249,2023-05-01,541700,151560
31-1131,2023-05-01,541700,46620
29-1051,2023-05-01,541900,123900
29-1141,2023-05-01,541900,83650
29-1229,2023-05-01,541900,228590
21-1021,2023-05-01,551100,50400
21-1022,2023-05-01,551100,62940
21-1023,2023-05-01,551100,66520
21-1029,2023-05-01,551100,50170
29-1021,2023-05-01,551100,163010
29-1051,2023-05-01,551100,142650
29-1071,2023-05-01,551100,125020
29-1141,2023-05-01,551100,94490
29-1171,2023-05-01,551100,125430
29-1214,2023-05-01,551100,0
29-1215,2023-05-01,551100,0
29-1216,2023-05-01,551100,0
29-1218,2023-05-01,551100,0
29-1221,2023-05-01,551100,0
29-1223,2023-05-01,551100,0
29-1224,2023-05-01,551100,0
29-1229,2023-05-01,551100,225090
31-1131,2023-05-01,551100,41210
21-1022,2023-05-01,561100,59020
21-1023,2023-05-01,561100,60590
21-1029,2023-05-01,561100,85330
29-1051,2023-05-01,561100,130510
29-1141,2023-05-01,561100,93140
29-1171,2023-05-01,561100,124190
31-1131,2023-05-01,561100,33750
21-1021,2023-05-01,561200,37470
29-1141,2023-05-01,561200,99300
31-1131,2023-05-01,561200,33420
21-1021,2023-05-01,561300,52820
21-1022,2023-05-01,561300,55860
21-1023,2023-05-01,561300,65190
21-1029,2023-05-01,561300,48110
29-1021,2023-05-01,561300,136770
29-1051,2023-05-01,561300,126230
29-1071,2023-05-01,561300,143640
29-1141,2023-05-01,561300,100460
29-1171,2023-05-01,561300,126940
29-1212,2023-05-01,561300,205620
29-1214,2023-05-01,561300,0
29-1215,2023-05-01,561300,211430
29-1216,2023-05-01,561300,233470
29-1224,2023-05-01,561300,103970
29-1229,2023-05-01,561300,0
31-1131,2023-05-01,561300,45180
29-1051,2023-05-01,561400,139300
29-1141,2023-05-01,561400,0
29-1171,2023-05-01,561400,185730
29-1051,2023-05-01,561900,108200
21-1021,2023-05-01,611100,64110
21-1022,2023-05-01,611100,61290
21-1023,2023-05-01,611100,57910
21-1029,2023-05-01,611100,56440
29-1141,2023-05-01,611100,64000
29-1171,2023-05-01,611100,106540
29-1229,2023-05-01,611100,215270
31-1131,2023-05-01,611100,35840
21-1021,2023-05-01,611200,60510
21-1029,2023-05-01,611200,64040
29-1021,2023-05-01,611200,146550
29-1141,2023-05-01,611200,79370
31-1131,2023-05-01,611200,52930
21-1021,2023-05-01,611300,56630
21-1022,2023-05-01,611300,70190
21-1023,2023-05-01,611300,62550
21-1029,2023-05-01,611300,50940
29-1021,2023-05-01,611300,170060
29-1051,2023-05-01,611300,136690
29-1071,2023-05-01,611300,115160
29-1141,2023-05-01,611300,88120
29-1151,2023-05-01,611300,190360
29-1171,2023-05-01,611300,120130
29-1211,2023-05-01,611300,0
29-1212,2023-05-01,611300,78470
29-1213,2023-05-01,611300,72810
29-1214,2023-05-01,611300,126480
29-1215,2023-05-01,611300,69620
29-1216,2023-05-01,611300,172050
29-1217,2023-05-01,611300,77300
29-1218,2023-05-01,611300,78760
29-1221,2023-05-01,611300,70440
29-1222,2023-05-01,611300,222630
29-1223,2023-05-01,611300,84230
29-1224,2023-05-01,611300,103410
29-1229,2023-05-01,611300,68290
29-1241,2023-05-01,611300,73040
29-1242,2023-05-01,611300,77250
29-1249,2023-05-01,611300,76320
31-1131,2023-05-01,611300,39030
21-1021,2023-05-01,611400,60960
29-1141,2023-05-01,611400,101110
21-1021,2023-05-01,611500,63580
29-1021,2023-05-01,611500,128470
29-1141,2023-05-01,611500,69060
31-1131,2023-05-01,611500,38810
21-1021,2023-05-01,611600,48260
21-1029,2023-05-01,611600,40780
29-1141,2023-05-01,611600,68870
21-1021,2023-05-01,611700,50150
21-1023,2023-05-01,611700,56920
21-1029,2023-05-01,611700,34860
29-1141,2023-05-01,611700,84200
31-1131,2023-05-01,611700,42570
21-1021,2023-05-01,621100,60150
21-1022,2023-05-01,621100,69660
21-1023,2023-05-01,621100,68950
21-1029,2023-05-01,621100,55350
29-1021,2023-05-01,621100,164990
29-1022,2023-05-01,621100,205380
29-1051,2023-05-01,621100,141250
29-1071,2023-05-01,621100,126280
29-1141,2023-05-01,621100,79660
29-1151,2023-05-01,621100,199060
29-1171,2023-05-01,621100,122400
29-1211,2023-05-01,621100,0
29-1212,2023-05-01,621100,0
29-1213,2023-05-01,621100,0
29-1214,2023-05-01,621100,0
29-1215,2023-05-01,621100,223460
29-1216,2023-05-01,621100,238770
29-1217,2023-05-01,621100,0
29-1218,2023-05-01,621100,0
29-1221,2023-05-01,621100,196630
29-1222,2023-05-01,621100,0
29-1223,2023-05-01,621100,0
29-1224,2023-05-01,621100,0
29-1229,2023-05-01,621100,0
29-1241,2023-05-01,621100,0
29-1242,2023-05-01,621100,0
29-1243,2023-05-01,621100,0
29-1249,2023-05-01,621100,0
31-1131,2023-05-01,621100,37350
29-1021,2023-05-01,621200,166300
29-1022,2023-05-01,621200,0
29-1023,2023-05-01,621200,0
29-1024,2023-05-01,621200,234000
29-1029,2023-05-01,621200,0
29-1141,2023-05-01,621200,67660
29-1229,2023-05-01,621200,208030
31-1131,2023-05-01,621200,60880
21-1021,2023-05-01,621300,55220
21-1022,2023-05-01,621300,63450
21-1023,2023-05-01,621300,60640
21-1029,2023-05-01,621300,43000
29-1021,2023-05-01,621300,178200
29-1051,2023-05-01,621300,137570
29-1071,2023-05-01,621300,128290
29-1141,2023-05-01,621300,79310
29-1151,2023-05-01,621300,128400
29-1171,2023-05-01,621300,119670
29-1215,2023-05-01,621300,184640
29-1216,2023-05-01,621300,169110
29-1218,2023-05-01,621300,0
29-1221,2023-05-01,621300,138820
29-1223,2023-05-01,621300,0
29-1229,2023-05-01,621300,156000
29-1241,2023-05-01,621300,226170
29-1249,2023-05-01,621300,0
31-1131,2023-05-01,621300,37360
21-1021,2023-05-01,621400,49430
21-1022,2023-05-01,621400,72000
21-1023,2023-05-01,621400,50120
21-1029,2023-05-01,621400,50440
29-1021,2023-05-01,621400,172300
29-1022,2023-05-01,621400,217000
29-1029,2023-05-01,621400,232010
29-1051,2023-05-01,621400,170060
29-1071,2023-05-01,621400,141050
29-1141,2023-05-01,621400,91480
29-1151,2023-05-01,621400,0
29-1171,2023-05-01,621400,133680
29-1211,2023-05-01,621400,0
29-1212,2023-05-01,621400,0
29-1213,2023-05-01,621400,0
29-1214,2023-05-01,621400,0
29-1215,2023-05-01,621400,236700
29-1216,2023-05-01,621400,239120
29-1217,2023-05-01,621400,0
29-1218,2023-05-01,621400,0
29-1221,2023-05-01,621400,218530
29-1223,2023-05-01,621400,0
29-1224,2023-05-01,621400,0
29-1229,2023-05-01,621400,0
29-1241,2023-05-01,621400,0
29-1242,2023-05-01,621400,0
29-1249,2023-05-01,621400,0
31-1131,2023-05-01,621400,44330
21-1022,2023-05-01,621500,55900
29-1051,2023-05-01,621500,135170
29-1071,2023-05-01,621500,114700
29-1141,2023-05-01,621500,83210
29-1171,2023-05-01,621500,129170
29-1215,2023-05-01,621500,237660
29-1216,2023-05-01,621500,0
29-1221,2023-05-01,621500,0
29-1222,2023-05-01,621500,0
29-1224,2023-05-01,621500,0
29-1229,2023-05-01,621500,0
31-1131,2023-05-01,621500,37940
21-1021,2023-05-01,621600,65480
21-1022,2023-05-01,621600,64300
21-1023,2023-05-01,621600,85720
21-1029,2023-05-01,621600,60580
29-1051,2023-05-01,621600,144290
29-1071,2023-05-01,621600,112120
29-1141,2023-05-01,621600,79980
29-1151,2023-05-01,621600,229940
29-1171,2023-05-01,621600,128720
29-1215,2023-05-01,621600,0
29-1216,2023-05-01,621600,0
29-1221,2023-05-01,621600,105660
29-1229,2023-05-01,621600,224640
31-1131,2023-05-01,621600,35350
21-1021,2023-05-01,621900,59580
21-1022,2023-05-01,621900,69060
21-1023,2023-05-01,621900,80660
21-1029,2023-05-01,621900,62100
29-1021,2023-05-01,621900,193470
29-1051,2023-05-01,621900,142790
29-1071,2023-05-01,621900,145900
29-1141,2023-05-01,621900,80290
29-1151,2023-05-01,621900,0
29-1171,2023-05-01,621900,135050
29-1215,2023-05-01,621900,232080
29-1216,2023-05-01,621900,127370
29-1223,2023-05-01,621900,0
29-1229,2023-05-01,621900,227640
31-1131,2023-05-01,621900,39840
21-1021,2023-05-01,622100,62370
21-1022,2023-05-01,622100,75920
21-1023,2023-05-01,622100,75670
21-1029,2023-05-01,622100,68870
29-1021,2023-05-01,622100,84800
29-1022,2023-05-01,622100,95660
29-1023,2023-05-01,622100,101920
29-1051,2023-05-01,622100,144680
29-1071,2023-05-01,622100,134010
29-1141,2023-05-01,622100,88290
29-1151,2023-05-01,622100,226900
29-1171,2023-05-01,622100,132110
29-1211,2023-05-01,622100,0
29-1212,2023-05-01,622100,0
29-1213,2023-05-01,622100,218660
29-1214,2023-05-01,622100,0
29-1215,2023-05-01,622100,227790
29-1216,2023-05-01,622100,131150
29-1217,2023-05-01,622100,0
29-1218,2023-05-01,622100,0
29-1221,2023-05-01,622100,210270
29-1222,2023-05-01,622100,0
29-1223,2023-05-01,622100,196560
29-1224,2023-05-01,622100,0
29-1241,2023-05-01,622100,0
29-1242,2023-05-01,622100,0
29-1243,2023-05-01,622100,0
29-1249,2023-05-01,622100,0
31-1131,2023-05-01,622100,38820
21-1021,2023-05-01,622200,56940
21-1022,2023-05-01,622200,64420
21-1023,2023-05-01,622200,62450
21-1029,2023-05-01,622200,61870
29-1021,2023-05-01,622200,165400
29-1051,2023-05-01,622200,139220
29-1071,2023-05-01,622200,132510
29-1141,2023-05-01,622200,84670
29-1171,2023-05-01,622200,135540
29-1215,2023-05-01,622200,217480
29-1216,2023-05-01,622200,0
29-1223,2023-05-01,622200,0
29-1229,2023-05-01,622200,221130
31-1131,2023-05-01,622200,38920
21-1021,2023-05-01,622300,62580
21-1022,2023-05-01,622300,78230
21-1023,2023-05-01,622300,64720
21-1029,2023-05-01,622300,48330
29-1021,2023-05-01,622300,156140
29-1051,2023-05-01,622300,139720
29-1071,2023-05-01,622300,139950
29-1141,2023-05-01,622300,95400
29-1151,2023-05-01,622300,230540
29-1171,2023-05-01,622300,132900
29-1211,2023-05-01,622300,0
29-1212,2023-05-01,622300,0
29-1216,2023-05-01,622300,0
29-1217,2023-05-01,622300,127400
29-1221,2023-05-01,622300,218800
29-1223,2023-05-01,622300,0
29-1224,2023-05-01,622300,0
29-1229,2023-05-01,622300,220640
29-1249,2023-05-01,622300,0
31-1131,2023-05-01,622300,42390
21-1021,2023-05-01,623100,53220
21-1022,2023-05-01,623100,58330
21-1023,2023-05-01,623100,64580
21-1029,2023-05-01,623100,55390
29-1051,2023-05-01,623100,139710
29-1141,2023-05-01,623100,79810
29-1216,2023-05-01,623100,208160
29-1229,2023-05-01,623100,0
31-1131,2023-05-01,623100,37780
21-1021,2023-05-01,623200,47130
21-1022,2023-05-01,623200,45880
21-1023,2023-05-01,623200,46390
21-1029,2023-05-01,623200,42670
29-1051,2023-05-01,623200,126900
29-1071,2023-05-01,623200,55280
29-1141,2023-05-01,623200,76890
29-1171,2023-05-01,623200,150380
29-1216,2023-05-01,623200,0
29-1223,2023-05-01,623200,0
29-1229,2023-05-01,623200,0
31-1131,2023-05-01,623200,37240
21-1021,2023-05-01,623300,57890
21-1022,2023-05-01,623300,55660
21-1023,2023-05-01,623300,52830
21-1029,2023-05-01,623300,47090
29-1051,2023-05-01,623300,124060
29-1141,2023-05-01,623300,77170
31-1131,2023-05-01,623300,37230
21-1021,2023-05-01,623900,44540
21-1022,2023-05-01,623900,48990
21-1023,2023-05-01,623900,45410
21-1029,2023-05-01,623900,54390
29-1141,2023-05-01,623900,76290
29-1171,2023-05-01,623900,132900
29-1223,2023-05-01,623900,0
31-1131,2023-05-01,623900,34670
21-1021,2023-05-01,624100,47620
21-1022,2023-05-01,624100,52390
21-1023,2023-05-01,624100,50870
21-1029,2023-05-01,624100,47760
29-1021,2023-05-01,624100,197160
29-1051,2023-05-01,624100,134680
29-1071,2023-05-01,624100,124670
29-1141,2023-05-01,624100,58610
29-1171,2023-05-01,624100,123720
29-1215,2023-05-01,624100,147820
29-1223,2023-05-01,624100,0
29-1229,2023-05-01,624100,212020
31-1131,2023-05-01,624100,34920
21-1021,2023-05-01,624200,46460
21-1022,2023-05-01,624200,47890
21-1023,2023-05-01,624200,46010
21-1029,2023-05-01,624200,46610
29-1051,2023-05-01,624200,136430
29-1141,2023-05-01,624200,75140
29-1171,2023-05-01,624200,126380
29-1215,2023-05-01,624200,222830
21-1021,2023-05-01,624300,45180
21-1022,2023-05-01,624300,48440
21-1023,2023-05-01,624300,42330
21-1029,2023-05-01,624300,48630
29-1141,2023-05-01,624300,75410
29-1171,2023-05-01,624300,105160
31-1131,2023-05-01,624300,32870
21-1021,2023-05-01,624400,44990
21-1022,2023-05-01,624400,58690
21-1023,2023-05-01,624400,50830
21-1029,2023-05-01,624400,48770
29-1141,2023-05-01,624400,75340
31-1131,2023-05-01,624400,40060
29-1229,2023-05-01,711200,201770
29-1141,2023-05-01,713900,73020
29-1141,2023-05-01,721200,50290
29-1071,2023-05-01,812100,116930
29-1141,2023-05-01,812100,76960
29-1171,2023-05-01,812100,118040
29-1213,2023-05-01,812100,145040
29-1229,2023-05-01,812100,129950
21-1022,2023-05-01,812200,23290
29-1141,2023-05-01,812900,95280
21-1021,2023-05-01,813100,48390
21-1022,2023-05-01,813100,46330
29-1141,2023-05-01,813100,82740
31-1131,2023-05-01,813100,39940
21-1021,2023-05-01,813200,55040
21-1022,2023-05-01,813200,56350
21-1023,2023-05-01,813200,51800
21-1029,2023-05-01,813200,49190
29-1051,2023-05-01,813200,132970
29-1141,2023-05-01,813200,93130
29-1171,2023-05-01,813200,135520
29-1216,2023-05-01,813200,59440
31-1131,2023-05-01,813200,27110
21-1021,2023-05-01,813300,48660
21-1022,2023-05-01,813300,48020
21-1023,2023-05-01,813300,43920
21-1029,2023-05-01,813300,55060
29-1141,2023-05-01,813300,71220
29-1171,2023-05-01,813300,55120
31-1131,2023-05-01,813300,40890
21-1021,2023-05-01,813400,42890
21-1022,2023-05-01,813400,32380
21-1023,2023-05-01,813400,60020
21-1029,2023-05-01,813400,46480
29-1141,2023-05-01,813400,76920
21-1022,2023-05-01,813900,64740
21-1023,2023-05-01,813900,77120
29-1051,2023-05-01,813900,142740
29-1141,2023-05-01,813900,88760
29-1171,2023-05-01,813900,143310
21-1029,2023-05-01,999100,93870
29-1029,2023-05-01,999100,214570
29-1051,2023-05-01,999100,140770
29-1071,2023-05-01,999100,122450
29-1141,2023-05-01,999100,108280
29-1229,2023-05-01,999100,0
31-1131,2023-05-01,999100,48460
21-1021,2023-05-01,999200,54000
21-1022,2023-05-01,999200,56810
21-1023,2023-05-01,999200,66180
21-1029,2023-05-01,999200,51650
29-1021,2023-05-01,999200,165860
29-1051,2023-05-01,999200,130120
29-1071,2023-05-01,999200,114770
29-1141,2023-05-01,999200,83120
29-1171,2023-05-01,999200,114980
29-1215,2023-05-01,999200,0
29-1216,2023-05-01,999200,213930
29-1222,2023-05-01,999200,220480
29-1223,2023-05-01,999200,238970
29-1229,2023-05-01,999200,190030
31-1131,2023-05-01,999200,41160
21-1021,2023-05-01,999300,65790
21-1022,2023-05-01,999300,58700
21-1023,2023-05-01,999300,62200
21-1029,2023-05-01,999300,63680
29-1021,2023-05-01,999300,177030
29-1051,2023-05-01,999300,146180
29-1071,2023-05-01,999300,123520
29-1141,2023-05-01,999300,81100
29-1171,2023-05-01,999300,127840
29-1214,2023-05-01,999300,231540
29-1215,2023-05-01,999300,0
29-1216,2023-05-01,999300,0
29-1221,2023-05-01,999300,234790
29-1222,2023-05-01,999300,232130
29-1223,2023-05-01,999300,0
29-1229,2023-05-01,999300,228660
31-1131,2023-05-01,999300,40570
