OCC_CODE,REPORT_DATE,NAICS,NAICS_TITLE,TOT_EMP
29-1069,2004-05-01,325400,Pharmaceutical and Medicine Manufacturing,80
29-1069,2004-05-01,424200,Drugs and Druggists' Sundries Merchant Wholesalers,140
29-1069,2004-05-01,524100,Insurance Carriers,260
29-1069,2004-05-01,541500,Computer Systems Design and Related Services,0
29-1069,2004-05-01,541600,"Management, Scientific, and Technical Consulting Services",0
29-1069,2004-05-01,541700,Scientific Research and Development Services,170
29-1069,2004-05-01,551100,Management of Companies and Enterprises,850
29-1069,2004-05-01,561100,Office Administrative Services,1150
29-1069,2004-05-01,561300,Employment Services,2370
29-1069,2004-05-01,611100,Elementary and Secondary Schools,70
29-1069,2004-05-01,611300,"Colleges, Universities, and Professional Schools",8410
29-1069,2004-05-01,621100,Offices of Physicians,66570
29-1069,2004-05-01,621300,Offices of Other Health Practitioners,660
29-1069,2004-05-01,621400,Outpatient Care Centers,5210
29-1069,2004-05-01,621500,Medical and Diagnostic Laboratories,2160
29-1069,2004-05-01,621600,Home Health Care Services,0
29-1069,2004-05-01,621900,Other Ambulatory Health Care Services,420
29-1069,2004-05-01,622100,General Medical and Surgical Hospitals,48900
29-1069,2004-05-01,622200,Psychiatric and Substance Abuse Hospitals,300
29-1069,2004-05-01,622300,Specialty (except Psychiatric and Substance Abuse) Hospitals,1710
29-1069,2004-05-01,623100,Nursing Care Facilities,90
29-1069,2004-05-01,624100,Individual and Family Services,40
29-1069,2004-05-01,999100,Federal Executive Branch,19250
29-1069,2004-05-01,999200,State Government (OES designation),1270
29-1069,2004-05-01,999300,Local Government (OES designation),1580
29-1069,2004-11-01,424200,Drugs and Druggists' Sundries Merchant Wholesalers,120
29-1069,2004-11-01,446100,Health and Personal Care Stores,0
29-1069,2004-11-01,524100,Insurance Carriers,250
29-1069,2004-11-01,541500,Computer Systems Design and Related Services,70
29-1069,2004-11-01,541600,"Management, Scientific, and Technical Consulting Services",0
29-1069,2004-11-01,541700,Scientific Research and Development Services,310
29-1069,2004-11-01,551100,Management of Companies and Enterprises,1210
29-1069,2004-11-01,561100,Office Administrative Services,940
29-1069,2004-11-01,561300,Employment Services,2280
29-1069,2004-11-01,611100,Elementary and Secondary Schools,70
29-1069,2004-11-01,611300,"Colleges, Universities, and Professional Schools",9210
29-1069,2004-11-01,621100,Offices of Physicians,74950
29-1069,2004-11-01,621300,Offices of Other Health Practitioners,940
29-1069,2004-11-01,621400,Outpatient Care Centers,5360
29-1069,2004-11-01,621500,Medical and Diagnostic Laboratories,1890
29-1069,2004-11-01,621600,Home Health Care Services,110
29-1069,2004-11-01,621900,Other Ambulatory Health Care Services,330
29-1069,2004-11-01,622100,General Medical and Surgical Hospitals,50770
29-1069,2004-11-01,622200,Psychiatric and Substance Abuse Hospitals,450
29-1069,2004-11-01,622300,Specialty (except Psychiatric and Substance Abuse) Hospitals,1650
29-1069,2004-11-01,623100,Nursing Care Facilities,110
29-1069,2004-11-01,623200,"Residential Mental Retardation, Mental Health and Substance Abuse Facilities",0
29-1069,2004-11-01,624100,Individual and Family Services,60
29-1069,2004-11-01,999100,Federal Executive Branch ,19690
29-1069,2004-11-01,999200,State Government (OES designation),950
29-1069,2004-11-01,999300,Local Government (OES designation),1580
29-1069,2005-05-01,424200,Drugs and Druggists' Sundries Merchant Wholesalers,150
29-1069,2005-05-01,446100,Health and Personal Care Stores,90
29-1069,2005-05-01,524100,Insurance Carriers,240
29-1069,2005-05-01,541500,Computer Systems Design and Related Services,70
29-1069,2005-05-01,541600,"Management, Scientific, and Technical Consulting Services",0
29-1069,2005-05-01,541700,Scientific Research and Development Services,360
29-1069,2005-05-01,551100,Management of Companies and Enterprises,830
29-1069,2005-05-01,561100,Office Administrative Services,0
29-1069,2005-05-01,561300,Employment Services,2200
29-1069,2005-05-01,611100,Elementary and Secondary Schools,60
29-1069,2005-05-01,611300,"Colleges, Universities, and Professional Schools",8020
29-1069,2005-05-01,621100,Offices of Physicians,80640
29-1069,2005-05-01,621300,Offices of Other Health Practitioners,1120
29-1069,2005-05-01,621400,Outpatient Care Centers,6420
29-1069,2005-05-01,621500,Medical and Diagnostic Laboratories,3170
29-1069,2005-05-01,621600,Home Health Care Services,120
29-1069,2005-05-01,621900,Other Ambulatory Health Care Services,530
29-1069,2005-05-01,622100,General Medical and Surgical Hospitals,50750
29-1069,2005-05-01,622200,Psychiatric and Substance Abuse Hospitals,440
29-1069,2005-05-01,622300,Specialty (except Psychiatric and Substance Abuse) Hospitals,1820
29-1069,2005-05-01,623100,Nursing Care Facilities,100
29-1069,2005-05-01,623200,"Residential Mental Retardation, Mental Health and Substance Abuse Facilities",30
29-1069,2005-05-01,624100,Individual and Family Services,80
29-1069,2005-05-01,999100,Federal Executive Branch,19620
29-1069,2005-05-01,999200,State Government (OES designation),940
29-1069,2005-05-01,999300,Local Government (OES designation),1540
29-1069,2006-05-01,424200,Drugs and Druggists' Sundries Merchant Wholesalers,0
29-1069,2006-05-01,446100,Health and Personal Care Stores,0
29-1069,2006-05-01,524100,Insurance Carriers,200
29-1069,2006-05-01,541200,"Accounting, Tax Preparation, Bookkeeping, and Payroll Services",0
29-1069,2006-05-01,541300,"Architectural, Engineering, and Related Services",0
29-1069,2006-05-01,541500,Computer Systems Design and Related Services,0
29-1069,2006-05-01,541600,"Management, Scientific, and Technical Consulting Services",0
29-1069,2006-05-01,541700,Scientific Research and Development Services,480
29-1069,2006-05-01,551100,Management of Companies and Enterprises,720
29-1069,2006-05-01,561100,Office Administrative Services,390
29-1069,2006-05-01,561300,Employment Services,1610
29-1069,2006-05-01,611100,Elementary and Secondary Schools,60
29-1069,2006-05-01,611300,"Colleges, Universities, and Professional Schools",10870
29-1069,2006-05-01,621100,Offices of Physicians,92050
29-1069,2006-05-01,621300,Offices of Other Health Practitioners,1560
29-1069,2006-05-01,621400,Outpatient Care Centers,5400
29-1069,2006-05-01,621500,Medical and Diagnostic Laboratories,4160
29-1069,2006-05-01,621600,Home Health Care Services,310
29-1069,2006-05-01,621900,Other Ambulatory Health Care Services,270
29-1069,2006-05-01,622100,General Medical and Surgical Hospitals,61530
29-1069,2006-05-01,622200,Psychiatric and Substance Abuse Hospitals,530
29-1069,2006-05-01,622300,Specialty (except Psychiatric and Substance Abuse) Hospitals,2180
29-1069,2006-05-01,623100,Nursing Care Facilities,100
29-1069,2006-05-01,624100,Individual and Family Services,90
29-1069,2006-05-01,711200,Spectator Sports,30
29-1069,2006-05-01,999100,Federal Executive Branch (OES designation),22810
29-1069,2006-05-01,999200,State Government (OES designation),1110
29-1069,2006-05-01,999300,Local Government (OES designation),1710
29-1069,2007-05-01,524100,Insurance Carriers,150
29-1069,2007-05-01,541500,Computer Systems Design and Related Services,40
29-1069,2007-05-01,541600,"Management, Scientific, and Technical Consulting Services",150
29-1069,2007-05-01,541700,Scientific Research and Development Services,620
29-1069,2007-05-01,551100,Management of Companies and Enterprises,680
29-1069,2007-05-01,561100,Office Administrative Services,340
29-1069,2007-05-01,561300,Employment Services,1090
29-1069,2007-05-01,611100,Elementary and Secondary Schools,70
29-1069,2007-05-01,611300,"Colleges, Universities, and Professional Schools",10490
29-1069,2007-05-01,621100,Offices of Physicians,114010
29-1069,2007-05-01,621300,Offices of Other Health Practitioners,2180
29-1069,2007-05-01,621400,Outpatient Care Centers,5360
29-1069,2007-05-01,621500,Medical and Diagnostic Laboratories,4350
29-1069,2007-05-01,621600,Home Health Care Services,290
29-1069,2007-05-01,621900,Other Ambulatory Health Care Services,380
29-1069,2007-05-01,622100,General Medical and Surgical Hospitals,66480
29-1069,2007-05-01,622200,Psychiatric and Substance Abuse Hospitals,660
29-1069,2007-05-01,622300,Specialty (except Psychiatric and Substance Abuse) Hospitals,2140
29-1069,2007-05-01,623100,Nursing Care Facilities,140
29-1069,2007-05-01,624100,Individual and Family Services,50
29-1069,2007-05-01,711200,Spectator Sports,30
29-1069,2007-05-01,999100,Federal Executive Branch (OES designation),24140
29-1069,2007-05-01,999200,State Government (OES designation),1100
29-1069,2007-05-01,999300,Local Government (OES designation),1780
29-1069,2008-05-01,325400,Pharmaceutical and Medicine Manufacturing,60
29-1069,2008-05-01,524100,Insurance Carriers,140
29-1069,2008-05-01,541300,"Architectural, Engineering, and Related Services",0
29-1069,2008-05-01,541600,"Management, Scientific, and Technical Consulting Services",220
29-1069,2008-05-01,541700,Scientific Research and Development Services,890
29-1069,2008-05-01,551100,Management of Companies and Enterprises,540
29-1069,2008-05-01,561100,Office Administrative Services,0
29-1069,2008-05-01,561200,Facilities Support Services,40
29-1069,2008-05-01,561300,Employment Services,960
29-1069,2008-05-01,611100,Elementary and Secondary Schools,50
29-1069,2008-05-01,611300,"Colleges, Universities, and Professional Schools",10810
29-1069,2008-05-01,621100,Offices of Physicians,133530
29-1069,2008-05-01,621200,Offices of Dentists,0
29-1069,2008-05-01,621300,Offices of Other Health Practitioners,2340
29-1069,2008-05-01,621400,Outpatient Care Centers,5910
29-1069,2008-05-01,621500,Medical and Diagnostic Laboratories,4820
29-1069,2008-05-01,621600,Home Health Care Services,0
29-1069,2008-05-01,621900,Other Ambulatory Health Care Services,330
29-1069,2008-05-01,622100,General Medical and Surgical Hospitals,69700
29-1069,2008-05-01,622200,Psychiatric and Substance Abuse Hospitals,690
29-1069,2008-05-01,622300,Specialty (except Psychiatric and Substance Abuse) Hospitals,2090
29-1069,2008-05-01,623100,Nursing Care Facilities,150
29-1069,2008-05-01,623200,"Residential Mental Retardation, Mental Health and Substance Abuse Facilities",40
29-1069,2008-05-01,624100,Individual and Family Services,40
29-1069,2008-05-01,711200,Spectator Sports,30
29-1069,2008-05-01,812100,Personal Care Services,90
29-1069,2008-05-01,999100,Federal Executive Branch (OES Designation),24940
29-1069,2008-05-01,999200,State Government (OES Designation),1250
29-1069,2008-05-01,999300,Local Government (OES Designation),1990
29-1069,2009-05-01,325400,Pharmaceutical and Medicine Manufacturing,60
29-1069,2009-05-01,524100,Insurance Carriers,130
29-1069,2009-05-01,541500,Computer Systems Design and Related Services,30
29-1069,2009-05-01,541600,"Management, Scientific, and Technical Consulting Services",0
29-1069,2009-05-01,541700,Scientific Research and Development Services,960
29-1069,2009-05-01,551100,Management of Companies and Enterprises,530
29-1069,2009-05-01,561100,Office Administrative Services,80
29-1069,2009-05-01,561200,Facilities Support Services,40
29-1069,2009-05-01,561300,Employment Services,520
29-1069,2009-05-01,611100,Elementary and Secondary Schools,70
29-1069,2009-05-01,611300,"Colleges, Universities, and Professional Schools",9240
29-1069,2009-05-01,621100,Offices of Physicians,142640
29-1069,2009-05-01,621200,Offices of Dentists,0
29-1069,2009-05-01,621300,Offices of Other Health Practitioners,2360
29-1069,2009-05-01,621400,Outpatient Care Centers,6930
29-1069,2009-05-01,621500,Medical and Diagnostic Laboratories,3990
29-1069,2009-05-01,621600,Home Health Care Services,230
29-1069,2009-05-01,621900,Other Ambulatory Health Care Services,730
29-1069,2009-05-01,622100,General Medical and Surgical Hospitals,71690
29-1069,2009-05-01,622200,Psychiatric and Substance Abuse Hospitals,620
29-1069,2009-05-01,622300,Specialty (except Psychiatric and Substance Abuse) Hospitals,2090
29-1069,2009-05-01,623100,Nursing Care Facilities,180
29-1069,2009-05-01,623200,"Residential Mental Retardation, Mental Health and Substance Abuse Facilities",40
29-1069,2009-05-01,624100,Individual and Family Services,60
29-1069,2009-05-01,812100,Personal Care Services,80
29-1069,2009-05-01,999100,Federal Executive Branch (OES Designation),27000
29-1069,2009-05-01,999200,State Government (OES Designation),1500
29-1069,2009-05-01,999300,Local Government (OES Designation),1570
29-1069,2010-05-01,325400,Pharmaceutical and Medicine Manufacturing,60
29-1069,2010-05-01,524100,Insurance Carriers,160
29-1069,2010-05-01,541500,Computer Systems Design and Related Services,40
29-1069,2010-05-01,541600,"Management, Scientific, and Technical Consulting Services",150
29-1069,2010-05-01,541700,Scientific Research and Development Services,880
29-1069,2010-05-01,541900,"Other Professional, Scientific, and Technical Services",0
29-1069,2010-05-01,551100,Management of Companies and Enterprises,400
29-1069,2010-05-01,561300,Employment Services,510
29-1069,2010-05-01,611100,Elementary and Secondary Schools,40
29-1069,2010-05-01,611300,"Colleges, Universities, and Professional Schools",11150
29-1069,2010-05-01,621100,Offices of Physicians,149030
29-1069,2010-05-01,621200,Offices of Dentists,330
29-1069,2010-05-01,621300,Offices of Other Health Practitioners,2020
29-1069,2010-05-01,621400,Outpatient Care Centers,10080
29-1069,2010-05-01,621500,Medical and Diagnostic Laboratories,4580
29-1069,2010-05-01,621600,Home Health Care Services,480
29-1069,2010-05-01,621900,Other Ambulatory Health Care Services,740
29-1069,2010-05-01,622100,General Medical and Surgical Hospitals,76400
29-1069,2010-05-01,622200,Psychiatric and Substance Abuse Hospitals,540
29-1069,2010-05-01,622300,Specialty (except Psychiatric and Substance Abuse) Hospitals,2570
29-1069,2010-05-01,623100,Nursing Care Facilities,90
29-1069,2010-05-01,623200,"Residential Mental Retardation, Mental Health and Substance Abuse Facilities",30
29-1069,2010-05-01,624100,Individual and Family Services,70
29-1069,2010-05-01,999100,Federal Executive Branch (OES Designation),28630
29-1069,2010-05-01,999200,State Government (OES Designation),1320
29-1069,2010-05-01,999300,Local Government (OES Designation),1470
29-1069,2011-05-01,446100,Health and Personal Care Stores,0
29-1069,2011-05-01,524100,Insurance Carriers,180
29-1069,2011-05-01,524200,"Agencies, Brokerages, and Other Insurance Related Activities",30
29-1069,2011-05-01,541500,Computer Systems Design and Related Services,30
29-1069,2011-05-01,541600,"Management, Scientific, and Technical Consulting Services",80
29-1069,2011-05-01,541700,Scientific Research and Development Services,650
29-1069,2011-05-01,541900,"Other Professional, Scientific, and Technical Services",0
29-1069,2011-05-01,551100,Management of Companies and Enterprises,450
29-1069,2011-05-01,561300,Employment Services,560
29-1069,2011-05-01,611100,Elementary and Secondary Schools,40
29-1069,2011-05-01,611300,"Colleges, Universities, and Professional Schools",13860
29-1069,2011-05-01,621100,Offices of Physicians,151900
29-1069,2011-05-01,621200,Offices of Dentists,150
29-1069,2011-05-01,621300,Offices of Other Health Practitioners,1980
29-1069,2011-05-01,621400,Outpatient Care Centers,9460
29-1069,2011-05-01,621500,Medical and Diagnostic Laboratories,5170
29-1069,2011-05-01,621600,Home Health Care Services,710
29-1069,2011-05-01,621900,Other Ambulatory Health Care Services,820
29-1069,2011-05-01,622100,General Medical and Surgical Hospitals,80760
29-1069,2011-05-01,622200,Psychiatric and Substance Abuse Hospitals,470
29-1069,2011-05-01,622300,Specialty (except Psychiatric and Substance Abuse) Hospitals,3230
29-1069,2011-05-01,623100,Nursing Care Facilities,60
29-1069,2011-05-01,624100,Individual and Family Services,80
29-1069,2011-05-01,999100,Federal Executive Branch (OES Designation),29820
29-1069,2011-05-01,999200,State Government (excluding schools and hospitals),1350
29-1069,2011-05-01,999300,Local Government (excluding schools and hospitals),1470
29-1069,2012-05-01,446100,Health and Personal Care Stores,50
29-1069,2012-05-01,524100,Insurance Carriers,210
29-1069,2012-05-01,541500,Computer Systems Design and Related Services,40
29-1069,2012-05-01,541600,"Management, Scientific, and Technical Consulting Services",50
29-1069,2012-05-01,541700,Scientific Research and Development Services,540
29-1069,2012-05-01,541900,"Other Professional, Scientific, and Technical Services",0
29-1069,2012-05-01,551100,Management of Companies and Enterprises,640
29-1069,2012-05-01,561300,Employment Services,980
29-1069,2012-05-01,611100,Elementary and Secondary Schools,30
29-1069,2012-05-01,611300,"Colleges, Universities, and Professional Schools",14020
29-1069,2012-05-01,611400,Business Schools and Computer and Management Training,40
29-1069,2012-05-01,621100,Offices of Physicians,146070
29-1069,2012-05-01,621200,Offices of Dentists,170
29-1069,2012-05-01,621300,Offices of Other Health Practitioners,1960
29-1069,2012-05-01,621400,Outpatient Care Centers,9790
29-1069,2012-05-01,621500,Medical and Diagnostic Laboratories,5630
29-1069,2012-05-01,621600,Home Health Care Services,780
29-1069,2012-05-01,621900,Other Ambulatory Health Care Services,640
29-1069,2012-05-01,622100,General Medical and Surgical Hospitals,87240
29-1069,2012-05-01,622200,Psychiatric and Substance Abuse Hospitals,530
29-1069,2012-05-01,622300,Specialty (except Psychiatric and Substance Abuse) Hospitals,2890
29-1069,2012-05-01,623100,Nursing Care Facilities (Skilled Nursing Facilities),40
29-1069,2012-05-01,624100,Individual and Family Services,140
29-1069,2012-05-01,999100,Federal Executive Branch (OES Designation),30240
29-1069,2012-05-01,999200,State Government (OES Designation),1310
29-1069,2012-05-01,999300,Local Government (OES Designation),1530
29-1069,2013-05-01,425100,Wholesale Electronic Markets and Agents and Brokers,0
29-1069,2013-05-01,446100,Health and Personal Care Stores,120
29-1069,2013-05-01,524100,Insurance Carriers,290
29-1069,2013-05-01,541500,Computer Systems Design and Related Services,0
29-1069,2013-05-01,541600,"Management, Scientific, and Technical Consulting Services",120
29-1069,2013-05-01,541700,Scientific Research and Development Services,610
29-1069,2013-05-01,541900,"Other Professional, Scientific, and Technical Services",0
29-1069,2013-05-01,551100,Management of Companies and Enterprises,630
29-1069,2013-05-01,561300,Employment Services,1070
29-1069,2013-05-01,611100,Elementary and Secondary Schools,110
29-1069,2013-05-01,611300,"Colleges, Universities, and Professional Schools",11130
29-1069,2013-05-01,611400,Business Schools and Computer and Management Training,60
29-1069,2013-05-01,621100,Offices of Physicians,142880
29-1069,2013-05-01,621200,Offices of Dentists,160
29-1069,2013-05-01,621300,Offices of Other Health Practitioners,2140
29-1069,2013-05-01,621400,Outpatient Care Centers,9580
29-1069,2013-05-01,621500,Medical and Diagnostic Laboratories,5090
29-1069,2013-05-01,621600,Home Health Care Services,600
29-1069,2013-05-01,621900,Other Ambulatory Health Care Services,950
29-1069,2013-05-01,622100,General Medical and Surgical Hospitals,91860
29-1069,2013-05-01,622200,Psychiatric and Substance Abuse Hospitals,620
29-1069,2013-05-01,622300,Specialty (except Psychiatric and Substance Abuse) Hospitals,3410
29-1069,2013-05-01,623100,Nursing Care Facilities (Skilled Nursing Facilities),60
29-1069,2013-05-01,624100,Individual and Family Services,130
29-1069,2013-05-01,999100,Federal Executive Branch (OES Designation),31290
29-1069,2013-05-01,999200,State Government (OES Designation),1450
29-1069,2013-05-01,999300,Local Government (OES Designation),1740
29-1069,2014-05-01,446100,Health and Personal Care Stores,0
29-1069,2014-05-01,524100,Insurance Carriers,220
29-1069,2014-05-01,532400,Commercial and Industrial Machinery and Equipment Rental and Leasing,50
29-1069,2014-05-01,541500,Computer Systems Design and Related Services,0
29-1069,2014-05-01,541600,"Management, Scientific, and Technical Consulting Services",110
29-1069,2014-05-01,541700,Scientific Research and Development Services,1050
29-1069,2014-05-01,551100,Management of Companies and Enterprises,450
29-1069,2014-05-01,561300,Employment Services,1180
29-1069,2014-05-01,611100,Elementary and Secondary Schools,120
29-1069,2014-05-01,611300,"Colleges, Universities, and Professional Schools",9840
29-1069,2014-05-01,611400,Business Schools and Computer and Management Training,100
29-1069,2014-05-01,621100,Offices of Physicians,140920
29-1069,2014-05-01,621200,Offices of Dentists,140
29-1069,2014-05-01,621300,Offices of Other Health Practitioners,1950
29-1069,2014-05-01,621400,Outpatient Care Centers,9800
29-1069,2014-05-01,621500,Medical and Diagnostic Laboratories,5070
29-1069,2014-05-01,621600,Home Health Care Services,600
29-1069,2014-05-01,621900,Other Ambulatory Health Care Services,910
29-1069,2014-05-01,622100,General Medical and Surgical Hospitals,97820
29-1069,2014-05-01,622200,Psychiatric and Substance Abuse Hospitals,620
29-1069,2014-05-01,622300,Specialty (except Psychiatric and Substance Abuse) Hospitals,3810
29-1069,2014-05-01,623100,Nursing Care Facilities (Skilled Nursing Facilities),130
29-1069,2014-05-01,624100,Individual and Family Services,120
29-1069,2014-05-01,999100,Federal Executive Branch (OES Designation),31990
29-1069,2014-05-01,999200,State Government (OES Designation),1620
29-1069,2014-05-01,999300,Local Government (OES Designation),1630
29-1069,2015-05-01,325400,Pharmaceutical and Medicine Manufacturing,100
29-1069,2015-05-01,446100,Health and Personal Care Stores,0
29-1069,2015-05-01,524100,Insurance Carriers,270
29-1069,2015-05-01,524200,"Agencies, Brokerages, and Other Insurance Related Activities",50
29-1069,2015-05-01,532400,Commercial and Industrial Machinery and Equipment Rental and Leasing,40
29-1069,2015-05-01,541600,"Management, Scientific, and Technical Consulting Services",160
29-1069,2015-05-01,541700,Scientific Research and Development Services,1000
29-1069,2015-05-01,541900,"Other Professional, Scientific, and Technical Services",0
29-1069,2015-05-01,551100,Management of Companies and Enterprises,240
29-1069,2015-05-01,561100,Office Administrative Services,40
29-1069,2015-05-01,561300,Employment Services,880
29-1069,2015-05-01,611100,Elementary and Secondary Schools,90
29-1069,2015-05-01,611300,"Colleges, Universities, and Professional Schools",13040
29-1069,2015-05-01,621100,Offices of Physicians,150270
29-1069,2015-05-01,621200,Offices of Dentists,0
29-1069,2015-05-01,621300,Offices of Other Health Practitioners,1930
29-1069,2015-05-01,621400,Outpatient Care Centers,10080
29-1069,2015-05-01,621500,Medical and Diagnostic Laboratories,5600
29-1069,2015-05-01,621600,Home Health Care Services,530
29-1069,2015-05-01,621900,Other Ambulatory Health Care Services,1070
29-1069,2015-05-01,622100,General Medical and Surgical Hospitals,95540
29-1069,2015-05-01,622200,Psychiatric and Substance Abuse Hospitals,630
29-1069,2015-05-01,622300,Specialty (except Psychiatric and Substance Abuse) Hospitals,4080
29-1069,2015-05-01,623100,Nursing Care Facilities (Skilled Nursing Facilities),140
29-1069,2015-05-01,623200,"Residential Intellectual and Developmental Disability, Mental Health, and Substance Abuse Facilities",50
29-1069,2015-05-01,624100,Individual and Family Services,90
29-1069,2015-05-01,711200,Spectator Sports,0
29-1069,2015-05-01,813200,Grantmaking and Giving Services,70
29-1069,2015-05-01,999100,Federal Executive Branch (OES Designation),32970
29-1069,2015-05-01,999200,State Government (OES Designation),1720
29-1069,2015-05-01,999300,Local Government (OES Designation),1370
29-1069,2016-05-01,325400,Pharmaceutical and Medicine Manufacturing,120
29-1069,2016-05-01,524100,Insurance Carriers,210
29-1069,2016-05-01,524200,"Agencies, Brokerages, and Other Insurance Related Activities",60
29-1069,2016-05-01,541600,"Management, Scientific, and Technical Consulting Services",150
29-1069,2016-05-01,541700,Scientific Research and Development Services,1510
29-1069,2016-05-01,541900,"Other Professional, Scientific, and Technical Services",0
29-1069,2016-05-01,551100,Management of Companies and Enterprises,390
29-1069,2016-05-01,561100,Office Administrative Services,0
29-1069,2016-05-01,561300,Employment Services,840
29-1069,2016-05-01,611300,"Colleges, Universities, and Professional Schools",16930
29-1069,2016-05-01,621100,Offices of Physicians,159050
29-1069,2016-05-01,621200,Offices of Dentists,0
29-1069,2016-05-01,621300,Offices of Other Health Practitioners,1760
29-1069,2016-05-01,621400,Outpatient Care Centers,9690
29-1069,2016-05-01,621500,Medical and Diagnostic Laboratories,5780
29-1069,2016-05-01,621600,Home Health Care Services,650
29-1069,2016-05-01,621900,Other Ambulatory Health Care Services,1040
29-1069,2016-05-01,622100,General Medical and Surgical Hospitals,98500
29-1069,2016-05-01,622200,Psychiatric and Substance Abuse Hospitals,610
29-1069,2016-05-01,622300,Specialty (except Psychiatric and Substance Abuse) Hospitals,3600
29-1069,2016-05-01,623100,Nursing Care Facilities (Skilled Nursing Facilities),180
29-1069,2016-05-01,623200,"Residential Intellectual and Developmental Disability, Mental Health, and Substance Abuse Facilities",50
29-1069,2016-05-01,624100,Individual and Family Services,100
29-1069,2016-05-01,711200,Spectator Sports,0
29-1069,2016-05-01,813200,Grantmaking and Giving Services,70
29-1069,2016-05-01,999100,Federal Executive Branch (OES Designation),33660
29-1069,2016-05-01,999200,State Government (OES Designation),1630
29-1069,2016-05-01,999300,Local Government (OES Designation),1350
29-1069,2017-05-01,325400,Pharmaceutical and Medicine Manufacturing,0
29-1069,2017-05-01,524100,Insurance Carriers,260
29-1069,2017-05-01,524200,"Agencies, Brokerages, and Other Insurance Related Activities",80
29-1069,2017-05-01,541500,Computer Systems Design and Related Services,0
29-1069,2017-05-01,541600,"Management, Scientific, and Technical Consulting Services",250
29-1069,2017-05-01,541700,Scientific Research and Development Services,1340
29-1069,2017-05-01,541900,"Other Professional, Scientific, and Technical Services",0
29-1069,2017-05-01,551100,Management of Companies and Enterprises,600
29-1069,2017-05-01,561100,Office Administrative Services,80
29-1069,2017-05-01,561300,Employment Services,730
29-1069,2017-05-01,611300,"Colleges, Universities, and Professional Schools",14410
29-1069,2017-05-01,611400,Business Schools and Computer and Management Training,70
29-1069,2017-05-01,621100,Offices of Physicians,169590
29-1069,2017-05-01,621200,Offices of Dentists,0
29-1069,2017-05-01,621300,Offices of Other Health Practitioners,1750
29-1069,2017-05-01,621400,Outpatient Care Centers,10450
29-1069,2017-05-01,621500,Medical and Diagnostic Laboratories,5550
29-1069,2017-05-01,621600,Home Health Care Services,730
29-1069,2017-05-01,621900,Other Ambulatory Health Care Services,1080
29-1069,2017-05-01,622100,General Medical and Surgical Hospitals,104790
29-1069,2017-05-01,622200,Psychiatric and Substance Abuse Hospitals,710
29-1069,2017-05-01,622300,Specialty (except Psychiatric and Substance Abuse) Hospitals,4340
29-1069,2017-05-01,623100,Nursing Care Facilities (Skilled Nursing Facilities),0
29-1069,2017-05-01,623200,"Residential Intellectual and Developmental Disability, Mental Health, and Substance Abuse Facilities",100
29-1069,2017-05-01,624100,Individual and Family Services,130
29-1069,2017-05-01,812100,Personal Care Services,0
29-1069,2017-05-01,813200,Grantmaking and Giving Services,100
29-1069,2017-05-01,999100,Federal Executive Branch (OES Designation),33990
29-1069,2017-05-01,999200,"State Government, excluding schools and hospitals (OES Designation)",1550
29-1069,2017-05-01,999300,"Local Government, excluding schools and hospitals (OES Designation)",1490
29-1069,2018-05-01,325400,Pharmaceutical and Medicine Manufacturing,50
29-1069,2018-05-01,423400,Professional and Commercial Equipment and Supplies Merchant Wholesalers,0
29-1069,2018-05-01,524100,Insurance Carriers,290
29-1069,2018-05-01,524200,"Agencies, Brokerages, and Other Insurance Related Activities",50
29-1069,2018-05-01,541500,Computer Systems Design and Related Services,180
29-1069,2018-05-01,541600,"Management, Scientific, and Technical Consulting Services",150
29-1069,2018-05-01,541700,Scientific Research and Development Services,1400
29-1069,2018-05-01,541900,"Other Professional, Scientific, and Technical Services",40
29-1069,2018-05-01,551100,Management of Companies and Enterprises,840
29-1069,2018-05-01,561100,Office Administrative Services,0
29-1069,2018-05-01,561300,Employment Services,1000
29-1069,2018-05-01,611100,Elementary and Secondary Schools,30
29-1069,2018-05-01,611300,"Colleges, Universities, and Professional Schools",14890
29-1069,2018-05-01,611400,Business Schools and Computer and Management Training,80
29-1069,2018-05-01,621100,Offices of Physicians,185350
29-1069,2018-05-01,621200,Offices of Dentists,120
29-1069,2018-05-01,621300,Offices of Other Health Practitioners,1920
29-1069,2018-05-01,621400,Outpatient Care Centers,10640
29-1069,2018-05-01,621500,Medical and Diagnostic Laboratories,5990
29-1069,2018-05-01,621600,Home Health Care Services,830
29-1069,2018-05-01,621900,Other Ambulatory Health Care Services,1020
29-1069,2018-05-01,622100,General Medical and Surgical Hospitals,117620
29-1069,2018-05-01,622200,Psychiatric and Substance Abuse Hospitals,700
29-1069,2018-05-01,622300,Specialty (except Psychiatric and Substance Abuse) Hospitals,0
29-1069,2018-05-01,623100,Nursing Care Facilities (Skilled Nursing Facilities),420
29-1069,2018-05-01,623200,"Residential Intellectual and Developmental Disability, Mental Health, and Substance Abuse Facilities",100
29-1069,2018-05-01,623900,Other Residential Care Facilities,40
29-1069,2018-05-01,624100,Individual and Family Services,120
29-1069,2018-05-01,812100,Personal Care Services,130
29-1069,2018-05-01,813200,Grantmaking and Giving Services,0
29-1069,2018-05-01,813900,"Business, Professional, Labor, Political, and Similar Organizations",0
29-1069,2018-05-01,999100,Federal Executive Branch (OES Designation),34360
29-1069,2018-05-01,999200,"State Government, excluding schools and hospitals (OES Designation)",1440
29-1069,2018-05-01,999300,"Local Government, excluding schools and hospitals (OES Designation)",2000
29-1071,2002-05-01,541600,"Management, Scientific, and Technical Consulting Services",0
29-1071,2002-05-01,541700,Scientific Research and Development Services,140
29-1071,2002-05-01,551100,Management of Companies and Enterprises,310
29-1071,2002-05-01,561100,Office Administrative Services,0
29-1071,2002-05-01,561300,Employment Services,0
29-1071,2002-05-01,611300,"Colleges, Universities, and Professional Schools",1120
29-1071,2002-05-01,621100,Offices of Physicians,33800
29-1071,2002-05-01,621200,Offices of Dentists,700
29-1071,2002-05-01,621300,Offices of Other Health Practitioners,1330
29-1071,2002-05-01,621400,Outpatient Care Centers,3010
29-1071,2002-05-01,621500,Medical and Diagnostic Laboratories,200
29-1071,2002-05-01,621600,Home Health Care Services,220
29-1071,2002-05-01,621900,Other Ambulatory Health Care Services,210
29-1071,2002-05-01,622100,General Medical and Surgical Hospitals,15670
29-1071,2002-05-01,622200,Psychiatric and Substance Abuse Hospitals,180
29-1071,2002-05-01,622300,Specialty (except Psychiatric and Substance Abuse) Hospitals,230
29-1071,2002-05-01,623100,Nursing Care Facilities,180
29-1071,2002-05-01,623200,"Residential Mental Retardation, Mental Health and Substance Abuse Facilities",60
29-1071,2002-05-01,624100,Individual and Family Services,60
29-1071,2002-05-01,999100,Federal Executive Branch and United States Postal Service (OES designation),2250
29-1071,2002-05-01,999200,State Government (OES designation),280
29-1071,2002-05-01,999300,Local Government (OES designation),350
29-1071,2003-05-01,541700,Scientific Research and Development Services,140
29-1071,2003-05-01,551100,Management of Companies and Enterprises,410
29-1071,2003-05-01,561100,Office Administrative Services,390
29-1071,2003-05-01,561300,Employment Services,360
29-1071,2003-05-01,611300,"Colleges, Universities, and Professional Schools",1230
29-1071,2003-05-01,621100,Offices of Physicians,31780
29-1071,2003-05-01,621200,Offices of Dentists,620
29-1071,2003-05-01,621300,Offices of Other Health Practitioners,1330
29-1071,2003-05-01,621400,Outpatient Care Centers,3060
29-1071,2003-05-01,621500,Medical and Diagnostic Laboratories,280
29-1071,2003-05-01,621600,Home Health Care Services,180
29-1071,2003-05-01,621900,Other Ambulatory Health Care Services,130
29-1071,2003-05-01,622100,General Medical and Surgical Hospitals,15770
29-1071,2003-05-01,622200,Psychiatric and Substance Abuse Hospitals,180
29-1071,2003-05-01,622300,Specialty (except Psychiatric and Substance Abuse) Hospitals,230
29-1071,2003-05-01,623100,Nursing Care Facilities,210
29-1071,2003-05-01,623200,"Residential Mental Retardation, Mental Health and Substance Abuse Facilities",50
29-1071,2003-05-01,624100,Individual and Family Services,80
29-1071,2003-05-01,999100,Federal Executive Branch and United States Postal Service (OES designation),2270
29-1071,2003-05-01,999200,State Government (OES designation),280
29-1071,2003-05-01,999300,Local Government (OES designation),460
29-1071,2003-11-01,541700,Scientific Research and Development Services,160
29-1071,2003-11-01,551100,Management of Companies and Enterprises,450
29-1071,2003-11-01,561100,Office Administrative Services,0
29-1071,2003-11-01,561300,Employment Services,360
29-1071,2003-11-01,611300,"Colleges, Universities, and Professional Schools",1350
29-1071,2003-11-01,621100,Offices of Physicians,34730
29-1071,2003-11-01,621200,Offices of Dentists,570
29-1071,2003-11-01,621300,Offices of Other Health Practitioners,1430
29-1071,2003-11-01,621400,Outpatient Care Centers,3180
29-1071,2003-11-01,621500,Medical and Diagnostic Laboratories,280
29-1071,2003-11-01,621600,Home Health Care Services,200
29-1071,2003-11-01,621900,Other Ambulatory Health Care Services,130
29-1071,2003-11-01,622100,General Medical and Surgical Hospitals,14150
29-1071,2003-11-01,622200,Psychiatric and Substance Abuse Hospitals,180
29-1071,2003-11-01,622300,Specialty (except Psychiatric and Substance Abuse) Hospitals,150
29-1071,2003-11-01,623100,Nursing Care Facilities,210
29-1071,2003-11-01,624100,Individual and Family Services,80
29-1071,2003-11-01,999100,Federal Executive Branch ,2360
29-1071,2003-11-01,999200,State Government (OES designation),290
29-1071,2003-11-01,999300,Local Government (OES designation),470
29-1071,2004-05-01,541700,Scientific Research and Development Services,130
29-1071,2004-05-01,551100,Management of Companies and Enterprises,470
29-1071,2004-05-01,561100,Office Administrative Services,560
29-1071,2004-05-01,561300,Employment Services,510
29-1071,2004-05-01,611300,"Colleges, Universities, and Professional Schools",1390
29-1071,2004-05-01,621100,Offices of Physicians,32300
29-1071,2004-05-01,621200,Offices of Dentists,610
29-1071,2004-05-01,621300,Offices of Other Health Practitioners,1290
29-1071,2004-05-01,621400,Outpatient Care Centers,3250
29-1071,2004-05-01,621500,Medical and Diagnostic Laboratories,250
29-1071,2004-05-01,621600,Home Health Care Services,170
29-1071,2004-05-01,621900,Other Ambulatory Health Care Services,120
29-1071,2004-05-01,622100,General Medical and Surgical Hospitals,13890
29-1071,2004-05-01,622200,Psychiatric and Substance Abuse Hospitals,210
29-1071,2004-05-01,622300,Specialty (except Psychiatric and Substance Abuse) Hospitals,170
29-1071,2004-05-01,623100,Nursing Care Facilities,130
29-1071,2004-05-01,624100,Individual and Family Services,90
29-1071,2004-05-01,624400,Child Day Care Services,0
29-1071,2004-05-01,999100,Federal Executive Branch,2400
29-1071,2004-05-01,999200,State Government (OES designation),290
29-1071,2004-05-01,999300,Local Government (OES designation),470
29-1071,2004-11-01,541700,Scientific Research and Development Services,160
29-1071,2004-11-01,551100,Management of Companies and Enterprises,440
29-1071,2004-11-01,561100,Office Administrative Services,570
29-1071,2004-11-01,561300,Employment Services,530
29-1071,2004-11-01,611300,"Colleges, Universities, and Professional Schools",1550
29-1071,2004-11-01,621100,Offices of Physicians,33040
29-1071,2004-11-01,621200,Offices of Dentists,250
29-1071,2004-11-01,621300,Offices of Other Health Practitioners,1220
29-1071,2004-11-01,621400,Outpatient Care Centers,3940
29-1071,2004-11-01,621500,Medical and Diagnostic Laboratories,130
29-1071,2004-11-01,621600,Home Health Care Services,150
29-1071,2004-11-01,621900,Other Ambulatory Health Care Services,130
29-1071,2004-11-01,622100,General Medical and Surgical Hospitals,16340
29-1071,2004-11-01,622200,Psychiatric and Substance Abuse Hospitals,230
29-1071,2004-11-01,622300,Specialty (except Psychiatric and Substance Abuse) Hospitals,170
29-1071,2004-11-01,623100,Nursing Care Facilities,140
29-1071,2004-11-01,624100,Individual and Family Services,80
29-1071,2004-11-01,999100,Federal Executive Branch ,2480
29-1071,2004-11-01,999200,State Government (OES designation),310
29-1071,2004-11-01,999300,Local Government (OES designation),490
29-1071,2005-05-01,524100,Insurance Carriers,120
29-1071,2005-05-01,541700,Scientific Research and Development Services,190
29-1071,2005-05-01,551100,Management of Companies and Enterprises,0
29-1071,2005-05-01,561100,Office Administrative Services,440
29-1071,2005-05-01,561300,Employment Services,650
29-1071,2005-05-01,611300,"Colleges, Universities, and Professional Schools",1500
29-1071,2005-05-01,621100,Offices of Physicians,35670
29-1071,2005-05-01,621300,Offices of Other Health Practitioners,1180
29-1071,2005-05-01,621400,Outpatient Care Centers,4620
29-1071,2005-05-01,621500,Medical and Diagnostic Laboratories,190
29-1071,2005-05-01,621600,Home Health Care Services,170
29-1071,2005-05-01,621900,Other Ambulatory Health Care Services,0
29-1071,2005-05-01,622100,General Medical and Surgical Hospitals,13930
29-1071,2005-05-01,622200,Psychiatric and Substance Abuse Hospitals,200
29-1071,2005-05-01,622300,Specialty (except Psychiatric and Substance Abuse) Hospitals,190
29-1071,2005-05-01,623100,Nursing Care Facilities,100
29-1071,2005-05-01,624100,Individual and Family Services,70
29-1071,2005-05-01,999100,Federal Executive Branch,2480
29-1071,2005-05-01,999200,State Government (OES designation),300
29-1071,2005-05-01,999300,Local Government (OES designation),480
29-1071,2006-05-01,541700,Scientific Research and Development Services,200
29-1071,2006-05-01,551100,Management of Companies and Enterprises,140
29-1071,2006-05-01,561100,Office Administrative Services,340
29-1071,2006-05-01,561300,Employment Services,790
29-1071,2006-05-01,611300,"Colleges, Universities, and Professional Schools",1450
29-1071,2006-05-01,621100,Offices of Physicians,35760
29-1071,2006-05-01,621300,Offices of Other Health Practitioners,1040
29-1071,2006-05-01,621400,Outpatient Care Centers,4170
29-1071,2006-05-01,621500,Medical and Diagnostic Laboratories,160
29-1071,2006-05-01,621600,Home Health Care Services,110
29-1071,2006-05-01,621900,Other Ambulatory Health Care Services,120
29-1071,2006-05-01,622100,General Medical and Surgical Hospitals,14530
29-1071,2006-05-01,622200,Psychiatric and Substance Abuse Hospitals,230
29-1071,2006-05-01,622300,Specialty (except Psychiatric and Substance Abuse) Hospitals,400
29-1071,2006-05-01,623100,Nursing Care Facilities,80
29-1071,2006-05-01,624100,Individual and Family Services,0
29-1071,2006-05-01,999100,Federal Executive Branch (OES designation),1950
29-1071,2006-05-01,999200,State Government (OES designation),280
29-1071,2006-05-01,999300,Local Government (OES designation),460
29-1071,2007-05-01,541600,"Management, Scientific, and Technical Consulting Services",0
29-1071,2007-05-01,541700,Scientific Research and Development Services,190
29-1071,2007-05-01,551100,Management of Companies and Enterprises,170
29-1071,2007-05-01,561100,Office Administrative Services,340
29-1071,2007-05-01,561200,Facilities Support Services,30
29-1071,2007-05-01,561300,Employment Services,730
29-1071,2007-05-01,611300,"Colleges, Universities, and Professional Schools",1790
29-1071,2007-05-01,621100,Offices of Physicians,37440
29-1071,2007-05-01,621200,Offices of Dentists,0
29-1071,2007-05-01,621300,Offices of Other Health Practitioners,1040
29-1071,2007-05-01,621400,Outpatient Care Centers,5230
29-1071,2007-05-01,621500,Medical and Diagnostic Laboratories,230
29-1071,2007-05-01,621600,Home Health Care Services,40
29-1071,2007-05-01,621900,Other Ambulatory Health Care Services,210
29-1071,2007-05-01,622100,General Medical and Surgical Hospitals,15340
29-1071,2007-05-01,622200,Psychiatric and Substance Abuse Hospitals,250
29-1071,2007-05-01,622300,Specialty (except Psychiatric and Substance Abuse) Hospitals,490
29-1071,2007-05-01,623100,Nursing Care Facilities,80
29-1071,2007-05-01,623200,"Residential Mental Retardation, Mental Health and Substance Abuse Facilities",30
29-1071,2007-05-01,624100,Individual and Family Services,0
29-1071,2007-05-01,999100,Federal Executive Branch (OES designation),1980
29-1071,2007-05-01,999200,State Government (OES designation),300
29-1071,2007-05-01,999300,Local Government (OES designation),520
29-1071,2008-05-01,541200,"Accounting, Tax Preparation, Bookkeeping, and Payroll Services",60
29-1071,2008-05-01,541600,"Management, Scientific, and Technical Consulting Services",0
29-1071,2008-05-01,541700,Scientific Research and Development Services,160
29-1071,2008-05-01,551100,Management of Companies and Enterprises,170
29-1071,2008-05-01,561100,Office Administrative Services,220
29-1071,2008-05-01,561300,Employment Services,650
29-1071,2008-05-01,611300,"Colleges, Universities, and Professional Schools",1960
29-1071,2008-05-01,621100,Offices of Physicians,38820
29-1071,2008-05-01,621200,Offices of Dentists,540
29-1071,2008-05-01,621300,Offices of Other Health Practitioners,1340
29-1071,2008-05-01,621400,Outpatient Care Centers,6140
29-1071,2008-05-01,621500,Medical and Diagnostic Laboratories,310
29-1071,2008-05-01,621600,Home Health Care Services,50
29-1071,2008-05-01,621900,Other Ambulatory Health Care Services,240
29-1071,2008-05-01,622100,General Medical and Surgical Hospitals,16820
29-1071,2008-05-01,622200,Psychiatric and Substance Abuse Hospitals,270
29-1071,2008-05-01,622300,Specialty (except Psychiatric and Substance Abuse) Hospitals,580
29-1071,2008-05-01,623100,Nursing Care Facilities,70
29-1071,2008-05-01,624100,Individual and Family Services,50
29-1071,2008-05-01,812100,Personal Care Services,0
29-1071,2008-05-01,999100,Federal Executive Branch (OES Designation),2100
29-1071,2008-05-01,999200,State Government (OES Designation),310
29-1071,2008-05-01,999300,Local Government (OES Designation),650
29-1071,2009-05-01,541600,"Management, Scientific, and Technical Consulting Services",0
29-1071,2009-05-01,541700,Scientific Research and Development Services,250
29-1071,2009-05-01,551100,Management of Companies and Enterprises,80
29-1071,2009-05-01,561100,Office Administrative Services,0
29-1071,2009-05-01,561300,Employment Services,620
29-1071,2009-05-01,611300,"Colleges, Universities, and Professional Schools",1710
29-1071,2009-05-01,621100,Offices of Physicians,42440
29-1071,2009-05-01,621200,Offices of Dentists,0
29-1071,2009-05-01,621300,Offices of Other Health Practitioners,1330
29-1071,2009-05-01,621400,Outpatient Care Centers,6370
29-1071,2009-05-01,621500,Medical and Diagnostic Laboratories,320
29-1071,2009-05-01,621600,Home Health Care Services,80
29-1071,2009-05-01,621900,Other Ambulatory Health Care Services,240
29-1071,2009-05-01,622100,General Medical and Surgical Hospitals,18330
29-1071,2009-05-01,622200,Psychiatric and Substance Abuse Hospitals,410
29-1071,2009-05-01,622300,Specialty (except Psychiatric and Substance Abuse) Hospitals,630
29-1071,2009-05-01,623100,Nursing Care Facilities,60
29-1071,2009-05-01,623200,"Residential Mental Retardation, Mental Health and Substance Abuse Facilities",40
29-1071,2009-05-01,624100,Individual and Family Services,0
29-1071,2009-05-01,999100,Federal Executive Branch (OES Designation),2220
29-1071,2009-05-01,999300,Local Government (OES Designation),0
29-1071,2010-05-01,541200,"Accounting, Tax Preparation, Bookkeeping, and Payroll Services",40
29-1071,2010-05-01,541600,"Management, Scientific, and Technical Consulting Services",0
29-1071,2010-05-01,541700,Scientific Research and Development Services,200
29-1071,2010-05-01,551100,Management of Companies and Enterprises,60
29-1071,2010-05-01,561100,Office Administrative Services,30
29-1071,2010-05-01,561300,Employment Services,1040
29-1071,2010-05-01,611300,"Colleges, Universities, and Professional Schools",2070
29-1071,2010-05-01,621100,Offices of Physicians,45070
29-1071,2010-05-01,621200,Offices of Dentists,550
29-1071,2010-05-01,621300,Offices of Other Health Practitioners,1380
29-1071,2010-05-01,621400,Outpatient Care Centers,7000
29-1071,2010-05-01,621500,Medical and Diagnostic Laboratories,300
29-1071,2010-05-01,621600,Home Health Care Services,150
29-1071,2010-05-01,621900,Other Ambulatory Health Care Services,220
29-1071,2010-05-01,622100,General Medical and Surgical Hospitals,18710
29-1071,2010-05-01,622200,Psychiatric and Substance Abuse Hospitals,360
29-1071,2010-05-01,622300,Specialty (except Psychiatric and Substance Abuse) Hospitals,630
29-1071,2010-05-01,623100,Nursing Care Facilities,50
29-1071,2010-05-01,623200,"Residential Mental Retardation, Mental Health and Substance Abuse Facilities",40
29-1071,2010-05-01,999100,Federal Executive Branch (OES Designation),2370
29-1071,2010-05-01,999200,State Government (OES Designation),300
29-1071,2010-05-01,999300,Local Government (OES Designation),610
29-1071,2011-05-01,541700,Scientific Research and Development Services,280
29-1071,2011-05-01,551100,Management of Companies and Enterprises,60
29-1071,2011-05-01,561100,Office Administrative Services,60
29-1071,2011-05-01,561300,Employment Services,1390
29-1071,2011-05-01,611300,"Colleges, Universities, and Professional Schools",2220
29-1071,2011-05-01,621100,Offices of Physicians,47600
29-1071,2011-05-01,621200,Offices of Dentists,0
29-1071,2011-05-01,621300,Offices of Other Health Practitioners,1180
29-1071,2011-05-01,621400,Outpatient Care Centers,5910
29-1071,2011-05-01,621500,Medical and Diagnostic Laboratories,330
29-1071,2011-05-01,621600,Home Health Care Services,100
29-1071,2011-05-01,621900,Other Ambulatory Health Care Services,250
29-1071,2011-05-01,622100,General Medical and Surgical Hospitals,18780
29-1071,2011-05-01,622200,Psychiatric and Substance Abuse Hospitals,360
29-1071,2011-05-01,622300,Specialty (except Psychiatric and Substance Abuse) Hospitals,630
29-1071,2011-05-01,623100,Nursing Care Facilities,60
29-1071,2011-05-01,623200,"Residential Mental Retardation, Mental Health and Substance Abuse Facilities",40
29-1071,2011-05-01,624100,Individual and Family Services,0
29-1071,2011-05-01,999100,Federal Executive Branch (OES Designation),2490
29-1071,2011-05-01,999200,State Government (excluding schools and hospitals),350
29-1071,2011-05-01,999300,Local Government (excluding schools and hospitals),550
29-1071,2012-05-01,541700,Scientific Research and Development Services,250
29-1071,2012-05-01,551100,Management of Companies and Enterprises,70
29-1071,2012-05-01,561100,Office Administrative Services,120
29-1071,2012-05-01,561300,Employment Services,1910
29-1071,2012-05-01,611300,"Colleges, Universities, and Professional Schools",1780
29-1071,2012-05-01,621100,Offices of Physicians,48140
29-1071,2012-05-01,621200,Offices of Dentists,0
29-1071,2012-05-01,621300,Offices of Other Health Practitioners,1150
29-1071,2012-05-01,621400,Outpatient Care Centers,6040
29-1071,2012-05-01,621500,Medical and Diagnostic Laboratories,320
29-1071,2012-05-01,621600,Home Health Care Services,100
29-1071,2012-05-01,621900,Other Ambulatory Health Care Services,220
29-1071,2012-05-01,622100,General Medical and Surgical Hospitals,18380
29-1071,2012-05-01,622200,Psychiatric and Substance Abuse Hospitals,260
29-1071,2012-05-01,622300,Specialty (except Psychiatric and Substance Abuse) Hospitals,710
29-1071,2012-05-01,623100,Nursing Care Facilities (Skilled Nursing Facilities),60
29-1071,2012-05-01,624100,Individual and Family Services,0
29-1071,2012-05-01,999100,Federal Executive Branch (OES Designation),2460
29-1071,2012-05-01,999200,State Government (OES Designation),300
29-1071,2012-05-01,999300,Local Government (OES Designation),470
29-1071,2013-05-01,541700,Scientific Research and Development Services,280
29-1071,2013-05-01,551100,Management of Companies and Enterprises,80
29-1071,2013-05-01,561100,Office Administrative Services,0
29-1071,2013-05-01,561300,Employment Services,2160
29-1071,2013-05-01,611300,"Colleges, Universities, and Professional Schools",2210
29-1071,2013-05-01,621100,Offices of Physicians,50510
29-1071,2013-05-01,621200,Offices of Dentists,0
29-1071,2013-05-01,621300,Offices of Other Health Practitioners,1190
29-1071,2013-05-01,621400,Outpatient Care Centers,6040
29-1071,2013-05-01,621500,Medical and Diagnostic Laboratories,350
29-1071,2013-05-01,621600,Home Health Care Services,70
29-1071,2013-05-01,621900,Other Ambulatory Health Care Services,230
29-1071,2013-05-01,622100,General Medical and Surgical Hospitals,19380
29-1071,2013-05-01,622200,Psychiatric and Substance Abuse Hospitals,230
29-1071,2013-05-01,622300,Specialty (except Psychiatric and Substance Abuse) Hospitals,790
29-1071,2013-05-01,623100,Nursing Care Facilities (Skilled Nursing Facilities),50
29-1071,2013-05-01,624100,Individual and Family Services,0
29-1071,2013-05-01,999100,Federal Executive Branch (OES Designation),2410
29-1071,2013-05-01,999200,State Government (OES Designation),330
29-1071,2013-05-01,999300,Local Government (OES Designation),410
29-1071,2014-05-01,541600,"Management, Scientific, and Technical Consulting Services",40
29-1071,2014-05-01,541700,Scientific Research and Development Services,340
29-1071,2014-05-01,551100,Management of Companies and Enterprises,80
29-1071,2014-05-01,561300,Employment Services,0
29-1071,2014-05-01,611300,"Colleges, Universities, and Professional Schools",2330
29-1071,2014-05-01,621100,Offices of Physicians,53280
29-1071,2014-05-01,621200,Offices of Dentists,0
29-1071,2014-05-01,621300,Offices of Other Health Practitioners,1200
29-1071,2014-05-01,621400,Outpatient Care Centers,6520
29-1071,2014-05-01,621500,Medical and Diagnostic Laboratories,310
29-1071,2014-05-01,621600,Home Health Care Services,90
29-1071,2014-05-01,621900,Other Ambulatory Health Care Services,240
29-1071,2014-05-01,622100,General Medical and Surgical Hospitals,19810
29-1071,2014-05-01,622200,Psychiatric and Substance Abuse Hospitals,200
29-1071,2014-05-01,622300,Specialty (except Psychiatric and Substance Abuse) Hospitals,790
29-1071,2014-05-01,623100,Nursing Care Facilities (Skilled Nursing Facilities),40
29-1071,2014-05-01,623200,"Residential Intellectual and Developmental Disability, Mental Health, and Substance Abuse Facilities",40
29-1071,2014-05-01,624100,Individual and Family Services,40
29-1071,2014-05-01,999100,Federal Executive Branch (OES Designation),2290
29-1071,2014-05-01,999200,State Government (OES Designation),360
29-1071,2014-05-01,999300,Local Government (OES Designation),400
29-1071,2015-05-01,541600,"Management, Scientific, and Technical Consulting Services",90
29-1071,2015-05-01,541700,Scientific Research and Development Services,300
29-1071,2015-05-01,551100,Management of Companies and Enterprises,90
29-1071,2015-05-01,561300,Employment Services,2760
29-1071,2015-05-01,611300,"Colleges, Universities, and Professional Schools",2600
29-1071,2015-05-01,621100,Offices of Physicians,56820
29-1071,2015-05-01,621200,Offices of Dentists,0
29-1071,2015-05-01,621300,Offices of Other Health Practitioners,1370
29-1071,2015-05-01,621400,Outpatient Care Centers,7490
29-1071,2015-05-01,621500,Medical and Diagnostic Laboratories,360
29-1071,2015-05-01,621600,Home Health Care Services,120
29-1071,2015-05-01,621900,Other Ambulatory Health Care Services,240
29-1071,2015-05-01,622100,General Medical and Surgical Hospitals,21420
29-1071,2015-05-01,622200,Psychiatric and Substance Abuse Hospitals,210
29-1071,2015-05-01,622300,Specialty (except Psychiatric and Substance Abuse) Hospitals,800
29-1071,2015-05-01,623100,Nursing Care Facilities (Skilled Nursing Facilities),50
29-1071,2015-05-01,623200,"Residential Intellectual and Developmental Disability, Mental Health, and Substance Abuse Facilities",70
29-1071,2015-05-01,624100,Individual and Family Services,50
29-1071,2015-05-01,999100,Federal Executive Branch (OES Designation),2090
29-1071,2015-05-01,999200,State Government (OES Designation),300
29-1071,2015-05-01,999300,Local Government (OES Designation),430
29-1071,2016-05-01,541600,"Management, Scientific, and Technical Consulting Services",150
29-1071,2016-05-01,541700,Scientific Research and Development Services,330
29-1071,2016-05-01,551100,Management of Companies and Enterprises,70
29-1071,2016-05-01,561300,Employment Services,2900
29-1071,2016-05-01,611300,"Colleges, Universities, and Professional Schools",2770
29-1071,2016-05-01,621100,Offices of Physicians,59680
29-1071,2016-05-01,621300,Offices of Other Health Practitioners,1330
29-1071,2016-05-01,621400,Outpatient Care Centers,8060
29-1071,2016-05-01,621500,Medical and Diagnostic Laboratories,390
29-1071,2016-05-01,621600,Home Health Care Services,130
29-1071,2016-05-01,621900,Other Ambulatory Health Care Services,380
29-1071,2016-05-01,622100,General Medical and Surgical Hospitals,23460
29-1071,2016-05-01,622200,Psychiatric and Substance Abuse Hospitals,210
29-1071,2016-05-01,622300,Specialty (except Psychiatric and Substance Abuse) Hospitals,770
29-1071,2016-05-01,623100,Nursing Care Facilities (Skilled Nursing Facilities),60
29-1071,2016-05-01,623200,"Residential Intellectual and Developmental Disability, Mental Health, and Substance Abuse Facilities",70
29-1071,2016-05-01,624100,Individual and Family Services,60
29-1071,2016-05-01,999100,Federal Executive Branch (OES Designation),1900
29-1071,2016-05-01,999200,State Government (OES Designation),320
29-1071,2016-05-01,999300,Local Government (OES Designation),470
29-1071,2017-05-01,541600,"Management, Scientific, and Technical Consulting Services",140
29-1071,2017-05-01,541700,Scientific Research and Development Services,250
29-1071,2017-05-01,551100,Management of Companies and Enterprises,100
29-1071,2017-05-01,561100,Office Administrative Services,50
29-1071,2017-05-01,561300,Employment Services,2940
29-1071,2017-05-01,611300,"Colleges, Universities, and Professional Schools",2550
29-1071,2017-05-01,621100,Offices of Physicians,61830
29-1071,2017-05-01,621200,Offices of Dentists,230
29-1071,2017-05-01,621300,Offices of Other Health Practitioners,1380
29-1071,2017-05-01,621400,Outpatient Care Centers,8720
29-1071,2017-05-01,621500,Medical and Diagnostic Laboratories,380
29-1071,2017-05-01,621600,Home Health Care Services,130
29-1071,2017-05-01,621900,Other Ambulatory Health Care Services,420
29-1071,2017-05-01,622100,General Medical and Surgical Hospitals,25610
29-1071,2017-05-01,622200,Psychiatric and Substance Abuse Hospitals,230
29-1071,2017-05-01,622300,Specialty (except Psychiatric and Substance Abuse) Hospitals,1070
29-1071,2017-05-01,623100,Nursing Care Facilities (Skilled Nursing Facilities),110
29-1071,2017-05-01,623200,"Residential Intellectual and Developmental Disability, Mental Health, and Substance Abuse Facilities",80
29-1071,2017-05-01,624100,Individual and Family Services,80
29-1071,2017-05-01,999100,Federal Executive Branch (OES Designation),1790
29-1071,2017-05-01,999200,"State Government, excluding schools and hospitals (OES Designation)",320
29-1071,2017-05-01,999300,"Local Government, excluding schools and hospitals (OES Designation)",530
29-1071,2018-05-01,4450A1,Food and Beverage Stores (4451 and 4452 only),60
29-1071,2018-05-01,541600,"Management, Scientific, and Technical Consulting Services",200
29-1071,2018-05-01,541700,Scientific Research and Development Services,260
29-1071,2018-05-01,551100,Management of Companies and Enterprises,160
29-1071,2018-05-01,561100,Office Administrative Services,70
29-1071,2018-05-01,561300,Employment Services,2240
29-1071,2018-05-01,611300,"Colleges, Universities, and Professional Schools",2620
29-1071,2018-05-01,621100,Offices of Physicians,64540
29-1071,2018-05-01,621200,Offices of Dentists,300
29-1071,2018-05-01,621300,Offices of Other Health Practitioners,1620
29-1071,2018-05-01,621400,Outpatient Care Centers,8910
29-1071,2018-05-01,621500,Medical and Diagnostic Laboratories,310
29-1071,2018-05-01,621600,Home Health Care Services,80
29-1071,2018-05-01,621900,Other Ambulatory Health Care Services,560
29-1071,2018-05-01,622100,General Medical and Surgical Hospitals,28050
29-1071,2018-05-01,622200,Psychiatric and Substance Abuse Hospitals,210
29-1071,2018-05-01,622300,Specialty (except Psychiatric and Substance Abuse) Hospitals,1440
29-1071,2018-05-01,623100,Nursing Care Facilities (Skilled Nursing Facilities),110
29-1071,2018-05-01,623200,"Residential Intellectual and Developmental Disability, Mental Health, and Substance Abuse Facilities",70
29-1071,2018-05-01,624100,Individual and Family Services,70
29-1071,2018-05-01,999100,Federal Executive Branch (OES Designation),1590
29-1071,2018-05-01,999200,"State Government, excluding schools and hospitals (OES Designation)",330
29-1071,2018-05-01,999300,"Local Government, excluding schools and hospitals (OES Designation)",620
29-1071,2019-05-01,524100,Insurance Carriers,50
29-1071,2019-05-01,541600,"Management, Scientific, and Technical Consulting Services",100
29-1071,2019-05-01,541700,Scientific Research and Development Services,320
29-1071,2019-05-01,551100,Management of Companies and Enterprises,260
29-1071,2019-05-01,561100,Office Administrative Services,50
29-1071,2019-05-01,561300,Employment Services,1650
29-1071,2019-05-01,611300,"Colleges, Universities, and Professional Schools",3590
29-1071,2019-05-01,621100,Offices of Physicians,66800
29-1071,2019-05-01,621200,Offices of Dentists,0
29-1071,2019-05-01,621300,Offices of Other Health Practitioners,1870
29-1071,2019-05-01,621400,Outpatient Care Centers,9540
29-1071,2019-05-01,621500,Medical and Diagnostic Laboratories,380
29-1071,2019-05-01,621600,Home Health Care Services,110
29-1071,2019-05-01,621900,Other Ambulatory Health Care Services,580
29-1071,2019-05-01,622100,General Medical and Surgical Hospitals,29530
29-1071,2019-05-01,622200,Psychiatric and Substance Abuse Hospitals,280
29-1071,2019-05-01,622300,Specialty (except Psychiatric and Substance Abuse) Hospitals,1480
29-1071,2019-05-01,623100,Nursing Care Facilities (Skilled Nursing Facilities),90
29-1071,2019-05-01,623200,"Residential Intellectual and Developmental Disability, Mental Health, and Substance Abuse Facilities",90
29-1071,2019-05-01,623900,Other Residential Care Facilities,40
29-1071,2019-05-01,624100,Individual and Family Services,100
29-1071,2019-05-01,812100,Personal Care Services,80
29-1071,2019-05-01,999100,Federal Executive Branch (OES Designation),1580
29-1071,2019-05-01,999200,"State Government, excluding schools and hospitals (OES Designation)",340
29-1071,2019-05-01,999300,"Local Government, excluding schools and hospitals (OES Designation)",610
29-1071,2020-05-01,541600,"Management, Scientific, and Technical Consulting Services",90
29-1071,2020-05-01,541700,Scientific Research and Development Services,420
29-1071,2020-05-01,551100,Management of Companies and Enterprises,280
29-1071,2020-05-01,561100,Office Administrative Services,40
29-1071,2020-05-01,561300,Employment Services,1540
29-1071,2020-05-01,611300,"Colleges, Universities, and Professional Schools",4930
29-1071,2020-05-01,621100,Offices of Physicians,67870
29-1071,2020-05-01,621300,Offices of Other Health Practitioners,2070
29-1071,2020-05-01,621400,Outpatient Care Centers,10190
29-1071,2020-05-01,621500,Medical and Diagnostic Laboratories,370
29-1071,2020-05-01,621600,Home Health Care Services,190
29-1071,2020-05-01,621900,Other Ambulatory Health Care Services,640
29-1071,2020-05-01,622100,General Medical and Surgical Hospitals,30860
29-1071,2020-05-01,622200,Psychiatric and Substance Abuse Hospitals,360
29-1071,2020-05-01,622300,Specialty (except Psychiatric and Substance Abuse) Hospitals,1630
29-1071,2020-05-01,623100,Nursing Care Facilities (Skilled Nursing Facilities),70
29-1071,2020-05-01,623200,"Residential Intellectual and Developmental Disability, Mental Health, and Substance Abuse Facilities",110
29-1071,2020-05-01,623900,Other Residential Care Facilities,50
29-1071,2020-05-01,624100,Individual and Family Services,100
29-1071,2020-05-01,812100,Personal Care Services,120
29-1071,2020-05-01,999100,Federal Executive Branch (OEWS Designation),1390
29-1071,2020-05-01,999200,"State Government, excluding schools and hospitals (OEWS Designation)",350
29-1071,2020-05-01,999300,"Local Government, excluding schools and hospitals (OEWS Designation)",960
29-1071,2021-05-01,541700,Scientific Research and Development Services,270
29-1071,2021-05-01,551100,Management of Companies and Enterprises,330
29-1071,2021-05-01,561100,Office Administrative Services,0
29-1071,2021-05-01,561300,Employment Services,0
29-1071,2021-05-01,611300,"Colleges, Universities, and Professional Schools",4130
29-1071,2021-05-01,621100,Offices of Physicians,70000
29-1071,2021-05-01,621300,Offices of Other Health Practitioners,1610
29-1071,2021-05-01,621400,Outpatient Care Centers,13450
29-1071,2021-05-01,621500,Medical and Diagnostic Laboratories,590
29-1071,2021-05-01,621600,Home Health Care Services,280
29-1071,2021-05-01,621900,Other Ambulatory Health Care Services,770
29-1071,2021-05-01,622100,General Medical and Surgical Hospitals,30020
29-1071,2021-05-01,622200,Psychiatric and Substance Abuse Hospitals,400
29-1071,2021-05-01,622300,Specialty (except Psychiatric and Substance Abuse) Hospitals,1520
29-1071,2021-05-01,623100,Nursing Care Facilities (Skilled Nursing Facilities),40
29-1071,2021-05-01,623200,"Residential Intellectual and Developmental Disability, Mental Health, and Substance Abuse Facilities",180
29-1071,2021-05-01,624100,Individual and Family Services,190
29-1071,2021-05-01,812100,Personal Care Services,200
29-1071,2021-05-01,999100,Federal Executive Branch (OES Designation),920
29-1071,2021-05-01,999200,"State Government, excluding schools and hospitals (OES Designation)",380
29-1071,2021-05-01,999300,"Local Government, excluding schools and hospitals (OES Designation)",870
29-1071,2022-05-01,541700,Scientific Research and Development Services,280
29-1071,2022-05-01,551100,Management of Companies and Enterprises,260
29-1071,2022-05-01,561300,Employment Services,0
29-1071,2022-05-01,611300,"Colleges, Universities, and Professional Schools",4370
29-1071,2022-05-01,621100,Offices of Physicians,76270
29-1071,2022-05-01,621300,Offices of Other Health Practitioners,1900
29-1071,2022-05-01,621400,Outpatient Care Centers,13560
29-1071,2022-05-01,621500,Medical and Diagnostic Laboratories,520
29-1071,2022-05-01,621600,Home Health Care Services,150
29-1071,2022-05-01,621900,Other Ambulatory Health Care Services,680
29-1071,2022-05-01,622100,General Medical and Surgical Hospitals,33070
29-1071,2022-05-01,622200,Psychiatric and Substance Abuse Hospitals,310
29-1071,2022-05-01,622300,Specialty (except Psychiatric and Substance Abuse) Hospitals,1400
29-1071,2022-05-01,623100,Nursing Care Facilities (Skilled Nursing Facilities),80
29-1071,2022-05-01,623200,"Residential Intellectual and Developmental Disability, Mental Health, and Substance Abuse Facilities",180
29-1071,2022-05-01,624100,Individual and Family Services,270
29-1071,2022-05-01,812100,Personal Care Services,280
29-1071,2022-05-01,999100,Federal Executive Branch (OES Designation),880
29-1071,2022-05-01,999200,"State Government, excluding schools and hospitals (OES Designation)",370
29-1071,2022-05-01,999300,"Local Government, excluding schools and hospitals (OES Designation)",860
29-1071,2023-05-01,456100,Health and Personal Care Retailers,40
29-1071,2023-05-01,524100,Insurance Carriers,30
29-1071,2023-05-01,541600,"Management, Scientific, and Technical Consulting Services",0
29-1071,2023-05-01,541700,Scientific Research and Development Services,390
29-1071,2023-05-01,551100,Management of Companies and Enterprises,310
29-1071,2023-05-01,561300,Employment Services,1550
29-1071,2023-05-01,611300,"Colleges, Universities, and Professional Schools",3520
29-1071,2023-05-01,621100,Offices of Physicians,80610
29-1071,2023-05-01,621300,Offices of Other Health Practitioners,2880
29-1071,2023-05-01,621400,Outpatient Care Centers,14060
29-1071,2023-05-01,621500,Medical and Diagnostic Laboratories,630
29-1071,2023-05-01,621600,Home Health Care Services,220
29-1071,2023-05-01,621900,Other Ambulatory Health Care Services,830
29-1071,2023-05-01,622100,General Medical and Surgical Hospitals,34890
29-1071,2023-05-01,622200,Psychiatric and Substance Abuse Hospitals,320
29-1071,2023-05-01,622300,Specialty (except Psychiatric and Substance Abuse) Hospitals,1680
29-1071,2023-05-01,623200,"Residential Intellectual and Developmental Disability, Mental Health, and Substance Abuse Facilities",240
29-1071,2023-05-01,624100,Individual and Family Services,170
29-1071,2023-05-01,812100,Personal Care Services,190
29-1071,2023-05-01,999100,Federal Executive Branch (OEWS Designation),830
29-1071,2023-05-01,999200,"State Government, excluding Schools and Hospitals (OEWS Designation)",460
29-1071,2023-05-01,999300,"Local Government, excluding Schools and Hospitals (OEWS Designation)",760
29-1111,2002-05-01,211100,Oil and Gas Extraction,50
29-1111,2002-05-01,221100,"Electric Power Generation, Transmission and Distribution",70
29-1111,2002-05-01,311600,Animal Slaughtering and Processing,240
29-1111,2002-05-01,313200,Fabric Mills,40
29-1111,2002-05-01,322100,"Pulp, Paper, and Paperboard Mills",140
29-1111,2002-05-01,322200,Converted Paper Product Manufacturing,70
29-1111,2002-05-01,324100,Petroleum and Coal Products Manufacturing,60
29-1111,2002-05-01,325100,Basic Chemical Manufacturing,150
29-1111,2002-05-01,325200,"Resin, Synthetic Rubber, and Artificial Synthetic Fibers and Filaments Manufacturing",80
29-1111,2002-05-01,325300,"Pesticide, Fertilizer, and Other Agricultural Chemical Manufacturing",40
29-1111,2002-05-01,325400,Pharmaceutical and Medicine Manufacturing,310
29-1111,2002-05-01,326100,Plastics Product Manufacturing,40
29-1111,2002-05-01,331500,Foundries,50
29-1111,2002-05-01,332900,Other Fabricated Metal Product Manufacturing,70
29-1111,2002-05-01,333100,"Agriculture, Construction, and Mining Machinery Manufacturing",60
29-1111,2002-05-01,333300,Commercial and Service Industry Machinery Manufacturing,0
29-1111,2002-05-01,334400,Semiconductor and Other Electronic Component Manufacturing,140
29-1111,2002-05-01,334500,"Navigational, Measuring, Electromedical, and Control Instruments Manufacturing",120
29-1111,2002-05-01,336400,Aerospace Product and Parts Manufacturing,90
29-1111,2002-05-01,337100,Household and Institutional Furniture and Kitchen Cabinet Manufacturing,40
29-1111,2002-05-01,339100,Medical Equipment and Supplies Manufacturing,30
29-1111,2002-05-01,423400,Professional and Commercial Equipment and Supplies Merchant Wholesalers,160
29-1111,2002-05-01,424200,Drugs and Druggists' Sundries Merchant Wholesalers,250
29-1111,2002-05-01,425100,Wholesale Electronic Markets and Agents and Brokers,170
29-1111,2002-05-01,446100,Health and Personal Care Stores,1660
29-1111,2002-05-01,485900,Other Transit and Ground Passenger Transportation,50
29-1111,2002-05-01,493100,Warehousing and Storage,40
29-1111,2002-05-01,511100,"Newspaper, Periodical, Book, and Directory Publishers",40
29-1111,2002-05-01,522200,Nondepository Credit Intermediation,50
29-1111,2002-05-01,522300,Activities Related to Credit Intermediation,140
29-1111,2002-05-01,523900,Other Financial Investment Activities,70
29-1111,2002-05-01,524100,Insurance Carriers,11800
29-1111,2002-05-01,524200,"Agencies, Brokerages, and Other Insurance Related Activities",3370
29-1111,2002-05-01,525100,Insurance and Employee Benefit Funds,350
29-1111,2002-05-01,531100,Lessors of Real Estate,1510
29-1111,2002-05-01,531200,Offices of Real Estate Agents and Brokers,50
29-1111,2002-05-01,531300,Activities Related to Real Estate,180
29-1111,2002-05-01,532200,Consumer Goods Rental,1030
29-1111,2002-05-01,541100,Legal Services,390
29-1111,2002-05-01,541200,"Accounting, Tax Preparation, Bookkeeping, and Payroll Services",3690
29-1111,2002-05-01,541300,"Architectural, Engineering, and Related Services",680
29-1111,2002-05-01,541500,Computer Systems Design and Related Services,300
29-1111,2002-05-01,541600,"Management, Scientific, and Technical Consulting Services",4170
29-1111,2002-05-01,541700,Scientific Research and Development Services,4000
29-1111,2002-05-01,541900,"Other Professional, Scientific, and Technical Services",0
29-1111,2002-05-01,551100,Management of Companies and Enterprises,5590
29-1111,2002-05-01,561100,Office Administrative Services,6120
29-1111,2002-05-01,561200,Facilities Support Services,740
29-1111,2002-05-01,561300,Employment Services,67020
29-1111,2002-05-01,561400,Business Support Services,350
29-1111,2002-05-01,561700,Services to Buildings and Dwellings,80
29-1111,2002-05-01,561900,Other Support Services,300
29-1111,2002-05-01,611100,Elementary and Secondary Schools,43180
29-1111,2002-05-01,611200,Junior Colleges,530
29-1111,2002-05-01,611300,"Colleges, Universities, and Professional Schools",28050
29-1111,2002-05-01,611400,Business Schools and Computer and Management Training,90
29-1111,2002-05-01,611500,Technical and Trade Schools,110
29-1111,2002-05-01,611600,Other Schools and Instruction,240
29-1111,2002-05-01,611700,Educational Support Services,60
29-1111,2002-05-01,621100,Offices of Physicians,201580
29-1111,2002-05-01,621200,Offices of Dentists,1570
29-1111,2002-05-01,621300,Offices of Other Health Practitioners,11080
29-1111,2002-05-01,621400,Outpatient Care Centers,52110
29-1111,2002-05-01,621500,Medical and Diagnostic Laboratories,1480
29-1111,2002-05-01,621600,Home Health Care Services,114950
29-1111,2002-05-01,621900,Other Ambulatory Health Care Services,8570
29-1111,2002-05-01,622100,General Medical and Surgical Hospitals,1278460
29-1111,2002-05-01,622200,Psychiatric and Substance Abuse Hospitals,31990
29-1111,2002-05-01,622300,Specialty (except Psychiatric and Substance Abuse) Hospitals,35530
29-1111,2002-05-01,623100,Nursing Care Facilities,126920
29-1111,2002-05-01,623200,"Residential Mental Retardation, Mental Health and Substance Abuse Facilities",10660
29-1111,2002-05-01,623300,Community Care Facilities for the Elderly,21440
29-1111,2002-05-01,623900,Other Residential Care Facilities,2070
29-1111,2002-05-01,624100,Individual and Family Services,10390
29-1111,2002-05-01,624200,"Community Food and Housing, and Emergency and Other Relief Services",570
29-1111,2002-05-01,624300,Vocational Rehabilitation Services,2490
29-1111,2002-05-01,624400,Child Day Care Services,940
29-1111,2002-05-01,711200,Spectator Sports,80
29-1111,2002-05-01,711300,"Promoters of Performing Arts, Sports, and Similar Events",50
29-1111,2002-05-01,713100,Amusement Parks and Arcades,80
29-1111,2002-05-01,721200,RV (Recreational Vehicle) Parks and Recreational Camps,40
29-1111,2002-05-01,721300,Rooming and Boarding Houses,40
29-1111,2002-05-01,812100,Personal Care Services,0
29-1111,2002-05-01,812900,Other Personal Services,100
29-1111,2002-05-01,813100,Religious Organizations,530
29-1111,2002-05-01,813200,Grantmaking and Giving Services,410
29-1111,2002-05-01,813300,Social Advocacy Organizations,380
29-1111,2002-05-01,813400,Civic and Social Organizations,120
29-1111,2002-05-01,813900,"Business, Professional, Labor, Political, and Similar Organizations",480
29-1111,2002-05-01,999100,Federal Executive Branch and United States Postal Service (OES designation),45830
29-1111,2002-05-01,999200,State Government (OES designation),36460
29-1111,2002-05-01,999300,Local Government (OES designation),50870
29-1111,2003-05-01,221100,"Electric Power Generation, Transmission and Distribution",50
29-1111,2003-05-01,311600,Animal Slaughtering and Processing,250
29-1111,2003-05-01,313200,Fabric Mills,40
29-1111,2003-05-01,322100,"Pulp, Paper, and Paperboard Mills",130
29-1111,2003-05-01,322200,Converted Paper Product Manufacturing,60
29-1111,2003-05-01,324100,Petroleum and Coal Products Manufacturing,70
29-1111,2003-05-01,325100,Basic Chemical Manufacturing,140
29-1111,2003-05-01,325200,"Resin, Synthetic Rubber, and Artificial Synthetic Fibers and Filaments Manufacturing",80
29-1111,2003-05-01,325300,"Pesticide, Fertilizer, and Other Agricultural Chemical Manufacturing",40
29-1111,2003-05-01,325400,Pharmaceutical and Medicine Manufacturing,250
29-1111,2003-05-01,325900,Other Chemical Product and Preparation Manufacturing,50
29-1111,2003-05-01,326100,Plastics Product Manufacturing,0
29-1111,2003-05-01,331100,Iron and Steel Mills and Ferroalloy Manufacturing,30
29-1111,2003-05-01,331500,Foundries,50
29-1111,2003-05-01,332900,Other Fabricated Metal Product Manufacturing,80
29-1111,2003-05-01,333100,"Agriculture, Construction, and Mining Machinery Manufacturing",40
29-1111,2003-05-01,333300,Commercial and Service Industry Machinery Manufacturing,40
29-1111,2003-05-01,334400,Semiconductor and Other Electronic Component Manufacturing,150
29-1111,2003-05-01,334500,"Navigational, Measuring, Electromedical, and Control Instruments Manufacturing",150
29-1111,2003-05-01,336400,Aerospace Product and Parts Manufacturing,100
29-1111,2003-05-01,337100,Household and Institutional Furniture and Kitchen Cabinet Manufacturing,70
29-1111,2003-05-01,339100,Medical Equipment and Supplies Manufacturing,0
29-1111,2003-05-01,423400,Professional and Commercial Equipment and Supplies Merchant Wholesalers,260
29-1111,2003-05-01,424200,Drugs and Druggists' Sundries Merchant Wholesalers,280
29-1111,2003-05-01,425100,Wholesale Electronic Markets and Agents and Brokers,80
29-1111,2003-05-01,446100,Health and Personal Care Stores,1400
29-1111,2003-05-01,485900,Other Transit and Ground Passenger Transportation,60
29-1111,2003-05-01,493100,Warehousing and Storage,40
29-1111,2003-05-01,511100,"Newspaper, Periodical, Book, and Directory Publishers",0
29-1111,2003-05-01,518200,"Data Processing, Hosting, and Related Services",120
29-1111,2003-05-01,522200,Nondepository Credit Intermediation,0
29-1111,2003-05-01,522300,Activities Related to Credit Intermediation,150
29-1111,2003-05-01,523900,Other Financial Investment Activities,0
29-1111,2003-05-01,524100,Insurance Carriers,12440
29-1111,2003-05-01,524200,"Agencies, Brokerages, and Other Insurance Related Activities",3080
29-1111,2003-05-01,525100,Insurance and Employee Benefit Funds,0
29-1111,2003-05-01,531100,Lessors of Real Estate,1310
29-1111,2003-05-01,531200,Offices of Real Estate Agents and Brokers,30
29-1111,2003-05-01,531300,Activities Related to Real Estate,200
29-1111,2003-05-01,532200,Consumer Goods Rental,560
29-1111,2003-05-01,541100,Legal Services,290
29-1111,2003-05-01,541300,"Architectural, Engineering, and Related Services",710
29-1111,2003-05-01,541500,Computer Systems Design and Related Services,50
29-1111,2003-05-01,541600,"Management, Scientific, and Technical Consulting Services",4610
29-1111,2003-05-01,541700,Scientific Research and Development Services,3610
29-1111,2003-05-01,541900,"Other Professional, Scientific, and Technical Services",0
29-1111,2003-05-01,551100,Management of Companies and Enterprises,6330
29-1111,2003-05-01,561100,Office Administrative Services,5080
29-1111,2003-05-01,561200,Facilities Support Services,720
29-1111,2003-05-01,561300,Employment Services,70400
29-1111,2003-05-01,561400,Business Support Services,420
29-1111,2003-05-01,561900,Other Support Services,0
29-1111,2003-05-01,611100,Elementary and Secondary Schools,43560
29-1111,2003-05-01,611200,Junior Colleges,480
29-1111,2003-05-01,611300,"Colleges, Universities, and Professional Schools",27410
29-1111,2003-05-01,611400,Business Schools and Computer and Management Training,90
29-1111,2003-05-01,611500,Technical and Trade Schools,90
29-1111,2003-05-01,611600,Other Schools and Instruction,260
29-1111,2003-05-01,611700,Educational Support Services,120
29-1111,2003-05-01,621100,Offices of Physicians,194230
29-1111,2003-05-01,621200,Offices of Dentists,1560
29-1111,2003-05-01,621300,Offices of Other Health Practitioners,10550
29-1111,2003-05-01,621400,Outpatient Care Centers,54780
29-1111,2003-05-01,621500,Medical and Diagnostic Laboratories,1500
29-1111,2003-05-01,621600,Home Health Care Services,114430
29-1111,2003-05-01,621900,Other Ambulatory Health Care Services,8160
29-1111,2003-05-01,622100,General Medical and Surgical Hospitals,1295870
29-1111,2003-05-01,622200,Psychiatric and Substance Abuse Hospitals,30930
29-1111,2003-05-01,622300,Specialty (except Psychiatric and Substance Abuse) Hospitals,37300
29-1111,2003-05-01,623100,Nursing Care Facilities,121000
29-1111,2003-05-01,623200,"Residential Mental Retardation, Mental Health and Substance Abuse Facilities",10070
29-1111,2003-05-01,623300,Community Care Facilities for the Elderly,22010
29-1111,2003-05-01,623900,Other Residential Care Facilities,2130
29-1111,2003-05-01,624100,Individual and Family Services,10160
29-1111,2003-05-01,624200,"Community Food and Housing, and Emergency and Other Relief Services",610
29-1111,2003-05-01,624300,Vocational Rehabilitation Services,2120
29-1111,2003-05-01,624400,Child Day Care Services,890
29-1111,2003-05-01,711200,Spectator Sports,80
29-1111,2003-05-01,713100,Amusement Parks and Arcades,90
29-1111,2003-05-01,713900,Other Amusement and Recreation Industries,40
29-1111,2003-05-01,721100,Traveler Accommodation,70
29-1111,2003-05-01,721200,RV (Recreational Vehicle) Parks and Recreational Camps,40
29-1111,2003-05-01,721300,Rooming and Boarding Houses,40
29-1111,2003-05-01,812100,Personal Care Services,0
29-1111,2003-05-01,812900,Other Personal Services,130
29-1111,2003-05-01,813100,Religious Organizations,490
29-1111,2003-05-01,813200,Grantmaking and Giving Services,360
29-1111,2003-05-01,813300,Social Advocacy Organizations,360
29-1111,2003-05-01,813400,Civic and Social Organizations,140
29-1111,2003-05-01,813900,"Business, Professional, Labor, Political, and Similar Organizations",570
29-1111,2003-05-01,999100,Federal Executive Branch and United States Postal Service (OES designation),46340
29-1111,2003-05-01,999200,State Government (OES designation),36460
29-1111,2003-05-01,999300,Local Government (OES designation),50250
29-1111,2003-11-01,221100,"Electric Power Generation, Transmission and Distribution",40
29-1111,2003-11-01,311400,Fruit and Vegetable Preserving and Specialty Food Manufacturing,50
29-1111,2003-11-01,311600,Animal Slaughtering and Processing,280
29-1111,2003-11-01,312200,Tobacco Manufacturing,0
29-1111,2003-11-01,313200,Fabric Mills,40
29-1111,2003-11-01,322100,"Pulp, Paper, and Paperboard Mills",130
29-1111,2003-11-01,322200,Converted Paper Product Manufacturing,50
29-1111,2003-11-01,324100,Petroleum and Coal Products Manufacturing,60
29-1111,2003-11-01,325100,Basic Chemical Manufacturing,110
29-1111,2003-11-01,325200,"Resin, Synthetic Rubber, and Artificial Synthetic Fibers and Filaments Manufacturing",80
29-1111,2003-11-01,325400,Pharmaceutical and Medicine Manufacturing,190
29-1111,2003-11-01,325900,Other Chemical Product and Preparation Manufacturing,40
29-1111,2003-11-01,326100,Plastics Product Manufacturing,50
29-1111,2003-11-01,326200,Rubber Product Manufacturing,40
29-1111,2003-11-01,331100,Iron and Steel Mills and Ferroalloy Manufacturing,40
29-1111,2003-11-01,331500,Foundries,40
29-1111,2003-11-01,332900,Other Fabricated Metal Product Manufacturing,50
29-1111,2003-11-01,333100,"Agriculture, Construction, and Mining Machinery Manufacturing",40
29-1111,2003-11-01,333300,Commercial and Service Industry Machinery Manufacturing,40
29-1111,2003-11-01,334500,"Navigational, Measuring, Electromedical, and Control Instruments Manufacturing",140
29-1111,2003-11-01,336300,Motor Vehicle Parts Manufacturing,300
29-1111,2003-11-01,336400,Aerospace Product and Parts Manufacturing,80
29-1111,2003-11-01,337100,Household and Institutional Furniture and Kitchen Cabinet Manufacturing,70
29-1111,2003-11-01,339100,Medical Equipment and Supplies Manufacturing,40
29-1111,2003-11-01,423400,Professional and Commercial Equipment and Supplies Merchant Wholesalers,240
29-1111,2003-11-01,424200,Drugs and Druggists' Sundries Merchant Wholesalers,360
29-1111,2003-11-01,425100,Wholesale Electronic Markets and Agents and Brokers,60
29-1111,2003-11-01,446100,Health and Personal Care Stores,0
29-1111,2003-11-01,454100,Electronic Shopping and Mail-Order Houses,130
29-1111,2003-11-01,481100,Scheduled Air Transportation,110
29-1111,2003-11-01,481200,Nonscheduled Air Transportation,30
29-1111,2003-11-01,485900,Other Transit and Ground Passenger Transportation,30
29-1111,2003-11-01,491100,Postal Service,210
29-1111,2003-11-01,493100,Warehousing and Storage,40
29-1111,2003-11-01,511100,"Newspaper, Periodical, Book, and Directory Publishers",40
29-1111,2003-11-01,522200,Nondepository Credit Intermediation,40
29-1111,2003-11-01,523900,Other Financial Investment Activities,0
29-1111,2003-11-01,524100,Insurance Carriers,14060
29-1111,2003-11-01,524200,"Agencies, Brokerages, and Other Insurance Related Activities",2770
29-1111,2003-11-01,525100,Insurance and Employee Benefit Funds,0
29-1111,2003-11-01,531100,Lessors of Real Estate,1090
29-1111,2003-11-01,531200,Offices of Real Estate Agents and Brokers,30
29-1111,2003-11-01,531300,Activities Related to Real Estate,190
29-1111,2003-11-01,532200,Consumer Goods Rental,680
29-1111,2003-11-01,532400,Commercial and Industrial Machinery and Equipment Rental and Leasing,30
29-1111,2003-11-01,541100,Legal Services,310
29-1111,2003-11-01,541300,"Architectural, Engineering, and Related Services",420
29-1111,2003-11-01,541500,Computer Systems Design and Related Services,70
29-1111,2003-11-01,541600,"Management, Scientific, and Technical Consulting Services",4930
29-1111,2003-11-01,541700,Scientific Research and Development Services,3050
29-1111,2003-11-01,541900,"Other Professional, Scientific, and Technical Services",0
29-1111,2003-11-01,551100,Management of Companies and Enterprises,5990
29-1111,2003-11-01,561100,Office Administrative Services,5080
29-1111,2003-11-01,561200,Facilities Support Services,730
29-1111,2003-11-01,561300,Employment Services,72460
29-1111,2003-11-01,561400,Business Support Services,390
29-1111,2003-11-01,561700,Services to Buildings and Dwellings,40
29-1111,2003-11-01,611100,Elementary and Secondary Schools,44790
29-1111,2003-11-01,611200,Junior Colleges,490
29-1111,2003-11-01,611300,"Colleges, Universities, and Professional Schools",26850
29-1111,2003-11-01,611400,Business Schools and Computer and Management Training,70
29-1111,2003-11-01,611500,Technical and Trade Schools,80
29-1111,2003-11-01,611600,Other Schools and Instruction,300
29-1111,2003-11-01,611700,Educational Support Services,100
29-1111,2003-11-01,621100,Offices of Physicians,199040
29-1111,2003-11-01,621200,Offices of Dentists,1700
29-1111,2003-11-01,621300,Offices of Other Health Practitioners,10740
29-1111,2003-11-01,621400,Outpatient Care Centers,56060
29-1111,2003-11-01,621500,Medical and Diagnostic Laboratories,1530
29-1111,2003-11-01,621600,Home Health Care Services,114960
29-1111,2003-11-01,621900,Other Ambulatory Health Care Services,9300
29-1111,2003-11-01,622100,General Medical and Surgical Hospitals,1314520
29-1111,2003-11-01,622200,Psychiatric and Substance Abuse Hospitals,30470
29-1111,2003-11-01,622300,Specialty (except Psychiatric and Substance Abuse) Hospitals,37870
29-1111,2003-11-01,623100,Nursing Care Facilities,120130
29-1111,2003-11-01,623200,"Residential Mental Retardation, Mental Health and Substance Abuse Facilities",10900
29-1111,2003-11-01,623300,Community Care Facilities for the Elderly,21790
29-1111,2003-11-01,623900,Other Residential Care Facilities,2210
29-1111,2003-11-01,624100,Individual and Family Services,10660
29-1111,2003-11-01,624200,"Community Food and Housing, and Emergency and Other Relief Services",570
29-1111,2003-11-01,624300,Vocational Rehabilitation Services,2390
29-1111,2003-11-01,624400,Child Day Care Services,950
29-1111,2003-11-01,711200,Spectator Sports,90
29-1111,2003-11-01,713100,Amusement Parks and Arcades,120
29-1111,2003-11-01,721200,RV (Recreational Vehicle) Parks and Recreational Camps,0
29-1111,2003-11-01,721300,Rooming and Boarding Houses,40
29-1111,2003-11-01,812100,Personal Care Services,0
29-1111,2003-11-01,812900,Other Personal Services,80
29-1111,2003-11-01,813100,Religious Organizations,490
29-1111,2003-11-01,813200,Grantmaking and Giving Services,440
29-1111,2003-11-01,813300,Social Advocacy Organizations,270
29-1111,2003-11-01,813400,Civic and Social Organizations,210
29-1111,2003-11-01,813900,"Business, Professional, Labor, Political, and Similar Organizations",550
29-1111,2003-11-01,999100,Federal Executive Branch ,47580
29-1111,2003-11-01,999200,State Government (OES designation),35550
29-1111,2003-11-01,999300,Local Government (OES designation),51950
29-1111,2004-05-01,221100,"Electric Power Generation, Transmission and Distribution",50
29-1111,2004-05-01,311400,Fruit and Vegetable Preserving and Specialty Food Manufacturing,50
29-1111,2004-05-01,311600,Animal Slaughtering and Processing,260
29-1111,2004-05-01,313200,Fabric Mills,30
29-1111,2004-05-01,322100,"Pulp, Paper, and Paperboard Mills",110
29-1111,2004-05-01,322200,Converted Paper Product Manufacturing,40
29-1111,2004-05-01,324100,Petroleum and Coal Products Manufacturing,50
29-1111,2004-05-01,325100,Basic Chemical Manufacturing,110
29-1111,2004-05-01,325200,"Resin, Synthetic Rubber, and Artificial Synthetic Fibers and Filaments Manufacturing",70
29-1111,2004-05-01,325400,Pharmaceutical and Medicine Manufacturing,180
29-1111,2004-05-01,325900,Other Chemical Product and Preparation Manufacturing,40
29-1111,2004-05-01,326100,Plastics Product Manufacturing,50
29-1111,2004-05-01,326200,Rubber Product Manufacturing,40
29-1111,2004-05-01,331100,Iron and Steel Mills and Ferroalloy Manufacturing,30
29-1111,2004-05-01,331500,Foundries,40
29-1111,2004-05-01,332900,Other Fabricated Metal Product Manufacturing,50
29-1111,2004-05-01,333100,"Agriculture, Construction, and Mining Machinery Manufacturing",30
29-1111,2004-05-01,334400,Semiconductor and Other Electronic Component Manufacturing,120
29-1111,2004-05-01,334500,"Navigational, Measuring, Electromedical, and Control Instruments Manufacturing",150
29-1111,2004-05-01,335200,Household Appliance Manufacturing,40
29-1111,2004-05-01,336300,Motor Vehicle Parts Manufacturing,280
29-1111,2004-05-01,336400,Aerospace Product and Parts Manufacturing,90
29-1111,2004-05-01,337100,Household and Institutional Furniture and Kitchen Cabinet Manufacturing,80
29-1111,2004-05-01,339100,Medical Equipment and Supplies Manufacturing,80
29-1111,2004-05-01,424200,Drugs and Druggists' Sundries Merchant Wholesalers,490
29-1111,2004-05-01,425100,Wholesale Electronic Markets and Agents and Brokers,70
29-1111,2004-05-01,446100,Health and Personal Care Stores,1800
29-1111,2004-05-01,454100,Electronic Shopping and Mail-Order Houses,140
29-1111,2004-05-01,481100,Scheduled Air Transportation,100
29-1111,2004-05-01,481200,Nonscheduled Air Transportation,70
29-1111,2004-05-01,485900,Other Transit and Ground Passenger Transportation,70
29-1111,2004-05-01,491100,Postal Service,210
29-1111,2004-05-01,493100,Warehousing and Storage,50
29-1111,2004-05-01,511100,"Newspaper, Periodical, Book, and Directory Publishers",30
29-1111,2004-05-01,518200,"Data Processing, Hosting, and Related Services",70
29-1111,2004-05-01,522200,Nondepository Credit Intermediation,40
29-1111,2004-05-01,523900,Other Financial Investment Activities,0
29-1111,2004-05-01,524100,Insurance Carriers,14830
29-1111,2004-05-01,524200,"Agencies, Brokerages, and Other Insurance Related Activities",3310
29-1111,2004-05-01,525100,Insurance and Employee Benefit Funds,940
29-1111,2004-05-01,531100,Lessors of Real Estate,940
29-1111,2004-05-01,531200,Offices of Real Estate Agents and Brokers,0
29-1111,2004-05-01,531300,Activities Related to Real Estate,80
29-1111,2004-05-01,532200,Consumer Goods Rental,730
29-1111,2004-05-01,532400,Commercial and Industrial Machinery and Equipment Rental and Leasing,0
29-1111,2004-05-01,541100,Legal Services,330
29-1111,2004-05-01,541300,"Architectural, Engineering, and Related Services",80
29-1111,2004-05-01,541500,Computer Systems Design and Related Services,240
29-1111,2004-05-01,541600,"Management, Scientific, and Technical Consulting Services",5790
29-1111,2004-05-01,541700,Scientific Research and Development Services,2630
29-1111,2004-05-01,541900,"Other Professional, Scientific, and Technical Services",150
29-1111,2004-05-01,551100,Management of Companies and Enterprises,7290
29-1111,2004-05-01,561100,Office Administrative Services,5430
29-1111,2004-05-01,561200,Facilities Support Services,570
29-1111,2004-05-01,561300,Employment Services,75430
29-1111,2004-05-01,561400,Business Support Services,480
29-1111,2004-05-01,611100,Elementary and Secondary Schools,46580
29-1111,2004-05-01,611200,Junior Colleges,540
29-1111,2004-05-01,611300,"Colleges, Universities, and Professional Schools",26940
29-1111,2004-05-01,611500,Technical and Trade Schools,0
29-1111,2004-05-01,611600,Other Schools and Instruction,230
29-1111,2004-05-01,611700,Educational Support Services,110
29-1111,2004-05-01,621100,Offices of Physicians,205300
29-1111,2004-05-01,621200,Offices of Dentists,1050
29-1111,2004-05-01,621300,Offices of Other Health Practitioners,10460
29-1111,2004-05-01,621400,Outpatient Care Centers,57800
29-1111,2004-05-01,621500,Medical and Diagnostic Laboratories,1610
29-1111,2004-05-01,621600,Home Health Care Services,114870
29-1111,2004-05-01,621900,Other Ambulatory Health Care Services,8660
29-1111,2004-05-01,622100,General Medical and Surgical Hospitals,1325550
29-1111,2004-05-01,622200,Psychiatric and Substance Abuse Hospitals,31240
29-1111,2004-05-01,622300,Specialty (except Psychiatric and Substance Abuse) Hospitals,39320
29-1111,2004-05-01,623100,Nursing Care Facilities,119860
29-1111,2004-05-01,623200,"Residential Mental Retardation, Mental Health and Substance Abuse Facilities",11380
29-1111,2004-05-01,623300,Community Care Facilities for the Elderly,23110
29-1111,2004-05-01,623900,Other Residential Care Facilities,2450
29-1111,2004-05-01,624100,Individual and Family Services,13130
29-1111,2004-05-01,624200,"Community Food and Housing, and Emergency and Other Relief Services",600
29-1111,2004-05-01,624300,Vocational Rehabilitation Services,2200
29-1111,2004-05-01,624400,Child Day Care Services,1070
29-1111,2004-05-01,711200,Spectator Sports,90
29-1111,2004-05-01,713100,Amusement Parks and Arcades,240
29-1111,2004-05-01,713900,Other Amusement and Recreation Industries,40
29-1111,2004-05-01,721100,Traveler Accommodation,70
29-1111,2004-05-01,721200,RV (Recreational Vehicle) Parks and Recreational Camps,40
29-1111,2004-05-01,721300,Rooming and Boarding Houses,40
29-1111,2004-05-01,812100,Personal Care Services,0
29-1111,2004-05-01,812900,Other Personal Services,90
29-1111,2004-05-01,813100,Religious Organizations,590
29-1111,2004-05-01,813200,Grantmaking and Giving Services,370
29-1111,2004-05-01,813300,Social Advocacy Organizations,300
29-1111,2004-05-01,813400,Civic and Social Organizations,0
29-1111,2004-05-01,813900,"Business, Professional, Labor, Political, and Similar Organizations",560
29-1111,2004-05-01,999100,Federal Executive Branch,48490
29-1111,2004-05-01,999200,State Government (OES designation),35540
29-1111,2004-05-01,999300,Local Government (OES designation),51320
29-1111,2004-11-01,221100,"Electric Power Generation, Transmission and Distribution",50
29-1111,2004-11-01,311400,Fruit and Vegetable Preserving and Specialty Food Manufacturing,50
29-1111,2004-11-01,311600,Animal Slaughtering and Processing,290
29-1111,2004-11-01,313200,Fabric Mills,40
29-1111,2004-11-01,322100,"Pulp, Paper, and Paperboard Mills",100
29-1111,2004-11-01,322200,Converted Paper Product Manufacturing,30
29-1111,2004-11-01,324100,Petroleum and Coal Products Manufacturing,40
29-1111,2004-11-01,325100,Basic Chemical Manufacturing,80
29-1111,2004-11-01,325200,"Resin, Synthetic Rubber, and Artificial Synthetic Fibers and Filaments Manufacturing",60
29-1111,2004-11-01,325400,Pharmaceutical and Medicine Manufacturing,150
29-1111,2004-11-01,325900,Other Chemical Product and Preparation Manufacturing,50
29-1111,2004-11-01,326100,Plastics Product Manufacturing,50
29-1111,2004-11-01,326200,Rubber Product Manufacturing,40
29-1111,2004-11-01,331100,Iron and Steel Mills and Ferroalloy Manufacturing,30
29-1111,2004-11-01,331500,Foundries,40
29-1111,2004-11-01,332900,Other Fabricated Metal Product Manufacturing,60
29-1111,2004-11-01,333100,"Agriculture, Construction, and Mining Machinery Manufacturing",40
29-1111,2004-11-01,334400,Semiconductor and Other Electronic Component Manufacturing,130
29-1111,2004-11-01,334500,"Navigational, Measuring, Electromedical, and Control Instruments Manufacturing",150
29-1111,2004-11-01,335900,Other Electrical Equipment and Component Manufacturing,30
29-1111,2004-11-01,336300,Motor Vehicle Parts Manufacturing,230
29-1111,2004-11-01,336400,Aerospace Product and Parts Manufacturing,100
29-1111,2004-11-01,337100,Household and Institutional Furniture and Kitchen Cabinet Manufacturing,80
29-1111,2004-11-01,339100,Medical Equipment and Supplies Manufacturing,80
29-1111,2004-11-01,423400,Professional and Commercial Equipment and Supplies Merchant Wholesalers,380
29-1111,2004-11-01,424200,Drugs and Druggists' Sundries Merchant Wholesalers,630
29-1111,2004-11-01,425100,Wholesale Electronic Markets and Agents and Brokers,70
29-1111,2004-11-01,446100,Health and Personal Care Stores,2080
29-1111,2004-11-01,454100,Electronic Shopping and Mail-Order Houses,140
29-1111,2004-11-01,481200,Nonscheduled Air Transportation,50
29-1111,2004-11-01,491100,Postal Service,200
29-1111,2004-11-01,493100,Warehousing and Storage,50
29-1111,2004-11-01,511100,"Newspaper, Periodical, Book, and Directory Publishers",30
29-1111,2004-11-01,518200,"Data Processing, Hosting, and Related Services",70
29-1111,2004-11-01,522200,Nondepository Credit Intermediation,0
29-1111,2004-11-01,523100,Securities and Commodity Contracts Intermediation and Brokerage,30
29-1111,2004-11-01,523900,Other Financial Investment Activities,0
29-1111,2004-11-01,524100,Insurance Carriers,14800
29-1111,2004-11-01,524200,"Agencies, Brokerages, and Other Insurance Related Activities",3900
29-1111,2004-11-01,525100,Insurance and Employee Benefit Funds,880
29-1111,2004-11-01,531100,Lessors of Real Estate,890
29-1111,2004-11-01,531200,Offices of Real Estate Agents and Brokers,0
29-1111,2004-11-01,532200,Consumer Goods Rental,680
29-1111,2004-11-01,532400,Commercial and Industrial Machinery and Equipment Rental and Leasing,50
29-1111,2004-11-01,541100,Legal Services,330
29-1111,2004-11-01,541200,"Accounting, Tax Preparation, Bookkeeping, and Payroll Services",1900
29-1111,2004-11-01,541300,"Architectural, Engineering, and Related Services",90
29-1111,2004-11-01,541500,Computer Systems Design and Related Services,250
29-1111,2004-11-01,541600,"Management, Scientific, and Technical Consulting Services",6410
29-1111,2004-11-01,541700,Scientific Research and Development Services,2250
29-1111,2004-11-01,541900,"Other Professional, Scientific, and Technical Services",0
29-1111,2004-11-01,551100,Management of Companies and Enterprises,7520
29-1111,2004-11-01,561100,Office Administrative Services,4220
29-1111,2004-11-01,561200,Facilities Support Services,520
29-1111,2004-11-01,561300,Employment Services,81070
29-1111,2004-11-01,561400,Business Support Services,460
29-1111,2004-11-01,611100,Elementary and Secondary Schools,46360
29-1111,2004-11-01,611200,Junior Colleges,540
29-1111,2004-11-01,611300,"Colleges, Universities, and Professional Schools",25880
29-1111,2004-11-01,611500,Technical and Trade Schools,90
29-1111,2004-11-01,611600,Other Schools and Instruction,190
29-1111,2004-11-01,611700,Educational Support Services,0
29-1111,2004-11-01,621100,Offices of Physicians,204720
29-1111,2004-11-01,621200,Offices of Dentists,1260
29-1111,2004-11-01,621300,Offices of Other Health Practitioners,11410
29-1111,2004-11-01,621400,Outpatient Care Centers,59760
29-1111,2004-11-01,621500,Medical and Diagnostic Laboratories,1760
29-1111,2004-11-01,621600,Home Health Care Services,114900
29-1111,2004-11-01,621900,Other Ambulatory Health Care Services,8530
29-1111,2004-11-01,622100,General Medical and Surgical Hospitals,1341840
29-1111,2004-11-01,622200,Psychiatric and Substance Abuse Hospitals,30720
29-1111,2004-11-01,622300,Specialty (except Psychiatric and Substance Abuse) Hospitals,39820
29-1111,2004-11-01,623100,Nursing Care Facilities,120560
29-1111,2004-11-01,623200,"Residential Mental Retardation, Mental Health and Substance Abuse Facilities",11750
29-1111,2004-11-01,623300,Community Care Facilities for the Elderly,24080
29-1111,2004-11-01,623900,Other Residential Care Facilities,2190
29-1111,2004-11-01,624100,Individual and Family Services,10680
29-1111,2004-11-01,624200,"Community Food and Housing, and Emergency and Other Relief Services",650
29-1111,2004-11-01,624300,Vocational Rehabilitation Services,2450
29-1111,2004-11-01,624400,Child Day Care Services,1010
29-1111,2004-11-01,711200,Spectator Sports,70
29-1111,2004-11-01,713100,Amusement Parks and Arcades,250
29-1111,2004-11-01,713900,Other Amusement and Recreation Industries,50
29-1111,2004-11-01,721100,Traveler Accommodation,70
29-1111,2004-11-01,721300,Rooming and Boarding Houses,40
29-1111,2004-11-01,812100,Personal Care Services,70
29-1111,2004-11-01,812900,Other Personal Services,120
29-1111,2004-11-01,813100,Religious Organizations,630
29-1111,2004-11-01,813200,Grantmaking and Giving Services,370
29-1111,2004-11-01,813300,Social Advocacy Organizations,240
29-1111,2004-11-01,813400,Civic and Social Organizations,180
29-1111,2004-11-01,813900,"Business, Professional, Labor, Political, and Similar Organizations",700
29-1111,2004-11-01,999100,Federal Executive Branch ,49160
29-1111,2004-11-01,999200,State Government (OES designation),38700
29-1111,2004-11-01,999300,Local Government (OES designation),51750
29-1111,2005-05-01,221100,"Electric Power Generation, Transmission and Distribution",40
29-1111,2005-05-01,311400,Fruit and Vegetable Preserving and Specialty Food Manufacturing,60
29-1111,2005-05-01,311600,Animal Slaughtering and Processing,270
29-1111,2005-05-01,322100,"Pulp, Paper, and Paperboard Mills",90
29-1111,2005-05-01,322200,Converted Paper Product Manufacturing,30
29-1111,2005-05-01,324100,Petroleum and Coal Products Manufacturing,40
29-1111,2005-05-01,325100,Basic Chemical Manufacturing,80
29-1111,2005-05-01,325200,"Resin, Synthetic Rubber, and Artificial Synthetic Fibers and Filaments Manufacturing",50
29-1111,2005-05-01,325400,Pharmaceutical and Medicine Manufacturing,130
29-1111,2005-05-01,325900,Other Chemical Product and Preparation Manufacturing,50
29-1111,2005-05-01,326100,Plastics Product Manufacturing,40
29-1111,2005-05-01,326200,Rubber Product Manufacturing,30
29-1111,2005-05-01,331500,Foundries,40
29-1111,2005-05-01,332900,Other Fabricated Metal Product Manufacturing,70
29-1111,2005-05-01,333100,"Agriculture, Construction, and Mining Machinery Manufacturing",40
29-1111,2005-05-01,334400,Semiconductor and Other Electronic Component Manufacturing,110
29-1111,2005-05-01,334500,"Navigational, Measuring, Electromedical, and Control Instruments Manufacturing",110
29-1111,2005-05-01,336300,Motor Vehicle Parts Manufacturing,210
29-1111,2005-05-01,336400,Aerospace Product and Parts Manufacturing,100
29-1111,2005-05-01,337100,Household and Institutional Furniture and Kitchen Cabinet Manufacturing,80
29-1111,2005-05-01,339100,Medical Equipment and Supplies Manufacturing,0
29-1111,2005-05-01,423400,Professional and Commercial Equipment and Supplies Merchant Wholesalers,350
29-1111,2005-05-01,424200,Drugs and Druggists' Sundries Merchant Wholesalers,680
29-1111,2005-05-01,425100,Wholesale Electronic Markets and Agents and Brokers,70
29-1111,2005-05-01,446100,Health and Personal Care Stores,2070
29-1111,2005-05-01,454100,Electronic Shopping and Mail-Order Houses,160
29-1111,2005-05-01,491100,Postal Service,200
29-1111,2005-05-01,493100,Warehousing and Storage,40
29-1111,2005-05-01,511100,"Newspaper, Periodical, Book, and Directory Publishers",0
29-1111,2005-05-01,518200,"Data Processing, Hosting, and Related Services",70
29-1111,2005-05-01,522200,Nondepository Credit Intermediation,40
29-1111,2005-05-01,523100,Securities and Commodity Contracts Intermediation and Brokerage,40
29-1111,2005-05-01,524100,Insurance Carriers,14970
29-1111,2005-05-01,524200,"Agencies, Brokerages, and Other Insurance Related Activities",4140
29-1111,2005-05-01,525100,Insurance and Employee Benefit Funds,0
29-1111,2005-05-01,531100,Lessors of Real Estate,710
29-1111,2005-05-01,532200,Consumer Goods Rental,510
29-1111,2005-05-01,532400,Commercial and Industrial Machinery and Equipment Rental and Leasing,60
29-1111,2005-05-01,541100,Legal Services,300
29-1111,2005-05-01,541200,"Accounting, Tax Preparation, Bookkeeping, and Payroll Services",850
29-1111,2005-05-01,541300,"Architectural, Engineering, and Related Services",110
29-1111,2005-05-01,541500,Computer Systems Design and Related Services,250
29-1111,2005-05-01,541600,"Management, Scientific, and Technical Consulting Services",6630
29-1111,2005-05-01,541700,Scientific Research and Development Services,2760
29-1111,2005-05-01,541900,"Other Professional, Scientific, and Technical Services",150
29-1111,2005-05-01,551100,Management of Companies and Enterprises,8220
29-1111,2005-05-01,561100,Office Administrative Services,4630
29-1111,2005-05-01,561200,Facilities Support Services,630
29-1111,2005-05-01,561300,Employment Services,93500
29-1111,2005-05-01,561400,Business Support Services,290
29-1111,2005-05-01,611100,Elementary and Secondary Schools,46680
29-1111,2005-05-01,611200,Junior Colleges,560
29-1111,2005-05-01,611300,"Colleges, Universities, and Professional Schools",26170
29-1111,2005-05-01,611600,Other Schools and Instruction,180
29-1111,2005-05-01,611700,Educational Support Services,220
29-1111,2005-05-01,621100,Offices of Physicians,202790
29-1111,2005-05-01,621200,Offices of Dentists,1510
29-1111,2005-05-01,621300,Offices of Other Health Practitioners,10400
29-1111,2005-05-01,621400,Outpatient Care Centers,66200
29-1111,2005-05-01,621500,Medical and Diagnostic Laboratories,1640
29-1111,2005-05-01,621600,Home Health Care Services,117050
29-1111,2005-05-01,621900,Other Ambulatory Health Care Services,8580
29-1111,2005-05-01,622100,General Medical and Surgical Hospitals,1354020
29-1111,2005-05-01,622200,Psychiatric and Substance Abuse Hospitals,30590
29-1111,2005-05-01,622300,Specialty (except Psychiatric and Substance Abuse) Hospitals,40250
29-1111,2005-05-01,623100,Nursing Care Facilities,120200
29-1111,2005-05-01,623200,"Residential Mental Retardation, Mental Health and Substance Abuse Facilities",11290
29-1111,2005-05-01,623300,Community Care Facilities for the Elderly,24320
29-1111,2005-05-01,623900,Other Residential Care Facilities,2050
29-1111,2005-05-01,624100,Individual and Family Services,11770
29-1111,2005-05-01,624200,"Community Food and Housing, and Emergency and Other Relief Services",640
29-1111,2005-05-01,624300,Vocational Rehabilitation Services,2270
29-1111,2005-05-01,624400,Child Day Care Services,900
29-1111,2005-05-01,711200,Spectator Sports,90
29-1111,2005-05-01,713100,Amusement Parks and Arcades,290
29-1111,2005-05-01,713900,Other Amusement and Recreation Industries,40
29-1111,2005-05-01,721100,Traveler Accommodation,40
29-1111,2005-05-01,721300,Rooming and Boarding Houses,30
29-1111,2005-05-01,812100,Personal Care Services,0
29-1111,2005-05-01,812900,Other Personal Services,0
29-1111,2005-05-01,813100,Religious Organizations,470
29-1111,2005-05-01,813200,Grantmaking and Giving Services,370
29-1111,2005-05-01,813300,Social Advocacy Organizations,280
29-1111,2005-05-01,813400,Civic and Social Organizations,220
29-1111,2005-05-01,813900,"Business, Professional, Labor, Political, and Similar Organizations",680
29-1111,2005-05-01,999100,Federal Executive Branch,49130
29-1111,2005-05-01,999200,State Government (OES designation),38740
29-1111,2005-05-01,999300,Local Government (OES designation),49100
29-1111,2006-05-01,221100,"Electric Power Generation, Transmission and Distribution",30
29-1111,2006-05-01,311400,Fruit and Vegetable Preserving and Specialty Food Manufacturing,40
29-1111,2006-05-01,311600,Animal Slaughtering and Processing,270
29-1111,2006-05-01,313100,"Fiber, Yarn, and Thread Mills",30
29-1111,2006-05-01,322100,"Pulp, Paper, and Paperboard Mills",90
29-1111,2006-05-01,322200,Converted Paper Product Manufacturing,40
29-1111,2006-05-01,324100,Petroleum and Coal Products Manufacturing,40
29-1111,2006-05-01,325100,Basic Chemical Manufacturing,70
29-1111,2006-05-01,325200,"Resin, Synthetic Rubber, and Artificial Synthetic Fibers and Filaments Manufacturing",50
29-1111,2006-05-01,325400,Pharmaceutical and Medicine Manufacturing,130
29-1111,2006-05-01,331100,Iron and Steel Mills and Ferroalloy Manufacturing,30
29-1111,2006-05-01,331500,Foundries,60
29-1111,2006-05-01,332900,Other Fabricated Metal Product Manufacturing,70
29-1111,2006-05-01,334400,Semiconductor and Other Electronic Component Manufacturing,90
29-1111,2006-05-01,334500,"Navigational, Measuring, Electromedical, and Control Instruments Manufacturing",80
29-1111,2006-05-01,335900,Other Electrical Equipment and Component Manufacturing,30
29-1111,2006-05-01,336400,Aerospace Product and Parts Manufacturing,110
29-1111,2006-05-01,336600,Ship and Boat Building,30
29-1111,2006-05-01,337100,Household and Institutional Furniture and Kitchen Cabinet Manufacturing,40
29-1111,2006-05-01,339100,Medical Equipment and Supplies Manufacturing,120
29-1111,2006-05-01,423400,Professional and Commercial Equipment and Supplies Merchant Wholesalers,370
29-1111,2006-05-01,424200,Drugs and Druggists' Sundries Merchant Wholesalers,1100
29-1111,2006-05-01,446100,Health and Personal Care Stores,1770
29-1111,2006-05-01,454100,Electronic Shopping and Mail-Order Houses,240
29-1111,2006-05-01,481100,Scheduled Air Transportation,80
29-1111,2006-05-01,481200,Nonscheduled Air Transportation,0
29-1111,2006-05-01,491100,Postal Service,200
29-1111,2006-05-01,493100,Warehousing and Storage,50
29-1111,2006-05-01,511100,"Newspaper, Periodical, Book, and Directory Publishers",50
29-1111,2006-05-01,518200,"Data Processing, Hosting, and Related Services",70
29-1111,2006-05-01,524100,Insurance Carriers,16990
29-1111,2006-05-01,524200,"Agencies, Brokerages, and Other Insurance Related Activities",4170
29-1111,2006-05-01,525100,Insurance and Employee Benefit Funds,1060
29-1111,2006-05-01,531100,Lessors of Real Estate,860
29-1111,2006-05-01,531300,Activities Related to Real Estate,0
29-1111,2006-05-01,532200,Consumer Goods Rental,440
29-1111,2006-05-01,541100,Legal Services,340
29-1111,2006-05-01,541200,"Accounting, Tax Preparation, Bookkeeping, and Payroll Services",420
29-1111,2006-05-01,541300,"Architectural, Engineering, and Related Services",0
29-1111,2006-05-01,541500,Computer Systems Design and Related Services,230
29-1111,2006-05-01,541600,"Management, Scientific, and Technical Consulting Services",4100
29-1111,2006-05-01,541700,Scientific Research and Development Services,2750
29-1111,2006-05-01,541900,"Other Professional, Scientific, and Technical Services",150
29-1111,2006-05-01,551100,Management of Companies and Enterprises,9040
29-1111,2006-05-01,561100,Office Administrative Services,4700
29-1111,2006-05-01,561200,Facilities Support Services,600
29-1111,2006-05-01,561300,Employment Services,95490
29-1111,2006-05-01,561400,Business Support Services,410
29-1111,2006-05-01,611100,Elementary and Secondary Schools,47280
29-1111,2006-05-01,611200,Junior Colleges,650
29-1111,2006-05-01,611300,"Colleges, Universities, and Professional Schools",28760
29-1111,2006-05-01,611500,Technical and Trade Schools,0
29-1111,2006-05-01,611600,Other Schools and Instruction,190
29-1111,2006-05-01,611700,Educational Support Services,170
29-1111,2006-05-01,621100,Offices of Physicians,209260
29-1111,2006-05-01,621200,Offices of Dentists,1510
29-1111,2006-05-01,621300,Offices of Other Health Practitioners,10720
29-1111,2006-05-01,621400,Outpatient Care Centers,69870
29-1111,2006-05-01,621500,Medical and Diagnostic Laboratories,1870
29-1111,2006-05-01,621600,Home Health Care Services,124470
29-1111,2006-05-01,621900,Other Ambulatory Health Care Services,9690
29-1111,2006-05-01,622100,General Medical and Surgical Hospitals,1373610
29-1111,2006-05-01,622200,Psychiatric and Substance Abuse Hospitals,32000
29-1111,2006-05-01,622300,Specialty (except Psychiatric and Substance Abuse) Hospitals,40500
29-1111,2006-05-01,623100,Nursing Care Facilities,122990
29-1111,2006-05-01,623200,"Residential Mental Retardation, Mental Health and Substance Abuse Facilities",11560
29-1111,2006-05-01,623300,Community Care Facilities for the Elderly,24010
29-1111,2006-05-01,623900,Other Residential Care Facilities,1990
29-1111,2006-05-01,624100,Individual and Family Services,13380
29-1111,2006-05-01,624200,"Community Food and Housing, and Emergency and Other Relief Services",570
29-1111,2006-05-01,624300,Vocational Rehabilitation Services,2160
29-1111,2006-05-01,624400,Child Day Care Services,1010
29-1111,2006-05-01,711200,Spectator Sports,80
29-1111,2006-05-01,713100,Amusement Parks and Arcades,290
29-1111,2006-05-01,713900,Other Amusement and Recreation Industries,110
29-1111,2006-05-01,721100,Traveler Accommodation,50
29-1111,2006-05-01,812100,Personal Care Services,0
29-1111,2006-05-01,812900,Other Personal Services,140
29-1111,2006-05-01,813100,Religious Organizations,450
29-1111,2006-05-01,813200,Grantmaking and Giving Services,350
29-1111,2006-05-01,813300,Social Advocacy Organizations,230
29-1111,2006-05-01,813400,Civic and Social Organizations,150
29-1111,2006-05-01,813900,"Business, Professional, Labor, Political, and Similar Organizations",680
29-1111,2006-05-01,999100,Federal Executive Branch (OES designation),49170
29-1111,2006-05-01,999200,State Government (OES designation),38110
29-1111,2006-05-01,999300,Local Government (OES designation),47950
29-1111,2007-05-01,221100,"Electric Power Generation, Transmission and Distribution",40
29-1111,2007-05-01,311600,Animal Slaughtering and Processing,290
29-1111,2007-05-01,313100,"Fiber, Yarn, and Thread Mills",40
29-1111,2007-05-01,322100,"Pulp, Paper, and Paperboard Mills",90
29-1111,2007-05-01,322200,Converted Paper Product Manufacturing,40
29-1111,2007-05-01,324100,Petroleum and Coal Products Manufacturing,40
29-1111,2007-05-01,325100,Basic Chemical Manufacturing,70
29-1111,2007-05-01,325200,"Resin, Synthetic Rubber, and Artificial Synthetic Fibers and Filaments Manufacturing",70
29-1111,2007-05-01,325400,Pharmaceutical and Medicine Manufacturing,140
29-1111,2007-05-01,326100,Plastics Product Manufacturing,40
29-1111,2007-05-01,331500,Foundries,40
29-1111,2007-05-01,332900,Other Fabricated Metal Product Manufacturing,70
29-1111,2007-05-01,334400,Semiconductor and Other Electronic Component Manufacturing,70
29-1111,2007-05-01,334500,"Navigational, Measuring, Electromedical, and Control Instruments Manufacturing",80
29-1111,2007-05-01,335200,Household Appliance Manufacturing,40
29-1111,2007-05-01,336100,Motor Vehicle Manufacturing,160
29-1111,2007-05-01,336300,Motor Vehicle Parts Manufacturing,240
29-1111,2007-05-01,336400,Aerospace Product and Parts Manufacturing,100
29-1111,2007-05-01,336600,Ship and Boat Building,40
29-1111,2007-05-01,339100,Medical Equipment and Supplies Manufacturing,70
29-1111,2007-05-01,423400,Professional and Commercial Equipment and Supplies Merchant Wholesalers,470
29-1111,2007-05-01,424200,Drugs and Druggists' Sundries Merchant Wholesalers,1020
29-1111,2007-05-01,446100,Health and Personal Care Stores,1410
29-1111,2007-05-01,454100,Electronic Shopping and Mail-Order Houses,450
29-1111,2007-05-01,481200,Nonscheduled Air Transportation,0
29-1111,2007-05-01,491100,Postal Service,190
29-1111,2007-05-01,493100,Warehousing and Storage,50
29-1111,2007-05-01,511100,"Newspaper, Periodical, Book, and Directory Publishers",0
29-1111,2007-05-01,512100,Motion Picture and Video Industries,30
29-1111,2007-05-01,518200,"Data Processing, Hosting, and Related Services",60
29-1111,2007-05-01,524100,Insurance Carriers,17190
29-1111,2007-05-01,524200,"Agencies, Brokerages, and Other Insurance Related Activities",4520
29-1111,2007-05-01,525100,Insurance and Employee Benefit Funds,830
29-1111,2007-05-01,531100,Lessors of Real Estate,820
29-1111,2007-05-01,531300,Activities Related to Real Estate,0
29-1111,2007-05-01,532200,Consumer Goods Rental,400
29-1111,2007-05-01,541100,Legal Services,290
29-1111,2007-05-01,541200,"Accounting, Tax Preparation, Bookkeeping, and Payroll Services",0
29-1111,2007-05-01,541300,"Architectural, Engineering, and Related Services",120
29-1111,2007-05-01,541500,Computer Systems Design and Related Services,180
29-1111,2007-05-01,541600,"Management, Scientific, and Technical Consulting Services",3650
29-1111,2007-05-01,541700,Scientific Research and Development Services,2330
29-1111,2007-05-01,541900,"Other Professional, Scientific, and Technical Services",0
29-1111,2007-05-01,551100,Management of Companies and Enterprises,10400
29-1111,2007-05-01,561100,Office Administrative Services,5270
29-1111,2007-05-01,561200,Facilities Support Services,610
29-1111,2007-05-01,561300,Employment Services,96550
29-1111,2007-05-01,561400,Business Support Services,180
29-1111,2007-05-01,561900,Other Support Services,180
29-1111,2007-05-01,611100,Elementary and Secondary Schools,47560
29-1111,2007-05-01,611200,Junior Colleges,660
29-1111,2007-05-01,611300,"Colleges, Universities, and Professional Schools",29230
29-1111,2007-05-01,611500,Technical and Trade Schools,30
29-1111,2007-05-01,611600,Other Schools and Instruction,190
29-1111,2007-05-01,611700,Educational Support Services,150
29-1111,2007-05-01,621100,Offices of Physicians,209870
29-1111,2007-05-01,621200,Offices of Dentists,1610
29-1111,2007-05-01,621300,Offices of Other Health Practitioners,11890
29-1111,2007-05-01,621400,Outpatient Care Centers,72690
29-1111,2007-05-01,621500,Medical and Diagnostic Laboratories,1900
29-1111,2007-05-01,621600,Home Health Care Services,127230
29-1111,2007-05-01,621900,Other Ambulatory Health Care Services,9950
29-1111,2007-05-01,622100,General Medical and Surgical Hospitals,1409220
29-1111,2007-05-01,622200,Psychiatric and Substance Abuse Hospitals,32620
29-1111,2007-05-01,622300,Specialty (except Psychiatric and Substance Abuse) Hospitals,43300
29-1111,2007-05-01,623100,Nursing Care Facilities,123480
29-1111,2007-05-01,623200,"Residential Mental Retardation, Mental Health and Substance Abuse Facilities",10490
29-1111,2007-05-01,623300,Community Care Facilities for the Elderly,24380
29-1111,2007-05-01,623900,Other Residential Care Facilities,1930
29-1111,2007-05-01,624100,Individual and Family Services,13520
29-1111,2007-05-01,624200,"Community Food and Housing, and Emergency and Other Relief Services",700
29-1111,2007-05-01,624300,Vocational Rehabilitation Services,1900
29-1111,2007-05-01,624400,Child Day Care Services,910
29-1111,2007-05-01,711200,Spectator Sports,0
29-1111,2007-05-01,713100,Amusement Parks and Arcades,140
29-1111,2007-05-01,713900,Other Amusement and Recreation Industries,100
29-1111,2007-05-01,721100,Traveler Accommodation,80
29-1111,2007-05-01,812100,Personal Care Services,0
29-1111,2007-05-01,813100,Religious Organizations,280
29-1111,2007-05-01,813200,Grantmaking and Giving Services,450
29-1111,2007-05-01,813300,Social Advocacy Organizations,380
29-1111,2007-05-01,813400,Civic and Social Organizations,90
29-1111,2007-05-01,813900,"Business, Professional, Labor, Political, and Similar Organizations",610
29-1111,2007-05-01,999100,Federal Executive Branch (OES designation),52500
29-1111,2007-05-01,999200,State Government (OES designation),38380
29-1111,2007-05-01,999300,Local Government (OES designation),47020
29-1111,2008-05-01,221100,"Electric Power Generation, Transmission and Distribution",60
29-1111,2008-05-01,311600,Animal Slaughtering and Processing,280
29-1111,2008-05-01,313100,"Fiber, Yarn, and Thread Mills",30
29-1111,2008-05-01,322100,"Pulp, Paper, and Paperboard Mills",100
29-1111,2008-05-01,322200,Converted Paper Product Manufacturing,40
29-1111,2008-05-01,324100,Petroleum and Coal Products Manufacturing,40
29-1111,2008-05-01,325100,Basic Chemical Manufacturing,80
29-1111,2008-05-01,325200,"Resin, Synthetic Rubber, and Artificial Synthetic Fibers and Filaments Manufacturing",60
29-1111,2008-05-01,325400,Pharmaceutical and Medicine Manufacturing,160
29-1111,2008-05-01,326100,Plastics Product Manufacturing,30
29-1111,2008-05-01,331100,Iron and Steel Mills and Ferroalloy Manufacturing,30
29-1111,2008-05-01,331500,Foundries,40
29-1111,2008-05-01,332900,Other Fabricated Metal Product Manufacturing,60
29-1111,2008-05-01,334400,Semiconductor and Other Electronic Component Manufacturing,50
29-1111,2008-05-01,334500,"Navigational, Measuring, Electromedical, and Control Instruments Manufacturing",80
29-1111,2008-05-01,335200,Household Appliance Manufacturing,40
29-1111,2008-05-01,336100,Motor Vehicle Manufacturing,130
29-1111,2008-05-01,336300,Motor Vehicle Parts Manufacturing,210
29-1111,2008-05-01,336400,Aerospace Product and Parts Manufacturing,110
29-1111,2008-05-01,336600,Ship and Boat Building,40
29-1111,2008-05-01,339100,Medical Equipment and Supplies Manufacturing,50
29-1111,2008-05-01,423400,Professional and Commercial Equipment and Supplies Merchant Wholesalers,380
29-1111,2008-05-01,424200,Drugs and Druggists' Sundries Merchant Wholesalers,990
29-1111,2008-05-01,446100,Health and Personal Care Stores,1260
29-1111,2008-05-01,454100,Electronic Shopping and Mail-Order Houses,380
29-1111,2008-05-01,481200,Nonscheduled Air Transportation,120
29-1111,2008-05-01,491100,Postal Service,170
29-1111,2008-05-01,493100,Warehousing and Storage,30
29-1111,2008-05-01,511100,"Newspaper, Periodical, Book, and Directory Publishers",0
29-1111,2008-05-01,512100,Motion Picture and Video Industries,30
29-1111,2008-05-01,518200,"Data Processing, Hosting, and Related Services",70
29-1111,2008-05-01,524100,Insurance Carriers,16790
29-1111,2008-05-01,524200,"Agencies, Brokerages, and Other Insurance Related Activities",4340
29-1111,2008-05-01,525100,Insurance and Employee Benefit Funds,440
29-1111,2008-05-01,525900,Other Investment Pools and Funds,0
29-1111,2008-05-01,531100,Lessors of Real Estate,720
29-1111,2008-05-01,531300,Activities Related to Real Estate,0
29-1111,2008-05-01,532200,Consumer Goods Rental,380
29-1111,2008-05-01,541100,Legal Services,240
29-1111,2008-05-01,541200,"Accounting, Tax Preparation, Bookkeeping, and Payroll Services",800
29-1111,2008-05-01,541300,"Architectural, Engineering, and Related Services",100
29-1111,2008-05-01,541500,Computer Systems Design and Related Services,220
29-1111,2008-05-01,541600,"Management, Scientific, and Technical Consulting Services",4030
29-1111,2008-05-01,541700,Scientific Research and Development Services,2430
29-1111,2008-05-01,541900,"Other Professional, Scientific, and Technical Services",240
29-1111,2008-05-01,551100,Management of Companies and Enterprises,9710
29-1111,2008-05-01,561100,Office Administrative Services,5520
29-1111,2008-05-01,561200,Facilities Support Services,640
29-1111,2008-05-01,561300,Employment Services,91980
29-1111,2008-05-01,561400,Business Support Services,400
29-1111,2008-05-01,561900,Other Support Services,200
29-1111,2008-05-01,611100,Elementary and Secondary Schools,49040
29-1111,2008-05-01,611200,Junior Colleges,800
29-1111,2008-05-01,611300,"Colleges, Universities, and Professional Schools",29510
29-1111,2008-05-01,611500,Technical and Trade Schools,60
29-1111,2008-05-01,611600,Other Schools and Instruction,80
29-1111,2008-05-01,611700,Educational Support Services,130
29-1111,2008-05-01,621100,Offices of Physicians,218110
29-1111,2008-05-01,621200,Offices of Dentists,1250
29-1111,2008-05-01,621300,Offices of Other Health Practitioners,13300
29-1111,2008-05-01,621400,Outpatient Care Centers,78240
29-1111,2008-05-01,621500,Medical and Diagnostic Laboratories,2130
29-1111,2008-05-01,621600,Home Health Care Services,130860
29-1111,2008-05-01,621900,Other Ambulatory Health Care Services,10210
29-1111,2008-05-01,622100,General Medical and Surgical Hospitals,1458520
29-1111,2008-05-01,622200,Psychiatric and Substance Abuse Hospitals,33100
29-1111,2008-05-01,622300,Specialty (except Psychiatric and Substance Abuse) Hospitals,43820
29-1111,2008-05-01,623100,Nursing Care Facilities,124590
29-1111,2008-05-01,623200,"Residential Mental Retardation, Mental Health and Substance Abuse Facilities",10080
29-1111,2008-05-01,623300,Community Care Facilities for the Elderly,25330
29-1111,2008-05-01,623900,Other Residential Care Facilities,2190
29-1111,2008-05-01,624100,Individual and Family Services,14540
29-1111,2008-05-01,624200,"Community Food and Housing, and Emergency and Other Relief Services",700
29-1111,2008-05-01,624300,Vocational Rehabilitation Services,1810
29-1111,2008-05-01,624400,Child Day Care Services,830
29-1111,2008-05-01,711200,Spectator Sports,180
29-1111,2008-05-01,713100,Amusement Parks and Arcades,220
29-1111,2008-05-01,713900,Other Amusement and Recreation Industries,110
29-1111,2008-05-01,721100,Traveler Accommodation,80
29-1111,2008-05-01,721200,RV (Recreational Vehicle) Parks and Recreational Camps,40
29-1111,2008-05-01,812100,Personal Care Services,210
29-1111,2008-05-01,813100,Religious Organizations,280
29-1111,2008-05-01,813200,Grantmaking and Giving Services,470
29-1111,2008-05-01,813300,Social Advocacy Organizations,420
29-1111,2008-05-01,813400,Civic and Social Organizations,80
29-1111,2008-05-01,813900,"Business, Professional, Labor, Political, and Similar Organizations",770
29-1111,2008-05-01,999100,Federal Executive Branch (OES Designation),57070
29-1111,2008-05-01,999200,State Government (OES Designation),39090
29-1111,2008-05-01,999300,Local Government (OES Designation),48820
29-1111,2009-05-01,221100,"Electric Power Generation, Transmission and Distribution",60
29-1111,2009-05-01,311600,Animal Slaughtering and Processing,280
29-1111,2009-05-01,322100,"Pulp, Paper, and Paperboard Mills",80
29-1111,2009-05-01,322200,Converted Paper Product Manufacturing,30
29-1111,2009-05-01,324100,Petroleum and Coal Products Manufacturing,30
29-1111,2009-05-01,325100,Basic Chemical Manufacturing,60
29-1111,2009-05-01,325200,"Resin, Synthetic Rubber, and Artificial Synthetic Fibers and Filaments Manufacturing",60
29-1111,2009-05-01,325400,Pharmaceutical and Medicine Manufacturing,160
29-1111,2009-05-01,326100,Plastics Product Manufacturing,40
29-1111,2009-05-01,332900,Other Fabricated Metal Product Manufacturing,50
29-1111,2009-05-01,333100,"Agriculture, Construction, and Mining Machinery Manufacturing",40
29-1111,2009-05-01,334400,Semiconductor and Other Electronic Component Manufacturing,30
29-1111,2009-05-01,334500,"Navigational, Measuring, Electromedical, and Control Instruments Manufacturing",70
29-1111,2009-05-01,335200,Household Appliance Manufacturing,40
29-1111,2009-05-01,336100,Motor Vehicle Manufacturing,100
29-1111,2009-05-01,336300,Motor Vehicle Parts Manufacturing,150
29-1111,2009-05-01,336400,Aerospace Product and Parts Manufacturing,110
29-1111,2009-05-01,339100,Medical Equipment and Supplies Manufacturing,50
29-1111,2009-05-01,423400,Professional and Commercial Equipment and Supplies Merchant Wholesalers,420
29-1111,2009-05-01,424200,Drugs and Druggists' Sundries Merchant Wholesalers,740
29-1111,2009-05-01,425100,Wholesale Electronic Markets and Agents and Brokers,30
29-1111,2009-05-01,446100,Health and Personal Care Stores,1570
29-1111,2009-05-01,454100,Electronic Shopping and Mail-Order Houses,320
29-1111,2009-05-01,481200,Nonscheduled Air Transportation,90
29-1111,2009-05-01,485900,Other Transit and Ground Passenger Transportation,40
29-1111,2009-05-01,491100,Postal Service,160
29-1111,2009-05-01,511100,"Newspaper, Periodical, Book, and Directory Publishers",0
29-1111,2009-05-01,511200,Software Publishers,50
29-1111,2009-05-01,518200,"Data Processing, Hosting, and Related Services",60
29-1111,2009-05-01,524100,Insurance Carriers,16620
29-1111,2009-05-01,524200,"Agencies, Brokerages, and Other Insurance Related Activities",4270
29-1111,2009-05-01,525100,Insurance and Employee Benefit Funds,490
29-1111,2009-05-01,531100,Lessors of Real Estate,580
29-1111,2009-05-01,531300,Activities Related to Real Estate,0
29-1111,2009-05-01,532200,Consumer Goods Rental,440
29-1111,2009-05-01,541100,Legal Services,310
29-1111,2009-05-01,541200,"Accounting, Tax Preparation, Bookkeeping, and Payroll Services",760
29-1111,2009-05-01,541300,"Architectural, Engineering, and Related Services",60
29-1111,2009-05-01,541500,Computer Systems Design and Related Services,210
29-1111,2009-05-01,541600,"Management, Scientific, and Technical Consulting Services",4560
29-1111,2009-05-01,541700,Scientific Research and Development Services,2440
29-1111,2009-05-01,541900,"Other Professional, Scientific, and Technical Services",260
29-1111,2009-05-01,551100,Management of Companies and Enterprises,8760
29-1111,2009-05-01,561100,Office Administrative Services,5200
29-1111,2009-05-01,561200,Facilities Support Services,740
29-1111,2009-05-01,561300,Employment Services,73700
29-1111,2009-05-01,561400,Business Support Services,430
29-1111,2009-05-01,561900,Other Support Services,50
29-1111,2009-05-01,611100,Elementary and Secondary Schools,50770
29-1111,2009-05-01,611200,Junior Colleges,740
29-1111,2009-05-01,611300,"Colleges, Universities, and Professional Schools",28330
29-1111,2009-05-01,611500,Technical and Trade Schools,80
29-1111,2009-05-01,611600,Other Schools and Instruction,90
29-1111,2009-05-01,611700,Educational Support Services,240
29-1111,2009-05-01,621100,Offices of Physicians,223970
29-1111,2009-05-01,621200,Offices of Dentists,1310
29-1111,2009-05-01,621300,Offices of Other Health Practitioners,14160
29-1111,2009-05-01,621400,Outpatient Care Centers,81230
29-1111,2009-05-01,621500,Medical and Diagnostic Laboratories,2060
29-1111,2009-05-01,621600,Home Health Care Services,134420
29-1111,2009-05-01,621900,Other Ambulatory Health Care Services,10540
29-1111,2009-05-01,622100,General Medical and Surgical Hospitals,1492000
29-1111,2009-05-01,622200,Psychiatric and Substance Abuse Hospitals,32830
29-1111,2009-05-01,622300,Specialty (except Psychiatric and Substance Abuse) Hospitals,47020
29-1111,2009-05-01,623100,Nursing Care Facilities,128420
29-1111,2009-05-01,623200,"Residential Mental Retardation, Mental Health and Substance Abuse Facilities",10590
29-1111,2009-05-01,623300,Community Care Facilities for the Elderly,26250
29-1111,2009-05-01,623900,Other Residential Care Facilities,2280
29-1111,2009-05-01,624100,Individual and Family Services,14960
29-1111,2009-05-01,624200,"Community Food and Housing, and Emergency and Other Relief Services",670
29-1111,2009-05-01,624300,Vocational Rehabilitation Services,1910
29-1111,2009-05-01,624400,Child Day Care Services,700
29-1111,2009-05-01,711200,Spectator Sports,140
29-1111,2009-05-01,713100,Amusement Parks and Arcades,230
29-1111,2009-05-01,713900,Other Amusement and Recreation Industries,30
29-1111,2009-05-01,721100,Traveler Accommodation,90
29-1111,2009-05-01,721200,RV (Recreational Vehicle) Parks and Recreational Camps,40
29-1111,2009-05-01,812100,Personal Care Services,260
29-1111,2009-05-01,813100,Religious Organizations,470
29-1111,2009-05-01,813200,Grantmaking and Giving Services,400
29-1111,2009-05-01,813300,Social Advocacy Organizations,390
29-1111,2009-05-01,813400,Civic and Social Organizations,50
29-1111,2009-05-01,813900,"Business, Professional, Labor, Political, and Similar Organizations",590
29-1111,2009-05-01,999100,Federal Executive Branch (OES Designation),62760
29-1111,2009-05-01,999200,State Government (OES Designation),40890
29-1111,2009-05-01,999300,Local Government (OES Designation),45970
29-1111,2010-05-01,221100,"Electric Power Generation, Transmission and Distribution",50
29-1111,2010-05-01,311400,Fruit and Vegetable Preserving and Specialty Food Manufacturing,30
29-1111,2010-05-01,311600,Animal Slaughtering and Processing,250
29-1111,2010-05-01,322100,"Pulp, Paper, and Paperboard Mills",60
29-1111,2010-05-01,325100,Basic Chemical Manufacturing,40
29-1111,2010-05-01,325200,"Resin, Synthetic Rubber, and Artificial Synthetic Fibers and Filaments Manufacturing",50
29-1111,2010-05-01,325400,Pharmaceutical and Medicine Manufacturing,130
29-1111,2010-05-01,326100,Plastics Product Manufacturing,30
29-1111,2010-05-01,332900,Other Fabricated Metal Product Manufacturing,40
29-1111,2010-05-01,334500,"Navigational, Measuring, Electromedical, and Control Instruments Manufacturing",60
29-1111,2010-05-01,336100,Motor Vehicle Manufacturing,90
29-1111,2010-05-01,336300,Motor Vehicle Parts Manufacturing,120
29-1111,2010-05-01,336400,Aerospace Product and Parts Manufacturing,130
29-1111,2010-05-01,339100,Medical Equipment and Supplies Manufacturing,50
29-1111,2010-05-01,423400,Professional and Commercial Equipment and Supplies Merchant Wholesalers,0
29-1111,2010-05-01,424200,Drugs and Druggists' Sundries Merchant Wholesalers,490
29-1111,2010-05-01,446100,Health and Personal Care Stores,1510
29-1111,2010-05-01,454100,Electronic Shopping and Mail-Order Houses,90
29-1111,2010-05-01,481200,Nonscheduled Air Transportation,0
29-1111,2010-05-01,482100,Rail Transportation,30
29-1111,2010-05-01,491100,Postal Service,140
29-1111,2010-05-01,511200,Software Publishers,40
29-1111,2010-05-01,523100,Securities and Commodity Contracts Intermediation and Brokerage,30
29-1111,2010-05-01,524100,Insurance Carriers,16170
29-1111,2010-05-01,524200,"Agencies, Brokerages, and Other Insurance Related Activities",4060
29-1111,2010-05-01,525100,Insurance and Employee Benefit Funds,420
29-1111,2010-05-01,531100,Lessors of Real Estate,340
29-1111,2010-05-01,531300,Activities Related to Real Estate,80
29-1111,2010-05-01,532200,Consumer Goods Rental,330
29-1111,2010-05-01,541100,Legal Services,420
29-1111,2010-05-01,541200,"Accounting, Tax Preparation, Bookkeeping, and Payroll Services",480
29-1111,2010-05-01,541300,"Architectural, Engineering, and Related Services",60
29-1111,2010-05-01,541500,Computer Systems Design and Related Services,220
29-1111,2010-05-01,541600,"Management, Scientific, and Technical Consulting Services",3960
29-1111,2010-05-01,541700,Scientific Research and Development Services,2350
29-1111,2010-05-01,541900,"Other Professional, Scientific, and Technical Services",290
29-1111,2010-05-01,551100,Management of Companies and Enterprises,8930
29-1111,2010-05-01,561100,Office Administrative Services,4670
29-1111,2010-05-01,561200,Facilities Support Services,720
29-1111,2010-05-01,561300,Employment Services,70400
29-1111,2010-05-01,561400,Business Support Services,360
29-1111,2010-05-01,561900,Other Support Services,40
29-1111,2010-05-01,611100,Elementary and Secondary Schools,51520
29-1111,2010-05-01,611200,Junior Colleges,780
29-1111,2010-05-01,611300,"Colleges, Universities, and Professional Schools",31540
29-1111,2010-05-01,611500,Technical and Trade Schools,120
29-1111,2010-05-01,611600,Other Schools and Instruction,70
29-1111,2010-05-01,611700,Educational Support Services,300
29-1111,2010-05-01,621100,Offices of Physicians,232000
29-1111,2010-05-01,621200,Offices of Dentists,1200
29-1111,2010-05-01,621300,Offices of Other Health Practitioners,15890
29-1111,2010-05-01,621400,Outpatient Care Centers,89090
29-1111,2010-05-01,621500,Medical and Diagnostic Laboratories,2020
29-1111,2010-05-01,621600,Home Health Care Services,146380
29-1111,2010-05-01,621900,Other Ambulatory Health Care Services,10680
29-1111,2010-05-01,622100,General Medical and Surgical Hospitals,1521400
29-1111,2010-05-01,622200,Psychiatric and Substance Abuse Hospitals,33500
29-1111,2010-05-01,622300,Specialty (except Psychiatric and Substance Abuse) Hospitals,50070
29-1111,2010-05-01,623100,Nursing Care Facilities,134460
29-1111,2010-05-01,623200,"Residential Mental Retardation, Mental Health and Substance Abuse Facilities",11090
29-1111,2010-05-01,623300,Community Care Facilities for the Elderly,28170
29-1111,2010-05-01,623900,Other Residential Care Facilities,2100
29-1111,2010-05-01,624100,Individual and Family Services,14740
29-1111,2010-05-01,624200,"Community Food and Housing, and Emergency and Other Relief Services",650
29-1111,2010-05-01,624300,Vocational Rehabilitation Services,1850
29-1111,2010-05-01,624400,Child Day Care Services,780
29-1111,2010-05-01,711200,Spectator Sports,90
29-1111,2010-05-01,713100,Amusement Parks and Arcades,230
29-1111,2010-05-01,713900,Other Amusement and Recreation Industries,40
29-1111,2010-05-01,721100,Traveler Accommodation,60
29-1111,2010-05-01,812100,Personal Care Services,410
29-1111,2010-05-01,813100,Religious Organizations,450
29-1111,2010-05-01,813200,Grantmaking and Giving Services,330
29-1111,2010-05-01,813300,Social Advocacy Organizations,230
29-1111,2010-05-01,813400,Civic and Social Organizations,40
29-1111,2010-05-01,813900,"Business, Professional, Labor, Political, and Similar Organizations",590
29-1111,2010-05-01,999100,Federal Executive Branch (OES Designation),65610
29-1111,2010-05-01,999200,State Government (OES Designation),40960
29-1111,2010-05-01,999300,Local Government (OES Designation),45580
29-1111,2011-05-01,211100,Oil and Gas Extraction,60
29-1111,2011-05-01,221100,"Electric Power Generation, Transmission and Distribution",50
29-1111,2011-05-01,311400,Fruit and Vegetable Preserving and Specialty Food Manufacturing,40
29-1111,2011-05-01,311600,Animal Slaughtering and Processing,240
29-1111,2011-05-01,322100,"Pulp, Paper, and Paperboard Mills",60
29-1111,2011-05-01,325100,Basic Chemical Manufacturing,40
29-1111,2011-05-01,325200,"Resin, Synthetic Rubber, and Artificial Synthetic Fibers and Filaments Manufacturing",50
29-1111,2011-05-01,325400,Pharmaceutical and Medicine Manufacturing,80
29-1111,2011-05-01,326100,Plastics Product Manufacturing,40
29-1111,2011-05-01,332900,Other Fabricated Metal Product Manufacturing,40
29-1111,2011-05-01,334500,"Navigational, Measuring, Electromedical, and Control Instruments Manufacturing",50
29-1111,2011-05-01,335200,Household Appliance Manufacturing,30
29-1111,2011-05-01,336100,Motor Vehicle Manufacturing,110
29-1111,2011-05-01,336300,Motor Vehicle Parts Manufacturing,140
29-1111,2011-05-01,336400,Aerospace Product and Parts Manufacturing,180
29-1111,2011-05-01,339100,Medical Equipment and Supplies Manufacturing,60
29-1111,2011-05-01,423400,Professional and Commercial Equipment and Supplies Merchant Wholesalers,910
29-1111,2011-05-01,424200,Drugs and Druggists' Sundries Merchant Wholesalers,330
29-1111,2011-05-01,425100,Wholesale Electronic Markets and Agents and Brokers,0
29-1111,2011-05-01,446100,Health and Personal Care Stores,1510
29-1111,2011-05-01,454100,Electronic Shopping and Mail-Order Houses,70
29-1111,2011-05-01,481100,Scheduled Air Transportation,0
29-1111,2011-05-01,481200,Nonscheduled Air Transportation,0
29-1111,2011-05-01,482100,Rail Transportation,40
29-1111,2011-05-01,485900,Other Transit and Ground Passenger Transportation,30
29-1111,2011-05-01,491100,Postal Service,120
29-1111,2011-05-01,493100,Warehousing and Storage,30
29-1111,2011-05-01,511200,Software Publishers,0
29-1111,2011-05-01,518200,"Data Processing, Hosting, and Related Services",90
29-1111,2011-05-01,522200,Nondepository Credit Intermediation,0
29-1111,2011-05-01,523100,Securities and Commodity Contracts Intermediation and Brokerage,40
29-1111,2011-05-01,523900,Other Financial Investment Activities,0
29-1111,2011-05-01,524100,Insurance Carriers,15160
29-1111,2011-05-01,524200,"Agencies, Brokerages, and Other Insurance Related Activities",4060
29-1111,2011-05-01,525100,Insurance and Employee Benefit Funds,450
29-1111,2011-05-01,531100,Lessors of Real Estate,0
29-1111,2011-05-01,531300,Activities Related to Real Estate,0
29-1111,2011-05-01,532200,Consumer Goods Rental,310
29-1111,2011-05-01,541100,Legal Services,440
29-1111,2011-05-01,541200,"Accounting, Tax Preparation, Bookkeeping, and Payroll Services",400
29-1111,2011-05-01,541300,"Architectural, Engineering, and Related Services",40
29-1111,2011-05-01,541500,Computer Systems Design and Related Services,290
29-1111,2011-05-01,541600,"Management, Scientific, and Technical Consulting Services",4360
29-1111,2011-05-01,541700,Scientific Research and Development Services,2890
29-1111,2011-05-01,541900,"Other Professional, Scientific, and Technical Services",180
29-1111,2011-05-01,551100,Management of Companies and Enterprises,9570
29-1111,2011-05-01,561100,Office Administrative Services,4140
29-1111,2011-05-01,561200,Facilities Support Services,750
29-1111,2011-05-01,561300,Employment Services,67610
29-1111,2011-05-01,561400,Business Support Services,260
29-1111,2011-05-01,611100,Elementary and Secondary Schools,50790
29-1111,2011-05-01,611200,Junior Colleges,640
29-1111,2011-05-01,611300,"Colleges, Universities, and Professional Schools",36990
29-1111,2011-05-01,611500,Technical and Trade Schools,100
29-1111,2011-05-01,611600,Other Schools and Instruction,80
29-1111,2011-05-01,611700,Educational Support Services,220
29-1111,2011-05-01,621100,Offices of Physicians,235710
29-1111,2011-05-01,621200,Offices of Dentists,1540
29-1111,2011-05-01,621300,Offices of Other Health Practitioners,16170
29-1111,2011-05-01,621400,Outpatient Care Centers,95180
29-1111,2011-05-01,621500,Medical and Diagnostic Laboratories,2000
29-1111,2011-05-01,621600,Home Health Care Services,156730
29-1111,2011-05-01,621900,Other Ambulatory Health Care Services,11090
29-1111,2011-05-01,622100,General Medical and Surgical Hospitals,1556930
29-1111,2011-05-01,622200,Psychiatric and Substance Abuse Hospitals,34810
29-1111,2011-05-01,622300,Specialty (except Psychiatric and Substance Abuse) Hospitals,51150
29-1111,2011-05-01,623100,Nursing Care Facilities,138080
29-1111,2011-05-01,623200,"Residential Mental Retardation, Mental Health and Substance Abuse Facilities",11870
29-1111,2011-05-01,623300,Community Care Facilities for the Elderly,29690
29-1111,2011-05-01,623900,Other Residential Care Facilities,2150
29-1111,2011-05-01,624100,Individual and Family Services,16070
29-1111,2011-05-01,624200,"Community Food and Housing, and Emergency and Other Relief Services",540
29-1111,2011-05-01,624300,Vocational Rehabilitation Services,2030
29-1111,2011-05-01,624400,Child Day Care Services,770
29-1111,2011-05-01,711200,Spectator Sports,40
29-1111,2011-05-01,713100,Amusement Parks and Arcades,160
29-1111,2011-05-01,721100,Traveler Accommodation,100
29-1111,2011-05-01,812100,Personal Care Services,470
29-1111,2011-05-01,813100,Religious Organizations,510
29-1111,2011-05-01,813200,Grantmaking and Giving Services,270
29-1111,2011-05-01,813300,Social Advocacy Organizations,210
29-1111,2011-05-01,813900,"Business, Professional, Labor, Political, and Similar Organizations",380
29-1111,2011-05-01,999100,Federal Executive Branch (OES Designation),68270
29-1111,2011-05-01,999200,State Government (excluding schools and hospitals),41390
29-1111,2011-05-01,999300,Local Government (excluding schools and hospitals),44310
29-1141,2012-05-01,221100,"Electric Power Generation, Transmission and Distribution",40
29-1141,2012-05-01,311400,Fruit and Vegetable Preserving and Specialty Food Manufacturing,40
29-1141,2012-05-01,311600,Animal Slaughtering and Processing,240
29-1141,2012-05-01,322100,"Pulp, Paper, and Paperboard Mills",50
29-1141,2012-05-01,325100,Basic Chemical Manufacturing,30
29-1141,2012-05-01,325200,"Resin, Synthetic Rubber, and Artificial Synthetic Fibers and Filaments Manufacturing",50
29-1141,2012-05-01,325400,Pharmaceutical and Medicine Manufacturing,70
29-1141,2012-05-01,332900,Other Fabricated Metal Product Manufacturing,30
29-1141,2012-05-01,334500,"Navigational, Measuring, Electromedical, and Control Instruments Manufacturing",80
29-1141,2012-05-01,335200,Household Appliance Manufacturing,40
29-1141,2012-05-01,336100,Motor Vehicle Manufacturing,110
29-1141,2012-05-01,336300,Motor Vehicle Parts Manufacturing,140
29-1141,2012-05-01,336400,Aerospace Product and Parts Manufacturing,190
29-1141,2012-05-01,339100,Medical Equipment and Supplies Manufacturing,30
29-1141,2012-05-01,423400,Professional and Commercial Equipment and Supplies Merchant Wholesalers,720
29-1141,2012-05-01,424200,Drugs and Druggists' Sundries Merchant Wholesalers,280
29-1141,2012-05-01,425100,Wholesale Electronic Markets and Agents and Brokers,0
29-1141,2012-05-01,446100,Health and Personal Care Stores,1350
29-1141,2012-05-01,454100,Electronic Shopping and Mail-Order Houses,40
29-1141,2012-05-01,454300,Direct Selling Establishments,70
29-1141,2012-05-01,481100,Scheduled Air Transportation,80
29-1141,2012-05-01,481200,Nonscheduled Air Transportation,370
29-1141,2012-05-01,482100,Rail Transportation,50
29-1141,2012-05-01,485900,Other Transit and Ground Passenger Transportation,60
29-1141,2012-05-01,491100,Postal Service,120
29-1141,2012-05-01,493100,Warehousing and Storage,40
29-1141,2012-05-01,512100,Motion Picture and Video Industries,80
29-1141,2012-05-01,518200,"Data Processing, Hosting, and Related Services",210
29-1141,2012-05-01,522200,Nondepository Credit Intermediation,0
29-1141,2012-05-01,523100,Securities and Commodity Contracts Intermediation and Brokerage,30
29-1141,2012-05-01,523900,Other Financial Investment Activities,0
29-1141,2012-05-01,524100,Insurance Carriers,17170
29-1141,2012-05-01,524200,"Agencies, Brokerages, and Other Insurance Related Activities",4670
29-1141,2012-05-01,525100,Insurance and Employee Benefit Funds,490
29-1141,2012-05-01,531100,Lessors of Real Estate,140
29-1141,2012-05-01,531300,Activities Related to Real Estate,0
29-1141,2012-05-01,532200,Consumer Goods Rental,300
29-1141,2012-05-01,532400,Commercial and Industrial Machinery and Equipment Rental and Leasing,30
29-1141,2012-05-01,541100,Legal Services,590
29-1141,2012-05-01,541200,"Accounting, Tax Preparation, Bookkeeping, and Payroll Services",320
29-1141,2012-05-01,541300,"Architectural, Engineering, and Related Services",40
29-1141,2012-05-01,541500,Computer Systems Design and Related Services,620
29-1141,2012-05-01,541600,"Management, Scientific, and Technical Consulting Services",4660
29-1141,2012-05-01,541700,Scientific Research and Development Services,2450
29-1141,2012-05-01,541900,"Other Professional, Scientific, and Technical Services",0
29-1141,2012-05-01,551100,Management of Companies and Enterprises,10770
29-1141,2012-05-01,561100,Office Administrative Services,2920
29-1141,2012-05-01,561200,Facilities Support Services,680
29-1141,2012-05-01,561300,Employment Services,58820
29-1141,2012-05-01,561400,Business Support Services,240
29-1141,2012-05-01,611100,Elementary and Secondary Schools,49620
29-1141,2012-05-01,611200,Junior Colleges,600
29-1141,2012-05-01,611300,"Colleges, Universities, and Professional Schools",31330
29-1141,2012-05-01,611500,Technical and Trade Schools,70
29-1141,2012-05-01,611600,Other Schools and Instruction,0
29-1141,2012-05-01,611700,Educational Support Services,180
29-1141,2012-05-01,621100,Offices of Physicians,177190
29-1141,2012-05-01,621200,Offices of Dentists,1590
29-1141,2012-05-01,621300,Offices of Other Health Practitioners,11490
29-1141,2012-05-01,621400,Outpatient Care Centers,92350
29-1141,2012-05-01,621500,Medical and Diagnostic Laboratories,1800
29-1141,2012-05-01,621600,Home Health Care Services,162120
29-1141,2012-05-01,621900,Other Ambulatory Health Care Services,10510
29-1141,2012-05-01,622100,General Medical and Surgical Hospitals,1545370
29-1141,2012-05-01,622200,Psychiatric and Substance Abuse Hospitals,34670
29-1141,2012-05-01,622300,Specialty (except Psychiatric and Substance Abuse) Hospitals,52240
29-1141,2012-05-01,623100,Nursing Care Facilities (Skilled Nursing Facilities),139440
29-1141,2012-05-01,623200,"Residential Intellectual and Developmental Disability, Mental Health, and Substance Abuse Facilities",11790
29-1141,2012-05-01,623300,Continuing Care Retirement Communities and Assisted Living Facilities for the Elderly,30490
29-1141,2012-05-01,623900,Other Residential Care Facilities,2040
29-1141,2012-05-01,624100,Individual and Family Services,16440
29-1141,2012-05-01,624200,"Community Food and Housing, and Emergency and Other Relief Services",480
29-1141,2012-05-01,624300,Vocational Rehabilitation Services,2010
29-1141,2012-05-01,624400,Child Day Care Services,770
29-1141,2012-05-01,711200,Spectator Sports,40
29-1141,2012-05-01,713100,Amusement Parks and Arcades,170
29-1141,2012-05-01,713900,Other Amusement and Recreation Industries,50
29-1141,2012-05-01,721100,Traveler Accommodation,90
29-1141,2012-05-01,812100,Personal Care Services,400
29-1141,2012-05-01,813100,Religious Organizations,440
29-1141,2012-05-01,813200,Grantmaking and Giving Services,170
29-1141,2012-05-01,813300,Social Advocacy Organizations,220
29-1141,2012-05-01,813900,"Business, Professional, Labor, Political, and Similar Organizations",390
29-1141,2012-05-01,999100,Federal Executive Branch (OES Designation),67650
29-1141,2012-05-01,999200,State Government (OES Designation),39120
29-1141,2012-05-01,999300,Local Government (OES Designation),39060
29-1141,2013-05-01,221100,"Electric Power Generation, Transmission and Distribution",60
29-1141,2013-05-01,311600,Animal Slaughtering and Processing,270
29-1141,2013-05-01,322100,"Pulp, Paper, and Paperboard Mills",50
29-1141,2013-05-01,325100,Basic Chemical Manufacturing,40
29-1141,2013-05-01,325200,"Resin, Synthetic Rubber, and Artificial Synthetic Fibers and Filaments Manufacturing",50
29-1141,2013-05-01,325400,Pharmaceutical and Medicine Manufacturing,80
29-1141,2013-05-01,333100,"Agriculture, Construction, and Mining Machinery Manufacturing",70
29-1141,2013-05-01,334500,"Navigational, Measuring, Electromedical, and Control Instruments Manufacturing",120
29-1141,2013-05-01,335200,Household Appliance Manufacturing,40
29-1141,2013-05-01,336100,Motor Vehicle Manufacturing,110
29-1141,2013-05-01,336300,Motor Vehicle Parts Manufacturing,130
29-1141,2013-05-01,336400,Aerospace Product and Parts Manufacturing,180
29-1141,2013-05-01,339100,Medical Equipment and Supplies Manufacturing,30
29-1141,2013-05-01,423400,Professional and Commercial Equipment and Supplies Merchant Wholesalers,270
29-1141,2013-05-01,424200,Drugs and Druggists' Sundries Merchant Wholesalers,280
29-1141,2013-05-01,446100,Health and Personal Care Stores,1720
29-1141,2013-05-01,454100,Electronic Shopping and Mail-Order Houses,70
29-1141,2013-05-01,454300,Direct Selling Establishments,0
29-1141,2013-05-01,481100,Scheduled Air Transportation,0
29-1141,2013-05-01,481200,Nonscheduled Air Transportation,170
29-1141,2013-05-01,482100,Rail Transportation,30
29-1141,2013-05-01,485900,Other Transit and Ground Passenger Transportation,50
29-1141,2013-05-01,491100,Postal Service,120
29-1141,2013-05-01,512100,Motion Picture and Video Industries,300
29-1141,2013-05-01,518200,"Data Processing, Hosting, and Related Services",230
29-1141,2013-05-01,522100,Depository Credit Intermediation,30
29-1141,2013-05-01,522200,Nondepository Credit Intermediation,40
29-1141,2013-05-01,524100,Insurance Carriers,19830
29-1141,2013-05-01,524200,"Agencies, Brokerages, and Other Insurance Related Activities",5130
29-1141,2013-05-01,525100,Insurance and Employee Benefit Funds,80
29-1141,2013-05-01,531100,Lessors of Real Estate,150
29-1141,2013-05-01,531300,Activities Related to Real Estate,60
29-1141,2013-05-01,532200,Consumer Goods Rental,380
29-1141,2013-05-01,532400,Commercial and Industrial Machinery and Equipment Rental and Leasing,40
29-1141,2013-05-01,541100,Legal Services,570
29-1141,2013-05-01,541200,"Accounting, Tax Preparation, Bookkeeping, and Payroll Services",380
29-1141,2013-05-01,541300,"Architectural, Engineering, and Related Services",40
29-1141,2013-05-01,541500,Computer Systems Design and Related Services,850
29-1141,2013-05-01,541600,"Management, Scientific, and Technical Consulting Services",6260
29-1141,2013-05-01,541700,Scientific Research and Development Services,2260
29-1141,2013-05-01,541900,"Other Professional, Scientific, and Technical Services",170
29-1141,2013-05-01,551100,Management of Companies and Enterprises,11040
29-1141,2013-05-01,561100,Office Administrative Services,3000
29-1141,2013-05-01,561200,Facilities Support Services,660
29-1141,2013-05-01,561300,Employment Services,53210
29-1141,2013-05-01,561400,Business Support Services,320
29-1141,2013-05-01,611100,Elementary and Secondary Schools,49870
29-1141,2013-05-01,611200,Junior Colleges,520
29-1141,2013-05-01,611300,"Colleges, Universities, and Professional Schools",26780
29-1141,2013-05-01,611500,Technical and Trade Schools,40
29-1141,2013-05-01,611600,Other Schools and Instruction,140
29-1141,2013-05-01,611700,Educational Support Services,230
29-1141,2013-05-01,621100,Offices of Physicians,178810
29-1141,2013-05-01,621200,Offices of Dentists,1370
29-1141,2013-05-01,621300,Offices of Other Health Practitioners,10660
29-1141,2013-05-01,621400,Outpatient Care Centers,102410
29-1141,2013-05-01,621500,Medical and Diagnostic Laboratories,1880
29-1141,2013-05-01,621600,Home Health Care Services,166910
29-1141,2013-05-01,621900,Other Ambulatory Health Care Services,10900
29-1141,2013-05-01,622100,General Medical and Surgical Hospitals,1553080
29-1141,2013-05-01,622200,Psychiatric and Substance Abuse Hospitals,34690
29-1141,2013-05-01,622300,Specialty (except Psychiatric and Substance Abuse) Hospitals,54650
29-1141,2013-05-01,623100,Nursing Care Facilities (Skilled Nursing Facilities),142490
29-1141,2013-05-01,623200,"Residential Intellectual and Developmental Disability, Mental Health, and Substance Abuse Facilities",12650
29-1141,2013-05-01,623300,Continuing Care Retirement Communities and Assisted Living Facilities for the Elderly,31840
29-1141,2013-05-01,623900,Other Residential Care Facilities,2180
29-1141,2013-05-01,624100,Individual and Family Services,18240
29-1141,2013-05-01,624200,"Community Food and Housing, and Emergency and Other Relief Services",400
29-1141,2013-05-01,624300,Vocational Rehabilitation Services,2370
29-1141,2013-05-01,624400,Child Day Care Services,550
29-1141,2013-05-01,711200,Spectator Sports,40
29-1141,2013-05-01,711300,"Promoters of Performing Arts, Sports, and Similar Events",40
29-1141,2013-05-01,713100,Amusement Parks and Arcades,170
29-1141,2013-05-01,713900,Other Amusement and Recreation Industries,0
29-1141,2013-05-01,721100,Traveler Accommodation,90
29-1141,2013-05-01,812100,Personal Care Services,510
29-1141,2013-05-01,812900,Other Personal Services,30
29-1141,2013-05-01,813100,Religious Organizations,420
29-1141,2013-05-01,813200,Grantmaking and Giving Services,330
29-1141,2013-05-01,813300,Social Advocacy Organizations,290
29-1141,2013-05-01,813900,"Business, Professional, Labor, Political, and Similar Organizations",310
29-1141,2013-05-01,999100,Federal Executive Branch (OES Designation),69810
29-1141,2013-05-01,999200,State Government (OES Designation),37760
29-1141,2013-05-01,999300,Local Government (OES Designation),37550
29-1141,2014-05-01,211100,Oil and Gas Extraction,50
29-1141,2014-05-01,221100,"Electric Power Generation, Transmission and Distribution",60
29-1141,2014-05-01,311600,Animal Slaughtering and Processing,340
29-1141,2014-05-01,322100,"Pulp, Paper, and Paperboard Mills",50
29-1141,2014-05-01,324100,Petroleum and Coal Products Manufacturing,30
29-1141,2014-05-01,325100,Basic Chemical Manufacturing,40
29-1141,2014-05-01,325200,"Resin, Synthetic Rubber, and Artificial Synthetic Fibers and Filaments Manufacturing",60
29-1141,2014-05-01,325400,Pharmaceutical and Medicine Manufacturing,150
29-1141,2014-05-01,326100,Plastics Product Manufacturing,0
29-1141,2014-05-01,332900,Other Fabricated Metal Product Manufacturing,30
29-1141,2014-05-01,333100,"Agriculture, Construction, and Mining Machinery Manufacturing",80
29-1141,2014-05-01,334500,"Navigational, Measuring, Electromedical, and Control Instruments Manufacturing",150
29-1141,2014-05-01,335200,Household Appliance Manufacturing,30
29-1141,2014-05-01,336100,Motor Vehicle Manufacturing,110
29-1141,2014-05-01,336300,Motor Vehicle Parts Manufacturing,130
29-1141,2014-05-01,336400,Aerospace Product and Parts Manufacturing,160
29-1141,2014-05-01,339100,Medical Equipment and Supplies Manufacturing,70
29-1141,2014-05-01,424200,Drugs and Druggists' Sundries Merchant Wholesalers,330
29-1141,2014-05-01,425100,Wholesale Electronic Markets and Agents and Brokers,0
29-1141,2014-05-01,446100,Health and Personal Care Stores,2270
29-1141,2014-05-01,454100,Electronic Shopping and Mail-Order Houses,80
29-1141,2014-05-01,454300,Direct Selling Establishments,0
29-1141,2014-05-01,481100,Scheduled Air Transportation,0
29-1141,2014-05-01,481200,Nonscheduled Air Transportation,130
29-1141,2014-05-01,482100,Rail Transportation,90
29-1141,2014-05-01,491100,Postal Service,120
29-1141,2014-05-01,512100,Motion Picture and Video Industries,360
29-1141,2014-05-01,518200,"Data Processing, Hosting, and Related Services",170
29-1141,2014-05-01,522100,Depository Credit Intermediation,40
29-1141,2014-05-01,523900,Other Financial Investment Activities,130
29-1141,2014-05-01,524100,Insurance Carriers,20450
29-1141,2014-05-01,524200,"Agencies, Brokerages, and Other Insurance Related Activities",5370
29-1141,2014-05-01,525100,Insurance and Employee Benefit Funds,50
29-1141,2014-05-01,531100,Lessors of Real Estate,100
29-1141,2014-05-01,531300,Activities Related to Real Estate,0
29-1141,2014-05-01,532200,Consumer Goods Rental,310
29-1141,2014-05-01,532400,Commercial and Industrial Machinery and Equipment Rental and Leasing,0
29-1141,2014-05-01,541100,Legal Services,570
29-1141,2014-05-01,541200,"Accounting, Tax Preparation, Bookkeeping, and Payroll Services",390
29-1141,2014-05-01,541300,"Architectural, Engineering, and Related Services",40
29-1141,2014-05-01,541500,Computer Systems Design and Related Services,730
29-1141,2014-05-01,541600,"Management, Scientific, and Technical Consulting Services",5910
29-1141,2014-05-01,541700,Scientific Research and Development Services,2370
29-1141,2014-05-01,541900,"Other Professional, Scientific, and Technical Services",400
29-1141,2014-05-01,551100,Management of Companies and Enterprises,11090
29-1141,2014-05-01,561100,Office Administrative Services,2790
29-1141,2014-05-01,561200,Facilities Support Services,670
29-1141,2014-05-01,561300,Employment Services,49360
29-1141,2014-05-01,561400,Business Support Services,0
29-1141,2014-05-01,611100,Elementary and Secondary Schools,50250
29-1141,2014-05-01,611200,Junior Colleges,530
29-1141,2014-05-01,611300,"Colleges, Universities, and Professional Schools",22000
29-1141,2014-05-01,611600,Other Schools and Instruction,0
29-1141,2014-05-01,611700,Educational Support Services,210
29-1141,2014-05-01,621100,Offices of Physicians,183400
29-1141,2014-05-01,621200,Offices of Dentists,1240
29-1141,2014-05-01,621300,Offices of Other Health Practitioners,10810
29-1141,2014-05-01,621400,Outpatient Care Centers,107300
29-1141,2014-05-01,621500,Medical and Diagnostic Laboratories,1920
29-1141,2014-05-01,621600,Home Health Care Services,168970
29-1141,2014-05-01,621900,Other Ambulatory Health Care Services,11280
29-1141,2014-05-01,622100,General Medical and Surgical Hospitals,1560200
29-1141,2014-05-01,622200,Psychiatric and Substance Abuse Hospitals,35090
29-1141,2014-05-01,622300,Specialty (except Psychiatric and Substance Abuse) Hospitals,58200
29-1141,2014-05-01,623100,Nursing Care Facilities (Skilled Nursing Facilities),148970
29-1141,2014-05-01,623200,"Residential Intellectual and Developmental Disability, Mental Health, and Substance Abuse Facilities",13300
29-1141,2014-05-01,623300,Continuing Care Retirement Communities and Assisted Living Facilities for the Elderly,31050
29-1141,2014-05-01,623900,Other Residential Care Facilities,1980
29-1141,2014-05-01,624100,Individual and Family Services,18130
29-1141,2014-05-01,624200,"Community Food and Housing, and Emergency and Other Relief Services",430
29-1141,2014-05-01,624300,Vocational Rehabilitation Services,2630
29-1141,2014-05-01,624400,Child Day Care Services,470
29-1141,2014-05-01,711200,Spectator Sports,0
29-1141,2014-05-01,711300,"Promoters of Performing Arts, Sports, and Similar Events",60
29-1141,2014-05-01,713900,Other Amusement and Recreation Industries,30
29-1141,2014-05-01,721100,Traveler Accommodation,90
29-1141,2014-05-01,721200,RV (Recreational Vehicle) Parks and Recreational Camps,60
29-1141,2014-05-01,812100,Personal Care Services,730
29-1141,2014-05-01,813100,Religious Organizations,530
29-1141,2014-05-01,813200,Grantmaking and Giving Services,310
29-1141,2014-05-01,813300,Social Advocacy Organizations,270
29-1141,2014-05-01,813900,"Business, Professional, Labor, Political, and Similar Organizations",200
29-1141,2014-05-01,999100,Federal Executive Branch (OES Designation),71880
29-1141,2014-05-01,999200,State Government (OES Designation),37820
29-1141,2014-05-01,999300,Local Government (OES Designation),37700
29-1141,2015-05-01,211100,Oil and Gas Extraction,50
29-1141,2015-05-01,221100,"Electric Power Generation, Transmission and Distribution",60
29-1141,2015-05-01,311600,Animal Slaughtering and Processing,380
29-1141,2015-05-01,322100,"Pulp, Paper, and Paperboard Mills",60
29-1141,2015-05-01,324100,Petroleum and Coal Products Manufacturing,40
29-1141,2015-05-01,325100,Basic Chemical Manufacturing,60
29-1141,2015-05-01,325200,"Resin, Synthetic Rubber, and Artificial Synthetic Fibers and Filaments Manufacturing",60
29-1141,2015-05-01,325400,Pharmaceutical and Medicine Manufacturing,140
29-1141,2015-05-01,326100,Plastics Product Manufacturing,40
29-1141,2015-05-01,331500,Foundries,40
29-1141,2015-05-01,332900,Other Fabricated Metal Product Manufacturing,30
29-1141,2015-05-01,333100,"Agriculture, Construction, and Mining Machinery Manufacturing",70
29-1141,2015-05-01,334500,"Navigational, Measuring, Electromedical, and Control Instruments Manufacturing",110
29-1141,2015-05-01,336100,Motor Vehicle Manufacturing,100
29-1141,2015-05-01,336300,Motor Vehicle Parts Manufacturing,130
29-1141,2015-05-01,336400,Aerospace Product and Parts Manufacturing,160
29-1141,2015-05-01,339100,Medical Equipment and Supplies Manufacturing,80
29-1141,2015-05-01,424200,Drugs and Druggists' Sundries Merchant Wholesalers,600
29-1141,2015-05-01,425100,Wholesale Electronic Markets and Agents and Brokers,0
29-1141,2015-05-01,446100,Health and Personal Care Stores,2480
29-1141,2015-05-01,454100,Electronic Shopping and Mail-Order Houses,120
29-1141,2015-05-01,481200,Nonscheduled Air Transportation,0
29-1141,2015-05-01,482100,Rail Transportation,90
29-1141,2015-05-01,491100,Postal Service,120
29-1141,2015-05-01,512100,Motion Picture and Video Industries,390
29-1141,2015-05-01,518200,"Data Processing, Hosting, and Related Services",40
29-1141,2015-05-01,522100,Depository Credit Intermediation,50
29-1141,2015-05-01,523900,Other Financial Investment Activities,140
29-1141,2015-05-01,524100,Insurance Carriers,20740
29-1141,2015-05-01,524200,"Agencies, Brokerages, and Other Insurance Related Activities",6810
29-1141,2015-05-01,525100,Insurance and Employee Benefit Funds,40
29-1141,2015-05-01,531100,Lessors of Real Estate,90
29-1141,2015-05-01,532200,Consumer Goods Rental,300
29-1141,2015-05-01,532400,Commercial and Industrial Machinery and Equipment Rental and Leasing,60
29-1141,2015-05-01,541100,Legal Services,310
29-1141,2015-05-01,541200,"Accounting, Tax Preparation, Bookkeeping, and Payroll Services",520
29-1141,2015-05-01,541300,"Architectural, Engineering, and Related Services",60
29-1141,2015-05-01,541500,Computer Systems Design and Related Services,510
29-1141,2015-05-01,541600,"Management, Scientific, and Technical Consulting Services",5330
29-1141,2015-05-01,541700,Scientific Research and Development Services,2390
29-1141,2015-05-01,541900,"Other Professional, Scientific, and Technical Services",480
29-1141,2015-05-01,551100,Management of Companies and Enterprises,11770
29-1141,2015-05-01,561100,Office Administrative Services,3260
29-1141,2015-05-01,561200,Facilities Support Services,550
29-1141,2015-05-01,561300,Employment Services,48070
29-1141,2015-05-01,561400,Business Support Services,0
29-1141,2015-05-01,611100,Elementary and Secondary Schools,51560
29-1141,2015-05-01,611200,Junior Colleges,560
29-1141,2015-05-01,611300,"Colleges, Universities, and Professional Schools",23810
29-1141,2015-05-01,611500,Technical and Trade Schools,0
29-1141,2015-05-01,611600,Other Schools and Instruction,40
29-1141,2015-05-01,611700,Educational Support Services,230
29-1141,2015-05-01,621100,Offices of Physicians,194370
29-1141,2015-05-01,621200,Offices of Dentists,980
29-1141,2015-05-01,621300,Offices of Other Health Practitioners,11690
29-1141,2015-05-01,621400,Outpatient Care Centers,110580
29-1141,2015-05-01,621500,Medical and Diagnostic Laboratories,1920
29-1141,2015-05-01,621600,Home Health Care Services,173590
29-1141,2015-05-01,621900,Other Ambulatory Health Care Services,12100
29-1141,2015-05-01,622100,General Medical and Surgical Hospitals,1587040
29-1141,2015-05-01,622200,Psychiatric and Substance Abuse Hospitals,36480
29-1141,2015-05-01,622300,Specialty (except Psychiatric and Substance Abuse) Hospitals,59750
29-1141,2015-05-01,623100,Nursing Care Facilities (Skilled Nursing Facilities),154060
29-1141,2015-05-01,623200,"Residential Intellectual and Developmental Disability, Mental Health, and Substance Abuse Facilities",13970
29-1141,2015-05-01,623300,Continuing Care Retirement Communities and Assisted Living Facilities for the Elderly,31360
29-1141,2015-05-01,623900,Other Residential Care Facilities,2140
29-1141,2015-05-01,624100,Individual and Family Services,19430
29-1141,2015-05-01,624200,"Community Food and Housing, and Emergency and Other Relief Services",390
29-1141,2015-05-01,624300,Vocational Rehabilitation Services,2670
29-1141,2015-05-01,624400,Child Day Care Services,600
29-1141,2015-05-01,713900,Other Amusement and Recreation Industries,50
29-1141,2015-05-01,721100,Traveler Accommodation,100
29-1141,2015-05-01,721200,RV (Recreational Vehicle) Parks and Recreational Camps,60
29-1141,2015-05-01,812100,Personal Care Services,740
29-1141,2015-05-01,813100,Religious Organizations,500
29-1141,2015-05-01,813200,Grantmaking and Giving Services,420
29-1141,2015-05-01,813300,Social Advocacy Organizations,240
29-1141,2015-05-01,813900,"Business, Professional, Labor, Political, and Similar Organizations",150
29-1141,2015-05-01,999100,Federal Executive Branch (OES Designation),75250
29-1141,2015-05-01,999200,State Government (OES Designation),35740
29-1141,2015-05-01,999300,Local Government (OES Designation),33600
29-1141,2016-05-01,211100,Oil and Gas Extraction,50
29-1141,2016-05-01,221100,"Electric Power Generation, Transmission and Distribution",50
29-1141,2016-05-01,311600,Animal Slaughtering and Processing,450
29-1141,2016-05-01,322100,"Pulp, Paper, and Paperboard Mills",50
29-1141,2016-05-01,324100,Petroleum and Coal Products Manufacturing,40
29-1141,2016-05-01,325100,Basic Chemical Manufacturing,60
29-1141,2016-05-01,325200,"Resin, Synthetic Rubber, and Artificial Synthetic Fibers and Filaments Manufacturing",50
29-1141,2016-05-01,325400,Pharmaceutical and Medicine Manufacturing,290
29-1141,2016-05-01,331500,Foundries,40
29-1141,2016-05-01,332900,Other Fabricated Metal Product Manufacturing,30
29-1141,2016-05-01,333100,"Agriculture, Construction, and Mining Machinery Manufacturing",60
29-1141,2016-05-01,333600,"Engine, Turbine, and Power Transmission Equipment Manufacturing",60
29-1141,2016-05-01,334500,"Navigational, Measuring, Electromedical, and Control Instruments Manufacturing",60
29-1141,2016-05-01,336100,Motor Vehicle Manufacturing,130
29-1141,2016-05-01,336300,Motor Vehicle Parts Manufacturing,130
29-1141,2016-05-01,336400,Aerospace Product and Parts Manufacturing,150
29-1141,2016-05-01,339100,Medical Equipment and Supplies Manufacturing,90
29-1141,2016-05-01,339900,Other Miscellaneous Manufacturing,40
29-1141,2016-05-01,423400,Professional and Commercial Equipment and Supplies Merchant Wholesalers,0
29-1141,2016-05-01,424200,Drugs and Druggists' Sundries Merchant Wholesalers,940
29-1141,2016-05-01,425100,Wholesale Electronic Markets and Agents and Brokers,160
29-1141,2016-05-01,446100,Health and Personal Care Stores,2460
29-1141,2016-05-01,454100,Electronic Shopping and Mail-Order Houses,100
29-1141,2016-05-01,481200,Nonscheduled Air Transportation,0
29-1141,2016-05-01,482100,Rail Transportation,100
29-1141,2016-05-01,485900,Other Transit and Ground Passenger Transportation,30
29-1141,2016-05-01,491100,Postal Service,130
29-1141,2016-05-01,493100,Warehousing and Storage,0
29-1141,2016-05-01,512100,Motion Picture and Video Industries,440
29-1141,2016-05-01,518200,"Data Processing, Hosting, and Related Services",100
29-1141,2016-05-01,522100,Depository Credit Intermediation,30
29-1141,2016-05-01,523900,Other Financial Investment Activities,140
29-1141,2016-05-01,524100,Insurance Carriers,22470
29-1141,2016-05-01,524200,"Agencies, Brokerages, and Other Insurance Related Activities",8940
29-1141,2016-05-01,531100,Lessors of Real Estate,0
29-1141,2016-05-01,532200,Consumer Goods Rental,290
29-1141,2016-05-01,532400,Commercial and Industrial Machinery and Equipment Rental and Leasing,0
29-1141,2016-05-01,541100,Legal Services,370
29-1141,2016-05-01,541200,"Accounting, Tax Preparation, Bookkeeping, and Payroll Services",680
29-1141,2016-05-01,541300,"Architectural, Engineering, and Related Services",100
29-1141,2016-05-01,541500,Computer Systems Design and Related Services,510
29-1141,2016-05-01,541600,"Management, Scientific, and Technical Consulting Services",5540
29-1141,2016-05-01,541700,Scientific Research and Development Services,2590
29-1141,2016-05-01,541900,"Other Professional, Scientific, and Technical Services",540
29-1141,2016-05-01,551100,Management of Companies and Enterprises,12280
29-1141,2016-05-01,561100,Office Administrative Services,3260
29-1141,2016-05-01,561200,Facilities Support Services,680
29-1141,2016-05-01,561300,Employment Services,49150
29-1141,2016-05-01,561400,Business Support Services,940
29-1141,2016-05-01,611100,Elementary and Secondary Schools,52750
29-1141,2016-05-01,611200,Junior Colleges,650
29-1141,2016-05-01,611300,"Colleges, Universities, and Professional Schools",25220
29-1141,2016-05-01,611400,Business Schools and Computer and Management Training,60
29-1141,2016-05-01,611500,Technical and Trade Schools,160
29-1141,2016-05-01,611600,Other Schools and Instruction,0
29-1141,2016-05-01,611700,Educational Support Services,230
29-1141,2016-05-01,621100,Offices of Physicians,196540
29-1141,2016-05-01,621200,Offices of Dentists,1380
29-1141,2016-05-01,621300,Offices of Other Health Practitioners,12300
29-1141,2016-05-01,621400,Outpatient Care Centers,128180
29-1141,2016-05-01,621500,Medical and Diagnostic Laboratories,1910
29-1141,2016-05-01,621600,Home Health Care Services,179280
29-1141,2016-05-01,621900,Other Ambulatory Health Care Services,12110
29-1141,2016-05-01,622100,General Medical and Surgical Hospitals,1649480
29-1141,2016-05-01,622200,Psychiatric and Substance Abuse Hospitals,37910
29-1141,2016-05-01,622300,Specialty (except Psychiatric and Substance Abuse) Hospitals,61420
29-1141,2016-05-01,623100,Nursing Care Facilities (Skilled Nursing Facilities),157530
29-1141,2016-05-01,623200,"Residential Intellectual and Developmental Disability, Mental Health, and Substance Abuse Facilities",14890
29-1141,2016-05-01,623300,Continuing Care Retirement Communities and Assisted Living Facilities for the Elderly,31700
29-1141,2016-05-01,623900,Other Residential Care Facilities,2230
29-1141,2016-05-01,624100,Individual and Family Services,20580
29-1141,2016-05-01,624200,"Community Food and Housing, and Emergency and Other Relief Services",500
29-1141,2016-05-01,624300,Vocational Rehabilitation Services,2300
29-1141,2016-05-01,624400,Child Day Care Services,580
29-1141,2016-05-01,713900,Other Amusement and Recreation Industries,50
29-1141,2016-05-01,721100,Traveler Accommodation,100
29-1141,2016-05-01,721200,RV (Recreational Vehicle) Parks and Recreational Camps,90
29-1141,2016-05-01,812100,Personal Care Services,850
29-1141,2016-05-01,813100,Religious Organizations,540
29-1141,2016-05-01,813200,Grantmaking and Giving Services,290
29-1141,2016-05-01,813300,Social Advocacy Organizations,340
29-1141,2016-05-01,813400,Civic and Social Organizations,30
29-1141,2016-05-01,813900,"Business, Professional, Labor, Political, and Similar Organizations",0
29-1141,2016-05-01,999100,Federal Executive Branch (OES Designation),77790
29-1141,2016-05-01,999200,State Government (OES Designation),35860
29-1141,2016-05-01,999300,Local Government (OES Designation),33920
29-1141,2017-05-01,221100,"Electric Power Generation, Transmission and Distribution",50
29-1141,2017-05-01,311600,Animal Slaughtering and Processing,490
29-1141,2017-05-01,322100,"Pulp, Paper, and Paperboard Mills",50
29-1141,2017-05-01,324100,Petroleum and Coal Products Manufacturing,40
29-1141,2017-05-01,3250A1,"Chemical Manufacturing (3251, 3252, 3253, and 3259 only)",140
29-1141,2017-05-01,325400,Pharmaceutical and Medicine Manufacturing,210
29-1141,2017-05-01,331500,Foundries,30
29-1141,2017-05-01,3320A1,"Fabricated Metal Product Manufacturing (3321, 3322, 3325, 3326, and 3329 only)",40
29-1141,2017-05-01,3330A1,"Machinery Manufacturing (3331, 3332, 3334, and 3339 only)",90
29-1141,2017-05-01,333600,"Engine, Turbine, and Power Transmission Equipment Manufacturing",50
29-1141,2017-05-01,334500,"Navigational, Measuring, Electromedical, and Control Instruments Manufacturing",80
29-1141,2017-05-01,336100,Motor Vehicle Manufacturing,140
29-1141,2017-05-01,336300,Motor Vehicle Parts Manufacturing,160
29-1141,2017-05-01,336400,Aerospace Product and Parts Manufacturing,120
29-1141,2017-05-01,339100,Medical Equipment and Supplies Manufacturing,70
29-1141,2017-05-01,423400,Professional and Commercial Equipment and Supplies Merchant Wholesalers,460
29-1141,2017-05-01,4240A2,"Merchant Wholesalers, Nondurable Goods (4242 and 4246 only)",1060
29-1141,2017-05-01,425100,Wholesale Electronic Markets and Agents and Brokers,240
29-1141,2017-05-01,446100,Health and Personal Care Stores,2120
29-1141,2017-05-01,454100,Electronic Shopping and Mail-Order Houses,230
29-1141,2017-05-01,481200,Nonscheduled Air Transportation,0
29-1141,2017-05-01,482100,Rail Transportation,50
29-1141,2017-05-01,491100,Postal Service (federal government),120
29-1141,2017-05-01,493100,Warehousing and Storage,40
29-1141,2017-05-01,512100,Motion Picture and Video Industries,470
29-1141,2017-05-01,518200,"Data Processing, Hosting, and Related Services",110
29-1141,2017-05-01,523000,"Securities, Commodity Contracts, and Other Financial Investments and Related Activities",30
29-1141,2017-05-01,524100,Insurance Carriers,22420
29-1141,2017-05-01,524200,"Agencies, Brokerages, and Other Insurance Related Activities",9740
29-1141,2017-05-01,525100,Insurance and Employee Benefit Funds,0
29-1141,2017-05-01,5320A1,"Rental and Leasing Services (5322, 5323, and 5324 only)",470
29-1141,2017-05-01,541100,Legal Services,360
29-1141,2017-05-01,541200,"Accounting, Tax Preparation, Bookkeeping, and Payroll Services",940
29-1141,2017-05-01,541300,"Architectural, Engineering, and Related Services",110
29-1141,2017-05-01,541500,Computer Systems Design and Related Services,830
29-1141,2017-05-01,541600,"Management, Scientific, and Technical Consulting Services",5490
29-1141,2017-05-01,541700,Scientific Research and Development Services,2130
29-1141,2017-05-01,541900,"Other Professional, Scientific, and Technical Services",330
29-1141,2017-05-01,551100,Management of Companies and Enterprises,13180
29-1141,2017-05-01,561100,Office Administrative Services,3730
29-1141,2017-05-01,561200,Facilities Support Services,720
29-1141,2017-05-01,561300,Employment Services,51310
29-1141,2017-05-01,561400,Business Support Services,910
29-1141,2017-05-01,611100,Elementary and Secondary Schools,53490
29-1141,2017-05-01,611200,Junior Colleges,630
29-1141,2017-05-01,611300,"Colleges, Universities, and Professional Schools",23750
29-1141,2017-05-01,611400,Business Schools and Computer and Management Training,70
29-1141,2017-05-01,611500,Technical and Trade Schools,230
29-1141,2017-05-01,611600,Other Schools and Instruction,0
29-1141,2017-05-01,611700,Educational Support Services,250
29-1141,2017-05-01,621100,Offices of Physicians,196040
29-1141,2017-05-01,621200,Offices of Dentists,1360
29-1141,2017-05-01,621300,Offices of Other Health Practitioners,11660
29-1141,2017-05-01,621400,Outpatient Care Centers,132070
29-1141,2017-05-01,621500,Medical and Diagnostic Laboratories,1890
29-1141,2017-05-01,621600,Home Health Care Services,179310
29-1141,2017-05-01,621900,Other Ambulatory Health Care Services,14500
29-1141,2017-05-01,622100,General Medical and Surgical Hospitals,1685820
29-1141,2017-05-01,622200,Psychiatric and Substance Abuse Hospitals,39100
29-1141,2017-05-01,622300,Specialty (except Psychiatric and Substance Abuse) Hospitals,62310
29-1141,2017-05-01,623100,Nursing Care Facilities (Skilled Nursing Facilities),155450
29-1141,2017-05-01,623200,"Residential Intellectual and Developmental Disability, Mental Health, and Substance Abuse Facilities",15570
29-1141,2017-05-01,623300,Continuing Care Retirement Communities and Assisted Living Facilities for the Elderly,34290
29-1141,2017-05-01,623900,Other Residential Care Facilities,2480
29-1141,2017-05-01,624100,Individual and Family Services,22470
29-1141,2017-05-01,624200,"Community Food and Housing, and Emergency and Other Relief Services",440
29-1141,2017-05-01,624300,Vocational Rehabilitation Services,2190
29-1141,2017-05-01,624400,Child Day Care Services,600
29-1141,2017-05-01,711300,"Promoters of Performing Arts, Sports, and Similar Events",40
29-1141,2017-05-01,712100,"Museums, Historical Sites, and Similar Institutions",30
29-1141,2017-05-01,713100,Amusement Parks and Arcades,180
29-1141,2017-05-01,713900,Other Amusement and Recreation Industries,80
29-1141,2017-05-01,721100,Traveler Accommodation,90
29-1141,2017-05-01,721200,RV (Recreational Vehicle) Parks and Recreational Camps,90
29-1141,2017-05-01,812100,Personal Care Services,740
29-1141,2017-05-01,813100,Religious Organizations,800
29-1141,2017-05-01,813200,Grantmaking and Giving Services,270
29-1141,2017-05-01,813300,Social Advocacy Organizations,440
29-1141,2017-05-01,813400,Civic and Social Organizations,60
29-1141,2017-05-01,813900,"Business, Professional, Labor, Political, and Similar Organizations",590
29-1141,2017-05-01,999100,Federal Executive Branch (OES Designation),79220
29-1141,2017-05-01,999200,"State Government, excluding schools and hospitals (OES Designation)",33770
29-1141,2017-05-01,999300,"Local Government, excluding schools and hospitals (OES Designation)",33990
29-1141,2018-05-01,221100,"Electric Power Generation, Transmission and Distribution",50
29-1141,2018-05-01,236200,Nonresidential Building Construction,0
29-1141,2018-05-01,311600,Animal Slaughtering and Processing,520
29-1141,2018-05-01,322100,"Pulp, Paper, and Paperboard Mills",30
29-1141,2018-05-01,324100,Petroleum and Coal Products Manufacturing,40
29-1141,2018-05-01,3250A1,"Chemical Manufacturing (3251, 3252, 3253, and 3259 only)",130
29-1141,2018-05-01,325400,Pharmaceutical and Medicine Manufacturing,320
29-1141,2018-05-01,3330A1,"Machinery Manufacturing (3331, 3332, 3334, and 3339 only)",90
29-1141,2018-05-01,333600,"Engine, Turbine, and Power Transmission Equipment Manufacturing",60
29-1141,2018-05-01,334500,"Navigational, Measuring, Electromedical, and Control Instruments Manufacturing",130
29-1141,2018-05-01,336100,Motor Vehicle Manufacturing,170
29-1141,2018-05-01,336300,Motor Vehicle Parts Manufacturing,160
29-1141,2018-05-01,336400,Aerospace Product and Parts Manufacturing,120
29-1141,2018-05-01,339100,Medical Equipment and Supplies Manufacturing,80
29-1141,2018-05-01,339900,Other Miscellaneous Manufacturing,30
29-1141,2018-05-01,423400,Professional and Commercial Equipment and Supplies Merchant Wholesalers,530
29-1141,2018-05-01,4240A2,"Merchant Wholesalers, Nondurable Goods (4242 and 4246 only)",970
29-1141,2018-05-01,425100,Wholesale Electronic Markets and Agents and Brokers,180
29-1141,2018-05-01,446100,Health and Personal Care Stores,1520
29-1141,2018-05-01,454100,Electronic Shopping and Mail-Order Houses,260
29-1141,2018-05-01,481100,Scheduled Air Transportation,30
29-1141,2018-05-01,481200,Nonscheduled Air Transportation,50
29-1141,2018-05-01,482100,Rail Transportation,50
29-1141,2018-05-01,491100,Postal Service (federal government),120
29-1141,2018-05-01,493100,Warehousing and Storage,50
29-1141,2018-05-01,512100,Motion Picture and Video Industries,440
29-1141,2018-05-01,518200,"Data Processing, Hosting, and Related Services",110
29-1141,2018-05-01,524100,Insurance Carriers,26350
29-1141,2018-05-01,524200,"Agencies, Brokerages, and Other Insurance Related Activities",8890
29-1141,2018-05-01,525100,Insurance and Employee Benefit Funds,0
29-1141,2018-05-01,525900,Other Investment Pools and Funds,30
29-1141,2018-05-01,531000,Real Estate,0
29-1141,2018-05-01,5320A1,"Rental and Leasing Services (5322, 5323, and 5324 only)",460
29-1141,2018-05-01,541100,Legal Services,320
29-1141,2018-05-01,541200,"Accounting, Tax Preparation, Bookkeeping, and Payroll Services",810
29-1141,2018-05-01,541300,"Architectural, Engineering, and Related Services",100
29-1141,2018-05-01,541500,Computer Systems Design and Related Services,1080
29-1141,2018-05-01,541600,"Management, Scientific, and Technical Consulting Services",5760
29-1141,2018-05-01,541700,Scientific Research and Development Services,2240
29-1141,2018-05-01,541900,"Other Professional, Scientific, and Technical Services",440
29-1141,2018-05-01,551100,Management of Companies and Enterprises,14270
29-1141,2018-05-01,561100,Office Administrative Services,4630
29-1141,2018-05-01,561200,Facilities Support Services,700
29-1141,2018-05-01,561300,Employment Services,58320
29-1141,2018-05-01,561400,Business Support Services,1030
29-1141,2018-05-01,611100,Elementary and Secondary Schools,53290
29-1141,2018-05-01,611200,Junior Colleges,560
29-1141,2018-05-01,611300,"Colleges, Universities, and Professional Schools",24620
29-1141,2018-05-01,611400,Business Schools and Computer and Management Training,80
29-1141,2018-05-01,611500,Technical and Trade Schools,180
29-1141,2018-05-01,611600,Other Schools and Instruction,0
29-1141,2018-05-01,611700,Educational Support Services,310
29-1141,2018-05-01,621100,Offices of Physicians,197790
29-1141,2018-05-01,621200,Offices of Dentists,1440
29-1141,2018-05-01,621300,Offices of Other Health Practitioners,11710
29-1141,2018-05-01,621400,Outpatient Care Centers,141830
29-1141,2018-05-01,621500,Medical and Diagnostic Laboratories,2280
29-1141,2018-05-01,621600,Home Health Care Services,181180
29-1141,2018-05-01,621900,Other Ambulatory Health Care Services,15220
29-1141,2018-05-01,622100,General Medical and Surgical Hospitals,1698700
29-1141,2018-05-01,622200,Psychiatric and Substance Abuse Hospitals,39170
29-1141,2018-05-01,622300,Specialty (except Psychiatric and Substance Abuse) Hospitals,62980
29-1141,2018-05-01,623100,Nursing Care Facilities (Skilled Nursing Facilities),153120
29-1141,2018-05-01,623200,"Residential Intellectual and Developmental Disability, Mental Health, and Substance Abuse Facilities",15780
29-1141,2018-05-01,623300,Continuing Care Retirement Communities and Assisted Living Facilities for the Elderly,34640
29-1141,2018-05-01,623900,Other Residential Care Facilities,2930
29-1141,2018-05-01,624100,Individual and Family Services,24140
29-1141,2018-05-01,624200,"Community Food and Housing, and Emergency and Other Relief Services",490
29-1141,2018-05-01,624300,Vocational Rehabilitation Services,2060
29-1141,2018-05-01,624400,Child Day Care Services,460
29-1141,2018-05-01,711200,Spectator Sports,50
29-1141,2018-05-01,711300,"Promoters of Performing Arts, Sports, and Similar Events",50
29-1141,2018-05-01,712100,"Museums, Historical Sites, and Similar Institutions",30
29-1141,2018-05-01,713900,Other Amusement and Recreation Industries,110
29-1141,2018-05-01,721100,Traveler Accommodation,70
29-1141,2018-05-01,721200,RV (Recreational Vehicle) Parks and Recreational Camps,130
29-1141,2018-05-01,812100,Personal Care Services,900
29-1141,2018-05-01,813100,Religious Organizations,930
29-1141,2018-05-01,813200,Grantmaking and Giving Services,190
29-1141,2018-05-01,813300,Social Advocacy Organizations,570
29-1141,2018-05-01,813400,Civic and Social Organizations,60
29-1141,2018-05-01,813900,"Business, Professional, Labor, Political, and Similar Organizations",750
29-1141,2018-05-01,999100,Federal Executive Branch (OES Designation),81390
29-1141,2018-05-01,999200,"State Government, excluding schools and hospitals (OES Designation)",33610
29-1141,2018-05-01,999300,"Local Government, excluding schools and hospitals (OES Designation)",35180
29-1141,2019-05-01,221100,"Electric Power Generation, Transmission and Distribution",100
29-1141,2019-05-01,311600,Animal Slaughtering and Processing,550
29-1141,2019-05-01,322100,"Pulp, Paper, and Paperboard Mills",0
29-1141,2019-05-01,324100,Petroleum and Coal Products Manufacturing,50
29-1141,2019-05-01,3250A1,"Chemical Manufacturing (3251, 3252, 3253, and 3259 only)",130
29-1141,2019-05-01,325400,Pharmaceutical and Medicine Manufacturing,260
29-1141,2019-05-01,327000,Nonmetallic Mineral Product Manufacturing,30
29-1141,2019-05-01,3320A1,"Fabricated Metal Product Manufacturing (3321, 3322, 3325, 3326, and 3329 only)",30
29-1141,2019-05-01,3330A1,"Machinery Manufacturing (3331, 3332, 3334, and 3339 only)",70
29-1141,2019-05-01,334500,"Navigational, Measuring, Electromedical, and Control Instruments Manufacturing",160
29-1141,2019-05-01,336100,Motor Vehicle Manufacturing,160
29-1141,2019-05-01,336300,Motor Vehicle Parts Manufacturing,160
29-1141,2019-05-01,336400,Aerospace Product and Parts Manufacturing,120
29-1141,2019-05-01,339100,Medical Equipment and Supplies Manufacturing,90
29-1141,2019-05-01,423400,Professional and Commercial Equipment and Supplies Merchant Wholesalers,580
29-1141,2019-05-01,4240A2,"Merchant Wholesalers, Nondurable Goods (4242 and 4246 only)",710
29-1141,2019-05-01,446100,Health and Personal Care Stores,1690
29-1141,2019-05-01,454100,Electronic Shopping and Mail-Order Houses,290
29-1141,2019-05-01,481200,Nonscheduled Air Transportation,40
29-1141,2019-05-01,491100,Postal Service (federal government),120
29-1141,2019-05-01,493100,Warehousing and Storage,60
29-1141,2019-05-01,512100,Motion Picture and Video Industries,580
29-1141,2019-05-01,518200,"Data Processing, Hosting, and Related Services",120
29-1141,2019-05-01,524100,Insurance Carriers,29070
29-1141,2019-05-01,524200,"Agencies, Brokerages, and Other Insurance Related Activities",10470
29-1141,2019-05-01,525100,Insurance and Employee Benefit Funds,60
29-1141,2019-05-01,5320A1,"Rental and Leasing Services (5322, 5323, and 5324 only)",500
29-1141,2019-05-01,541100,Legal Services,290
29-1141,2019-05-01,541200,"Accounting, Tax Preparation, Bookkeeping, and Payroll Services",700
29-1141,2019-05-01,541300,"Architectural, Engineering, and Related Services",70
29-1141,2019-05-01,541500,Computer Systems Design and Related Services,940
29-1141,2019-05-01,541600,"Management, Scientific, and Technical Consulting Services",5280
29-1141,2019-05-01,541700,Scientific Research and Development Services,2840
29-1141,2019-05-01,541900,"Other Professional, Scientific, and Technical Services",980
29-1141,2019-05-01,551100,Management of Companies and Enterprises,16050
29-1141,2019-05-01,561100,Office Administrative Services,4610
29-1141,2019-05-01,561200,Facilities Support Services,720
29-1141,2019-05-01,561300,Employment Services,57270
29-1141,2019-05-01,561400,Business Support Services,650
29-1141,2019-05-01,611100,Elementary and Secondary Schools,54430
29-1141,2019-05-01,611200,Junior Colleges,430
29-1141,2019-05-01,611300,"Colleges, Universities, and Professional Schools",28570
29-1141,2019-05-01,611400,Business Schools and Computer and Management Training,140
29-1141,2019-05-01,611500,Technical and Trade Schools,180
29-1141,2019-05-01,611600,Other Schools and Instruction,80
29-1141,2019-05-01,611700,Educational Support Services,370
29-1141,2019-05-01,621100,Offices of Physicians,197890
29-1141,2019-05-01,621200,Offices of Dentists,1180
29-1141,2019-05-01,621300,Offices of Other Health Practitioners,13350
29-1141,2019-05-01,621400,Outpatient Care Centers,147550
29-1141,2019-05-01,621500,Medical and Diagnostic Laboratories,2440
29-1141,2019-05-01,621600,Home Health Care Services,177790
29-1141,2019-05-01,621900,Other Ambulatory Health Care Services,15370
29-1141,2019-05-01,622100,General Medical and Surgical Hospitals,1713120
29-1141,2019-05-01,622200,Psychiatric and Substance Abuse Hospitals,40390
29-1141,2019-05-01,622300,Specialty (except Psychiatric and Substance Abuse) Hospitals,62670
29-1141,2019-05-01,623100,Nursing Care Facilities (Skilled Nursing Facilities),151300
29-1141,2019-05-01,623200,"Residential Intellectual and Developmental Disability, Mental Health, and Substance Abuse Facilities",15510
29-1141,2019-05-01,623300,Continuing Care Retirement Communities and Assisted Living Facilities for the Elderly,34940
29-1141,2019-05-01,623900,Other Residential Care Facilities,3000
29-1141,2019-05-01,624100,Individual and Family Services,24860
29-1141,2019-05-01,624200,"Community Food and Housing, and Emergency and Other Relief Services",430
29-1141,2019-05-01,624300,Vocational Rehabilitation Services,1990
29-1141,2019-05-01,624400,Child Day Care Services,460
29-1141,2019-05-01,711200,Spectator Sports,0
29-1141,2019-05-01,711300,"Promoters of Performing Arts, Sports, and Similar Events",30
29-1141,2019-05-01,712100,"Museums, Historical Sites, and Similar Institutions",40
29-1141,2019-05-01,713900,Other Amusement and Recreation Industries,100
29-1141,2019-05-01,721100,Traveler Accommodation,50
29-1141,2019-05-01,721200,RV (Recreational Vehicle) Parks and Recreational Camps,80
29-1141,2019-05-01,812100,Personal Care Services,670
29-1141,2019-05-01,813100,Religious Organizations,980
29-1141,2019-05-01,813200,Grantmaking and Giving Services,290
29-1141,2019-05-01,813300,Social Advocacy Organizations,490
29-1141,2019-05-01,813400,Civic and Social Organizations,120
29-1141,2019-05-01,813900,"Business, Professional, Labor, Political, and Similar Organizations",810
29-1141,2019-05-01,999100,Federal Executive Branch (OES Designation),83210
29-1141,2019-05-01,999200,"State Government, excluding schools and hospitals (OES Designation)",33530
29-1141,2019-05-01,999300,"Local Government, excluding schools and hospitals (OES Designation)",35390
29-1141,2020-05-01,221100,"Electric Power Generation, Transmission and Distribution",90
29-1141,2020-05-01,311400,Fruit and Vegetable Preserving and Specialty Food Manufacturing,40
29-1141,2020-05-01,311600,Animal Slaughtering and Processing,620
29-1141,2020-05-01,322100,"Pulp, Paper, and Paperboard Mills",40
29-1141,2020-05-01,324100,Petroleum and Coal Products Manufacturing,40
29-1141,2020-05-01,3250A1,"Chemical Manufacturing (3251, 3252, 3253, and 3259 only)",100
29-1141,2020-05-01,325400,Pharmaceutical and Medicine Manufacturing,340
29-1141,2020-05-01,327000,Nonmetallic Mineral Product Manufacturing,40
29-1141,2020-05-01,3320A1,"Fabricated Metal Product Manufacturing (3321, 3322, 3325, 3326, and 3329 only)",30
29-1141,2020-05-01,3330A1,"Machinery Manufacturing (3331, 3332, 3334, and 3339 only)",60
29-1141,2020-05-01,334500,"Navigational, Measuring, Electromedical, and Control Instruments Manufacturing",120
29-1141,2020-05-01,336100,Motor Vehicle Manufacturing,150
29-1141,2020-05-01,336300,Motor Vehicle Parts Manufacturing,110
29-1141,2020-05-01,336400,Aerospace Product and Parts Manufacturing,100
29-1141,2020-05-01,339100,Medical Equipment and Supplies Manufacturing,70
29-1141,2020-05-01,423400,Professional and Commercial Equipment and Supplies Merchant Wholesalers,550
29-1141,2020-05-01,4240A2,"Merchant Wholesalers, Nondurable Goods (4242 and 4246 only)",590
29-1141,2020-05-01,425100,Wholesale Electronic Markets and Agents and Brokers,90
29-1141,2020-05-01,446100,Health and Personal Care Stores,1530
29-1141,2020-05-01,454100,Electronic Shopping and Mail-Order Houses,270
29-1141,2020-05-01,491100,Postal Service (federal government),130
29-1141,2020-05-01,493100,Warehousing and Storage,60
29-1141,2020-05-01,512100,Motion Picture and Video Industries,430
29-1141,2020-05-01,518200,"Data Processing, Hosting, and Related Services",140
29-1141,2020-05-01,524100,Insurance Carriers,31100
29-1141,2020-05-01,524200,"Agencies, Brokerages, and Other Insurance Related Activities",11350
29-1141,2020-05-01,525900,Other Investment Pools and Funds,100
29-1141,2020-05-01,5320A1,"Rental and Leasing Services (5322, 5323, and 5324 only)",300
29-1141,2020-05-01,541100,Legal Services,350
29-1141,2020-05-01,541200,"Accounting, Tax Preparation, Bookkeeping, and Payroll Services",700
29-1141,2020-05-01,541300,"Architectural, Engineering, and Related Services",100
29-1141,2020-05-01,541500,Computer Systems Design and Related Services,1320
29-1141,2020-05-01,541600,"Management, Scientific, and Technical Consulting Services",5360
29-1141,2020-05-01,541700,Scientific Research and Development Services,3170
29-1141,2020-05-01,541900,"Other Professional, Scientific, and Technical Services",1110
29-1141,2020-05-01,551100,Management of Companies and Enterprises,17570
29-1141,2020-05-01,561100,Office Administrative Services,0
29-1141,2020-05-01,561200,Facilities Support Services,830
29-1141,2020-05-01,561300,Employment Services,51860
29-1141,2020-05-01,561400,Business Support Services,560
29-1141,2020-05-01,611100,Elementary and Secondary Schools,54500
29-1141,2020-05-01,611200,Junior Colleges,550
29-1141,2020-05-01,611300,"Colleges, Universities, and Professional Schools",30330
29-1141,2020-05-01,611400,Business Schools and Computer and Management Training,260
29-1141,2020-05-01,611500,Technical and Trade Schools,180
29-1141,2020-05-01,611600,Other Schools and Instruction,40
29-1141,2020-05-01,611700,Educational Support Services,320
29-1141,2020-05-01,621100,Offices of Physicians,192300
29-1141,2020-05-01,621200,Offices of Dentists,950
29-1141,2020-05-01,621300,Offices of Other Health Practitioners,13270
29-1141,2020-05-01,621400,Outpatient Care Centers,150380
29-1141,2020-05-01,621500,Medical and Diagnostic Laboratories,2600
29-1141,2020-05-01,621600,Home Health Care Services,169630
29-1141,2020-05-01,621900,Other Ambulatory Health Care Services,14980
29-1141,2020-05-01,622100,General Medical and Surgical Hospitals,1729200
29-1141,2020-05-01,622200,Psychiatric and Substance Abuse Hospitals,39840
29-1141,2020-05-01,622300,Specialty (except Psychiatric and Substance Abuse) Hospitals,63910
29-1141,2020-05-01,623100,Nursing Care Facilities (Skilled Nursing Facilities),143250
29-1141,2020-05-01,623200,"Residential Intellectual and Developmental Disability, Mental Health, and Substance Abuse Facilities",16390
29-1141,2020-05-01,623300,Continuing Care Retirement Communities and Assisted Living Facilities for the Elderly,34720
29-1141,2020-05-01,623900,Other Residential Care Facilities,3260
29-1141,2020-05-01,624100,Individual and Family Services,25280
29-1141,2020-05-01,624200,"Community Food and Housing, and Emergency and Other Relief Services",520
29-1141,2020-05-01,624300,Vocational Rehabilitation Services,1760
29-1141,2020-05-01,624400,Child Day Care Services,350
29-1141,2020-05-01,713100,Amusement Parks and Arcades,50
29-1141,2020-05-01,713900,Other Amusement and Recreation Industries,60
29-1141,2020-05-01,721200,RV (Recreational Vehicle) Parks and Recreational Camps,70
29-1141,2020-05-01,812100,Personal Care Services,550
29-1141,2020-05-01,813100,Religious Organizations,790
29-1141,2020-05-01,813200,Grantmaking and Giving Services,290
29-1141,2020-05-01,813300,Social Advocacy Organizations,340
29-1141,2020-05-01,813400,Civic and Social Organizations,100
29-1141,2020-05-01,813900,"Business, Professional, Labor, Political, and Similar Organizations",560
29-1141,2020-05-01,999100,Federal Executive Branch (OEWS Designation),86860
29-1141,2020-05-01,999200,"State Government, excluding schools and hospitals (OEWS Designation)",33120
29-1141,2020-05-01,999300,"Local Government, excluding schools and hospitals (OEWS Designation)",36650
29-1141,2021-05-01,221100,"Electric Power Generation, Transmission and Distribution",60
29-1141,2021-05-01,311400,Fruit and Vegetable Preserving and Specialty Food Manufacturing,40
29-1141,2021-05-01,311600,Animal Slaughtering and Processing,620
29-1141,2021-05-01,322100,"Pulp, Paper, and Paperboard Mills",50
29-1141,2021-05-01,324100,Petroleum and Coal Products Manufacturing,30
29-1141,2021-05-01,3250A1,"Chemical Manufacturing (3251, 3252, 3253, and 3259 only)",120
29-1141,2021-05-01,325400,Pharmaceutical and Medicine Manufacturing,200
29-1141,2021-05-01,326100,Plastics Product Manufacturing,40
29-1141,2021-05-01,3330A1,"Machinery Manufacturing (3331, 3332, 3334, and 3339 only)",70
29-1141,2021-05-01,334400,Semiconductor and Other Electronic Component Manufacturing,30
29-1141,2021-05-01,336100,Motor Vehicle Manufacturing,130
29-1141,2021-05-01,336300,Motor Vehicle Parts Manufacturing,140
29-1141,2021-05-01,336400,Aerospace Product and Parts Manufacturing,80
29-1141,2021-05-01,339100,Medical Equipment and Supplies Manufacturing,70
29-1141,2021-05-01,423400,Professional and Commercial Equipment and Supplies Merchant Wholesalers,720
29-1141,2021-05-01,4240A2,"Merchant Wholesalers, Nondurable Goods (4242 and 4246 only)",750
29-1141,2021-05-01,4240A3,"Merchant Wholesalers, Nondurable Goods (4241, 4247, and 4249 only)",0
29-1141,2021-05-01,446100,Health and Personal Care Stores,1780
29-1141,2021-05-01,454100,Electronic Shopping and Mail-Order Houses,220
29-1141,2021-05-01,481200,Nonscheduled Air Transportation,100
29-1141,2021-05-01,491100,Postal Service (federal government),130
29-1141,2021-05-01,493100,Warehousing and Storage,90
29-1141,2021-05-01,511100,"Newspaper, Periodical, Book, and Directory Publishers",60
29-1141,2021-05-01,511200,Software Publishers,210
29-1141,2021-05-01,518200,"Data Processing, Hosting, and Related Services",440
29-1141,2021-05-01,519100,Other Information Services,0
29-1141,2021-05-01,523000,"Securities, Commodity Contracts, and Other Financial Investments and Related Activities",0
29-1141,2021-05-01,524100,Insurance Carriers,31360
29-1141,2021-05-01,524200,"Agencies, Brokerages, and Other Insurance Related Activities",10780
29-1141,2021-05-01,525900,Other Investment Pools and Funds,0
29-1141,2021-05-01,5320A1,"Rental and Leasing Services (5322, 5323, and 5324 only)",170
29-1141,2021-05-01,541100,Legal Services,480
29-1141,2021-05-01,541200,"Accounting, Tax Preparation, Bookkeeping, and Payroll Services",710
29-1141,2021-05-01,541300,"Architectural, Engineering, and Related Services",60
29-1141,2021-05-01,541500,Computer Systems Design and Related Services,1270
29-1141,2021-05-01,541600,"Management, Scientific, and Technical Consulting Services",5900
29-1141,2021-05-01,541700,Scientific Research and Development Services,2650
29-1141,2021-05-01,541900,"Other Professional, Scientific, and Technical Services",0
29-1141,2021-05-01,551100,Management of Companies and Enterprises,18880
29-1141,2021-05-01,561100,Office Administrative Services,6650
29-1141,2021-05-01,561200,Facilities Support Services,970
29-1141,2021-05-01,561300,Employment Services,77220
29-1141,2021-05-01,561400,Business Support Services,1500
29-1141,2021-05-01,611100,Elementary and Secondary Schools,57410
29-1141,2021-05-01,611200,Junior Colleges,760
29-1141,2021-05-01,611300,"Colleges, Universities, and Professional Schools",25170
29-1141,2021-05-01,611400,Business Schools and Computer and Management Training,150
29-1141,2021-05-01,611500,Technical and Trade Schools,130
29-1141,2021-05-01,611600,Other Schools and Instruction,80
29-1141,2021-05-01,611700,Educational Support Services,470
29-1141,2021-05-01,621100,Offices of Physicians,199130
29-1141,2021-05-01,621200,Offices of Dentists,1220
29-1141,2021-05-01,621300,Offices of Other Health Practitioners,14430
29-1141,2021-05-01,621400,Outpatient Care Centers,147720
29-1141,2021-05-01,621500,Medical and Diagnostic Laboratories,4040
29-1141,2021-05-01,621600,Home Health Care Services,173790
29-1141,2021-05-01,621900,Other Ambulatory Health Care Services,16600
29-1141,2021-05-01,622100,General Medical and Surgical Hospitals,1752210
29-1141,2021-05-01,622200,Psychiatric and Substance Abuse Hospitals,41290
29-1141,2021-05-01,622300,Specialty (except Psychiatric and Substance Abuse) Hospitals,65070
29-1141,2021-05-01,623100,Nursing Care Facilities (Skilled Nursing Facilities),131320
29-1141,2021-05-01,623200,"Residential Intellectual and Developmental Disability, Mental Health, and Substance Abuse Facilities",17360
29-1141,2021-05-01,623300,Continuing Care Retirement Communities and Assisted Living Facilities for the Elderly,32220
29-1141,2021-05-01,623900,Other Residential Care Facilities,2860
29-1141,2021-05-01,624100,Individual and Family Services,24240
29-1141,2021-05-01,624200,"Community Food and Housing, and Emergency and Other Relief Services",580
29-1141,2021-05-01,624300,Vocational Rehabilitation Services,1520
29-1141,2021-05-01,624400,Child Day Care Services,480
29-1141,2021-05-01,713900,Other Amusement and Recreation Industries,70
29-1141,2021-05-01,812100,Personal Care Services,1470
29-1141,2021-05-01,812900,Other Personal Services,0
29-1141,2021-05-01,813100,Religious Organizations,750
29-1141,2021-05-01,813200,Grantmaking and Giving Services,410
29-1141,2021-05-01,813300,Social Advocacy Organizations,570
29-1141,2021-05-01,813400,Civic and Social Organizations,80
29-1141,2021-05-01,813900,"Business, Professional, Labor, Political, and Similar Organizations",570
29-1141,2021-05-01,999100,Federal Executive Branch (OES Designation),90350
29-1141,2021-05-01,999200,"State Government, excluding schools and hospitals (OES Designation)",34980
29-1141,2021-05-01,999300,"Local Government, excluding schools and hospitals (OES Designation)",40810
29-1141,2022-05-01,221100,"Electric Power Generation, Transmission and Distribution",40
29-1141,2022-05-01,311400,Fruit and Vegetable Preserving and Specialty Food Manufacturing,30
29-1141,2022-05-01,311600,Animal Slaughtering and Processing,660
29-1141,2022-05-01,322100,"Pulp, Paper, and Paperboard Mills",40
29-1141,2022-05-01,324100,Petroleum and Coal Products Manufacturing,30
29-1141,2022-05-01,3250A1,"Chemical Manufacturing (3251, 3252, 3253, and 3259 only)",90
29-1141,2022-05-01,325400,Pharmaceutical and Medicine Manufacturing,160
29-1141,2022-05-01,326100,Plastics Product Manufacturing,30
29-1141,2022-05-01,327000,Nonmetallic Mineral Product Manufacturing,40
29-1141,2022-05-01,3320A1,"Fabricated Metal Product Manufacturing (3321, 3322, 3325, 3326, and 3329 only)",30
29-1141,2022-05-01,3330A1,"Machinery Manufacturing (3331, 3332, 3334, and 3339 only)",80
29-1141,2022-05-01,334500,"Navigational, Measuring, Electromedical, and Control Instruments Manufacturing",40
29-1141,2022-05-01,336100,Motor Vehicle Manufacturing,180
29-1141,2022-05-01,336300,Motor Vehicle Parts Manufacturing,130
29-1141,2022-05-01,336400,Aerospace Product and Parts Manufacturing,80
29-1141,2022-05-01,339100,Medical Equipment and Supplies Manufacturing,150
29-1141,2022-05-01,423400,Professional and Commercial Equipment and Supplies Merchant Wholesalers,540
29-1141,2022-05-01,4240A2,"Merchant Wholesalers, Nondurable Goods (4242 and 4246 only)",1410
29-1141,2022-05-01,425100,Wholesale Trade Agents and Brokers,0
29-1141,2022-05-01,4450A1,Food and Beverage Retailers (4451 and 4452 only),240
29-1141,2022-05-01,456100,Health and Personal Care Retailers,2570
29-1141,2022-05-01,459900,Other Miscellaneous Retailers,100
29-1141,2022-05-01,481200,Nonscheduled Air Transportation,40
29-1141,2022-05-01,491100,Postal Service (federal government),110
29-1141,2022-05-01,493100,Warehousing and Storage,100
29-1141,2022-05-01,513200,Software Publishers,110
29-1141,2022-05-01,518200,"Computing Infrastructure Providers, Data Processing, Web Hosting, and Related Services",0
29-1141,2022-05-01,524100,Insurance Carriers,31580
29-1141,2022-05-01,524200,"Agencies, Brokerages, and Other Insurance Related Activities",8740
29-1141,2022-05-01,525900,Other Investment Pools and Funds,0
29-1141,2022-05-01,5320A1,"Rental and Leasing Services (5322, 5323, and 5324 only)",130
29-1141,2022-05-01,541100,Legal Services,290
29-1141,2022-05-01,541200,"Accounting, Tax Preparation, Bookkeeping, and Payroll Services",950
29-1141,2022-05-01,541300,"Architectural, Engineering, and Related Services",90
29-1141,2022-05-01,541500,Computer Systems Design and Related Services,1450
29-1141,2022-05-01,541600,"Management, Scientific, and Technical Consulting Services",4890
29-1141,2022-05-01,541700,Scientific Research and Development Services,3530
29-1141,2022-05-01,541900,"Other Professional, Scientific, and Technical Services",630
29-1141,2022-05-01,551100,Management of Companies and Enterprises,20840
29-1141,2022-05-01,561100,Office Administrative Services,7450
29-1141,2022-05-01,561200,Facilities Support Services,700
29-1141,2022-05-01,561300,Employment Services,118820
29-1141,2022-05-01,561400,Business Support Services,1410
29-1141,2022-05-01,611100,Elementary and Secondary Schools,62760
29-1141,2022-05-01,611200,Junior Colleges,740
29-1141,2022-05-01,611300,"Colleges, Universities, and Professional Schools",24310
29-1141,2022-05-01,611400,Business Schools and Computer and Management Training,170
29-1141,2022-05-01,611500,Technical and Trade Schools,110
29-1141,2022-05-01,611600,Other Schools and Instruction,130
29-1141,2022-05-01,611700,Educational Support Services,430
29-1141,2022-05-01,621100,Offices of Physicians,208760
29-1141,2022-05-01,621200,Offices of Dentists,2150
29-1141,2022-05-01,621300,Offices of Other Health Practitioners,16830
29-1141,2022-05-01,621400,Outpatient Care Centers,152120
29-1141,2022-05-01,621500,Medical and Diagnostic Laboratories,3980
29-1141,2022-05-01,621600,Home Health Care Services,173640
29-1141,2022-05-01,621900,Other Ambulatory Health Care Services,18030
29-1141,2022-05-01,622100,General Medical and Surgical Hospitals,1724510
29-1141,2022-05-01,622200,Psychiatric and Substance Abuse Hospitals,39080
29-1141,2022-05-01,622300,Specialty (except Psychiatric and Substance Abuse) Hospitals,63460
29-1141,2022-05-01,623100,Nursing Care Facilities (Skilled Nursing Facilities),124690
29-1141,2022-05-01,623200,"Residential Intellectual and Developmental Disability, Mental Health, and Substance Abuse Facilities",16280
29-1141,2022-05-01,623300,Continuing Care Retirement Communities and Assisted Living Facilities for the Elderly,31230
29-1141,2022-05-01,623900,Other Residential Care Facilities,2750
29-1141,2022-05-01,624100,Individual and Family Services,26390
29-1141,2022-05-01,624200,"Community Food and Housing, and Emergency and Other Relief Services",610
29-1141,2022-05-01,624300,Vocational Rehabilitation Services,1520
29-1141,2022-05-01,624400,Child Care Services,660
29-1141,2022-05-01,713900,Other Amusement and Recreation Industries,100
29-1141,2022-05-01,721200,RV (Recreational Vehicle) Parks and Recreational Camps,30
29-1141,2022-05-01,812100,Personal Care Services,1470
29-1141,2022-05-01,812900,Other Personal Services,250
29-1141,2022-05-01,813100,Religious Organizations,590
29-1141,2022-05-01,813200,Grantmaking and Giving Services,310
29-1141,2022-05-01,813300,Social Advocacy Organizations,580
29-1141,2022-05-01,813400,Civic and Social Organizations,70
29-1141,2022-05-01,813900,"Business, Professional, Labor, Political, and Similar Organizations",700
29-1141,2022-05-01,999100,Federal Executive Branch (OES Designation),90490
29-1141,2022-05-01,999200,"State Government, excluding schools and hospitals (OES Designation)",32560
29-1141,2022-05-01,999300,"Local Government, excluding schools and hospitals (OES Designation)",40150
29-1141,2023-05-01,221100,"Electric Power Generation, Transmission and Distribution",30
29-1141,2023-05-01,311400,Fruit and Vegetable Preserving and Specialty Food Manufacturing,40
29-1141,2023-05-01,311600,Animal Slaughtering and Processing,680
29-1141,2023-05-01,322100,"Pulp, Paper, and Paperboard Mills",30
29-1141,2023-05-01,324100,Petroleum and Coal Products Manufacturing,40
29-1141,2023-05-01,3250A1,"Chemical Manufacturing (3251, 3252, 3253, and 3259 only)",80
29-1141,2023-05-01,325400,Pharmaceutical and Medicine Manufacturing,80
29-1141,2023-05-01,326100,Plastics Product Manufacturing,40
29-1141,2023-05-01,327000,Nonmetallic Mineral Product Manufacturing,30
29-1141,2023-05-01,331300,Alumina and Aluminum Production and Processing,30
29-1141,2023-05-01,3330A1,"Machinery Manufacturing (3331, 3332, 3334, and 3339 only)",90
29-1141,2023-05-01,334500,"Navigational, Measuring, Electromedical, and Control Instruments Manufacturing",200
29-1141,2023-05-01,336100,Motor Vehicle Manufacturing,200
29-1141,2023-05-01,336300,Motor Vehicle Parts Manufacturing,120
29-1141,2023-05-01,336400,Aerospace Product and Parts Manufacturing,80
29-1141,2023-05-01,339100,Medical Equipment and Supplies Manufacturing,60
29-1141,2023-05-01,423400,Professional and Commercial Equipment and Supplies Merchant Wholesalers,310
29-1141,2023-05-01,4240A2,"Merchant Wholesalers, Nondurable Goods (4242 and 4246 only)",1280
29-1141,2023-05-01,425100,Wholesale Trade Agents and Brokers,40
29-1141,2023-05-01,4450A1,Food and Beverage Retailers (4451 and 4452 only),310
29-1141,2023-05-01,456100,Health and Personal Care Retailers,3570
29-1141,2023-05-01,491100,Postal Service (Federal Government),100
29-1141,2023-05-01,493100,Warehousing and Storage,130
29-1141,2023-05-01,513100,"Newspaper, Periodical, Book, and Directory Publishers",30
29-1141,2023-05-01,513200,Software Publishers,140
29-1141,2023-05-01,518200,"Computing Infrastructure Providers, Data Processing, Web Hosting, and Related Services",290
29-1141,2023-05-01,524100,Insurance Carriers,34200
29-1141,2023-05-01,524200,"Agencies, Brokerages, and Other Insurance Related Activities",11670
29-1141,2023-05-01,525100,Insurance and Employee Benefit Funds,60
29-1141,2023-05-01,5320A1,"Rental and Leasing Services (5322, 5323, and 5324 only)",100
29-1141,2023-05-01,541100,Legal Services,400
29-1141,2023-05-01,541200,"Accounting, Tax Preparation, Bookkeeping, and Payroll Services",680
29-1141,2023-05-01,541300,"Architectural, Engineering, and Related Services",100
29-1141,2023-05-01,541500,Computer Systems Design and Related Services,0
29-1141,2023-05-01,541600,"Management, Scientific, and Technical Consulting Services",5590
29-1141,2023-05-01,541700,Scientific Research and Development Services,3580
29-1141,2023-05-01,541900,"Other Professional, Scientific, and Technical Services",970
29-1141,2023-05-01,551100,Management of Companies and Enterprises,22760
29-1141,2023-05-01,561100,Office Administrative Services,8280
29-1141,2023-05-01,561200,Facilities Support Services,760
29-1141,2023-05-01,561300,Employment Services,130890
29-1141,2023-05-01,561400,Business Support Services,1310
29-1141,2023-05-01,611100,Elementary and Secondary Schools,64240
29-1141,2023-05-01,611200,Junior Colleges,750
29-1141,2023-05-01,611300,"Colleges, Universities, and Professional Schools",27860
29-1141,2023-05-01,611400,Business Schools and Computer and Management Training,150
29-1141,2023-05-01,611500,Technical and Trade Schools,120
29-1141,2023-05-01,611600,Other Schools and Instruction,140
29-1141,2023-05-01,611700,Educational Support Services,690
29-1141,2023-05-01,621100,Offices of Physicians,220070
29-1141,2023-05-01,621200,Offices of Dentists,1190
29-1141,2023-05-01,621300,Offices of Other Health Practitioners,19580
29-1141,2023-05-01,621400,Outpatient Care Centers,163630
29-1141,2023-05-01,621500,Medical and Diagnostic Laboratories,2770
29-1141,2023-05-01,621600,Home Health Care Services,179530
29-1141,2023-05-01,621900,Other Ambulatory Health Care Services,18430
29-1141,2023-05-01,622100,General Medical and Surgical Hospitals,1749320
29-1141,2023-05-01,622200,Psychiatric and Substance Abuse Hospitals,40830
29-1141,2023-05-01,622300,Specialty (except Psychiatric and Substance Abuse) Hospitals,64060
29-1141,2023-05-01,623100,Nursing Care Facilities (Skilled Nursing Facilities),124340
29-1141,2023-05-01,623200,"Residential Intellectual and Developmental Disability, Mental Health, and Substance Abuse Facilities",17020
29-1141,2023-05-01,623300,Continuing Care Retirement Communities and Assisted Living Facilities for the Elderly,30300
29-1141,2023-05-01,623900,Other Residential Care Facilities,2910
29-1141,2023-05-01,624100,Individual and Family Services,37990
29-1141,2023-05-01,624200,"Community Food and Housing, and Emergency and Other Relief Services",750
29-1141,2023-05-01,624300,Vocational Rehabilitation Services,1660
29-1141,2023-05-01,624400,Child Care Services,940
29-1141,2023-05-01,713900,Other Amusement and Recreation Industries,70
29-1141,2023-05-01,721200,RV (Recreational Vehicle) Parks and Recreational Camps,70
29-1141,2023-05-01,812100,Personal Care Services,2480
29-1141,2023-05-01,812900,Other Personal Services,0
29-1141,2023-05-01,813100,Religious Organizations,430
29-1141,2023-05-01,813200,Grantmaking and Giving Services,390
29-1141,2023-05-01,813300,Social Advocacy Organizations,400
29-1141,2023-05-01,813400,Civic and Social Organizations,80
29-1141,2023-05-01,813900,"Business, Professional, Labor, Political, and Similar Organizations",730
29-1141,2023-05-01,999100,Federal Executive Branch (OEWS Designation),97940
29-1141,2023-05-01,999200,"State Government, excluding Schools and Hospitals (OEWS Designation)",32430
29-1141,2023-05-01,999300,"Local Government, excluding Schools and Hospitals (OEWS Designation)",39200
29-1151,2012-05-01,561300,Employment Services,90
29-1151,2012-05-01,611300,"Colleges, Universities, and Professional Schools",710
29-1151,2012-05-01,621100,Offices of Physicians,19900
29-1151,2012-05-01,621200,Offices of Dentists,30
29-1151,2012-05-01,621300,Offices of Other Health Practitioners,1190
29-1151,2012-05-01,621400,Outpatient Care Centers,1020
29-1151,2012-05-01,621600,Home Health Care Services,0
29-1151,2012-05-01,621900,Other Ambulatory Health Care Services,70
29-1151,2012-05-01,622100,General Medical and Surgical Hospitals,9710
29-1151,2012-05-01,622300,Specialty (except Psychiatric and Substance Abuse) Hospitals,420
29-1151,2012-05-01,999100,Federal Executive Branch (OES Designation),790
29-1151,2013-05-01,561300,Employment Services,60
29-1151,2013-05-01,611300,"Colleges, Universities, and Professional Schools",680
29-1151,2013-05-01,621100,Offices of Physicians,20260
29-1151,2013-05-01,621200,Offices of Dentists,40
29-1151,2013-05-01,621300,Offices of Other Health Practitioners,1060
29-1151,2013-05-01,621400,Outpatient Care Centers,1000
29-1151,2013-05-01,621500,Medical and Diagnostic Laboratories,0
29-1151,2013-05-01,621600,Home Health Care Services,0
29-1151,2013-05-01,621900,Other Ambulatory Health Care Services,110
29-1151,2013-05-01,622100,General Medical and Surgical Hospitals,10730
29-1151,2013-05-01,622300,Specialty (except Psychiatric and Substance Abuse) Hospitals,390
29-1151,2013-05-01,999100,Federal Executive Branch (OES Designation),850
29-1151,2014-05-01,561300,Employment Services,210
29-1151,2014-05-01,611300,"Colleges, Universities, and Professional Schools",560
29-1151,2014-05-01,621100,Offices of Physicians,21280
29-1151,2014-05-01,621300,Offices of Other Health Practitioners,1120
29-1151,2014-05-01,621400,Outpatient Care Centers,1000
29-1151,2014-05-01,621900,Other Ambulatory Health Care Services,0
29-1151,2014-05-01,622100,General Medical and Surgical Hospitals,10790
29-1151,2014-05-01,622300,Specialty (except Psychiatric and Substance Abuse) Hospitals,420
29-1151,2014-05-01,999100,Federal Executive Branch (OES Designation),890
29-1151,2015-05-01,561300,Employment Services,390
29-1151,2015-05-01,611300,"Colleges, Universities, and Professional Schools",630
29-1151,2015-05-01,621100,Offices of Physicians,21910
29-1151,2015-05-01,621300,Offices of Other Health Practitioners,1470
29-1151,2015-05-01,621400,Outpatient Care Centers,1370
29-1151,2015-05-01,621900,Other Ambulatory Health Care Services,100
29-1151,2015-05-01,622100,General Medical and Surgical Hospitals,11740
29-1151,2015-05-01,622300,Specialty (except Psychiatric and Substance Abuse) Hospitals,430
29-1151,2015-05-01,999100,Federal Executive Branch (OES Designation),940
29-1151,2016-05-01,561300,Employment Services,450
29-1151,2016-05-01,611300,"Colleges, Universities, and Professional Schools",900
29-1151,2016-05-01,621100,Offices of Physicians,21460
29-1151,2016-05-01,621300,Offices of Other Health Practitioners,1650
29-1151,2016-05-01,621400,Outpatient Care Centers,1820
29-1151,2016-05-01,622100,General Medical and Surgical Hospitals,11850
29-1151,2016-05-01,622300,Specialty (except Psychiatric and Substance Abuse) Hospitals,350
29-1151,2016-05-01,623100,Nursing Care Facilities (Skilled Nursing Facilities),0
29-1151,2016-05-01,999100,Federal Executive Branch (OES Designation),980
29-1151,2017-05-01,561300,Employment Services,170
29-1151,2017-05-01,611300,"Colleges, Universities, and Professional Schools",1140
29-1151,2017-05-01,621100,Offices of Physicians,22720
29-1151,2017-05-01,621300,Offices of Other Health Practitioners,1750
29-1151,2017-05-01,621400,Outpatient Care Centers,1990
29-1151,2017-05-01,622100,General Medical and Surgical Hospitals,12820
29-1151,2017-05-01,622300,Specialty (except Psychiatric and Substance Abuse) Hospitals,0
29-1151,2017-05-01,623100,Nursing Care Facilities (Skilled Nursing Facilities),0
29-1151,2017-05-01,999100,Federal Executive Branch (OES Designation),1000
29-1151,2018-05-01,561300,Employment Services,180
29-1151,2018-05-01,611300,"Colleges, Universities, and Professional Schools",1220
29-1151,2018-05-01,621100,Offices of Physicians,23890
29-1151,2018-05-01,621300,Offices of Other Health Practitioners,1890
29-1151,2018-05-01,621400,Outpatient Care Centers,2050
29-1151,2018-05-01,621600,Home Health Care Services,140
29-1151,2018-05-01,621900,Other Ambulatory Health Care Services,0
29-1151,2018-05-01,622100,General Medical and Surgical Hospitals,13320
29-1151,2018-05-01,622300,Specialty (except Psychiatric and Substance Abuse) Hospitals,380
29-1151,2018-05-01,999300,"Local Government, excluding schools and hospitals (OES Designation)",60
29-1151,2019-05-01,561300,Employment Services,0
29-1151,2019-05-01,611300,"Colleges, Universities, and Professional Schools",1410
29-1151,2019-05-01,621100,Offices of Physicians,22870
29-1151,2019-05-01,621300,Offices of Other Health Practitioners,1870
29-1151,2019-05-01,621400,Outpatient Care Centers,1910
29-1151,2019-05-01,621600,Home Health Care Services,120
29-1151,2019-05-01,621900,Other Ambulatory Health Care Services,0
29-1151,2019-05-01,622100,General Medical and Surgical Hospitals,14420
29-1151,2019-05-01,622300,Specialty (except Psychiatric and Substance Abuse) Hospitals,460
29-1151,2019-05-01,999300,"Local Government, excluding schools and hospitals (OES Designation)",60
29-1151,2020-05-01,561300,Employment Services,0
29-1151,2020-05-01,611300,"Colleges, Universities, and Professional Schools",1290
29-1151,2020-05-01,621100,Offices of Physicians,21560
29-1151,2020-05-01,621300,Offices of Other Health Practitioners,1670
29-1151,2020-05-01,621400,Outpatient Care Centers,2460
29-1151,2020-05-01,621600,Home Health Care Services,80
29-1151,2020-05-01,622100,General Medical and Surgical Hospitals,14030
29-1151,2020-05-01,622300,Specialty (except Psychiatric and Substance Abuse) Hospitals,530
29-1151,2020-05-01,999300,"Local Government, excluding schools and hospitals (OEWS Designation)",60
29-1151,2021-05-01,611300,"Colleges, Universities, and Professional Schools",960
29-1151,2021-05-01,621100,Offices of Physicians,23270
29-1151,2021-05-01,621300,Offices of Other Health Practitioners,2670
29-1151,2021-05-01,621400,Outpatient Care Centers,2260
29-1151,2021-05-01,621900,Other Ambulatory Health Care Services,60
29-1151,2021-05-01,622100,General Medical and Surgical Hospitals,13990
29-1151,2021-05-01,622300,Specialty (except Psychiatric and Substance Abuse) Hospitals,440
29-1151,2022-05-01,339100,Medical Equipment and Supplies Manufacturing,0
29-1151,2022-05-01,611300,"Colleges, Universities, and Professional Schools",1060
29-1151,2022-05-01,621100,Offices of Physicians,24340
29-1151,2022-05-01,621200,Offices of Dentists,70
29-1151,2022-05-01,621300,Offices of Other Health Practitioners,2380
29-1151,2022-05-01,621400,Outpatient Care Centers,2560
29-1151,2022-05-01,621900,Other Ambulatory Health Care Services,0
29-1151,2022-05-01,622100,General Medical and Surgical Hospitals,15290
29-1151,2022-05-01,622300,Specialty (except Psychiatric and Substance Abuse) Hospitals,470
29-1151,2023-05-01,339100,Medical Equipment and Supplies Manufacturing,150
29-1151,2023-05-01,611300,"Colleges, Universities, and Professional Schools",900
29-1151,2023-05-01,621100,Offices of Physicians,24830
29-1151,2023-05-01,621300,Offices of Other Health Practitioners,2690
29-1151,2023-05-01,621400,Outpatient Care Centers,2380
29-1151,2023-05-01,621600,Home Health Care Services,0
29-1151,2023-05-01,621900,Other Ambulatory Health Care Services,260
29-1151,2023-05-01,622100,General Medical and Surgical Hospitals,14410
29-1151,2023-05-01,622300,Specialty (except Psychiatric and Substance Abuse) Hospitals,530
29-1171,2012-05-01,423400,Professional and Commercial Equipment and Supplies Merchant Wholesalers,0
29-1171,2012-05-01,524100,Insurance Carriers,170
29-1171,2012-05-01,541200,"Accounting, Tax Preparation, Bookkeeping, and Payroll Services",40
29-1171,2012-05-01,541500,Computer Systems Design and Related Services,0
29-1171,2012-05-01,541600,"Management, Scientific, and Technical Consulting Services",150
29-1171,2012-05-01,541700,Scientific Research and Development Services,330
29-1171,2012-05-01,551100,Management of Companies and Enterprises,260
29-1171,2012-05-01,561100,Office Administrative Services,0
29-1171,2012-05-01,561200,Facilities Support Services,60
29-1171,2012-05-01,561300,Employment Services,1080
29-1171,2012-05-01,611100,Elementary and Secondary Schools,160
29-1171,2012-05-01,611300,"Colleges, Universities, and Professional Schools",3160
29-1171,2012-05-01,621100,Offices of Physicians,48690
29-1171,2012-05-01,621200,Offices of Dentists,0
29-1171,2012-05-01,621300,Offices of Other Health Practitioners,2440
29-1171,2012-05-01,621400,Outpatient Care Centers,7610
29-1171,2012-05-01,621500,Medical and Diagnostic Laboratories,160
29-1171,2012-05-01,621600,Home Health Care Services,3050
29-1171,2012-05-01,621900,Other Ambulatory Health Care Services,440
29-1171,2012-05-01,622100,General Medical and Surgical Hospitals,27760
29-1171,2012-05-01,622200,Psychiatric and Substance Abuse Hospitals,790
29-1171,2012-05-01,622300,Specialty (except Psychiatric and Substance Abuse) Hospitals,1810
29-1171,2012-05-01,623100,Nursing Care Facilities (Skilled Nursing Facilities),1710
29-1171,2012-05-01,623200,"Residential Intellectual and Developmental Disability, Mental Health, and Substance Abuse Facilities",500
29-1171,2012-05-01,623300,Continuing Care Retirement Communities and Assisted Living Facilities for the Elderly,620
29-1171,2012-05-01,623900,Other Residential Care Facilities,50
29-1171,2012-05-01,624100,Individual and Family Services,720
29-1171,2012-05-01,624300,Vocational Rehabilitation Services,90
29-1171,2012-05-01,812100,Personal Care Services,140
29-1171,2012-05-01,813200,Grantmaking and Giving Services,50
29-1171,2012-05-01,999200,State Government (OES Designation),1270
29-1171,2012-05-01,999300,Local Government (OES Designation),1610
29-1171,2013-05-01,446100,Health and Personal Care Stores,0
29-1171,2013-05-01,524100,Insurance Carriers,150
29-1171,2013-05-01,541200,"Accounting, Tax Preparation, Bookkeeping, and Payroll Services",30
29-1171,2013-05-01,541500,Computer Systems Design and Related Services,0
29-1171,2013-05-01,541600,"Management, Scientific, and Technical Consulting Services",290
29-1171,2013-05-01,541700,Scientific Research and Development Services,380
29-1171,2013-05-01,551100,Management of Companies and Enterprises,320
29-1171,2013-05-01,561100,Office Administrative Services,190
29-1171,2013-05-01,561200,Facilities Support Services,50
29-1171,2013-05-01,561300,Employment Services,1250
29-1171,2013-05-01,611100,Elementary and Secondary Schools,190
29-1171,2013-05-01,611300,"Colleges, Universities, and Professional Schools",3550
29-1171,2013-05-01,611700,Educational Support Services,30
29-1171,2013-05-01,621100,Offices of Physicians,52860
29-1171,2013-05-01,621200,Offices of Dentists,0
29-1171,2013-05-01,621300,Offices of Other Health Practitioners,2680
29-1171,2013-05-01,621400,Outpatient Care Centers,8120
29-1171,2013-05-01,621500,Medical and Diagnostic Laboratories,170
29-1171,2013-05-01,621600,Home Health Care Services,2940
29-1171,2013-05-01,621900,Other Ambulatory Health Care Services,510
29-1171,2013-05-01,622100,General Medical and Surgical Hospitals,29740
29-1171,2013-05-01,622200,Psychiatric and Substance Abuse Hospitals,820
29-1171,2013-05-01,622300,Specialty (except Psychiatric and Substance Abuse) Hospitals,1920
29-1171,2013-05-01,623100,Nursing Care Facilities (Skilled Nursing Facilities),1340
29-1171,2013-05-01,623200,"Residential Intellectual and Developmental Disability, Mental Health, and Substance Abuse Facilities",400
29-1171,2013-05-01,623300,Continuing Care Retirement Communities and Assisted Living Facilities for the Elderly,840
29-1171,2013-05-01,623900,Other Residential Care Facilities,50
29-1171,2013-05-01,624100,Individual and Family Services,770
29-1171,2013-05-01,624200,"Community Food and Housing, and Emergency and Other Relief Services",30
29-1171,2013-05-01,624300,Vocational Rehabilitation Services,60
29-1171,2013-05-01,812100,Personal Care Services,180
29-1171,2013-05-01,813200,Grantmaking and Giving Services,40
29-1171,2013-05-01,999200,State Government (OES Designation),1190
29-1171,2013-05-01,999300,Local Government (OES Designation),1650
29-1171,2014-05-01,339100,Medical Equipment and Supplies Manufacturing,0
29-1171,2014-05-01,446100,Health and Personal Care Stores,0
29-1171,2014-05-01,524100,Insurance Carriers,170
29-1171,2014-05-01,524200,"Agencies, Brokerages, and Other Insurance Related Activities",160
29-1171,2014-05-01,541500,Computer Systems Design and Related Services,130
29-1171,2014-05-01,541600,"Management, Scientific, and Technical Consulting Services",290
29-1171,2014-05-01,541700,Scientific Research and Development Services,400
29-1171,2014-05-01,551100,Management of Companies and Enterprises,350
29-1171,2014-05-01,561100,Office Administrative Services,230
29-1171,2014-05-01,561300,Employment Services,1140
29-1171,2014-05-01,611100,Elementary and Secondary Schools,140
29-1171,2014-05-01,611300,"Colleges, Universities, and Professional Schools",3570
29-1171,2014-05-01,611700,Educational Support Services,30
29-1171,2014-05-01,621100,Offices of Physicians,57100
29-1171,2014-05-01,621300,Offices of Other Health Practitioners,2980
29-1171,2014-05-01,621400,Outpatient Care Centers,9390
29-1171,2014-05-01,621500,Medical and Diagnostic Laboratories,220
29-1171,2014-05-01,621600,Home Health Care Services,3090
29-1171,2014-05-01,621900,Other Ambulatory Health Care Services,480
29-1171,2014-05-01,622100,General Medical and Surgical Hospitals,32310
29-1171,2014-05-01,622200,Psychiatric and Substance Abuse Hospitals,830
29-1171,2014-05-01,622300,Specialty (except Psychiatric and Substance Abuse) Hospitals,2070
29-1171,2014-05-01,623100,Nursing Care Facilities (Skilled Nursing Facilities),1270
29-1171,2014-05-01,623200,"Residential Intellectual and Developmental Disability, Mental Health, and Substance Abuse Facilities",450
29-1171,2014-05-01,623300,Continuing Care Retirement Communities and Assisted Living Facilities for the Elderly,720
29-1171,2014-05-01,623900,Other Residential Care Facilities,70
29-1171,2014-05-01,624100,Individual and Family Services,820
29-1171,2014-05-01,624200,"Community Food and Housing, and Emergency and Other Relief Services",50
29-1171,2014-05-01,624300,Vocational Rehabilitation Services,50
29-1171,2014-05-01,812100,Personal Care Services,210
29-1171,2014-05-01,813900,"Business, Professional, Labor, Political, and Similar Organizations",0
29-1171,2014-05-01,999200,State Government (OES Designation),980
29-1171,2014-05-01,999300,Local Government (OES Designation),1800
29-1171,2015-05-01,339100,Medical Equipment and Supplies Manufacturing,0
29-1171,2015-05-01,446100,Health and Personal Care Stores,0
29-1171,2015-05-01,452100,Department Stores,80
29-1171,2015-05-01,524100,Insurance Carriers,190
29-1171,2015-05-01,524200,"Agencies, Brokerages, and Other Insurance Related Activities",220
29-1171,2015-05-01,541500,Computer Systems Design and Related Services,0
29-1171,2015-05-01,541600,"Management, Scientific, and Technical Consulting Services",240
29-1171,2015-05-01,541700,Scientific Research and Development Services,340
29-1171,2015-05-01,541900,"Other Professional, Scientific, and Technical Services",120
29-1171,2015-05-01,551100,Management of Companies and Enterprises,390
29-1171,2015-05-01,561100,Office Administrative Services,170
29-1171,2015-05-01,561300,Employment Services,1510
29-1171,2015-05-01,611100,Elementary and Secondary Schools,170
29-1171,2015-05-01,611300,"Colleges, Universities, and Professional Schools",3970
29-1171,2015-05-01,621100,Offices of Physicians,62550
29-1171,2015-05-01,621200,Offices of Dentists,0
29-1171,2015-05-01,621300,Offices of Other Health Practitioners,3760
29-1171,2015-05-01,621400,Outpatient Care Centers,11610
29-1171,2015-05-01,621500,Medical and Diagnostic Laboratories,210
29-1171,2015-05-01,621600,Home Health Care Services,3390
29-1171,2015-05-01,621900,Other Ambulatory Health Care Services,620
29-1171,2015-05-01,622100,General Medical and Surgical Hospitals,35220
29-1171,2015-05-01,622200,Psychiatric and Substance Abuse Hospitals,910
29-1171,2015-05-01,622300,Specialty (except Psychiatric and Substance Abuse) Hospitals,2020
29-1171,2015-05-01,623100,Nursing Care Facilities (Skilled Nursing Facilities),1470
29-1171,2015-05-01,623200,"Residential Intellectual and Developmental Disability, Mental Health, and Substance Abuse Facilities",450
29-1171,2015-05-01,623300,Continuing Care Retirement Communities and Assisted Living Facilities for the Elderly,680
29-1171,2015-05-01,623900,Other Residential Care Facilities,70
29-1171,2015-05-01,624100,Individual and Family Services,1040
29-1171,2015-05-01,624200,"Community Food and Housing, and Emergency and Other Relief Services",0
29-1171,2015-05-01,624300,Vocational Rehabilitation Services,40
29-1171,2015-05-01,812100,Personal Care Services,250
29-1171,2015-05-01,813900,"Business, Professional, Labor, Political, and Similar Organizations",0
29-1171,2015-05-01,999200,State Government (OES Designation),1090
29-1171,2015-05-01,999300,Local Government (OES Designation),1840
29-1171,2016-05-01,339100,Medical Equipment and Supplies Manufacturing,0
29-1171,2016-05-01,424200,Drugs and Druggists' Sundries Merchant Wholesalers,40
29-1171,2016-05-01,446100,Health and Personal Care Stores,510
29-1171,2016-05-01,452100,Department Stores,90
29-1171,2016-05-01,452900,Other General Merchandise Stores,100
29-1171,2016-05-01,524100,Insurance Carriers,240
29-1171,2016-05-01,524200,"Agencies, Brokerages, and Other Insurance Related Activities",260
29-1171,2016-05-01,541200,"Accounting, Tax Preparation, Bookkeeping, and Payroll Services",80
29-1171,2016-05-01,541500,Computer Systems Design and Related Services,0
29-1171,2016-05-01,541600,"Management, Scientific, and Technical Consulting Services",40
29-1171,2016-05-01,541700,Scientific Research and Development Services,340
29-1171,2016-05-01,541900,"Other Professional, Scientific, and Technical Services",120
29-1171,2016-05-01,551100,Management of Companies and Enterprises,470
29-1171,2016-05-01,561100,Office Administrative Services,0
29-1171,2016-05-01,561300,Employment Services,1470
29-1171,2016-05-01,611100,Elementary and Secondary Schools,170
29-1171,2016-05-01,611300,"Colleges, Universities, and Professional Schools",4640
29-1171,2016-05-01,621100,Offices of Physicians,68490
29-1171,2016-05-01,621200,Offices of Dentists,0
29-1171,2016-05-01,621300,Offices of Other Health Practitioners,4230
29-1171,2016-05-01,621400,Outpatient Care Centers,13660
29-1171,2016-05-01,621500,Medical and Diagnostic Laboratories,200
29-1171,2016-05-01,621600,Home Health Care Services,4080
29-1171,2016-05-01,621900,Other Ambulatory Health Care Services,660
29-1171,2016-05-01,622100,General Medical and Surgical Hospitals,39040
29-1171,2016-05-01,622200,Psychiatric and Substance Abuse Hospitals,990
29-1171,2016-05-01,622300,Specialty (except Psychiatric and Substance Abuse) Hospitals,2010
29-1171,2016-05-01,623100,Nursing Care Facilities (Skilled Nursing Facilities),1740
29-1171,2016-05-01,623200,"Residential Intellectual and Developmental Disability, Mental Health, and Substance Abuse Facilities",460
29-1171,2016-05-01,623300,Continuing Care Retirement Communities and Assisted Living Facilities for the Elderly,360
29-1171,2016-05-01,623900,Other Residential Care Facilities,90
29-1171,2016-05-01,624100,Individual and Family Services,1070
29-1171,2016-05-01,624200,"Community Food and Housing, and Emergency and Other Relief Services",110
29-1171,2016-05-01,812100,Personal Care Services,340
29-1171,2016-05-01,813900,"Business, Professional, Labor, Political, and Similar Organizations",290
29-1171,2016-05-01,999200,State Government (OES Designation),1030
29-1171,2016-05-01,999300,Local Government (OES Designation),2000
29-1171,2017-05-01,4240A2,"Merchant Wholesalers, Nondurable Goods (4242 and 4246 only)",70
29-1171,2017-05-01,4450A1,Food and Beverage Stores (4451 and 4452 only),40
29-1171,2017-05-01,446100,Health and Personal Care Stores,630
29-1171,2017-05-01,452000,General Merchandise Stores,270
29-1171,2017-05-01,524100,Insurance Carriers,280
29-1171,2017-05-01,524200,"Agencies, Brokerages, and Other Insurance Related Activities",210
29-1171,2017-05-01,541200,"Accounting, Tax Preparation, Bookkeeping, and Payroll Services",80
29-1171,2017-05-01,541500,Computer Systems Design and Related Services,40
29-1171,2017-05-01,541600,"Management, Scientific, and Technical Consulting Services",50
29-1171,2017-05-01,541700,Scientific Research and Development Services,290
29-1171,2017-05-01,541900,"Other Professional, Scientific, and Technical Services",120
29-1171,2017-05-01,551100,Management of Companies and Enterprises,540
29-1171,2017-05-01,561100,Office Administrative Services,70
29-1171,2017-05-01,561300,Employment Services,1480
29-1171,2017-05-01,611100,Elementary and Secondary Schools,200
29-1171,2017-05-01,611300,"Colleges, Universities, and Professional Schools",4880
29-1171,2017-05-01,621100,Offices of Physicians,77840
29-1171,2017-05-01,621200,Offices of Dentists,0
29-1171,2017-05-01,621300,Offices of Other Health Practitioners,5020
29-1171,2017-05-01,621400,Outpatient Care Centers,15500
29-1171,2017-05-01,621500,Medical and Diagnostic Laboratories,130
29-1171,2017-05-01,621600,Home Health Care Services,4240
29-1171,2017-05-01,621900,Other Ambulatory Health Care Services,790
29-1171,2017-05-01,622100,General Medical and Surgical Hospitals,42220
29-1171,2017-05-01,622200,Psychiatric and Substance Abuse Hospitals,1060
29-1171,2017-05-01,622300,Specialty (except Psychiatric and Substance Abuse) Hospitals,1800
29-1171,2017-05-01,623100,Nursing Care Facilities (Skilled Nursing Facilities),1770
29-1171,2017-05-01,623200,"Residential Intellectual and Developmental Disability, Mental Health, and Substance Abuse Facilities",460
29-1171,2017-05-01,623300,Continuing Care Retirement Communities and Assisted Living Facilities for the Elderly,370
29-1171,2017-05-01,623900,Other Residential Care Facilities,120
29-1171,2017-05-01,624100,Individual and Family Services,1090
29-1171,2017-05-01,624200,"Community Food and Housing, and Emergency and Other Relief Services",0
29-1171,2017-05-01,624300,Vocational Rehabilitation Services,40
29-1171,2017-05-01,812100,Personal Care Services,310
29-1171,2017-05-01,813100,Religious Organizations,70
29-1171,2017-05-01,813200,Grantmaking and Giving Services,30
29-1171,2017-05-01,813300,Social Advocacy Organizations,90
29-1171,2017-05-01,999200,"State Government, excluding schools and hospitals (OES Designation)",1260
29-1171,2017-05-01,999300,"Local Government, excluding schools and hospitals (OES Designation)",2150
29-1171,2018-05-01,339100,Medical Equipment and Supplies Manufacturing,40
29-1171,2018-05-01,446100,Health and Personal Care Stores,450
29-1171,2018-05-01,452000,General Merchandise Stores,0
29-1171,2018-05-01,524100,Insurance Carriers,430
29-1171,2018-05-01,524200,"Agencies, Brokerages, and Other Insurance Related Activities",190
29-1171,2018-05-01,541200,"Accounting, Tax Preparation, Bookkeeping, and Payroll Services",80
29-1171,2018-05-01,541500,Computer Systems Design and Related Services,60
29-1171,2018-05-01,541600,"Management, Scientific, and Technical Consulting Services",150
29-1171,2018-05-01,541700,Scientific Research and Development Services,450
29-1171,2018-05-01,551100,Management of Companies and Enterprises,650
29-1171,2018-05-01,561100,Office Administrative Services,100
29-1171,2018-05-01,561300,Employment Services,1920
29-1171,2018-05-01,611100,Elementary and Secondary Schools,240
29-1171,2018-05-01,611200,Junior Colleges,50
29-1171,2018-05-01,611300,"Colleges, Universities, and Professional Schools",5390
29-1171,2018-05-01,621100,Offices of Physicians,84720
29-1171,2018-05-01,621200,Offices of Dentists,0
29-1171,2018-05-01,621300,Offices of Other Health Practitioners,5750
29-1171,2018-05-01,621400,Outpatient Care Centers,17270
29-1171,2018-05-01,621500,Medical and Diagnostic Laboratories,210
29-1171,2018-05-01,621600,Home Health Care Services,4700
29-1171,2018-05-01,621900,Other Ambulatory Health Care Services,770
29-1171,2018-05-01,622100,General Medical and Surgical Hospitals,44160
29-1171,2018-05-01,622200,Psychiatric and Substance Abuse Hospitals,1150
29-1171,2018-05-01,622300,Specialty (except Psychiatric and Substance Abuse) Hospitals,2260
29-1171,2018-05-01,623100,Nursing Care Facilities (Skilled Nursing Facilities),1180
29-1171,2018-05-01,623200,"Residential Intellectual and Developmental Disability, Mental Health, and Substance Abuse Facilities",490
29-1171,2018-05-01,623300,Continuing Care Retirement Communities and Assisted Living Facilities for the Elderly,0
29-1171,2018-05-01,623900,Other Residential Care Facilities,140
29-1171,2018-05-01,624100,Individual and Family Services,1160
29-1171,2018-05-01,624200,"Community Food and Housing, and Emergency and Other Relief Services",70
29-1171,2018-05-01,624300,Vocational Rehabilitation Services,30
29-1171,2018-05-01,812100,Personal Care Services,220
29-1171,2018-05-01,813100,Religious Organizations,0
29-1171,2018-05-01,813200,Grantmaking and Giving Services,30
29-1171,2018-05-01,813300,Social Advocacy Organizations,80
29-1171,2018-05-01,813900,"Business, Professional, Labor, Political, and Similar Organizations",0
29-1171,2018-05-01,999200,"State Government, excluding schools and hospitals (OES Designation)",1370
29-1171,2018-05-01,999300,"Local Government, excluding schools and hospitals (OES Designation)",2290
29-1171,2019-05-01,339100,Medical Equipment and Supplies Manufacturing,40
29-1171,2019-05-01,446100,Health and Personal Care Stores,640
29-1171,2019-05-01,524100,Insurance Carriers,690
29-1171,2019-05-01,524200,"Agencies, Brokerages, and Other Insurance Related Activities",220
29-1171,2019-05-01,541200,"Accounting, Tax Preparation, Bookkeeping, and Payroll Services",40
29-1171,2019-05-01,541500,Computer Systems Design and Related Services,80
29-1171,2019-05-01,541600,"Management, Scientific, and Technical Consulting Services",160
29-1171,2019-05-01,541700,Scientific Research and Development Services,540
29-1171,2019-05-01,551100,Management of Companies and Enterprises,830
29-1171,2019-05-01,561100,Office Administrative Services,160
29-1171,2019-05-01,561300,Employment Services,2400
29-1171,2019-05-01,611100,Elementary and Secondary Schools,390
29-1171,2019-05-01,611200,Junior Colleges,50
29-1171,2019-05-01,611300,"Colleges, Universities, and Professional Schools",6710
29-1171,2019-05-01,621100,Offices of Physicians,95820
29-1171,2019-05-01,621300,Offices of Other Health Practitioners,6210
29-1171,2019-05-01,621400,Outpatient Care Centers,18820
29-1171,2019-05-01,621500,Medical and Diagnostic Laboratories,240
29-1171,2019-05-01,621600,Home Health Care Services,5310
29-1171,2019-05-01,621900,Other Ambulatory Health Care Services,930
29-1171,2019-05-01,622100,General Medical and Surgical Hospitals,47420
29-1171,2019-05-01,622200,Psychiatric and Substance Abuse Hospitals,1370
29-1171,2019-05-01,622300,Specialty (except Psychiatric and Substance Abuse) Hospitals,2320
29-1171,2019-05-01,623100,Nursing Care Facilities (Skilled Nursing Facilities),1210
29-1171,2019-05-01,623200,"Residential Intellectual and Developmental Disability, Mental Health, and Substance Abuse Facilities",710
29-1171,2019-05-01,623300,Continuing Care Retirement Communities and Assisted Living Facilities for the Elderly,0
29-1171,2019-05-01,623900,Other Residential Care Facilities,140
29-1171,2019-05-01,624100,Individual and Family Services,1240
29-1171,2019-05-01,624200,"Community Food and Housing, and Emergency and Other Relief Services",200
29-1171,2019-05-01,624300,Vocational Rehabilitation Services,30
29-1171,2019-05-01,812100,Personal Care Services,350
29-1171,2019-05-01,813100,Religious Organizations,100
29-1171,2019-05-01,813200,Grantmaking and Giving Services,50
29-1171,2019-05-01,813300,Social Advocacy Organizations,80
29-1171,2019-05-01,813900,"Business, Professional, Labor, Political, and Similar Organizations",0
29-1171,2019-05-01,999200,"State Government, excluding schools and hospitals (OES Designation)",1170
29-1171,2019-05-01,999300,"Local Government, excluding schools and hospitals (OES Designation)",2340
29-1171,2020-05-01,339100,Medical Equipment and Supplies Manufacturing,40
29-1171,2020-05-01,423400,Professional and Commercial Equipment and Supplies Merchant Wholesalers,80
29-1171,2020-05-01,446100,Health and Personal Care Stores,600
29-1171,2020-05-01,524100,Insurance Carriers,0
29-1171,2020-05-01,524200,"Agencies, Brokerages, and Other Insurance Related Activities",240
29-1171,2020-05-01,541200,"Accounting, Tax Preparation, Bookkeeping, and Payroll Services",40
29-1171,2020-05-01,541500,Computer Systems Design and Related Services,150
29-1171,2020-05-01,541600,"Management, Scientific, and Technical Consulting Services",180
29-1171,2020-05-01,541700,Scientific Research and Development Services,600
29-1171,2020-05-01,541900,"Other Professional, Scientific, and Technical Services",630
29-1171,2020-05-01,551100,Management of Companies and Enterprises,1090
29-1171,2020-05-01,561100,Office Administrative Services,210
29-1171,2020-05-01,561300,Employment Services,2240
29-1171,2020-05-01,611100,Elementary and Secondary Schools,390
29-1171,2020-05-01,611200,Junior Colleges,50
29-1171,2020-05-01,611300,"Colleges, Universities, and Professional Schools",6970
29-1171,2020-05-01,621100,Offices of Physicians,101220
29-1171,2020-05-01,621300,Offices of Other Health Practitioners,6170
29-1171,2020-05-01,621400,Outpatient Care Centers,18920
29-1171,2020-05-01,621500,Medical and Diagnostic Laboratories,310
29-1171,2020-05-01,621600,Home Health Care Services,5790
29-1171,2020-05-01,621900,Other Ambulatory Health Care Services,1330
29-1171,2020-05-01,622100,General Medical and Surgical Hospitals,49920
29-1171,2020-05-01,622200,Psychiatric and Substance Abuse Hospitals,1540
29-1171,2020-05-01,622300,Specialty (except Psychiatric and Substance Abuse) Hospitals,2500
29-1171,2020-05-01,623100,Nursing Care Facilities (Skilled Nursing Facilities),1130
29-1171,2020-05-01,623200,"Residential Intellectual and Developmental Disability, Mental Health, and Substance Abuse Facilities",910
29-1171,2020-05-01,623300,Continuing Care Retirement Communities and Assisted Living Facilities for the Elderly,0
29-1171,2020-05-01,623900,Other Residential Care Facilities,130
29-1171,2020-05-01,624100,Individual and Family Services,1300
29-1171,2020-05-01,624200,"Community Food and Housing, and Emergency and Other Relief Services",0
29-1171,2020-05-01,624300,Vocational Rehabilitation Services,40
29-1171,2020-05-01,812100,Personal Care Services,400
29-1171,2020-05-01,813100,Religious Organizations,0
29-1171,2020-05-01,813200,Grantmaking and Giving Services,80
29-1171,2020-05-01,813300,Social Advocacy Organizations,40
29-1171,2020-05-01,813400,Civic and Social Organizations,30
29-1171,2020-05-01,999200,"State Government, excluding schools and hospitals (OEWS Designation)",1150
29-1171,2020-05-01,999300,"Local Government, excluding schools and hospitals (OEWS Designation)",2470
29-1171,2021-05-01,446100,Health and Personal Care Stores,300
29-1171,2021-05-01,524100,Insurance Carriers,1370
29-1171,2021-05-01,541200,"Accounting, Tax Preparation, Bookkeeping, and Payroll Services",50
29-1171,2021-05-01,541500,Computer Systems Design and Related Services,0
29-1171,2021-05-01,541600,"Management, Scientific, and Technical Consulting Services",180
29-1171,2021-05-01,541700,Scientific Research and Development Services,490
29-1171,2021-05-01,551100,Management of Companies and Enterprises,1210
29-1171,2021-05-01,561100,Office Administrative Services,410
29-1171,2021-05-01,561300,Employment Services,0
29-1171,2021-05-01,611100,Elementary and Secondary Schools,880
29-1171,2021-05-01,611200,Junior Colleges,50
29-1171,2021-05-01,611300,"Colleges, Universities, and Professional Schools",5930
29-1171,2021-05-01,621100,Offices of Physicians,110490
29-1171,2021-05-01,621200,Offices of Dentists,110
29-1171,2021-05-01,621300,Offices of Other Health Practitioners,9360
29-1171,2021-05-01,621400,Outpatient Care Centers,22630
29-1171,2021-05-01,621500,Medical and Diagnostic Laboratories,250
29-1171,2021-05-01,621600,Home Health Care Services,6630
29-1171,2021-05-01,621900,Other Ambulatory Health Care Services,1910
29-1171,2021-05-01,622100,General Medical and Surgical Hospitals,52790
29-1171,2021-05-01,622200,Psychiatric and Substance Abuse Hospitals,2130
29-1171,2021-05-01,622300,Specialty (except Psychiatric and Substance Abuse) Hospitals,1900
29-1171,2021-05-01,623100,Nursing Care Facilities (Skilled Nursing Facilities),1710
29-1171,2021-05-01,623200,"Residential Intellectual and Developmental Disability, Mental Health, and Substance Abuse Facilities",1380
29-1171,2021-05-01,623900,Other Residential Care Facilities,80
29-1171,2021-05-01,624100,Individual and Family Services,1560
29-1171,2021-05-01,624200,"Community Food and Housing, and Emergency and Other Relief Services",130
29-1171,2021-05-01,624300,Vocational Rehabilitation Services,100
29-1171,2021-05-01,812100,Personal Care Services,620
29-1171,2021-05-01,813200,Grantmaking and Giving Services,150
29-1171,2021-05-01,813300,Social Advocacy Organizations,50
29-1171,2021-05-01,813900,"Business, Professional, Labor, Political, and Similar Organizations",70
29-1171,2021-05-01,999200,"State Government, excluding schools and hospitals (OES Designation)",1230
29-1171,2021-05-01,999300,"Local Government, excluding schools and hospitals (OES Designation)",3160
29-1171,2022-05-01,339100,Medical Equipment and Supplies Manufacturing,60
29-1171,2022-05-01,456100,Health and Personal Care Retailers,1450
29-1171,2022-05-01,524100,Insurance Carriers,1030
29-1171,2022-05-01,541500,Computer Systems Design and Related Services,0
29-1171,2022-05-01,541600,"Management, Scientific, and Technical Consulting Services",560
29-1171,2022-05-01,541700,Scientific Research and Development Services,550
29-1171,2022-05-01,551100,Management of Companies and Enterprises,960
29-1171,2022-05-01,561100,Office Administrative Services,0
29-1171,2022-05-01,561300,Employment Services,3340
29-1171,2022-05-01,611100,Elementary and Secondary Schools,680
29-1171,2022-05-01,611300,"Colleges, Universities, and Professional Schools",6730
29-1171,2022-05-01,621100,Offices of Physicians,122830
29-1171,2022-05-01,621200,Offices of Dentists,0
29-1171,2022-05-01,621300,Offices of Other Health Practitioners,10950
29-1171,2022-05-01,621400,Outpatient Care Centers,23760
29-1171,2022-05-01,621500,Medical and Diagnostic Laboratories,440
29-1171,2022-05-01,621600,Home Health Care Services,7460
29-1171,2022-05-01,621900,Other Ambulatory Health Care Services,2010
29-1171,2022-05-01,622100,General Medical and Surgical Hospitals,58080
29-1171,2022-05-01,622200,Psychiatric and Substance Abuse Hospitals,2100
29-1171,2022-05-01,622300,Specialty (except Psychiatric and Substance Abuse) Hospitals,2170
29-1171,2022-05-01,623200,"Residential Intellectual and Developmental Disability, Mental Health, and Substance Abuse Facilities",1490
29-1171,2022-05-01,623900,Other Residential Care Facilities,150
29-1171,2022-05-01,624100,Individual and Family Services,1840
29-1171,2022-05-01,624200,"Community Food and Housing, and Emergency and Other Relief Services",110
29-1171,2022-05-01,624300,Vocational Rehabilitation Services,60
29-1171,2022-05-01,812100,Personal Care Services,660
29-1171,2022-05-01,813200,Grantmaking and Giving Services,150
29-1171,2022-05-01,813300,Social Advocacy Organizations,40
29-1171,2022-05-01,813900,"Business, Professional, Labor, Political, and Similar Organizations",70
29-1171,2022-05-01,999200,"State Government, excluding schools and hospitals (OES Designation)",1150
29-1171,2022-05-01,999300,"Local Government, excluding schools and hospitals (OES Designation)",3100
29-1171,2023-05-01,339100,Medical Equipment and Supplies Manufacturing,60
29-1171,2023-05-01,423400,Professional and Commercial Equipment and Supplies Merchant Wholesalers,0
29-1171,2023-05-01,456100,Health and Personal Care Retailers,760
29-1171,2023-05-01,524100,Insurance Carriers,940
29-1171,2023-05-01,541500,Computer Systems Design and Related Services,0
29-1171,2023-05-01,541600,"Management, Scientific, and Technical Consulting Services",850
29-1171,2023-05-01,541700,Scientific Research and Development Services,570
29-1171,2023-05-01,551100,Management of Companies and Enterprises,1300
29-1171,2023-05-01,561100,Office Administrative Services,890
29-1171,2023-05-01,561300,Employment Services,3700
29-1171,2023-05-01,561400,Business Support Services,80
29-1171,2023-05-01,611100,Elementary and Secondary Schools,750
29-1171,2023-05-01,611300,"Colleges, Universities, and Professional Schools",6990
29-1171,2023-05-01,621100,Offices of Physicians,137030
29-1171,2023-05-01,621300,Offices of Other Health Practitioners,11400
29-1171,2023-05-01,621400,Outpatient Care Centers,25440
29-1171,2023-05-01,621500,Medical and Diagnostic Laboratories,340
29-1171,2023-05-01,621600,Home Health Care Services,7410
29-1171,2023-05-01,621900,Other Ambulatory Health Care Services,2710
29-1171,2023-05-01,622100,General Medical and Surgical Hospitals,61740
29-1171,2023-05-01,622200,Psychiatric and Substance Abuse Hospitals,2250
29-1171,2023-05-01,622300,Specialty (except Psychiatric and Substance Abuse) Hospitals,2450
29-1171,2023-05-01,623200,"Residential Intellectual and Developmental Disability, Mental Health, and Substance Abuse Facilities",1520
29-1171,2023-05-01,623900,Other Residential Care Facilities,140
29-1171,2023-05-01,624100,Individual and Family Services,2200
29-1171,2023-05-01,624200,"Community Food and Housing, and Emergency and Other Relief Services",100
29-1171,2023-05-01,624300,Vocational Rehabilitation Services,110
29-1171,2023-05-01,812100,Personal Care Services,860
29-1171,2023-05-01,813200,Grantmaking and Giving Services,130
29-1171,2023-05-01,813300,Social Advocacy Organizations,50
29-1171,2023-05-01,813900,"Business, Professional, Labor, Political, and Similar Organizations",0
29-1171,2023-05-01,999200,"State Government, excluding Schools and Hospitals (OEWS Designation)",1120
29-1171,2023-05-01,999300,"Local Government, excluding Schools and Hospitals (OEWS Designation)",2750
29-1211,2019-05-01,611300,"Colleges, Universities, and Professional Schools",300
29-1211,2019-05-01,621100,Offices of Physicians,25500
29-1211,2019-05-01,621200,Offices of Dentists,50
29-1211,2019-05-01,621300,Offices of Other Health Practitioners,190
29-1211,2019-05-01,621400,Outpatient Care Centers,720
29-1211,2019-05-01,622100,General Medical and Surgical Hospitals,4020
29-1211,2019-05-01,622300,Specialty (except Psychiatric and Substance Abuse) Hospitals,140
29-1211,2020-05-01,611300,"Colleges, Universities, and Professional Schools",430
29-1211,2020-05-01,621100,Offices of Physicians,23120
29-1211,2020-05-01,621300,Offices of Other Health Practitioners,180
29-1211,2020-05-01,621400,Outpatient Care Centers,560
29-1211,2020-05-01,622100,General Medical and Surgical Hospitals,3920
29-1211,2020-05-01,622300,Specialty (except Psychiatric and Substance Abuse) Hospitals,280
29-1211,2021-05-01,611300,"Colleges, Universities, and Professional Schools",570
29-1211,2021-05-01,621100,Offices of Physicians,25120
29-1211,2021-05-01,621300,Offices of Other Health Practitioners,470
29-1211,2021-05-01,621400,Outpatient Care Centers,340
29-1211,2021-05-01,622100,General Medical and Surgical Hospitals,4280
29-1211,2021-05-01,622300,Specialty (except Psychiatric and Substance Abuse) Hospitals,240
29-1211,2022-05-01,611300,"Colleges, Universities, and Professional Schools",590
29-1211,2022-05-01,621100,Offices of Physicians,30430
29-1211,2022-05-01,621300,Offices of Other Health Practitioners,270
29-1211,2022-05-01,621400,Outpatient Care Centers,590
29-1211,2022-05-01,622100,General Medical and Surgical Hospitals,4740
29-1211,2022-05-01,622300,Specialty (except Psychiatric and Substance Abuse) Hospitals,260
29-1211,2023-05-01,611300,"Colleges, Universities, and Professional Schools",610
29-1211,2023-05-01,621100,Offices of Physicians,26460
29-1211,2023-05-01,621400,Outpatient Care Centers,430
29-1211,2023-05-01,622100,General Medical and Surgical Hospitals,4820
29-1211,2023-05-01,622300,Specialty (except Psychiatric and Substance Abuse) Hospitals,210
29-1212,2021-05-01,551100,Management of Companies and Enterprises,40
29-1212,2021-05-01,611300,"Colleges, Universities, and Professional Schools",80
29-1212,2021-05-01,621100,Offices of Physicians,14450
29-1212,2021-05-01,621400,Outpatient Care Centers,340
29-1212,2021-05-01,622100,General Medical and Surgical Hospitals,3460
29-1212,2021-05-01,622300,Specialty (except Psychiatric and Substance Abuse) Hospitals,100
29-1212,2021-05-01,999200,"State Government, excluding schools and hospitals (OES Designation)",70
29-1212,2022-05-01,551100,Management of Companies and Enterprises,40
29-1212,2022-05-01,611300,"Colleges, Universities, and Professional Schools",90
29-1212,2022-05-01,621100,Offices of Physicians,11700
29-1212,2022-05-01,621400,Outpatient Care Centers,530
29-1212,2022-05-01,622100,General Medical and Surgical Hospitals,4070
29-1212,2022-05-01,622300,Specialty (except Psychiatric and Substance Abuse) Hospitals,70
29-1212,2023-05-01,561300,Employment Services,0
29-1212,2023-05-01,611300,"Colleges, Universities, and Professional Schools",260
29-1212,2023-05-01,621100,Offices of Physicians,10110
29-1212,2023-05-01,621400,Outpatient Care Centers,360
29-1212,2023-05-01,622100,General Medical and Surgical Hospitals,4060
29-1212,2023-05-01,622300,Specialty (except Psychiatric and Substance Abuse) Hospitals,40
29-1213,2021-05-01,611300,"Colleges, Universities, and Professional Schools",60
29-1213,2021-05-01,621100,Offices of Physicians,7970
29-1213,2021-05-01,621300,Offices of Other Health Practitioners,0
29-1213,2021-05-01,621400,Outpatient Care Centers,150
29-1213,2021-05-01,622100,General Medical and Surgical Hospitals,0
29-1213,2022-05-01,4240A2,"Merchant Wholesalers, Nondurable Goods (4242 and 4246 only)",50
29-1213,2022-05-01,611300,"Colleges, Universities, and Professional Schools",60
29-1213,2022-05-01,621100,Offices of Physicians,10100
29-1213,2022-05-01,621300,Offices of Other Health Practitioners,210
29-1213,2022-05-01,621400,Outpatient Care Centers,240
29-1213,2022-05-01,621500,Medical and Diagnostic Laboratories,200
29-1213,2022-05-01,622100,General Medical and Surgical Hospitals,0
29-1213,2022-05-01,812100,Personal Care Services,90
29-1213,2023-05-01,4240A2,"Merchant Wholesalers, Nondurable Goods (4242 and 4246 only)",100
29-1213,2023-05-01,611300,"Colleges, Universities, and Professional Schools",70
29-1213,2023-05-01,621100,Offices of Physicians,11020
29-1213,2023-05-01,621400,Outpatient Care Centers,200
29-1213,2023-05-01,622100,General Medical and Surgical Hospitals,0
29-1213,2023-05-01,812100,Personal Care Services,70
29-1214,2021-05-01,551100,Management of Companies and Enterprises,50
29-1214,2021-05-01,611300,"Colleges, Universities, and Professional Schools",390
29-1214,2021-05-01,621100,Offices of Physicians,22740
29-1214,2021-05-01,621300,Offices of Other Health Practitioners,210
29-1214,2021-05-01,621400,Outpatient Care Centers,2680
29-1214,2021-05-01,621900,Other Ambulatory Health Care Services,80
29-1214,2021-05-01,622100,General Medical and Surgical Hospitals,9650
29-1214,2021-05-01,622300,Specialty (except Psychiatric and Substance Abuse) Hospitals,100
29-1214,2021-05-01,999300,"Local Government, excluding schools and hospitals (OES Designation)",60
29-1214,2022-05-01,551100,Management of Companies and Enterprises,220
29-1214,2022-05-01,561300,Employment Services,0
29-1214,2022-05-01,611300,"Colleges, Universities, and Professional Schools",480
29-1214,2022-05-01,621100,Offices of Physicians,13840
29-1214,2022-05-01,621400,Outpatient Care Centers,3220
29-1214,2022-05-01,621900,Other Ambulatory Health Care Services,110
29-1214,2022-05-01,622100,General Medical and Surgical Hospitals,10660
29-1214,2022-05-01,622300,Specialty (except Psychiatric and Substance Abuse) Hospitals,110
29-1214,2022-05-01,999300,"Local Government, excluding schools and hospitals (OES Designation)",60
29-1214,2023-05-01,551100,Management of Companies and Enterprises,220
29-1214,2023-05-01,561300,Employment Services,0
29-1214,2023-05-01,611300,"Colleges, Universities, and Professional Schools",640
29-1214,2023-05-01,621100,Offices of Physicians,19690
29-1214,2023-05-01,621400,Outpatient Care Centers,2970
29-1214,2023-05-01,622100,General Medical and Surgical Hospitals,10590
29-1214,2023-05-01,999300,"Local Government, excluding Schools and Hospitals (OEWS Designation)",100
29-1215,2019-05-01,524100,Insurance Carriers,40
29-1215,2019-05-01,524200,"Agencies, Brokerages, and Other Insurance Related Activities",50
29-1215,2019-05-01,541600,"Management, Scientific, and Technical Consulting Services",60
29-1215,2019-05-01,541700,Scientific Research and Development Services,110
29-1215,2019-05-01,551100,Management of Companies and Enterprises,440
29-1215,2019-05-01,561300,Employment Services,0
29-1215,2019-05-01,611300,"Colleges, Universities, and Professional Schools",2160
29-1215,2019-05-01,621100,Offices of Physicians,73540
29-1215,2019-05-01,621300,Offices of Other Health Practitioners,610
29-1215,2019-05-01,621400,Outpatient Care Centers,7570
29-1215,2019-05-01,621500,Medical and Diagnostic Laboratories,90
29-1215,2019-05-01,621600,Home Health Care Services,390
29-1215,2019-05-01,621900,Other Ambulatory Health Care Services,0
29-1215,2019-05-01,622100,General Medical and Surgical Hospitals,19840
29-1215,2019-05-01,622200,Psychiatric and Substance Abuse Hospitals,470
29-1215,2019-05-01,622300,Specialty (except Psychiatric and Substance Abuse) Hospitals,180
29-1215,2019-05-01,623100,Nursing Care Facilities (Skilled Nursing Facilities),50
29-1215,2019-05-01,623200,"Residential Intellectual and Developmental Disability, Mental Health, and Substance Abuse Facilities",40
29-1215,2019-05-01,624100,Individual and Family Services,130
29-1215,2019-05-01,999200,"State Government, excluding schools and hospitals (OES Designation)",1070
29-1215,2019-05-01,999300,"Local Government, excluding schools and hospitals (OES Designation)",1310
29-1215,2020-05-01,524100,Insurance Carriers,40
29-1215,2020-05-01,524200,"Agencies, Brokerages, and Other Insurance Related Activities",50
29-1215,2020-05-01,541600,"Management, Scientific, and Technical Consulting Services",40
29-1215,2020-05-01,541700,Scientific Research and Development Services,0
29-1215,2020-05-01,551100,Management of Companies and Enterprises,440
29-1215,2020-05-01,561300,Employment Services,620
29-1215,2020-05-01,611300,"Colleges, Universities, and Professional Schools",1510
29-1215,2020-05-01,621100,Offices of Physicians,66610
29-1215,2020-05-01,621300,Offices of Other Health Practitioners,560
29-1215,2020-05-01,621400,Outpatient Care Centers,5440
29-1215,2020-05-01,621500,Medical and Diagnostic Laboratories,110
29-1215,2020-05-01,621600,Home Health Care Services,500
29-1215,2020-05-01,621900,Other Ambulatory Health Care Services,120
29-1215,2020-05-01,622100,General Medical and Surgical Hospitals,19210
29-1215,2020-05-01,622200,Psychiatric and Substance Abuse Hospitals,420
29-1215,2020-05-01,622300,Specialty (except Psychiatric and Substance Abuse) Hospitals,160
29-1215,2020-05-01,623100,Nursing Care Facilities (Skilled Nursing Facilities),50
29-1215,2020-05-01,623200,"Residential Intellectual and Developmental Disability, Mental Health, and Substance Abuse Facilities",30
29-1215,2020-05-01,624100,Individual and Family Services,100
29-1215,2020-05-01,813200,Grantmaking and Giving Services,80
29-1215,2020-05-01,999200,"State Government, excluding schools and hospitals (OEWS Designation)",960
29-1215,2020-05-01,999300,"Local Government, excluding schools and hospitals (OEWS Designation)",1250
29-1215,2021-05-01,551100,Management of Companies and Enterprises,370
29-1215,2021-05-01,561300,Employment Services,470
29-1215,2021-05-01,611300,"Colleges, Universities, and Professional Schools",940
29-1215,2021-05-01,621100,Offices of Physicians,70790
29-1215,2021-05-01,621300,Offices of Other Health Practitioners,810
29-1215,2021-05-01,621400,Outpatient Care Centers,6520
29-1215,2021-05-01,621500,Medical and Diagnostic Laboratories,70
29-1215,2021-05-01,621600,Home Health Care Services,300
29-1215,2021-05-01,621900,Other Ambulatory Health Care Services,180
29-1215,2021-05-01,622100,General Medical and Surgical Hospitals,19360
29-1215,2021-05-01,622200,Psychiatric and Substance Abuse Hospitals,210
29-1215,2021-05-01,622300,Specialty (except Psychiatric and Substance Abuse) Hospitals,120
29-1215,2021-05-01,623100,Nursing Care Facilities (Skilled Nursing Facilities),80
29-1215,2021-05-01,624100,Individual and Family Services,0
29-1215,2021-05-01,624200,"Community Food and Housing, and Emergency and Other Relief Services",30
29-1215,2021-05-01,813200,Grantmaking and Giving Services,80
29-1215,2021-05-01,999200,"State Government, excluding schools and hospitals (OES Designation)",1050
29-1215,2021-05-01,999300,"Local Government, excluding schools and hospitals (OES Designation)",1090
29-1215,2022-05-01,551100,Management of Companies and Enterprises,680
29-1215,2022-05-01,561300,Employment Services,330
29-1215,2022-05-01,611300,"Colleges, Universities, and Professional Schools",1870
29-1215,2022-05-01,621100,Offices of Physicians,68760
29-1215,2022-05-01,621300,Offices of Other Health Practitioners,780
29-1215,2022-05-01,621400,Outpatient Care Centers,7300
29-1215,2022-05-01,621500,Medical and Diagnostic Laboratories,30
29-1215,2022-05-01,621600,Home Health Care Services,250
29-1215,2022-05-01,621900,Other Ambulatory Health Care Services,150
29-1215,2022-05-01,622100,General Medical and Surgical Hospitals,17550
29-1215,2022-05-01,622200,Psychiatric and Substance Abuse Hospitals,210
29-1215,2022-05-01,622300,Specialty (except Psychiatric and Substance Abuse) Hospitals,90
29-1215,2022-05-01,623100,Nursing Care Facilities (Skilled Nursing Facilities),0
29-1215,2022-05-01,623300,Continuing Care Retirement Communities and Assisted Living Facilities for the Elderly,40
29-1215,2022-05-01,624100,Individual and Family Services,130
29-1215,2022-05-01,624200,"Community Food and Housing, and Emergency and Other Relief Services",50
29-1215,2022-05-01,813200,Grantmaking and Giving Services,80
29-1215,2022-05-01,999200,"State Government, excluding schools and hospitals (OES Designation)",1080
29-1215,2022-05-01,999300,"Local Government, excluding schools and hospitals (OES Designation)",1070
29-1215,2023-05-01,456100,Health and Personal Care Retailers,0
29-1215,2023-05-01,524100,Insurance Carriers,40
29-1215,2023-05-01,541700,Scientific Research and Development Services,40
29-1215,2023-05-01,551100,Management of Companies and Enterprises,540
29-1215,2023-05-01,561300,Employment Services,320
29-1215,2023-05-01,611300,"Colleges, Universities, and Professional Schools",1920
29-1215,2023-05-01,621100,Offices of Physicians,75020
29-1215,2023-05-01,621300,Offices of Other Health Practitioners,660
29-1215,2023-05-01,621400,Outpatient Care Centers,7310
29-1215,2023-05-01,621500,Medical and Diagnostic Laboratories,80
29-1215,2023-05-01,621600,Home Health Care Services,220
29-1215,2023-05-01,621900,Other Ambulatory Health Care Services,160
29-1215,2023-05-01,622100,General Medical and Surgical Hospitals,0
29-1215,2023-05-01,622200,Psychiatric and Substance Abuse Hospitals,180
29-1215,2023-05-01,624100,Individual and Family Services,120
29-1215,2023-05-01,624200,"Community Food and Housing, and Emergency and Other Relief Services",40
29-1215,2023-05-01,999200,"State Government, excluding Schools and Hospitals (OEWS Designation)",1080
29-1215,2023-05-01,999300,"Local Government, excluding Schools and Hospitals (OEWS Designation)",920
29-1216,2019-05-01,541700,Scientific Research and Development Services,30
29-1216,2019-05-01,551100,Management of Companies and Enterprises,390
29-1216,2019-05-01,561300,Employment Services,130
29-1216,2019-05-01,611300,"Colleges, Universities, and Professional Schools",2800
29-1216,2019-05-01,621100,Offices of Physicians,25710
29-1216,2019-05-01,621300,Offices of Other Health Practitioners,190
29-1216,2019-05-01,621400,Outpatient Care Centers,1690
29-1216,2019-05-01,621500,Medical and Diagnostic Laboratories,100
29-1216,2019-05-01,621600,Home Health Care Services,110
29-1216,2019-05-01,622100,General Medical and Surgical Hospitals,12410
29-1216,2019-05-01,622200,Psychiatric and Substance Abuse Hospitals,100
29-1216,2019-05-01,622300,Specialty (except Psychiatric and Substance Abuse) Hospitals,400
29-1216,2019-05-01,623100,Nursing Care Facilities (Skilled Nursing Facilities),60
29-1216,2019-05-01,999200,"State Government, excluding schools and hospitals (OES Designation)",160
29-1216,2019-05-01,999300,"Local Government, excluding schools and hospitals (OES Designation)",100
29-1216,2020-05-01,541700,Scientific Research and Development Services,40
29-1216,2020-05-01,551100,Management of Companies and Enterprises,450
29-1216,2020-05-01,561300,Employment Services,120
29-1216,2020-05-01,611300,"Colleges, Universities, and Professional Schools",1190
29-1216,2020-05-01,621100,Offices of Physicians,28880
29-1216,2020-05-01,621300,Offices of Other Health Practitioners,210
29-1216,2020-05-01,621400,Outpatient Care Centers,1970
29-1216,2020-05-01,621500,Medical and Diagnostic Laboratories,100
29-1216,2020-05-01,621600,Home Health Care Services,130
29-1216,2020-05-01,621900,Other Ambulatory Health Care Services,30
29-1216,2020-05-01,622100,General Medical and Surgical Hospitals,15900
29-1216,2020-05-01,622200,Psychiatric and Substance Abuse Hospitals,140
29-1216,2020-05-01,622300,Specialty (except Psychiatric and Substance Abuse) Hospitals,860
29-1216,2020-05-01,623100,Nursing Care Facilities (Skilled Nursing Facilities),90
29-1216,2020-05-01,999200,"State Government, excluding schools and hospitals (OEWS Designation)",140
29-1216,2020-05-01,999300,"Local Government, excluding schools and hospitals (OEWS Designation)",140
29-1216,2021-05-01,541700,Scientific Research and Development Services,40
29-1216,2021-05-01,551100,Management of Companies and Enterprises,440
29-1216,2021-05-01,561300,Employment Services,80
29-1216,2021-05-01,611300,"Colleges, Universities, and Professional Schools",1130
29-1216,2021-05-01,621100,Offices of Physicians,34170
29-1216,2021-05-01,621300,Offices of Other Health Practitioners,220
29-1216,2021-05-01,621400,Outpatient Care Centers,2910
29-1216,2021-05-01,621500,Medical and Diagnostic Laboratories,110
29-1216,2021-05-01,621600,Home Health Care Services,110
29-1216,2021-05-01,621900,Other Ambulatory Health Care Services,60
29-1216,2021-05-01,622100,General Medical and Surgical Hospitals,17450
29-1216,2021-05-01,622200,Psychiatric and Substance Abuse Hospitals,220
29-1216,2021-05-01,622300,Specialty (except Psychiatric and Substance Abuse) Hospitals,620
29-1216,2021-05-01,623100,Nursing Care Facilities (Skilled Nursing Facilities),80
29-1216,2021-05-01,999200,"State Government, excluding schools and hospitals (OES Designation)",130
29-1216,2021-05-01,999300,"Local Government, excluding schools and hospitals (OES Designation)",280
29-1216,2022-05-01,551100,Management of Companies and Enterprises,410
29-1216,2022-05-01,611300,"Colleges, Universities, and Professional Schools",3540
29-1216,2022-05-01,621100,Offices of Physicians,37980
29-1216,2022-05-01,621300,Offices of Other Health Practitioners,180
29-1216,2022-05-01,621400,Outpatient Care Centers,3270
29-1216,2022-05-01,621500,Medical and Diagnostic Laboratories,100
29-1216,2022-05-01,621600,Home Health Care Services,110
29-1216,2022-05-01,621900,Other Ambulatory Health Care Services,180
29-1216,2022-05-01,622100,General Medical and Surgical Hospitals,19600
29-1216,2022-05-01,622200,Psychiatric and Substance Abuse Hospitals,230
29-1216,2022-05-01,622300,Specialty (except Psychiatric and Substance Abuse) Hospitals,610
29-1216,2022-05-01,623100,Nursing Care Facilities (Skilled Nursing Facilities),110
29-1216,2022-05-01,623200,"Residential Intellectual and Developmental Disability, Mental Health, and Substance Abuse Facilities",30
29-1216,2022-05-01,623300,Continuing Care Retirement Communities and Assisted Living Facilities for the Elderly,30
29-1216,2022-05-01,999200,"State Government, excluding schools and hospitals (OES Designation)",150
29-1216,2022-05-01,999300,"Local Government, excluding schools and hospitals (OES Designation)",470
29-1216,2023-05-01,541700,Scientific Research and Development Services,0
29-1216,2023-05-01,551100,Management of Companies and Enterprises,430
29-1216,2023-05-01,561300,Employment Services,160
29-1216,2023-05-01,611300,"Colleges, Universities, and Professional Schools",0
29-1216,2023-05-01,621100,Offices of Physicians,34610
29-1216,2023-05-01,621300,Offices of Other Health Practitioners,320
29-1216,2023-05-01,621400,Outpatient Care Centers,3220
29-1216,2023-05-01,621500,Medical and Diagnostic Laboratories,80
29-1216,2023-05-01,621600,Home Health Care Services,80
29-1216,2023-05-01,621900,Other Ambulatory Health Care Services,0
29-1216,2023-05-01,622100,General Medical and Surgical Hospitals,19830
29-1216,2023-05-01,622200,Psychiatric and Substance Abuse Hospitals,100
29-1216,2023-05-01,622300,Specialty (except Psychiatric and Substance Abuse) Hospitals,820
29-1216,2023-05-01,623100,Nursing Care Facilities (Skilled Nursing Facilities),90
29-1216,2023-05-01,623200,"Residential Intellectual and Developmental Disability, Mental Health, and Substance Abuse Facilities",30
29-1216,2023-05-01,813200,Grantmaking and Giving Services,50
29-1216,2023-05-01,999200,"State Government, excluding Schools and Hospitals (OEWS Designation)",110
29-1216,2023-05-01,999300,"Local Government, excluding Schools and Hospitals (OEWS Designation)",390
29-1217,2021-05-01,611300,"Colleges, Universities, and Professional Schools",100
29-1217,2021-05-01,621100,Offices of Physicians,4230
29-1217,2021-05-01,621300,Offices of Other Health Practitioners,0
29-1217,2021-05-01,621400,Outpatient Care Centers,120
29-1217,2021-05-01,622100,General Medical and Surgical Hospitals,2350
29-1217,2021-05-01,622300,Specialty (except Psychiatric and Substance Abuse) Hospitals,140
29-1217,2022-05-01,611300,"Colleges, Universities, and Professional Schools",200
29-1217,2022-05-01,621100,Offices of Physicians,7760
29-1217,2022-05-01,621300,Offices of Other Health Practitioners,0
29-1217,2022-05-01,621400,Outpatient Care Centers,270
29-1217,2022-05-01,622100,General Medical and Surgical Hospitals,2620
29-1217,2022-05-01,622300,Specialty (except Psychiatric and Substance Abuse) Hospitals,200
29-1217,2023-05-01,541700,Scientific Research and Development Services,0
29-1217,2023-05-01,611300,"Colleges, Universities, and Professional Schools",270
29-1217,2023-05-01,621100,Offices of Physicians,5980
29-1217,2023-05-01,621400,Outpatient Care Centers,230
29-1217,2023-05-01,622100,General Medical and Surgical Hospitals,2280
29-1217,2023-05-01,622300,Specialty (except Psychiatric and Substance Abuse) Hospitals,150
29-1218,2019-05-01,551100,Management of Companies and Enterprises,60
29-1218,2019-05-01,611300,"Colleges, Universities, and Professional Schools",300
29-1218,2019-05-01,621100,Offices of Physicians,13130
29-1218,2019-05-01,621300,Offices of Other Health Practitioners,40
29-1218,2019-05-01,621400,Outpatient Care Centers,1000
29-1218,2019-05-01,622100,General Medical and Surgical Hospitals,3860
29-1218,2020-05-01,611300,"Colleges, Universities, and Professional Schools",310
29-1218,2020-05-01,621100,Offices of Physicians,12950
29-1218,2020-05-01,621300,Offices of Other Health Practitioners,30
29-1218,2020-05-01,621400,Outpatient Care Centers,860
29-1218,2020-05-01,622100,General Medical and Surgical Hospitals,0
29-1218,2021-05-01,611300,"Colleges, Universities, and Professional Schools",310
29-1218,2021-05-01,621100,Offices of Physicians,15640
29-1218,2021-05-01,621400,Outpatient Care Centers,1060
29-1218,2021-05-01,622100,General Medical and Surgical Hospitals,0
29-1218,2021-05-01,999300,"Local Government, excluding schools and hospitals (OES Designation)",40
29-1218,2022-05-01,551100,Management of Companies and Enterprises,0
29-1218,2022-05-01,611300,"Colleges, Universities, and Professional Schools",330
29-1218,2022-05-01,621100,Offices of Physicians,14580
29-1218,2022-05-01,621400,Outpatient Care Centers,1260
29-1218,2022-05-01,622100,General Medical and Surgical Hospitals,4980
29-1218,2022-05-01,622300,Specialty (except Psychiatric and Substance Abuse) Hospitals,60
29-1218,2023-05-01,551100,Management of Companies and Enterprises,70
29-1218,2023-05-01,611300,"Colleges, Universities, and Professional Schools",0
29-1218,2023-05-01,621100,Offices of Physicians,13530
29-1218,2023-05-01,621300,Offices of Other Health Practitioners,110
29-1218,2023-05-01,621400,Outpatient Care Centers,1230
29-1218,2023-05-01,622100,General Medical and Surgical Hospitals,4290
29-1221,2019-05-01,551100,Management of Companies and Enterprises,70
29-1221,2019-05-01,561300,Employment Services,80
29-1221,2019-05-01,611300,"Colleges, Universities, and Professional Schools",380
29-1221,2019-05-01,621100,Offices of Physicians,21120
29-1221,2019-05-01,621400,Outpatient Care Centers,1330
29-1221,2019-05-01,621900,Other Ambulatory Health Care Services,140
29-1221,2019-05-01,622100,General Medical and Surgical Hospitals,6080
29-1221,2019-05-01,622300,Specialty (except Psychiatric and Substance Abuse) Hospitals,250
29-1221,2019-05-01,623900,Other Residential Care Facilities,70
29-1221,2019-05-01,624100,Individual and Family Services,30
29-1221,2019-05-01,999300,"Local Government, excluding schools and hospitals (OES Designation)",40
29-1221,2020-05-01,551100,Management of Companies and Enterprises,70
29-1221,2020-05-01,561300,Employment Services,60
29-1221,2020-05-01,611300,"Colleges, Universities, and Professional Schools",470
29-1221,2020-05-01,621100,Offices of Physicians,18180
29-1221,2020-05-01,621300,Offices of Other Health Practitioners,40
29-1221,2020-05-01,621400,Outpatient Care Centers,1260
29-1221,2020-05-01,621900,Other Ambulatory Health Care Services,170
29-1221,2020-05-01,622100,General Medical and Surgical Hospitals,6850
29-1221,2020-05-01,622300,Specialty (except Psychiatric and Substance Abuse) Hospitals,220
29-1221,2020-05-01,623900,Other Residential Care Facilities,80
29-1221,2020-05-01,999300,"Local Government, excluding schools and hospitals (OEWS Designation)",50
29-1221,2021-05-01,551100,Management of Companies and Enterprises,90
29-1221,2021-05-01,611300,"Colleges, Universities, and Professional Schools",550
29-1221,2021-05-01,621100,Offices of Physicians,23540
29-1221,2021-05-01,621300,Offices of Other Health Practitioners,40
29-1221,2021-05-01,621400,Outpatient Care Centers,1850
29-1221,2021-05-01,621900,Other Ambulatory Health Care Services,50
29-1221,2021-05-01,622100,General Medical and Surgical Hospitals,7060
29-1221,2021-05-01,622300,Specialty (except Psychiatric and Substance Abuse) Hospitals,160
29-1221,2021-05-01,623900,Other Residential Care Facilities,0
29-1221,2021-05-01,999300,"Local Government, excluding schools and hospitals (OES Designation)",140
29-1221,2022-05-01,611300,"Colleges, Universities, and Professional Schools",820
29-1221,2022-05-01,621100,Offices of Physicians,22780
29-1221,2022-05-01,621300,Offices of Other Health Practitioners,40
29-1221,2022-05-01,621400,Outpatient Care Centers,1910
29-1221,2022-05-01,621500,Medical and Diagnostic Laboratories,50
29-1221,2022-05-01,622100,General Medical and Surgical Hospitals,7320
29-1221,2022-05-01,622300,Specialty (except Psychiatric and Substance Abuse) Hospitals,180
29-1221,2022-05-01,999300,"Local Government, excluding schools and hospitals (OES Designation)",110
29-1221,2023-05-01,551100,Management of Companies and Enterprises,90
29-1221,2023-05-01,611300,"Colleges, Universities, and Professional Schools",1160
29-1221,2023-05-01,621100,Offices of Physicians,22960
29-1221,2023-05-01,621300,Offices of Other Health Practitioners,50
29-1221,2023-05-01,621400,Outpatient Care Centers,2030
29-1221,2023-05-01,621500,Medical and Diagnostic Laboratories,60
29-1221,2023-05-01,621600,Home Health Care Services,60
29-1221,2023-05-01,622100,General Medical and Surgical Hospitals,8000
29-1221,2023-05-01,622300,Specialty (except Psychiatric and Substance Abuse) Hospitals,170
29-1221,2023-05-01,999300,"Local Government, excluding Schools and Hospitals (OEWS Designation)",70
29-1222,2021-05-01,541700,Scientific Research and Development Services,120
29-1222,2021-05-01,611300,"Colleges, Universities, and Professional Schools",190
29-1222,2021-05-01,621100,Offices of Physicians,4320
29-1222,2021-05-01,621400,Outpatient Care Centers,100
29-1222,2021-05-01,621500,Medical and Diagnostic Laboratories,2790
29-1222,2021-05-01,622100,General Medical and Surgical Hospitals,2440
29-1222,2021-05-01,999300,"Local Government, excluding schools and hospitals (OES Designation)",400
29-1222,2022-05-01,541600,"Management, Scientific, and Technical Consulting Services",40
29-1222,2022-05-01,541700,Scientific Research and Development Services,200
29-1222,2022-05-01,611300,"Colleges, Universities, and Professional Schools",540
29-1222,2022-05-01,621100,Offices of Physicians,4500
29-1222,2022-05-01,621400,Outpatient Care Centers,80
29-1222,2022-05-01,621500,Medical and Diagnostic Laboratories,3550
29-1222,2022-05-01,999200,"State Government, excluding schools and hospitals (OES Designation)",70
29-1222,2022-05-01,999300,"Local Government, excluding schools and hospitals (OES Designation)",410
29-1222,2023-05-01,423400,Professional and Commercial Equipment and Supplies Merchant Wholesalers,60
29-1222,2023-05-01,541700,Scientific Research and Development Services,270
29-1222,2023-05-01,611300,"Colleges, Universities, and Professional Schools",470
29-1222,2023-05-01,621100,Offices of Physicians,3450
29-1222,2023-05-01,621500,Medical and Diagnostic Laboratories,3950
29-1222,2023-05-01,622100,General Medical and Surgical Hospitals,0
29-1222,2023-05-01,999200,"State Government, excluding Schools and Hospitals (OEWS Designation)",60
29-1222,2023-05-01,999300,"Local Government, excluding Schools and Hospitals (OEWS Designation)",350
29-1223,2019-05-01,551100,Management of Companies and Enterprises,110
29-1223,2019-05-01,561300,Employment Services,30
29-1223,2019-05-01,611100,Elementary and Secondary Schools,110
29-1223,2019-05-01,611300,"Colleges, Universities, and Professional Schools",640
29-1223,2019-05-01,621100,Offices of Physicians,8930
29-1223,2019-05-01,621300,Offices of Other Health Practitioners,1060
29-1223,2019-05-01,621400,Outpatient Care Centers,3040
29-1223,2019-05-01,621600,Home Health Care Services,60
29-1223,2019-05-01,622100,General Medical and Surgical Hospitals,3700
29-1223,2019-05-01,622200,Psychiatric and Substance Abuse Hospitals,3310
29-1223,2019-05-01,622300,Specialty (except Psychiatric and Substance Abuse) Hospitals,120
29-1223,2019-05-01,623100,Nursing Care Facilities (Skilled Nursing Facilities),30
29-1223,2019-05-01,623200,"Residential Intellectual and Developmental Disability, Mental Health, and Substance Abuse Facilities",580
29-1223,2019-05-01,623900,Other Residential Care Facilities,80
29-1223,2019-05-01,624100,Individual and Family Services,690
29-1223,2019-05-01,624200,"Community Food and Housing, and Emergency and Other Relief Services",50
29-1223,2019-05-01,624300,Vocational Rehabilitation Services,30
29-1223,2019-05-01,999200,"State Government, excluding schools and hospitals (OES Designation)",1520
29-1223,2019-05-01,999300,"Local Government, excluding schools and hospitals (OES Designation)",1230
29-1223,2020-05-01,541700,Scientific Research and Development Services,60
29-1223,2020-05-01,551100,Management of Companies and Enterprises,80
29-1223,2020-05-01,561300,Employment Services,40
29-1223,2020-05-01,611100,Elementary and Secondary Schools,130
29-1223,2020-05-01,611300,"Colleges, Universities, and Professional Schools",630
29-1223,2020-05-01,621100,Offices of Physicians,8360
29-1223,2020-05-01,621300,Offices of Other Health Practitioners,870
29-1223,2020-05-01,621400,Outpatient Care Centers,3060
29-1223,2020-05-01,621600,Home Health Care Services,40
29-1223,2020-05-01,622100,General Medical and Surgical Hospitals,4160
29-1223,2020-05-01,622200,Psychiatric and Substance Abuse Hospitals,3550
29-1223,2020-05-01,622300,Specialty (except Psychiatric and Substance Abuse) Hospitals,220
29-1223,2020-05-01,623200,"Residential Intellectual and Developmental Disability, Mental Health, and Substance Abuse Facilities",570
29-1223,2020-05-01,623900,Other Residential Care Facilities,100
29-1223,2020-05-01,624100,Individual and Family Services,750
29-1223,2020-05-01,624200,"Community Food and Housing, and Emergency and Other Relief Services",50
29-1223,2020-05-01,624300,Vocational Rehabilitation Services,30
29-1223,2020-05-01,999200,"State Government, excluding schools and hospitals (OEWS Designation)",1380
29-1223,2020-05-01,999300,"Local Government, excluding schools and hospitals (OEWS Designation)",1250
29-1223,2021-05-01,541700,Scientific Research and Development Services,60
29-1223,2021-05-01,551100,Management of Companies and Enterprises,100
29-1223,2021-05-01,611100,Elementary and Secondary Schools,70
29-1223,2021-05-01,611300,"Colleges, Universities, and Professional Schools",600
29-1223,2021-05-01,621100,Offices of Physicians,7980
29-1223,2021-05-01,621300,Offices of Other Health Practitioners,910
29-1223,2021-05-01,621400,Outpatient Care Centers,3090
29-1223,2021-05-01,621900,Other Ambulatory Health Care Services,110
29-1223,2021-05-01,622100,General Medical and Surgical Hospitals,4580
29-1223,2021-05-01,622200,Psychiatric and Substance Abuse Hospitals,3150
29-1223,2021-05-01,622300,Specialty (except Psychiatric and Substance Abuse) Hospitals,180
29-1223,2021-05-01,623200,"Residential Intellectual and Developmental Disability, Mental Health, and Substance Abuse Facilities",680
29-1223,2021-05-01,623900,Other Residential Care Facilities,70
29-1223,2021-05-01,624100,Individual and Family Services,960
29-1223,2021-05-01,624300,Vocational Rehabilitation Services,40
29-1223,2021-05-01,999200,"State Government, excluding schools and hospitals (OES Designation)",1450
29-1223,2021-05-01,999300,"Local Government, excluding schools and hospitals (OES Designation)",1200
29-1223,2022-05-01,541700,Scientific Research and Development Services,100
29-1223,2022-05-01,551100,Management of Companies and Enterprises,220
29-1223,2022-05-01,611100,Elementary and Secondary Schools,70
29-1223,2022-05-01,611300,"Colleges, Universities, and Professional Schools",910
29-1223,2022-05-01,621100,Offices of Physicians,8770
29-1223,2022-05-01,621300,Offices of Other Health Practitioners,1080
29-1223,2022-05-01,621400,Outpatient Care Centers,3280
29-1223,2022-05-01,621900,Other Ambulatory Health Care Services,140
29-1223,2022-05-01,622100,General Medical and Surgical Hospitals,4550
29-1223,2022-05-01,622200,Psychiatric and Substance Abuse Hospitals,2930
29-1223,2022-05-01,622300,Specialty (except Psychiatric and Substance Abuse) Hospitals,230
29-1223,2022-05-01,623200,"Residential Intellectual and Developmental Disability, Mental Health, and Substance Abuse Facilities",660
29-1223,2022-05-01,623900,Other Residential Care Facilities,40
29-1223,2022-05-01,624100,Individual and Family Services,740
29-1223,2022-05-01,999200,"State Government, excluding schools and hospitals (OES Designation)",1400
29-1223,2022-05-01,999300,"Local Government, excluding schools and hospitals (OES Designation)",1140
29-1223,2023-05-01,541700,Scientific Research and Development Services,180
29-1223,2023-05-01,551100,Management of Companies and Enterprises,200
29-1223,2023-05-01,611300,"Colleges, Universities, and Professional Schools",1020
29-1223,2023-05-01,621100,Offices of Physicians,6780
29-1223,2023-05-01,621300,Offices of Other Health Practitioners,1410
29-1223,2023-05-01,621400,Outpatient Care Centers,2840
29-1223,2023-05-01,621900,Other Ambulatory Health Care Services,130
29-1223,2023-05-01,622100,General Medical and Surgical Hospitals,4890
29-1223,2023-05-01,622200,Psychiatric and Substance Abuse Hospitals,2850
29-1223,2023-05-01,622300,Specialty (except Psychiatric and Substance Abuse) Hospitals,380
29-1223,2023-05-01,623200,"Residential Intellectual and Developmental Disability, Mental Health, and Substance Abuse Facilities",610
29-1223,2023-05-01,623900,Other Residential Care Facilities,70
29-1223,2023-05-01,624100,Individual and Family Services,580
29-1223,2023-05-01,999200,"State Government, excluding Schools and Hospitals (OEWS Designation)",1400
29-1223,2023-05-01,999300,"Local Government, excluding Schools and Hospitals (OEWS Designation)",1070
29-1224,2021-05-01,541700,Scientific Research and Development Services,50
29-1224,2021-05-01,541900,"Other Professional, Scientific, and Technical Services",30
29-1224,2021-05-01,561300,Employment Services,130
29-1224,2021-05-01,611300,"Colleges, Universities, and Professional Schools",320
29-1224,2021-05-01,621100,Offices of Physicians,19210
29-1224,2021-05-01,621400,Outpatient Care Centers,180
29-1224,2021-05-01,621500,Medical and Diagnostic Laboratories,3740
29-1224,2021-05-01,621900,Other Ambulatory Health Care Services,70
29-1224,2021-05-01,622100,General Medical and Surgical Hospitals,4710
29-1224,2021-05-01,622300,Specialty (except Psychiatric and Substance Abuse) Hospitals,250
29-1224,2022-05-01,423400,Professional and Commercial Equipment and Supplies Merchant Wholesalers,80
29-1224,2022-05-01,541700,Scientific Research and Development Services,40
29-1224,2022-05-01,551100,Management of Companies and Enterprises,330
29-1224,2022-05-01,561300,Employment Services,80
29-1224,2022-05-01,611300,"Colleges, Universities, and Professional Schools",370
29-1224,2022-05-01,621100,Offices of Physicians,18400
29-1224,2022-05-01,621400,Outpatient Care Centers,420
29-1224,2022-05-01,621500,Medical and Diagnostic Laboratories,3660
29-1224,2022-05-01,622100,General Medical and Surgical Hospitals,5370
29-1224,2022-05-01,622300,Specialty (except Psychiatric and Substance Abuse) Hospitals,250
29-1224,2023-05-01,423400,Professional and Commercial Equipment and Supplies Merchant Wholesalers,70
29-1224,2023-05-01,551100,Management of Companies and Enterprises,260
29-1224,2023-05-01,561300,Employment Services,0
29-1224,2023-05-01,611300,"Colleges, Universities, and Professional Schools",560
29-1224,2023-05-01,621100,Offices of Physicians,20000
29-1224,2023-05-01,621400,Outpatient Care Centers,290
29-1224,2023-05-01,621500,Medical and Diagnostic Laboratories,4110
29-1224,2023-05-01,622100,General Medical and Surgical Hospitals,5730
29-1224,2023-05-01,622300,Specialty (except Psychiatric and Substance Abuse) Hospitals,330
29-1241,2021-05-01,4240A2,"Merchant Wholesalers, Nondurable Goods (4242 and 4246 only)",210
29-1241,2021-05-01,541900,"Other Professional, Scientific, and Technical Services",0
29-1241,2021-05-01,611300,"Colleges, Universities, and Professional Schools",60
29-1241,2021-05-01,621100,Offices of Physicians,9410
29-1241,2021-05-01,621300,Offices of Other Health Practitioners,700
29-1241,2021-05-01,621400,Outpatient Care Centers,210
29-1241,2021-05-01,622100,General Medical and Surgical Hospitals,820
29-1241,2022-05-01,611300,"Colleges, Universities, and Professional Schools",90
29-1241,2022-05-01,621100,Offices of Physicians,10640
29-1241,2022-05-01,621300,Offices of Other Health Practitioners,560
29-1241,2022-05-01,621400,Outpatient Care Centers,270
29-1241,2022-05-01,622100,General Medical and Surgical Hospitals,0
29-1241,2023-05-01,541700,Scientific Research and Development Services,50
29-1241,2023-05-01,611300,"Colleges, Universities, and Professional Schools",110
29-1241,2023-05-01,621100,Offices of Physicians,9460
29-1241,2023-05-01,621300,Offices of Other Health Practitioners,790
29-1241,2023-05-01,621400,Outpatient Care Centers,240
29-1241,2023-05-01,622100,General Medical and Surgical Hospitals,0
29-1242,2021-05-01,611300,"Colleges, Universities, and Professional Schools",140
29-1242,2021-05-01,621100,Offices of Physicians,13160
29-1242,2021-05-01,621400,Outpatient Care Centers,150
29-1242,2021-05-01,622100,General Medical and Surgical Hospitals,2470
29-1242,2021-05-01,622300,Specialty (except Psychiatric and Substance Abuse) Hospitals,90
29-1242,2022-05-01,611300,"Colleges, Universities, and Professional Schools",160
29-1242,2022-05-01,621100,Offices of Physicians,15830
29-1242,2022-05-01,621300,Offices of Other Health Practitioners,0
29-1242,2022-05-01,621400,Outpatient Care Centers,190
29-1242,2022-05-01,622100,General Medical and Surgical Hospitals,2540
29-1242,2022-05-01,622300,Specialty (except Psychiatric and Substance Abuse) Hospitals,90
29-1242,2023-05-01,611300,"Colleges, Universities, and Professional Schools",230
29-1242,2023-05-01,621100,Offices of Physicians,11710
29-1242,2023-05-01,621400,Outpatient Care Centers,250
29-1242,2023-05-01,622100,General Medical and Surgical Hospitals,0
29-1243,2021-05-01,621100,Offices of Physicians,330
29-1243,2021-05-01,622100,General Medical and Surgical Hospitals,410
29-1243,2021-05-01,622300,Specialty (except Psychiatric and Substance Abuse) Hospitals,60
29-1243,2022-05-01,621100,Offices of Physicians,270
29-1243,2022-05-01,622100,General Medical and Surgical Hospitals,0
29-1243,2023-05-01,621100,Offices of Physicians,770
29-1243,2023-05-01,622100,General Medical and Surgical Hospitals,350
29-1248,2019-05-01,551100,Management of Companies and Enterprises,120
29-1248,2019-05-01,561300,Employment Services,0
29-1248,2019-05-01,611300,"Colleges, Universities, and Professional Schools",850
29-1248,2019-05-01,621100,Offices of Physicians,25760
29-1248,2019-05-01,621300,Offices of Other Health Practitioners,250
29-1248,2019-05-01,621400,Outpatient Care Centers,560
29-1248,2019-05-01,621500,Medical and Diagnostic Laboratories,60
29-1248,2019-05-01,621900,Other Ambulatory Health Care Services,30
29-1248,2019-05-01,622100,General Medical and Surgical Hospitals,8070
29-1248,2019-05-01,622300,Specialty (except Psychiatric and Substance Abuse) Hospitals,390
29-1248,2019-05-01,999300,"Local Government, excluding schools and hospitals (OES Designation)",40
29-1248,2020-05-01,541700,Scientific Research and Development Services,190
29-1248,2020-05-01,551100,Management of Companies and Enterprises,90
29-1248,2020-05-01,561300,Employment Services,0
29-1248,2020-05-01,611300,"Colleges, Universities, and Professional Schools",940
29-1248,2020-05-01,621100,Offices of Physicians,25620
29-1248,2020-05-01,621300,Offices of Other Health Practitioners,170
29-1248,2020-05-01,621400,Outpatient Care Centers,630
29-1248,2020-05-01,621500,Medical and Diagnostic Laboratories,0
29-1248,2020-05-01,621900,Other Ambulatory Health Care Services,40
29-1248,2020-05-01,622100,General Medical and Surgical Hospitals,9450
29-1248,2020-05-01,622300,Specialty (except Psychiatric and Substance Abuse) Hospitals,600
29-1248,2020-05-01,999300,"Local Government, excluding schools and hospitals (OEWS Designation)",0
29-1249,2021-05-01,541700,Scientific Research and Development Services,300
29-1249,2021-05-01,551100,Management of Companies and Enterprises,70
29-1249,2021-05-01,611300,"Colleges, Universities, and Professional Schools",590
29-1249,2021-05-01,621100,Offices of Physicians,19710
29-1249,2021-05-01,621300,Offices of Other Health Practitioners,120
29-1249,2021-05-01,621400,Outpatient Care Centers,840
29-1249,2021-05-01,621500,Medical and Diagnostic Laboratories,0
29-1249,2021-05-01,622100,General Medical and Surgical Hospitals,7500
29-1249,2021-05-01,622300,Specialty (except Psychiatric and Substance Abuse) Hospitals,240
29-1249,2021-05-01,999300,"Local Government, excluding schools and hospitals (OES Designation)",40
29-1249,2022-05-01,541700,Scientific Research and Development Services,130
29-1249,2022-05-01,611300,"Colleges, Universities, and Professional Schools",780
29-1249,2022-05-01,621100,Offices of Physicians,16010
29-1249,2022-05-01,621300,Offices of Other Health Practitioners,80
29-1249,2022-05-01,621400,Outpatient Care Centers,990
29-1249,2022-05-01,622100,General Medical and Surgical Hospitals,7230
29-1249,2022-05-01,622300,Specialty (except Psychiatric and Substance Abuse) Hospitals,220
29-1249,2022-05-01,999300,"Local Government, excluding schools and hospitals (OES Designation)",40
29-1249,2023-05-01,541700,Scientific Research and Development Services,50
29-1249,2023-05-01,611300,"Colleges, Universities, and Professional Schools",980
29-1249,2023-05-01,621100,Offices of Physicians,16250
29-1249,2023-05-01,621300,Offices of Other Health Practitioners,30
29-1249,2023-05-01,621400,Outpatient Care Centers,810
29-1249,2023-05-01,622100,General Medical and Surgical Hospitals,7360
29-1249,2023-05-01,622300,Specialty (except Psychiatric and Substance Abuse) Hospitals,0
31-1014,2012-05-01,524100,Insurance Carriers,190
31-1014,2012-05-01,531100,Lessors of Real Estate,260
31-1014,2012-05-01,531300,Activities Related to Real Estate,0
31-1014,2012-05-01,541700,Scientific Research and Development Services,340
31-1014,2012-05-01,551100,Management of Companies and Enterprises,790
31-1014,2012-05-01,561200,Facilities Support Services,80
31-1014,2012-05-01,561300,Employment Services,37250
31-1014,2012-05-01,611100,Elementary and Secondary Schools,3790
31-1014,2012-05-01,611300,"Colleges, Universities, and Professional Schools",5100
31-1014,2012-05-01,611700,Educational Support Services,50
31-1014,2012-05-01,621100,Offices of Physicians,16070
31-1014,2012-05-01,621200,Offices of Dentists,170
31-1014,2012-05-01,621300,Offices of Other Health Practitioners,3050
31-1014,2012-05-01,621400,Outpatient Care Centers,13290
31-1014,2012-05-01,621500,Medical and Diagnostic Laboratories,170
31-1014,2012-05-01,621600,Home Health Care Services,63490
31-1014,2012-05-01,621900,Other Ambulatory Health Care Services,1110
31-1014,2012-05-01,622100,General Medical and Surgical Hospitals,345260
31-1014,2012-05-01,622200,Psychiatric and Substance Abuse Hospitals,7120
31-1014,2012-05-01,622300,Specialty (except Psychiatric and Substance Abuse) Hospitals,18700
31-1014,2012-05-01,623100,Nursing Care Facilities (Skilled Nursing Facilities),620410
31-1014,2012-05-01,623200,"Residential Intellectual and Developmental Disability, Mental Health, and Substance Abuse Facilities",28430
31-1014,2012-05-01,623300,Continuing Care Retirement Communities and Assisted Living Facilities for the Elderly,166250
31-1014,2012-05-01,623900,Other Residential Care Facilities,5600
31-1014,2012-05-01,624100,Individual and Family Services,18790
31-1014,2012-05-01,624200,"Community Food and Housing, and Emergency and Other Relief Services",280
31-1014,2012-05-01,624300,Vocational Rehabilitation Services,1020
31-1014,2012-05-01,624400,Child Day Care Services,110
31-1014,2012-05-01,813100,Religious Organizations,1090
31-1014,2012-05-01,813300,Social Advocacy Organizations,40
31-1014,2012-05-01,999100,Federal Executive Branch (OES Designation),12430
31-1014,2012-05-01,999200,State Government (OES Designation),15060
31-1014,2012-05-01,999300,Local Government (OES Designation),32950
31-1014,2013-05-01,524100,Insurance Carriers,150
31-1014,2013-05-01,531100,Lessors of Real Estate,240
31-1014,2013-05-01,531300,Activities Related to Real Estate,0
31-1014,2013-05-01,541600,"Management, Scientific, and Technical Consulting Services",150
31-1014,2013-05-01,541700,Scientific Research and Development Services,590
31-1014,2013-05-01,551100,Management of Companies and Enterprises,1130
31-1014,2013-05-01,561200,Facilities Support Services,50
31-1014,2013-05-01,561300,Employment Services,34160
31-1014,2013-05-01,611100,Elementary and Secondary Schools,3980
31-1014,2013-05-01,611200,Junior Colleges,30
31-1014,2013-05-01,611300,"Colleges, Universities, and Professional Schools",4820
31-1014,2013-05-01,611700,Educational Support Services,40
31-1014,2013-05-01,621100,Offices of Physicians,16810
31-1014,2013-05-01,621200,Offices of Dentists,320
31-1014,2013-05-01,621300,Offices of Other Health Practitioners,3290
31-1014,2013-05-01,621400,Outpatient Care Centers,15050
31-1014,2013-05-01,621500,Medical and Diagnostic Laboratories,190
31-1014,2013-05-01,621600,Home Health Care Services,67950
31-1014,2013-05-01,621900,Other Ambulatory Health Care Services,810
31-1014,2013-05-01,622100,General Medical and Surgical Hospitals,349650
31-1014,2013-05-01,622200,Psychiatric and Substance Abuse Hospitals,7100
31-1014,2013-05-01,622300,Specialty (except Psychiatric and Substance Abuse) Hospitals,21080
31-1014,2013-05-01,623100,Nursing Care Facilities (Skilled Nursing Facilities),622850
31-1014,2013-05-01,623200,"Residential Intellectual and Developmental Disability, Mental Health, and Substance Abuse Facilities",27300
31-1014,2013-05-01,623300,Continuing Care Retirement Communities and Assisted Living Facilities for the Elderly,158360
31-1014,2013-05-01,623900,Other Residential Care Facilities,5230
31-1014,2013-05-01,624100,Individual and Family Services,22280
31-1014,2013-05-01,624200,"Community Food and Housing, and Emergency and Other Relief Services",470
31-1014,2013-05-01,624300,Vocational Rehabilitation Services,1500
31-1014,2013-05-01,624400,Child Day Care Services,70
31-1014,2013-05-01,813100,Religious Organizations,830
31-1014,2013-05-01,813200,Grantmaking and Giving Services,40
31-1014,2013-05-01,813300,Social Advocacy Organizations,80
31-1014,2013-05-01,999100,Federal Executive Branch (OES Designation),12740
31-1014,2013-05-01,999200,State Government (OES Designation),15200
31-1014,2013-05-01,999300,Local Government (OES Designation),32520
31-1014,2014-05-01,524100,Insurance Carriers,180
31-1014,2014-05-01,531100,Lessors of Real Estate,0
31-1014,2014-05-01,541600,"Management, Scientific, and Technical Consulting Services",140
31-1014,2014-05-01,541700,Scientific Research and Development Services,590
31-1014,2014-05-01,551100,Management of Companies and Enterprises,860
31-1014,2014-05-01,561200,Facilities Support Services,40
31-1014,2014-05-01,561300,Employment Services,37590
31-1014,2014-05-01,611100,Elementary and Secondary Schools,4790
31-1014,2014-05-01,611200,Junior Colleges,40
31-1014,2014-05-01,611300,"Colleges, Universities, and Professional Schools",2970
31-1014,2014-05-01,621100,Offices of Physicians,16850
31-1014,2014-05-01,621200,Offices of Dentists,260
31-1014,2014-05-01,621300,Offices of Other Health Practitioners,4020
31-1014,2014-05-01,621400,Outpatient Care Centers,16160
31-1014,2014-05-01,621500,Medical and Diagnostic Laboratories,190
31-1014,2014-05-01,621600,Home Health Care Services,72400
31-1014,2014-05-01,621900,Other Ambulatory Health Care Services,630
31-1014,2014-05-01,622100,General Medical and Surgical Hospitals,346900
31-1014,2014-05-01,622200,Psychiatric and Substance Abuse Hospitals,6040
31-1014,2014-05-01,622300,Specialty (except Psychiatric and Substance Abuse) Hospitals,22220
31-1014,2014-05-01,623100,Nursing Care Facilities (Skilled Nursing Facilities),616550
31-1014,2014-05-01,623200,"Residential Intellectual and Developmental Disability, Mental Health, and Substance Abuse Facilities",26290
31-1014,2014-05-01,623300,Continuing Care Retirement Communities and Assisted Living Facilities for the Elderly,156940
31-1014,2014-05-01,623900,Other Residential Care Facilities,4530
31-1014,2014-05-01,624100,Individual and Family Services,24670
31-1014,2014-05-01,624200,"Community Food and Housing, and Emergency and Other Relief Services",280
31-1014,2014-05-01,624300,Vocational Rehabilitation Services,1340
31-1014,2014-05-01,624400,Child Day Care Services,0
31-1014,2014-05-01,812100,Personal Care Services,0
31-1014,2014-05-01,813100,Religious Organizations,840
31-1014,2014-05-01,813300,Social Advocacy Organizations,70
31-1014,2014-05-01,999100,Federal Executive Branch (OES Designation),12940
31-1014,2014-05-01,999200,State Government (OES Designation),17670
31-1014,2014-05-01,999300,Local Government (OES Designation),31890
31-1014,2015-05-01,512100,Motion Picture and Video Industries,50
31-1014,2015-05-01,524100,Insurance Carriers,160
31-1014,2015-05-01,541600,"Management, Scientific, and Technical Consulting Services",100
31-1014,2015-05-01,541700,Scientific Research and Development Services,590
31-1014,2015-05-01,551100,Management of Companies and Enterprises,930
31-1014,2015-05-01,561300,Employment Services,37990
31-1014,2015-05-01,611100,Elementary and Secondary Schools,4910
31-1014,2015-05-01,611300,"Colleges, Universities, and Professional Schools",2950
31-1014,2015-05-01,611700,Educational Support Services,50
31-1014,2015-05-01,621100,Offices of Physicians,19420
31-1014,2015-05-01,621300,Offices of Other Health Practitioners,5010
31-1014,2015-05-01,621400,Outpatient Care Centers,15310
31-1014,2015-05-01,621500,Medical and Diagnostic Laboratories,210
31-1014,2015-05-01,621600,Home Health Care Services,70210
31-1014,2015-05-01,621900,Other Ambulatory Health Care Services,640
31-1014,2015-05-01,622100,General Medical and Surgical Hospitals,343650
31-1014,2015-05-01,622200,Psychiatric and Substance Abuse Hospitals,6960
31-1014,2015-05-01,622300,Specialty (except Psychiatric and Substance Abuse) Hospitals,23920
31-1014,2015-05-01,623100,Nursing Care Facilities (Skilled Nursing Facilities),612120
31-1014,2015-05-01,623200,"Residential Intellectual and Developmental Disability, Mental Health, and Substance Abuse Facilities",25470
31-1014,2015-05-01,623300,Continuing Care Retirement Communities and Assisted Living Facilities for the Elderly,156220
31-1014,2015-05-01,623900,Other Residential Care Facilities,4280
31-1014,2015-05-01,624100,Individual and Family Services,28280
31-1014,2015-05-01,624200,"Community Food and Housing, and Emergency and Other Relief Services",330
31-1014,2015-05-01,624300,Vocational Rehabilitation Services,1420
31-1014,2015-05-01,624400,Child Day Care Services,130
31-1014,2015-05-01,812100,Personal Care Services,0
31-1014,2015-05-01,813100,Religious Organizations,550
31-1014,2015-05-01,813200,Grantmaking and Giving Services,40
31-1014,2015-05-01,813300,Social Advocacy Organizations,80
31-1014,2015-05-01,999100,Federal Executive Branch (OES Designation),13210
31-1014,2015-05-01,999200,State Government (OES Designation),15640
31-1014,2015-05-01,999300,Local Government (OES Designation),29070
31-1014,2016-05-01,512100,Motion Picture and Video Industries,150
31-1014,2016-05-01,524100,Insurance Carriers,120
31-1014,2016-05-01,541600,"Management, Scientific, and Technical Consulting Services",70
31-1014,2016-05-01,541700,Scientific Research and Development Services,450
31-1014,2016-05-01,551100,Management of Companies and Enterprises,1010
31-1014,2016-05-01,561300,Employment Services,42490
31-1014,2016-05-01,611100,Elementary and Secondary Schools,5280
31-1014,2016-05-01,611300,"Colleges, Universities, and Professional Schools",3060
31-1014,2016-05-01,611400,Business Schools and Computer and Management Training,50
31-1014,2016-05-01,611700,Educational Support Services,30
31-1014,2016-05-01,621100,Offices of Physicians,19890
31-1014,2016-05-01,621300,Offices of Other Health Practitioners,4680
31-1014,2016-05-01,621400,Outpatient Care Centers,15280
31-1014,2016-05-01,621500,Medical and Diagnostic Laboratories,0
31-1014,2016-05-01,621600,Home Health Care Services,77360
31-1014,2016-05-01,621900,Other Ambulatory Health Care Services,610
31-1014,2016-05-01,622100,General Medical and Surgical Hospitals,354450
31-1014,2016-05-01,622200,Psychiatric and Substance Abuse Hospitals,7050
31-1014,2016-05-01,622300,Specialty (except Psychiatric and Substance Abuse) Hospitals,25920
31-1014,2016-05-01,623100,Nursing Care Facilities (Skilled Nursing Facilities),602630
31-1014,2016-05-01,623200,"Residential Intellectual and Developmental Disability, Mental Health, and Substance Abuse Facilities",24860
31-1014,2016-05-01,623300,Continuing Care Retirement Communities and Assisted Living Facilities for the Elderly,161130
31-1014,2016-05-01,623900,Other Residential Care Facilities,3800
31-1014,2016-05-01,624100,Individual and Family Services,30710
31-1014,2016-05-01,624200,"Community Food and Housing, and Emergency and Other Relief Services",140
31-1014,2016-05-01,624300,Vocational Rehabilitation Services,1030
31-1014,2016-05-01,624400,Child Day Care Services,0
31-1014,2016-05-01,812100,Personal Care Services,0
31-1014,2016-05-01,813100,Religious Organizations,670
31-1014,2016-05-01,813300,Social Advocacy Organizations,300
31-1014,2016-05-01,999100,Federal Executive Branch (OES Designation),13750
31-1014,2016-05-01,999200,State Government (OES Designation),17410
31-1014,2016-05-01,999300,Local Government (OES Designation),27670
31-1014,2017-05-01,423400,Professional and Commercial Equipment and Supplies Merchant Wholesalers,40
31-1014,2017-05-01,512100,Motion Picture and Video Industries,240
31-1014,2017-05-01,524100,Insurance Carriers,80
31-1014,2017-05-01,541600,"Management, Scientific, and Technical Consulting Services",0
31-1014,2017-05-01,541700,Scientific Research and Development Services,450
31-1014,2017-05-01,551100,Management of Companies and Enterprises,1470
31-1014,2017-05-01,561200,Facilities Support Services,30
31-1014,2017-05-01,561300,Employment Services,39300
31-1014,2017-05-01,611100,Elementary and Secondary Schools,5450
31-1014,2017-05-01,611200,Junior Colleges,50
31-1014,2017-05-01,611300,"Colleges, Universities, and Professional Schools",3110
31-1014,2017-05-01,611700,Educational Support Services,60
31-1014,2017-05-01,621100,Offices of Physicians,20760
31-1014,2017-05-01,621300,Offices of Other Health Practitioners,5640
31-1014,2017-05-01,621400,Outpatient Care Centers,13330
31-1014,2017-05-01,621500,Medical and Diagnostic Laboratories,350
31-1014,2017-05-01,621600,Home Health Care Services,78940
31-1014,2017-05-01,621900,Other Ambulatory Health Care Services,800
31-1014,2017-05-01,622100,General Medical and Surgical Hospitals,365360
31-1014,2017-05-01,622200,Psychiatric and Substance Abuse Hospitals,7610
31-1014,2017-05-01,622300,Specialty (except Psychiatric and Substance Abuse) Hospitals,26530
31-1014,2017-05-01,623100,Nursing Care Facilities (Skilled Nursing Facilities),594460
31-1014,2017-05-01,623200,"Residential Intellectual and Developmental Disability, Mental Health, and Substance Abuse Facilities",23680
31-1014,2017-05-01,623300,Continuing Care Retirement Communities and Assisted Living Facilities for the Elderly,164580
31-1014,2017-05-01,623900,Other Residential Care Facilities,4030
31-1014,2017-05-01,624100,Individual and Family Services,36650
31-1014,2017-05-01,624200,"Community Food and Housing, and Emergency and Other Relief Services",100
31-1014,2017-05-01,624300,Vocational Rehabilitation Services,1280
31-1014,2017-05-01,624400,Child Day Care Services,0
31-1014,2017-05-01,813100,Religious Organizations,820
31-1014,2017-05-01,813200,Grantmaking and Giving Services,50
31-1014,2017-05-01,999100,Federal Executive Branch (OES Designation),14140
31-1014,2017-05-01,999200,"State Government, excluding schools and hospitals (OES Designation)",17500
31-1014,2017-05-01,999300,"Local Government, excluding schools and hospitals (OES Designation)",25620
31-1014,2018-05-01,423400,Professional and Commercial Equipment and Supplies Merchant Wholesalers,60
31-1014,2018-05-01,4450A1,Food and Beverage Stores (4451 and 4452 only),0
31-1014,2018-05-01,512100,Motion Picture and Video Industries,210
31-1014,2018-05-01,524100,Insurance Carriers,60
31-1014,2018-05-01,541600,"Management, Scientific, and Technical Consulting Services",0
31-1014,2018-05-01,541700,Scientific Research and Development Services,430
31-1014,2018-05-01,551100,Management of Companies and Enterprises,1750
31-1014,2018-05-01,561300,Employment Services,39010
31-1014,2018-05-01,611100,Elementary and Secondary Schools,6250
31-1014,2018-05-01,611200,Junior Colleges,80
31-1014,2018-05-01,611300,"Colleges, Universities, and Professional Schools",0
31-1014,2018-05-01,611400,Business Schools and Computer and Management Training,50
31-1014,2018-05-01,611700,Educational Support Services,30
31-1014,2018-05-01,621100,Offices of Physicians,21080
31-1014,2018-05-01,621300,Offices of Other Health Practitioners,5850
31-1014,2018-05-01,621400,Outpatient Care Centers,13940
31-1014,2018-05-01,621500,Medical and Diagnostic Laboratories,460
31-1014,2018-05-01,621600,Home Health Care Services,80150
31-1014,2018-05-01,621900,Other Ambulatory Health Care Services,610
31-1014,2018-05-01,622100,General Medical and Surgical Hospitals,372320
31-1014,2018-05-01,622200,Psychiatric and Substance Abuse Hospitals,7040
31-1014,2018-05-01,622300,Specialty (except Psychiatric and Substance Abuse) Hospitals,25990
31-1014,2018-05-01,623100,Nursing Care Facilities (Skilled Nursing Facilities),581140
31-1014,2018-05-01,623200,"Residential Intellectual and Developmental Disability, Mental Health, and Substance Abuse Facilities",22850
31-1014,2018-05-01,623300,Continuing Care Retirement Communities and Assisted Living Facilities for the Elderly,163950
31-1014,2018-05-01,623900,Other Residential Care Facilities,4350
31-1014,2018-05-01,624100,Individual and Family Services,39080
31-1014,2018-05-01,624200,"Community Food and Housing, and Emergency and Other Relief Services",160
31-1014,2018-05-01,624300,Vocational Rehabilitation Services,1560
31-1014,2018-05-01,624400,Child Day Care Services,0
31-1014,2018-05-01,813100,Religious Organizations,970
31-1014,2018-05-01,813200,Grantmaking and Giving Services,80
31-1014,2018-05-01,999100,Federal Executive Branch (OES Designation),14830
31-1014,2018-05-01,999200,"State Government, excluding schools and hospitals (OES Designation)",17390
31-1014,2018-05-01,999300,"Local Government, excluding schools and hospitals (OES Designation)",25070
31-1131,2019-05-01,4450A1,Food and Beverage Stores (4451 and 4452 only),0
31-1131,2019-05-01,446100,Health and Personal Care Stores,40
31-1131,2019-05-01,512100,Motion Picture and Video Industries,170
31-1131,2019-05-01,524100,Insurance Carriers,70
31-1131,2019-05-01,541700,Scientific Research and Development Services,360
31-1131,2019-05-01,551100,Management of Companies and Enterprises,1670
31-1131,2019-05-01,561200,Facilities Support Services,0
31-1131,2019-05-01,561300,Employment Services,37590
31-1131,2019-05-01,611100,Elementary and Secondary Schools,6100
31-1131,2019-05-01,611200,Junior Colleges,80
31-1131,2019-05-01,611300,"Colleges, Universities, and Professional Schools",3320
31-1131,2019-05-01,611500,Technical and Trade Schools,0
31-1131,2019-05-01,621100,Offices of Physicians,20480
31-1131,2019-05-01,621300,Offices of Other Health Practitioners,5990
31-1131,2019-05-01,621400,Outpatient Care Centers,13090
31-1131,2019-05-01,621500,Medical and Diagnostic Laboratories,290
31-1131,2019-05-01,621600,Home Health Care Services,78080
31-1131,2019-05-01,621900,Other Ambulatory Health Care Services,610
31-1131,2019-05-01,622100,General Medical and Surgical Hospitals,373200
31-1131,2019-05-01,622200,Psychiatric and Substance Abuse Hospitals,7120
31-1131,2019-05-01,622300,Specialty (except Psychiatric and Substance Abuse) Hospitals,26020
31-1131,2019-05-01,623100,Nursing Care Facilities (Skilled Nursing Facilities),566240
31-1131,2019-05-01,623200,"Residential Intellectual and Developmental Disability, Mental Health, and Substance Abuse Facilities",20120
31-1131,2019-05-01,623300,Continuing Care Retirement Communities and Assisted Living Facilities for the Elderly,157270
31-1131,2019-05-01,623900,Other Residential Care Facilities,4340
31-1131,2019-05-01,624100,Individual and Family Services,39020
31-1131,2019-05-01,624200,"Community Food and Housing, and Emergency and Other Relief Services",170
31-1131,2019-05-01,624300,Vocational Rehabilitation Services,1320
31-1131,2019-05-01,624400,Child Day Care Services,0
31-1131,2019-05-01,813100,Religious Organizations,1090
31-1131,2019-05-01,813200,Grantmaking and Giving Services,120
31-1131,2019-05-01,813300,Social Advocacy Organizations,80
31-1131,2019-05-01,813400,Civic and Social Organizations,50
31-1131,2019-05-01,999100,Federal Executive Branch (OES Designation),14970
31-1131,2019-05-01,999200,"State Government, excluding schools and hospitals (OES Designation)",13740
31-1131,2019-05-01,999300,"Local Government, excluding schools and hospitals (OES Designation)",26030
31-1131,2020-05-01,4450A1,Food and Beverage Stores (4451 and 4452 only),0
31-1131,2020-05-01,446100,Health and Personal Care Stores,60
31-1131,2020-05-01,512100,Motion Picture and Video Industries,60
31-1131,2020-05-01,524100,Insurance Carriers,0
31-1131,2020-05-01,541700,Scientific Research and Development Services,670
31-1131,2020-05-01,551100,Management of Companies and Enterprises,1660
31-1131,2020-05-01,561200,Facilities Support Services,140
31-1131,2020-05-01,561300,Employment Services,36490
31-1131,2020-05-01,611100,Elementary and Secondary Schools,6330
31-1131,2020-05-01,611200,Junior Colleges,120
31-1131,2020-05-01,611300,"Colleges, Universities, and Professional Schools",5560
31-1131,2020-05-01,611500,Technical and Trade Schools,0
31-1131,2020-05-01,621100,Offices of Physicians,19330
31-1131,2020-05-01,621300,Offices of Other Health Practitioners,5280
31-1131,2020-05-01,621400,Outpatient Care Centers,12940
31-1131,2020-05-01,621500,Medical and Diagnostic Laboratories,220
31-1131,2020-05-01,621600,Home Health Care Services,77300
31-1131,2020-05-01,621900,Other Ambulatory Health Care Services,450
31-1131,2020-05-01,622100,General Medical and Surgical Hospitals,374770
31-1131,2020-05-01,622200,Psychiatric and Substance Abuse Hospitals,5470
31-1131,2020-05-01,622300,Specialty (except Psychiatric and Substance Abuse) Hospitals,26260
31-1131,2020-05-01,623100,Nursing Care Facilities (Skilled Nursing Facilities),527480
31-1131,2020-05-01,623200,"Residential Intellectual and Developmental Disability, Mental Health, and Substance Abuse Facilities",16490
31-1131,2020-05-01,623300,Continuing Care Retirement Communities and Assisted Living Facilities for the Elderly,151540
31-1131,2020-05-01,623900,Other Residential Care Facilities,4020
31-1131,2020-05-01,624100,Individual and Family Services,40850
31-1131,2020-05-01,624200,"Community Food and Housing, and Emergency and Other Relief Services",180
31-1131,2020-05-01,624300,Vocational Rehabilitation Services,1270
31-1131,2020-05-01,624400,Child Day Care Services,0
31-1131,2020-05-01,722300,Special Food Services,0
31-1131,2020-05-01,813100,Religious Organizations,950
31-1131,2020-05-01,813200,Grantmaking and Giving Services,0
31-1131,2020-05-01,813300,Social Advocacy Organizations,50
31-1131,2020-05-01,813400,Civic and Social Organizations,0
31-1131,2020-05-01,999100,Federal Executive Branch (OEWS Designation),15790
31-1131,2020-05-01,999200,"State Government, excluding schools and hospitals (OEWS Designation)",12090
31-1131,2020-05-01,999300,"Local Government, excluding schools and hospitals (OEWS Designation)",25730
31-1131,2021-05-01,524100,Insurance Carriers,30
31-1131,2021-05-01,541600,"Management, Scientific, and Technical Consulting Services",0
31-1131,2021-05-01,541700,Scientific Research and Development Services,220
31-1131,2021-05-01,551100,Management of Companies and Enterprises,1480
31-1131,2021-05-01,561200,Facilities Support Services,90
31-1131,2021-05-01,561300,Employment Services,38910
31-1131,2021-05-01,611100,Elementary and Secondary Schools,6580
31-1131,2021-05-01,611200,Junior Colleges,70
31-1131,2021-05-01,611300,"Colleges, Universities, and Professional Schools",4470
31-1131,2021-05-01,611500,Technical and Trade Schools,0
31-1131,2021-05-01,621100,Offices of Physicians,17450
31-1131,2021-05-01,621300,Offices of Other Health Practitioners,4410
31-1131,2021-05-01,621400,Outpatient Care Centers,11830
31-1131,2021-05-01,621500,Medical and Diagnostic Laboratories,180
31-1131,2021-05-01,621600,Home Health Care Services,83560
31-1131,2021-05-01,621900,Other Ambulatory Health Care Services,640
31-1131,2021-05-01,622100,General Medical and Surgical Hospitals,386510
31-1131,2021-05-01,622200,Psychiatric and Substance Abuse Hospitals,9110
31-1131,2021-05-01,622300,Specialty (except Psychiatric and Substance Abuse) Hospitals,26100
31-1131,2021-05-01,623100,Nursing Care Facilities (Skilled Nursing Facilities),471160
31-1131,2021-05-01,623200,"Residential Intellectual and Developmental Disability, Mental Health, and Substance Abuse Facilities",11870
31-1131,2021-05-01,623300,Continuing Care Retirement Communities and Assisted Living Facilities for the Elderly,140850
31-1131,2021-05-01,623900,Other Residential Care Facilities,3170
31-1131,2021-05-01,624100,Individual and Family Services,36250
31-1131,2021-05-01,624200,"Community Food and Housing, and Emergency and Other Relief Services",50
31-1131,2021-05-01,624300,Vocational Rehabilitation Services,820
31-1131,2021-05-01,624400,Child Day Care Services,0
31-1131,2021-05-01,812100,Personal Care Services,0
31-1131,2021-05-01,813100,Religious Organizations,510
31-1131,2021-05-01,813200,Grantmaking and Giving Services,140
31-1131,2021-05-01,813300,Social Advocacy Organizations,0
31-1131,2021-05-01,813400,Civic and Social Organizations,40
31-1131,2021-05-01,999100,Federal Executive Branch (OES Designation),16070
31-1131,2021-05-01,999200,"State Government, excluding schools and hospitals (OES Designation)",14180
31-1131,2021-05-01,999300,"Local Government, excluding schools and hospitals (OES Designation)",25900
31-1131,2022-05-01,541600,"Management, Scientific, and Technical Consulting Services",340
31-1131,2022-05-01,541700,Scientific Research and Development Services,0
31-1131,2022-05-01,551100,Management of Companies and Enterprises,1450
31-1131,2022-05-01,561200,Facilities Support Services,150
31-1131,2022-05-01,561300,Employment Services,52310
31-1131,2022-05-01,611100,Elementary and Secondary Schools,7980
31-1131,2022-05-01,611200,Junior Colleges,80
31-1131,2022-05-01,611300,"Colleges, Universities, and Professional Schools",5010
31-1131,2022-05-01,611500,Technical and Trade Schools,110
31-1131,2022-05-01,621100,Offices of Physicians,18310
31-1131,2022-05-01,621200,Offices of Dentists,400
31-1131,2022-05-01,621300,Offices of Other Health Practitioners,5110
31-1131,2022-05-01,621400,Outpatient Care Centers,12460
31-1131,2022-05-01,621500,Medical and Diagnostic Laboratories,300
31-1131,2022-05-01,621600,Home Health Care Services,81640
31-1131,2022-05-01,621900,Other Ambulatory Health Care Services,1430
31-1131,2022-05-01,622100,General Medical and Surgical Hospitals,396060
31-1131,2022-05-01,622200,Psychiatric and Substance Abuse Hospitals,9850
31-1131,2022-05-01,622300,Specialty (except Psychiatric and Substance Abuse) Hospitals,27270
31-1131,2022-05-01,623100,Nursing Care Facilities (Skilled Nursing Facilities),447940
31-1131,2022-05-01,623200,"Residential Intellectual and Developmental Disability, Mental Health, and Substance Abuse Facilities",9550
31-1131,2022-05-01,623300,Continuing Care Retirement Communities and Assisted Living Facilities for the Elderly,140910
31-1131,2022-05-01,623900,Other Residential Care Facilities,3420
31-1131,2022-05-01,624100,Individual and Family Services,35260
31-1131,2022-05-01,624200,"Community Food and Housing, and Emergency and Other Relief Services",60
31-1131,2022-05-01,624300,Vocational Rehabilitation Services,560
31-1131,2022-05-01,624400,Child Care Services,0
31-1131,2022-05-01,813100,Religious Organizations,670
31-1131,2022-05-01,813200,Grantmaking and Giving Services,240
31-1131,2022-05-01,813300,Social Advocacy Organizations,840
31-1131,2022-05-01,999100,Federal Executive Branch (OES Designation),15090
31-1131,2022-05-01,999200,"State Government, excluding schools and hospitals (OES Designation)",12370
31-1131,2022-05-01,999300,"Local Government, excluding schools and hospitals (OES Designation)",21820
31-1131,2023-05-01,541600,"Management, Scientific, and Technical Consulting Services",290
31-1131,2023-05-01,541700,Scientific Research and Development Services,210
31-1131,2023-05-01,551100,Management of Companies and Enterprises,1670
31-1131,2023-05-01,561100,Office Administrative Services,250
31-1131,2023-05-01,561200,Facilities Support Services,90
31-1131,2023-05-01,561300,Employment Services,59480
31-1131,2023-05-01,611100,Elementary and Secondary Schools,7630
31-1131,2023-05-01,611200,Junior Colleges,40
31-1131,2023-05-01,611300,"Colleges, Universities, and Professional Schools",4030
31-1131,2023-05-01,611500,Technical and Trade Schools,70
31-1131,2023-05-01,611700,Educational Support Services,70
31-1131,2023-05-01,621100,Offices of Physicians,20370
31-1131,2023-05-01,621200,Offices of Dentists,0
31-1131,2023-05-01,621300,Offices of Other Health Practitioners,5100
31-1131,2023-05-01,621400,Outpatient Care Centers,13110
31-1131,2023-05-01,621500,Medical and Diagnostic Laboratories,190
31-1131,2023-05-01,621600,Home Health Care Services,81370
31-1131,2023-05-01,621900,Other Ambulatory Health Care Services,1170
31-1131,2023-05-01,622100,General Medical and Surgical Hospitals,410930
31-1131,2023-05-01,622200,Psychiatric and Substance Abuse Hospitals,8250
31-1131,2023-05-01,622300,Specialty (except Psychiatric and Substance Abuse) Hospitals,28410
31-1131,2023-05-01,623100,Nursing Care Facilities (Skilled Nursing Facilities),458590
31-1131,2023-05-01,623200,"Residential Intellectual and Developmental Disability, Mental Health, and Substance Abuse Facilities",11510
31-1131,2023-05-01,623300,Continuing Care Retirement Communities and Assisted Living Facilities for the Elderly,146190
31-1131,2023-05-01,623900,Other Residential Care Facilities,2490
31-1131,2023-05-01,624100,Individual and Family Services,43060
31-1131,2023-05-01,624300,Vocational Rehabilitation Services,420
31-1131,2023-05-01,624400,Child Care Services,110
31-1131,2023-05-01,813100,Religious Organizations,980
31-1131,2023-05-01,813200,Grantmaking and Giving Services,160
31-1131,2023-05-01,813300,Social Advocacy Organizations,690
31-1131,2023-05-01,999100,Federal Executive Branch (OEWS Designation),15200
31-1131,2023-05-01,999200,"State Government, excluding Schools and Hospitals (OEWS Designation)",11030
31-1131,2023-05-01,999300,"Local Government, excluding Schools and Hospitals (OEWS Designation)",18160
